:020000040802F0
:10000000E842052485030208059A0208B90302089C
:10001000719902083118020875C902080000000031
:10002000000000000000000000000000B102020813
:10003000491E0208000000000D030208CDAA0208B4
:10004000AB030208AB030208AB030208AB030208D0
:10005000AB030208AB030208AB030208AB030208C0
:10006000AB030208AB030208AB0302087D180208C9
:10007000AB0302088D1802089D180208AD1802088B
:10008000BD180208CD180208AB030208AB03020832
:10009000AB030208AB030208AB030208AB03020880
:1000A000AB030208AB030208AB030208AB03020870
:1000B000EDAB020815AC020855AC0208AB03020810
:1000C000AB030208AB030208AB030208AB03020850
:1000D000AB03020839C202084DC40208C5C40208B5
:1000E000AB030208499D020800000000AB030208B0
:1000F000AB030208AB030208AB030208AB03020820
:10010000AB030208AB0302086DAC0208AB030208A4
:10011000A5AE0208C1B0020885AC0208A5AC020871
:10012000AB030208AB030208AB030208AB030208EF
:10013000AB030208FD1E0208AB030208AB03020872
:1001400000000000000000000000000000000000AF
:10015000AB030208AB030208AB030208FDC60208AA
:10016000AB030208AB030208AB030208AB030208AF
:10017000AB030208AB030208AB0302080000000057
:10018000AB030208AB030208D5B2020815B502089A
:10019000AB030208AB030208AB030208AB0302087F
:1001A000AB030208AB030208AB030208AB0302086F
:1001B000AB030208AB030208AB030208AB0302085F
:1001C000AB030208AB030208AB030208AB0302084F
:1001D000AB030208AB030208AB030208AB0302083F
:1001E000AB030208AB030208AB030208AB0302082F
:1001F000AB030208AB030208AB030208AB0302081F
:10020000AB030208AB030208AB030208AB0302080E
:10021000AB030208AB030208AB030208AB030208FE
:10022000AB030208AB030208AB03020800000000A6
:10023000AB030208AB03020800000000AB03020896
:10024000AB03020821180208AB030208AB03020843
:10025000AB030208AB030208AB030208AB030208BE
:10026000AB030208AB030208AB030208AB030208AE
:10027000AB030208AB030208399702080000000034
:10028000AB030208AB030208AB0302080000000046
:1002900000000000AB030208DFF810D001F01CF8EA
:1002A00000480047B18A0408AFF30080E842052403
:1002B0002D4B19680868B0E8F04F80F30988BFF348
:1002C0006F8F4FF0000080F311887047000000002E
:1002D00008480068006880F308884FF0000080F349
:1002E000148862B661B6BFF34F8FBFF36F8F00DF24
:1002F00000BF00BF08ED00E0DFF80C00016841F42A
:1003000070010160704700BF88ED00E0EFF30980E5
:10031000BFF36F8F144B1A681EF0100F08BF20ED4B
:10032000108A20E9F04F106009B44FF0100072B647
:1003300080F31188BFF34F8FBFF36F8F62B63DF02C
:1003400013FD4FF0000080F3118809BC196808689C
:10035000B0E8F04F1EF0100F08BFB0EC108A80F329
:100360000988BFF36F8F704788040024EFF305807E
:1003700070470000EFF308807047EFF30980704783
:1003800068467047DFF82400016841F4700101609D
:100390000748804707480047FEE7FEE7FEE7FEE71D
:1003A000FEE7FEE7FEE7FEE7FEE7FEE788ED00E09A
:1003B000E1AA0208990202087046694612F00AFB97
:1003C000FFF7FEFF2DE9F05F0546002092469B46B1
:1003D00088460646814640241BE02846414647465B
:1003E000224600F0D4FA53465A46C01A914110D31F
:1003F00011461846224600F0BBFA2D1A67EB010899
:100400004F4622460120002100F0B2FA17EB000906
:100410004E41201EA4F10104DFDC484631462A4645
:100420004346BDE8F09F0000004870473456060878
:1004300010B50446FFF7F8FF0068005D00F001000A
:1004400010BDA0F14101192900D8203070470000EB
:100450000649074A0868504343F2390210440860CD
:1004600040087047014908607047000030050024CB
:100470006D4EC64110B5441A0346944209D2841801
:10048000114403E011F8013D04F8013D521EF9D278
:1004900010BD40EA0104A40703D009E010C9121FEF
:1004A00010C3042AFAD203E011F8014B03F8014B00
:1004B000521EF9D210BDD2B201E000F8012B491E44
:1004C000FBD270470022F6E710B513460A460446F1
:1004D0001946FFF7F0FF204610BD421E12F8013FFB
:1004E000002BFBD111F8013B02F8013B002BF9D1A5
:1004F000704730B505462A460B4612F8010B13F833
:10050000014B08B1A042F8D01CB1002802D06D1CEC
:10051000F1E7284630BD10B5044604E00B7800F83A
:10052000013B03B1491C521EF8D2204610BDCAB28D
:10053000401E10F8011F8A4202D00029F9D1002084
:100540007047421C10F8011B0029FBD1801A70472C
:1005500010B5002200E0521C835C8C5CA34201D1E8
:10056000002BF8D1D8B2E1B2401A10BD30B5044624
:100570000020034600E05B1C934203D2E05CCD5CAC
:10058000401BF8D030BD034611F8012B00F8012BB9
:10059000002AF9D11846704730B5054600200346B9
:1005A00000E05B1C934205D2EC5CC85C201A01D1D0
:1005B000002CF6D130BD000070B50F4D00B9286891
:1005C000002412E00A4602E09E4203D0521C137837
:1005D000002BF9D1DAB2224305D02BB124B100218E
:1005E00000F8011B04E00446401C0678002EE9D107
:1005F0002860204670BD00003405002430B5034655
:100600001D783DB10A4612F8014B1CB1AC42FAD13B
:100610005B1CF5E7181A30BD30B50546002008E030
:100620000A4602E0A34207D0521C1378002BF9D1EE
:10063000401C2C5C002CF3D130BD00000FB400B581
:100640008DB010A909900B9000914FF0FF300A90E7
:1006500000200C9005480690054807906A4609A8B6
:100660000F9900F0B5FB0DB05DF814FBED0D02081D
:100670000B0E02082DE9FF5F1D464FF0FF3BD5E949
:10068000014691465F464FF00008A9697F1C01981A
:100690008847296A824688470028F6D1BAF1FF3F89
:1006A0000CD024F4C064002E19DD600614D5BAF114
:1006B0002B0F09D0BAF12D0F0ED103E0584604B02C
:1006C000BDE8F09F44F48064A9697F1C01988847C5
:1006D000761E8246002E02DDBAF1300F03D0B9F14A
:1006E000000F26D032E0A969761E44F400747F1C06
:1006F000019888478246002E05DDBAF1780F06D0B2
:10070000BAF1580F03D0B9F1000F10D01EE0B9F1C3
:10071000000F02D0B9F1100F18D1A969761E24F488
:1007200000747F1C019888478246102002E0082050
:1007300000E00A20814609E008FB0908A969761E45
:1007400044F400747F1C019888478246002E05DD22
:100750004946504600F078F90028EDDAE969019839
:100760008847A00502D46FF00100A8E7E00725D173
:10077000600613D5600502D5C8F1000000E04046D0
:1007800029680A1D2A600968220501D5087015E04C
:10079000220701D5088011E008600FE02868011DDC
:1007A00029600068210502D580F8008006E0210755
:1007B00002D5A0F8008001E0C0F8008038467EE74E
:1007C0002DE9FF5FD2E901A74FF000089169994632
:1007D0001446DDF838B0464601988847054659EA80
:1007E0000B0005D009E0A169761C019888470546F1
:1007F000216A284688470028F5D1681C03D05FEAA3
:10080000CA7005D015E04FF0FF3004B0BDE8F09F8E
:100810002068011D2160D0F800800AE05FEACA70FC
:1008200001D108F8015BA169761C7F1E01988847F9
:100830000546002F1ADD681C18D0B9F1000F0DD045
:10084000E81705EBD060421120F01F0059F8221084
:100850002A1A012090400142E0D107E0BBF1000FCD
:10086000DCD1216A284688470028D7D0E169019861
:100870008847BBF1000F07D1002E05DD5FEACA7083
:1008800002D1002188F80010A068B84203DDBBF156
:10089000000F03D017B16FF00100B6E73046B4E7A0
:1008A0002DE9F04791460F4680460446002614F88D
:1008B000015B2DB1FFF7B8FD0068405DC007F6D1C0
:1008C0002B2D02D02D2D18D0641E4A4639462046C5
:1008D00000F0ACFA27B13968A14201D1C7F8008015
:1008E00071054FF002040BD54042002803DD0CF0E7
:1008F00081F90460A007BDE8F08746F48066E4E76C
:100900000028F8DA0CF076F904606FF00040F2E7A6
:1009100070B506460CF06EF9046805460A220021FF
:100920003046FFF7BDFF2C6070BD70B506460CF079
:1009300061F9046805460A2200213046FFF7B0FF3E
:100940002C6070BD30B50B460146002020220124EA
:1009500009E021FA02F59D4205D303FA02F5491B8D
:1009600004FA02F52844151EA2F10102F1DC30BDA3
:10097000202A04DB203A00FA02F10020704791405F
:10098000C2F1200320FA03F3194390407047202A54
:1009900004DB203A21FA02F00021704721FA02F329
:1009A000D040C2F120029140084319467047000030
:1009B000014900F003B80000E015052410B50068F7
:1009C0003C22B0FBF2F302FB1303B0FBF2F00B602E
:1009D000B0FBF2F302FB1303B0FBF2F018224B6002
:1009E000B0FBF2F302FB1303B0FBF2F0021D8B60CD
:1009F0000723B2FBF3F403FB1422800040F2B5534B
:100A000000F66C308A61B0FBF3F2B0FBF3F403FB49
:100A10001400443280084A61C8613B2802D392071F
:100A200000D0401C0022074C13460A61E25C82425F
:100A300003D8801A5B1C0B61F8E7401CC8600846AD
:100A400010BD0000385606083A2800D2303820F091
:100A50002002412A01D3A2F13700884201D34FF08E
:100A6000FF3070472DE9FF4F087883B09946FF2883
:100A700005D0491C2D2804D00024002008E00020C7
:100A80000BE00124F9E700EB800003EB4000491C78
:100A90000B78FF2BF7D104B1404200230293147866
:100AA00019461D462D2C01D02B2C04D1521C2D2C67
:100AB00013D000240294AA461478FF2C0FD00A25E4
:100AC000A3FB057801FB05814FF0000C03FB0C1123
:100AD000521CE3194AEB0101EEE70124EAE78144E5
:100AE00053EA010002D019F5C87F06DA0398002105
:100AF000C0E9001107B0BDE8F08F0025AE4E2F46CB
:100B0000DFF8B882184600F000FECDE90001B9F127
:100B1000000002DAC9F1000400E004460023A74AFD
:100B20001AEB030B42EB045A12E0E00707D02A4607
:100B300033463846414600F0BEFA074688462A4604
:100B400033461046194600F0B6FA05460E466410C4
:100B5000002CEAD1DDE90001B9F1000F5A465346F5
:100B600006DA00F01AFB3A46434600F016FB05E0B1
:100B700000F0A1FA3A46434600F09DFA029A0AB103
:100B800081F00041039AC2E90001B3E72DE9FF4F6C
:100B90001F468DB0D7E901464FF0FF382E2045465D
:100BA0004FF000090B90B9696D1C0E988847396A9F
:100BB000824688470028F6D1BAF1FF3F0AD024F4D4
:100BC000D064002E11DDBAF12B0F08D0BAF12D0F31
:100BD0000BD102E0404611B08DE744F48064B9695E
:100BE0006D1C0E9888478246761E6946600501D5C1
:100BF0002D2000E02B208DF8000001F1010B0DF1FC
:100C0000200809E0B9696D1C0E98884782460F9844
:100C100044F40074761E0560002E02DDBAF1300F38
:100C2000F0D00B998A453ED144F0800406E00F993C
:100C3000681CA9F1010944F400740860B9696D1CCD
:100C4000761E0E98884782463028F0D02BE00B990C
:100C50008A4505D1200603D444F08004761E18E0AE
:100C600050460CF0A3FA08B30DF11301761E44F4BC
:100C700000748B4508D2AAF130000BF8010B200656
:100C800007D5A9F1010003E0200602D409F1010013
:100C90008146A00502D50F99681C0860B9696D1CD2
:100CA0000E9888478246002ED1DC53E0002E51DD9D
:100CB000BAF1650F02D0BAF1450F4BD1A00549D565
:100CC000B9696D1C24F44074761E0E9888478246DC
:100CD000002E0CDD2B2804D0BAF12D0F07D144F4DF
:100CE0008074B9696D1C0E9888478246761EE005AF
:100CF00001D52D2100E02B2108F8011BCDF82C8017
:100D000021E00DF12901761E44F4007488450CD2CF
:100D1000AAF1300010F0FF0088F8000002D10B9912
:100D2000884509D908F1010806E0E00501D5244805
:100D300001E042F20F708146B9696D1C0E98884738
:100D400082460F980560002E04DD50460CF02EFA06
:100D50000028D6D1F9690E988847FF208BF800004B
:100D600088F800000020069007904B466A4608A9C4
:100D700006A8FFF777FEA00502D46FF001002AE76E
:100D800014F0240F0AD0E00714D1DDE90612386808
:100D9000031D3B600068C0E900120BE0DDE90601BD
:100DA00000F0BFFC0146E00704D13868021D3A603C
:100DB0000068016028460EE7000014400000F03F84
:100DC000F1D8FFFF0268114413780160184670479C
:100DD000D160044951610449116200211161114639
:100DE00000F09EBAC50D020831040208426842B103
:100DF000016811F8013B23B1521EC0E900121846E8
:100E000070470121C160881E704742685AB1C368AB
:100E1000016843B983688B4205D0491E521CC0E962
:100E20000012002070474FF0FF3070472DE9F05F4F
:100E300082460078002715468B460AF10104B94620
:100E4000302801D09DB113E014F8010B0127782858
:100E500003D0582801D045B10AE00DB1102D07D1BB
:100E60000027102514F8010B02E0082500E00A25F0
:100E70000026B0460EE005FB080005FB06F1012741
:100E800001EB10461FFA80F8B6F5803F00D3B94653
:100E900014F8010B2946FFF7D7FD0028EBDABBF168
:100EA000000F05D00FB1641E00E05446CBF800409F
:100EB000B9F1000F06D00BF09DFE02210160C81EA3
:100EC000BDE8F09F48EA0640FAE700000FB40023AF
:100ED00000B589B00CA900910B996FF00042CB606E
:100EE0001E4B06931E4B07930423CDE901321D4A86
:100EF000089202466B460020FFF748FE09B05DF8F5
:100F000014FB70B586B006464FF0FF300091CDE976
:100F10000101002015460C4604903246694604A89B
:100F2000FFF7D4FF02460498211825B108B10846FE
:100F300000E020462860049800280DD0002A02DD39
:100F40000098884208D0081B0094CDE9010432467D
:100F5000694604A8FFF7BAFF06B070BDED0D0208A0
:100F60000B0E0208310402082DE9FE4F804681EA8B
:100F70000300C00F0C46009021F0004123F0004513
:100F8000B8EB0200A94105D24046214690461C46D6
:100F90000B46024623F00040104347D0270DC7F30D
:100FA0000A00C3F30A510290401A019040286BDAFC
:100FB000C3F3130040F4801B0098924620B1002335
:100FC000D2EB030A63EB0B0B01985946C0F14002C8
:100FD0005046FFF7CDFC06460D4650465946019A4D
:100FE00000F08CF910EB08006141002487EA1152EF
:100FF00084EAE7731A4340D0009A62B3019A012A47
:101000004FEA075215DC001B61EB02014FF0004272
:1010100002EA0752CDE90042001C41F58011324638
:101020002B4600F024FB03B0BDE8F08F404621467C
:10103000F9E7001B61EB0201001C41F58013001869
:101040005B412018A2F5001747EB030140EAD57079
:10105000B6196D4111E06D084FEA360645EAC075D4
:101060004FEA0752001B61EB0201001C41F58011A1
:1010700049084FEA30000019514132462B4603B06F
:10108000BDE8F04F00F0E4BA0098012240000023D0
:10109000D0EB020263EBE073009821464FEAE07464
:1010A000B8EB000061EB0401E9E783F000435BE784
:1010B00081F0004158E72DE9FE4F81EA030404F076
:1010C000004421F0004100944FF0000B23F0004356
:1010D00050EA01045ED052EA03045BD0C3F30A5421
:1010E000C1F30A552C44A4F2F3340194A0FB02543A
:1010F000C1F3130141F48011C3F3130343F48013CC
:1011000001FB024400FB034E840A970A44EA81541F
:1011100047EA8357A4FB076802958D0A05FB0785FC
:101120004FEA932C04FB0C542705029D4FEA065806
:1011300047EA1637B5EB08056EEB070C870E920EE3
:1011400047EA811742EA8312A7FB0201B6EB0B01C3
:1011500064EB00042B0D43EA0C335E1844EB1C5087
:10116000DA465146E7FB0201C5F313044FEA0B339D
:1011700043EA14534FEA0432019C43EA0603A4F104
:101180000C040294009CCDE900B400F070FA03B0A6
:10119000BDE8F08F00200146F9E72DE9F04D81EA26
:1011A000030404F0004B21F0004514464FF0000A00
:1011B00023F0004150EA050220D054EA01021DD07C
:1011C000C5F30A570246C5F31303C1F31300C1F375
:1011D0000A5640F4801543F48013A7EB0608101B51
:1011E000D64608F2FD3873EB050002D308F101087A
:1011F00001E092185B41B8F1000F03DA00200146CC
:10120000BDE8F08D00204FF48011064684460EE0C4
:10121000171B73EB050705D3121B63EB050306438E
:101220004CEA010C49084FEA300092185B4150EA41
:101230000107EDD152EA030012D082EA040083EAEA
:101240000501084305D0101BAB4106D20122002343
:1012500006E000224FF0004302E06FF0010253105D
:101260001AEB06004CEB085110EB0A0041EB0B01A6
:10127000BDE8F04D00F0ECB9C1F30A52C1F313011F
:1012800040F2FF3341F480119A4202DA0020014615
:10129000704740F233439A42A2F2334202DC524298
:1012A000FFF775BBFFF764BB30B5041E71F1000496
:1012B00004DB4FF00044404264EB0101141E73F163
:1012C000000405DB1C464FF00043524263EB04036D
:1012D000994208BF904230BD064C074D06E0E068D9
:1012E00040F0010394E8070098471034AC42F6D36D
:1012F000FEF7D6FF98630608E8630608202A06DB97
:10130000CB17203A41FA02F043EAE07306E041FAD3
:1013100002F3D040C2F120029140084319467047C1
:101320002DE9F34F8BB04FF0000801F10C000C4693
:101330004FF0010B46460DF1080A01906269012148
:1013400001989047051E2DD0252D2CD0216A884765
:10135000C0B16269012101989047216A884700283D
:10136000F7D1411E62690198904700E0761CA1699F
:101370000B988847216A88470028F7D1E1690B98C4
:101380008847DBE7A1690B9888470746A84201D147
:10139000761CD3E7E1690B9888477F1C02D1B8F12E
:1013A000000F6FD047E1002762693D46394601983A
:1013B00090472A2804D162690121019890470125AC
:1013C000DFF888926269012101989047A0F130010D
:1013D0000A290AD24F45E5DC07EB870100EB4107FC
:1013E000303FDFD445F01005ECE7E90601D46FF09B
:1013F00000476C280AD04C2814D0682815D06A28D9
:101400000DD074281CD07A281AD01DE06269012101
:10141000019890476C2802D045F0040514E045F08F
:1014200002050DE045F020050AE0626901210198FE
:101430009047682802D045F0080505E045F40065AE
:101440006269012101989047C4E9015765283DD0A0
:1014500019DC58287AD00CDC452837D004DC252844
:1014600026D0412831D131E046282FD047282CD131
:101470002CE05B2877D0612828D063287CD06428B2
:1014800023D15AE0D1E06F2848D008DC66281DD06F
:1014900067281BD0692821D06E2816D127E0702834
:1014A00045D0732868D0752847D078280DD14DE0F5
:1014B000A1690B988847054625283FF469AFE16983
:1014C0000B9888476D1C3FF46AAFB4E023466A4628
:1014D0006FF001000B99FFF759FB9FE045F04000CA
:1014E0006060A80723464FF0000236D43EE0E807CC
:1014F0007FF447AF2068011D21600068290501D5F0
:1015000006701BE7290701D5068017E7A90703D551
:10151000F117C0E9006111E706600FE745F04000F0
:101520006060A80723464FF0080216D41EE040F67C
:101530000E0125EA0100606016E045F040006060A1
:10154000A80723464FF00A0207D40FE045F04000F9
:101550006060A80708D5234610226FF001000B99A0
:10156000AFF300805AE007E0234610226FF001003D
:101570000B99FFF77FF851E04FF000094F464B46BB
:10158000632802D05B2807D041E02079C00601D44F
:101590000120A06001273AE062690121019890478B
:1015A0005E2805D14FF001096269494601989047CC
:1015B000216939B900210A46534643F82120491CC4
:1015C0000829FADBB0B3216969B9C11700EBD16210
:1015D00053110AEB830122F01F02821A01200B68CB
:1015E000904003430B6062690121019890475D2898
:1015F000E8D1B9F1000F09D00020514651F8202060
:10160000D24341F82020401C0828F7DB02AB2246D9
:1016100000976FF001000B99FFF7D2F800280CDA61
:10162000401C08D1BBF1000F05D04FF0FF300DB0CA
:10163000BDE8F08FFFE74046F9E7E90701D108F17F
:10164000010806444FF0000B78E60000CCCCCC0C2F
:1016500010B5141E73F1000408DA401C41F10001BA
:1016600092185B411A4301D120F0010010BD2DE911
:10167000F04D92469B4611B1B1FA81F202E0B0FA08
:1016800080F220329046FFF773F904460F4640EA95
:101690000A0041EA0B0153465A46084313D011464B
:1016A00053EA010019D0C8F140025046FFF76FF924
:1016B00005460E46504659464246FFF759F908433B
:1016C00005D0012004E020463946BDE8F08D002019
:1016D000054346EAE0762C4337430A986305E40A5B
:1016E000A0EB08000022FD0A44EA47540A3002D564
:1016F00000200146E9E7010510196941DDE90845C7
:1017000000196941BDE8F04DA2E70EB540F2334241
:1017100002920022CDE900221346FFF7A8FF03B092
:1017200000BD01F0004330B421F0004150EA010255
:1017300006D00A0DA2F56072C1F31301002A02DC83
:1017400030BC00207047440F44EAC104C100E018D7
:1017500030BC00EBC250AFF300800029A8BF704737
:10176000401C490008BF20F00100704710B4B0FAD7
:1017700080FC00FA0CF050EA010404BF10BC704772
:1017800049B1CCF1200421FA04F411FA0CF118BF8C
:10179000012121430843A3EB0C01CB1D4FEA00615B
:1017A0004FEA102042BF002010BC704700EBC3502E
:1017B00010440029A4BF10BC7047401C490008BF5A
:1017C00020F0010010BC704770B58C1810F8015B58
:1017D00015F0070301D110F8013B2A1106D110F8CA
:1017E000012B03E010F8016B01F8016B5B1EF9D1CE
:1017F0002B0705D40023521E0DD401F8013BFAE754
:1018000010F8013BCB1A921C03E013F8015B01F8BE
:10181000015B521EF9D5A142D8D3002070BD000053
:1018200010B5024801F0C4FB10BD0000509E012419
:1018300000BFFEE7F8B505460E464FF6FF7448F2C6
:10184000050000906946684607F0AEFB10E015F809
:10185000010B4440002009E004F0010121B1BDF872
:10186000001081EA640400E06410401C0828F3DBE7
:10187000301EA6F10106EAD12046F8BD10B5024897
:1018800001F096FB10BD00004884012410B5024809
:1018900001F08EFB10BD00004897012410B50248EE
:1018A00001F086FB10BD0000C898012410B5024865
:1018B00001F07EFB10BD0000489A012410B50248DB
:1018C00001F076FB10BD0000C89B012410B5024852
:1018D00001F06EFB10BD0000489D01240146374A0F
:1018E0000868904249D0354A18320868904244D07E
:1018F000324A3032086890423FD0304A4832086855
:1019000090423AD02D4A60320868904235D02B4A36
:1019100078320868904230D0284A90320868904265
:101920002BD0264AA8320868904226D0244A08685C
:10193000904222D0224A1832086890421DD0204A94
:1019400030320868904218D01D4A483208689042E8
:1019500013D01B4A6032086890420ED0184A783281
:101960000868904209D0164A90320868904204D024
:10197000134AA8320868904201D1012000E00020FB
:10198000B0B10A78103A1823B2FBF3F000F0070266
:101990000C4B9A5CCA65032805D90A686FF30902E3
:1019A000121D8A6503E00A686FF309028A6503E085
:1019B000086820F0FF008865886D704710000240BD
:1019C0001004024030F8050810B502682B4C03687B
:1019D000A34222D0294C14340368A3421DD0274CC3
:1019E00028340368A34218D0244C3C340368A34233
:1019F00013D0224C50340368A3420ED01F4C6434E1
:101A00000368A34209D01D4C78340368A34204D074
:101A10001A4C8C340368A34201D1012300E0002357
:101A20008BB10378083B1424B3FBF4F1144B03EBA4
:101A300081030366124B8033436601F01F040123C8
:101A4000A340836618E00378103B1824B3FBF4F13D
:101A50000C4B9A4204D80B4BA83B9A4200D3083156
:101A6000094B03EB81030366074B8033436601F0A8
:101A70001F040123A340836610BD000008540258D0
:101A800000580258B8040240000802400179A9B386
:101A9000082940D8204B02689A4222D01E4B1433AA
:101AA00002689A421DD01C4B283302689A4218D013
:101AB000194B3C3302689A4213D0174B50330268DB
:101AC0009A420ED0144B643302689A4209D0124BEA
:101AD000783302689A4204D00F4B8C3302689A42E2
:101AE00001D1012200E000224AB14A1E0B4B03EB58
:101AF0008202C266094A4032026708E00BE04A1ED1
:101B0000074B03EB8202C266054A403202674A1E57
:101B10000123934043677047085402580059025804
:101B200000090240014600208A69D2B98A6A32B1AE
:101B3000012A0DD0022A03D0032A10D10EE000BFE3
:101B4000CA6A02F08072B2F1807F00D1012007E002
:101B5000CA6AB2F1C07F00D1012001E000E000BFFD
:101B600036E08A69B2F5005F1BD18A6A32B1012A78
:101B700007D0022A03D0032A11D10AE000BF0120B6
:101B80000EE0CA6A02F08072B2F1807F00D10120BB
:101B900006E0CA6AB2F1C07F00D1012000E000BFB8
:101BA00016E08A6A32B1012A05D0022A04D0032A3B
:101BB0000CD103E000BF00BF012008E0CA6A02F0B8
:101BC0008072B2F1807F00D1012000E000BF00BF31
:101BD00070470000F0B5856D846D984F0668BE4271
:101BE00070D0964F18370668BE426BD0934F30378F
:101BF0000668BE4266D0914F48370668BE4261D043
:101C00008E4F60370668BE425CD08C4F78370668CE
:101C1000BE4257D0894F90370668BE4252D0874F98
:101C2000A8370668BE424DD0854F0668BE4249D0EF
:101C3000834F18370668BE4244D0814F303706685C
:101C4000BE423FD07E4F48370668BE423AD07C4FF6
:101C500060370668BE4235D0794F78370668BE4295
:101C600030D0774F90370668BE422BD0744FA837DC
:101C70000668BE4226D0734F0668BE4222D0714F1E
:101C800014370668BE421DD06E4F28370668BE4224
:101C900018D06C4F3C370668BE4213D0694F50379E
:101CA0000668BE420ED0674F64370668BE4209D050
:101CB000644F78370668BE4204D0624F8C3706689E
:101CC000BE4201D1012600E000263EB1D0E91976DE
:101CD0007E60C66E16B1D0E91C767E60574F0668EE
:101CE000BE4249D0554F18370668BE4244D0534FC4
:101CF00030370668BE423FD0504F48370668BE4274
:101D00003AD04E4F60370668BE4235D04B4F7837D9
:101D10000668BE4230D0494F90370668BE422BD08D
:101D2000464FA8370668BE4226D0454F0668BE42D9
:101D300022D0434F18370668BE421DD0404F30377F
:101D40000668BE4218D03E4F48370668BE4213D0E0
:101D50003B4F60370668BE420ED0394F7837066871
:101D6000BE4209D0364F90370668BE4204D0344F89
:101D7000A8370668BE4201D1012600E00026DEB188
:101D800090F85C6006F01F073F26BE40AE60066814
:101D9000366826F4802607683E60066873608668A9
:101DA000402E04D10668B2600668F16044E006681F
:101DB000B1600668F2603FE0224F0668BE4222D062
:101DC000204F14370668BE421DD01E4F28370668C4
:101DD000BE4218D01B4F3C370668BE4213D0194F85
:101DE00050370668BE420ED0164F64370668BE42B2
:101DF00009D0144F78370668BE4204D0114F8C3793
:101E00000668BE4201D1012600E00026A6B190F886
:101E10005C6006F01F070126BE40666006687360BE
:101E20008668402E04D10668B2600668F16003E05F
:101E30000668B1600668F260F0BD00001000024064
:101E40001004024008540258704710B5002210E0F8
:101E500002EB4204036903EBC40100230B604B60F7
:101E60008B60CB600B614B6100F1440343F822109F
:101E7000521C042AECD3002444658465C46544667E
:101E800004660324036803F58053C3F830410368F4
:101E900003F580530469C3F81C410369483304689F
:101EA00004F58054C4F8283110BD10B500220EE0AE
:101EB00002EB4204C36803EBC40100230B604B60D8
:101EC0008B60CB6000F1180343F82210521C042AE7
:101ED000EED3002484620324036803F58053C3F81F
:101EE0002C41036803F58053C468C3F814410368A8
:101EF00003F58053C468C3F8204110BD10B50248F3
:101F000002F020FC10BD000008D3012410B5A2B0DF
:101F1000044601208DF83300002012908DF8410016
:101F20008DF8430001208DF828008DF856008DF8BB
:101F3000320000208DF84C0001208DF88400400311
:101F40000F9000208DF85C0018908DF885008DF8BA
:101F500086004FF4C360169000208DF830000B907F
:101F600001208DF8350000208DF836008DF84000F6
:101F70001D901B9014908DF864008DF87A0001205C
:101F80008DF842002020209001208DF84400002090
:101F90008DF855004FF0405009904FF480400E905E
:101FA00000208DF8310002201F9000208DF878006D
:101FB0008DF879008DF8540001208DF83400002050
:101FC0001A9001208DF8700009A9204600F0AEFAA1
:101FD00001208DF804000290002000908DF81C0074
:101FE0008DF80D008DF80C004FF4001006900020C5
:101FF0008DF814004FF40010049000208DF81D009F
:102000004FF4067008906946204600F031FA22B07D
:1020100010BD000070B506463068D0F8004224F4C8
:10202000706404F06DFF05461348854205D31348DC
:10203000854202D244F400741AE01048854205D368
:102040000F48854202D244F4407411E00C488542A6
:1020500003D30C48854200D20AE00A48854205D3E2
:102060000948854202D244F4807401E044F480645B
:102070003068C0F8004270BD002D3101C00E16025C
:102080000087930300E1F50580D1F0080020704738
:1020900010B503F0C7FB10BD10B5024802F030FFC9
:1020A000002010BD08D3012470B504460D46164625
:1020B00033462A462146044802F0B7FE10B14FF0DD
:1020C000FF3070BD0020FCE708D3012470B5044642
:1020D0000D46164633462A462146044803F0B6F814
:1020E00010B14FF0FF3070BD0020FCE708D3012491
:1020F0002DE9F04F06460B46914606F11804226979
:10210000D4F810C0002754F822109D68BA46C86859
:1021100000F00040B0F1004F04D004F1140050F87A
:10212000220010B10220BDE8F08F187800F0040002
:10213000C8B3C8686FF30F00D3F824B040EA0B00AF
:10214000C860C86840F48030C8603068006E40F4F1
:102150008010D6F800B0CBF86000187800F00800C6
:1021600008B3B3F82CB088686BF31F408860C86868
:1021700040F40030C860C86820F44020D3F830B084
:1021800040EA0B00C8603068406E40F48010D6F81A
:1021900000B0CBF864003068006D40F08060D6F885
:1021A00000B0CBF85000187800F0100058B18868E3
:1021B0006FF30D00D3F818B040EA0B008860C868D0
:1021C00040F08060C860187800F0040018B91878F2
:1021D00000F01000F0B1C86840F08040C860C868E6
:1021E00040F00040C86000BF521C042A00D3121FF8
:1021F00000BF54F822107F1CC86800F00040B0F106
:10220000004F07D154F82C10C86820F00040C86077
:10221000022088E77F1C2868086088686FF30D003B
:10222000D5F804B040EA0B008860A86868B1AD68D2
:10223000286848608868DFF834B200EA0B00B5F817
:1022400004B040EA0B40886007E0002048608868DE
:10225000DFF818B200EA0B008860187800F0100070
:10226000A0B1C86820F4F000B3F820B040EACB4039
:10227000C860C8686FF31100D3F81CB040EA0B00C7
:10228000C860C86840F48020C8601FE0C8686FF369
:102290000E00D3F804B040EA0B00C860187800F0D4
:1022A000010038B1C86820F44030D3F814B040EAD7
:1022B0000B00C860187800F0200038B1C86820F022
:1022C0004060D3F810B040EA0B00C860187800F006
:1022D000040038B1886820F44040D3F828B040EAC0
:1022E0000B008860C86840F00050C860C86820F0E3
:1022F0008040C860C86840F00040C860187800F0AE
:10230000020038B1C86820F06070D3F80CB040EA21
:102310000B00C86085E0C86820F08050C86000BF2E
:10232000521C042A00D3121F00BF54F82210C868A0
:1023300020F00050C860C86800F00040B0F1004FC5
:1023400004D004F1140050F82200B8B1624654F8E9
:1023500022104FF000080DE0C86820F00040C8606F
:1023600000BF521C042A00D3121F00BF54F82210D1
:1023700008F10108B845EFD30220D4E67F1CAD6810
:102380002868086088686FF30D00D5F804B040EA4B
:102390000B008860A86868B1AD68286848608868E4
:1023A000DFF8C8B000EA0B00B5F804B040EA0B4013
:1023B000886007E0002048608868DFF8B0B000EA75
:1023C0000B008860187800F0100060B1C8686FF3E7
:1023D0001100D3F81CB040EA0B00C860C86840F494
:1023E0008020C86013E0C8686FF30E00D3F804B013
:1023F00040EA0B00C860187800F0010038B1C868E6
:1024000020F44030D3F814B040EA0B00C8600AF161
:10241000010AC86840F00040C860C86820F08040E9
:10242000C860A86800287FF476AFB9F1000F04D027
:10243000886840F00040886003E0886820F0004031
:102440008860C86840F08050C86004F11400D4F877
:1024500024B040F822B0226172B60AF10100D4F82B
:1024600028B05844A06262B600205CE6FFFF00C0BE
:1024700010B5036803F580531B6847F60204A343B5
:102480000C682343046804F5805423600C798B683E
:1024900043EA04330C7B43EAC432036803F58053F8
:1024A0005B684DF20104A3431343046804F58054B0
:1024B00063604C7B0B6A43EA0442036803F5805374
:1024C000D3F80031164C23401343046804F58054BC
:1024D000C4F800310C7D0B6943EA04134C7F43EAD6
:1024E0000432036803F58053D3F804310D4C2340C4
:1024F0001343046804F58054C4F804310C7F8B69DD
:1025000043EAC472036803F58053D3F80831064CDC
:1025100023401343046804F58054C4F8083110BD07
:1025200000C0FEFFEFEFC0FFFFFFC07F10B50C68DB
:102530008B6823430C7943EAC4630C7B43EAC4539E
:102540004C7B43EA84538C7B43EA4453CC7B43EA81
:1025500004530C7C0CB9012400E0002443EAC4437A
:102560004C7C0CB9012400E0002443EA44438C7CF9
:1025700043EA04434C6923438C6923430C7F43EAB9
:1025800004334C7F43EAC4238C7F0CB9012400E060
:10259000002443EA8423CC7F43EA442391F820407B
:1025A0000CB9012400E0002443EA042351F8244F2D
:1025B00023430C7943EA04138C6843EA040203685A
:1025C0001B683D4C23401343046823600B7E5B066D
:1025D0000C7D43EA04630C7B43EA84434C7B43EA6F
:1025E00044438C7B24390CB9012400E0002443EAE5
:1025F00004434C6B43EA040203685B682F4C23409E
:1026000013430468636091F840404B6C43EA042232
:102610000368DB6840F20F14A34313430468E360CC
:1026200091F854400B6D43EA440391F84C400CB9C7
:10263000012400E0002443EAC41331F8484F43EA80
:10264000044203681B6F4FF60D7423401343046864
:1026500023678B7B4C7B43EA44020368D3F89030BA
:1026600023F0030313430468C4F890300368D3F8DD
:10267000003D23F072030C6923430468C4F8003D55
:102680000C7E4B6948390CB9012400E0002443EA70
:10269000841391F8614043EA041391F8624043EADD
:1026A000C4020368D3F8303D23F07B03134304686E
:1026B000C4F8303D10BD0000838004000080F8C0E5
:1026C00010B50A46042800DB10BD00211BE0114BA9
:1026D00003EB802353F82130934212D10D4B03EBCF
:1026E00080240D4B1B5C5B1E54F82330094C04EB1B
:1026F000802444F82130084B1B5C5B1E064C23549D
:1027000005E04B1CD9B2044B1B5C8B42DFDC00BFE5
:1027100000BFD9E7680500243A0000242DE9FF41F5
:10272000074627B94FF0FF3004B0BDE8F081002420
:102730000020009001900290039000BF05E01E4928
:10274000095C2144CCB2411CC8B20428F7DB224604
:102750001AA168460AF0B8F969463846FDF7BDFE89
:10276000002C23DD00251FE01348405D00B919E06F
:10277000002612E013A13846FDF7AFFE124800EB29
:10278000852050F8262011A168460AF09DF9694677
:102790003846FDF7A2FE701CC6B20748405DB04245
:1027A000E8DC00BF681CC5B2042DDDDB09A138469A
:1027B000FDF793FE60B2B7E73A0000244552523D60
:1027C000256400002C0000006805002425303858DE
:1027D000000000003B00000001B9704700BFFEE7A9
:1027E000042800DB7047002209E0104B03EB802334
:1027F00053F822308B4200D1F4E7531CDAB20C4B71
:102800001B5C9342F1DC0A4A125CFF2A0BDC074A8C
:1028100002EB8022064B1B5C42F82310044A125C38
:10282000521C034B1A5400BFDCE70000680500246B
:102830003A00002410B501F001037BB1134BDB68B3
:1028400023F4E663114CE36042F0040343EA0023FF
:1028500043F08003E46823430C4CE36001F002037F
:10286000022B12D10A4B1B6823F4E663074CC4F811
:102870000C3142F0040343EA002343F08003D4F810
:102880000C412343014CC4F80C3110BD0020005210
:102890000C21005201F00302032A1BD1234AD26803
:1028A00022F03002214BDA60214A126822F0300215
:1028B000C3F80C211A46D2680243DA601A46D2F8ED
:1028C0000C210243C3F80C211A46926942F010020F
:1028D0009A6129E001F0010272B1144AD26822F033
:1028E0003002124BDA601A46D2680243DA601A46A6
:1028F000D26842F08802DA6001F00202022A13D1A3
:102900000B4A126822F03002084BC3F80C211A4619
:10291000D2F80C210243C3F80C211A46D2F80C213C
:1029200042F08802C3F80C217047000000200052DA
:102930000C2100522DE9F04107460E4604240025E3
:1029400002F070FF8046022E00D1344C0BE0781C60
:1029500048B102F067FFA0EB0800B84200D817B9F1
:102960000320BDE8F0812E482040A04208D12D4828
:1029700000692040A04201D101200DE000200BE0C1
:102980002948006824F00041084024F000418842B2
:1029900001D1012000E000200028D8D1012E05D16E
:1029A00020480069214900EA010505E01E48006849
:1029B0001F49084040F0004525F0004090B11D48F7
:1029C000806928431B49886115482840A84202D1E4
:1029D0001448456104E025F000401349091D0860D2
:1029E0000120BEE7012E0AD10E48006900F48030B4
:1029F000B0F5803F0FD130040A4948610BE00A4826
:102A0000006800F48030B0F5803F04D14FF480308E
:102A10000549091D08600020A3E7000004000080AC
:102A20000F00EF1F00200052102100520000EE178F
:102A30000000EE97ECD201242DE9F04107460D4647
:102A40001646002409E055F824103846FDF780FDAD
:102A500010B92046BDE8F081641CB442F3DB4FF0AE
:102A6000FF30F7E72DE9F0410546002425E004EBAF
:102A70004400154911F82000298888421CD104EB34
:102A80004403114F07EB8303198904EB440307EB5D
:102A9000830358680D4B1A689047064604EB4400C0
:102AA000394601EB8000807AB04201D1012600E076
:102AB00000263046BDE8F081641C05480078844259
:102AC000D5DB0020F6E700004002002428020024A5
:102AD0009BF805082DE9F041044602F0A3FE80466C
:102AE00014B90120BDE8F08194F83500022808D01F
:102AF0008020606500BF002084F8340000BF012002
:102B0000F0E7FE492068884249D0FC491831206826
:102B1000884244D0F9493031206888423FD0F74993
:102B20004831206888423AD0F449603120688842B0
:102B300035D0F24978312068884230D0EF49903161
:102B4000206888422BD0ED49A8312068884226D0E1
:102B5000EB492068884222D0E94918312068884230
:102B60001DD0E74930312068884218D0E449483107
:102B70002068884213D0E2496031206888420ED034
:102B8000DF4978312068884209D0DD4990312068DA
:102B9000884204D0DA49A8312068884201D1012056
:102BA00000E0002068B12068006820F01E00216865
:102BB00008602068406920F080002168486125682D
:102BC00006E02068006820F00E0021680860256893
:102BD000CA492068884270D0C849183120688842A4
:102BE0006BD0C64930312068884266D0C34948312D
:102BF0002068884261D0C1496031206888425CD039
:102C0000BE4978312068884257D0BC49903120684D
:102C1000884252D0B949A831206888424DD0B8497D
:102C20002068884249D0B64918312068884244D08B
:102C3000B3493031206888423FD0B14948312068DB
:102C400088423AD0AE4960312068884235D0AC49DC
:102C500078312068884230D0A94990312068884274
:102C60002BD0A749A8312068884226D0A5492068E2
:102C7000884222D0A3491431206888421DD0A1493E
:102C800028312068884218D09E493C31206888420B
:102C900013D09C495031206888420ED09949643144
:102CA0002068884209D0974978312068884204D04A
:102CB00094498C312068884201D1012000E0002035
:102CC00028B1206E006820F48070216E08608B4966
:102CD0002068884249D0894918312068884244D008
:102CE00086493031206888423FD084494831206885
:102CF00088423AD0814960312068884235D07F4986
:102D000078312068884230D07C49903120688842F0
:102D10002BD07A49A8312068884226D0784920688B
:102D2000884222D076491831206888421DD07449E3
:102D300030312068884218D0714948312068884273
:102D400013D06F496031206888420ED06C497831C9
:102D50002068884209D06A4990312068884204D0AE
:102D60006749A8312068884206D12068006820F0B1
:102D700001002168086005E02068006820F001007B
:102D80002168086011E002F04DFDA0EB0800052865
:102D90000BD920206065032084F8350000BF002097
:102DA00084F8340000BF01209CE6286800F0010090
:102DB0000028E8D151492068884249D04F4918314C
:102DC0002068884244D04D493031206888423FD045
:102DD0004A494831206888423AD0484960312068E1
:102DE000884235D0454978312068884230D04349FF
:102DF0009031206888422BD04049A8312068884211
:102E000026D03F492068884222D03D4918312068A9
:102E100088421DD03A4930312068884218D038495C
:102E200048312068884213D0354960312068884293
:102E30000ED0334978312068884209D0304990312A
:102E40002068884204D02E49A8312068884201D1E8
:102E5000012000E0002040B1A66D94F85C0000F075
:102E60001F013F208840B06007E0A76D94F85C0028
:102E700000F01F01012088407860204920688842C6
:102E800076D01E4918312068884271D01B493031F4
:102E9000206888426CD0194948312068884267D040
:102EA000164960312068884262D014497831206820
:102EB00088425DD0114990312068884258D00F492E
:102EC000A8312068884253D00D49206888424FD0ED
:102ED0000B491831206888424AD0094930312068AE
:102EE000884245D0064948312068884240D004498C
:102EF0006031206888423BD0014905E01000024063
:102F000010040240085402587831206888422FD0BB
:102F10002549206888422BD02349183120688842EF
:102F200026D022492068884222D0204914312068C6
:102F300088421DD01D4928312068884218D01B497D
:102F40003C312068884213D01849503120688842AB
:102F50000ED0164964312068884209D0134978316F
:102F60002068884204D011498C312068884201D100
:102F7000012000E0002068B1D4E919104860E06E3B
:102F800040B1E06E006820F48070E16E0860D4E922
:102F90001C104860012084F8350000BF002084F830
:102FA000340000BF00BF9DE5A00402400854025851
:102FB0002DE9F84F044600200090FE4800684FF4C9
:102FC0001651B0FBF1FAA66DD4F858803768D8F8DE
:102FD0000090F9492068884249D0F74918312068A3
:102FE000884244D0F4493031206888423FD0F249C9
:102FF0004831206888423AD0EF49603120688842E1
:1030000035D0ED4978312068884230D0EA49903196
:10301000206888422BD0E849A8312068884226D011
:10302000E6492068884222D0E44918312068884265
:103030001DD0E24930312068884218D0DF4948313C
:103040002068884213D0DD496031206888420ED064
:10305000DA4978312068884209D0D849903120680F
:10306000884204D0D549A8312068884201D1012086
:1030700000E0002000287DD094F85C0000F01F01E3
:10308000082088403840002868D0CB492068884212
:1030900049D0C94918312068884244D0C6493031E6
:1030A000206888423FD0C4494831206888423AD0DD
:1030B000C14960312068884235D0BF4978312068E5
:1030C000884230D0BC499031206888422BD0BA4920
:1030D000A8312068884226D0B8492068884222D08A
:1030E000B6491831206888421DD0B4493031206873
:1030F000884218D0B14948312068884213D0AF497E
:103100006031206888420ED0AC497831206888420E
:1031100009D0AA4990312068884204D0A749A83133
:103120002068884204D12068006800F0040003E0B1
:103130002068006800F0080080B12068006820F076
:1031400004002168086094F85C0000F01F0108206A
:103150008840B060606D40F00100606594F85C00EC
:1031600000F01F01012088403840E8B392492068F0
:10317000884200E0B7E24BD08F491831206888427E
:1031800046D08D4930312068884241D08A49483143
:10319000206888423CD0884960312068884237D016
:1031A000854978312068884232D08349903120683F
:1031B00088422DD08049A8312068884228D07F4994
:1031C0002068884224D07D491831206888421FD069
:1031D0007A493031206888421AD0784948312068CD
:1031E000884215D0754900E026E0603120688842A9
:1031F0000ED0724978312068884209D06F499031E9
:103200002068884204D06D49A8312068884204D1E2
:103210002068406900F0800002E02068006800201B
:1032200050B194F85C0000F01F0101208840B060AC
:10323000606D40F00200606594F85C0000F01F01D2
:10324000042088403840E8B35B49206888424BD06E
:10325000594918312068884246D057493031206892
:10326000884241D054494831206888423CD0524974
:1032700060312068884237D04F49783120688842D1
:1032800032D04D499031206888422DD04A49A8312A
:103290002068884228D049492068884224D047497C
:1032A0001831206888421FD0444930312068884254
:1032B0001AD0424948312068884215D03F496031D0
:1032C000206800E024E088420ED03C497831206834
:1032D000884209D0394990312068884204D0374962
:1032E000A8312068884204D12068006800F00200FC
:1032F00002E020680068002050B194F85C0000F003
:103300001F0104208840B060606D40F004006065DB
:1033100094F85C0000F01F01102088403840E8B3AA
:1033200025492068884251D02349183120688842B5
:103330004CD0214930312068884247D01E4948315D
:103340002068884242D01C496031206888423DD0C4
:10335000194978312068884238D01749903120685F
:10336000884233D01449A831206888422ED01349AE
:10337000206888422AD0114918312068884225D017
:103380000E4930312068884220D00C4948312068ED
:1033900088421BD009496031206800E04DE0884236
:1033A00014D006497831206888420FD00349903103
:1033B000206805E0000000241000024010040240D4
:1033C000884203D0FE492068884204D12068006802
:1033D00000F0080003E02068006800F0040060B31B
:1033E00094F85C0000F01F0110208840B060206855
:1033F000006800F4802080B12068006800F400209C
:1034000028B9206CC8B12046216C884715E0A06C13
:1034100098B12046A16C88470FE02068006800F44E
:10342000807028B92068006820F0080021680860D2
:10343000206C10B12046216C884794F85C0000F0A5
:103440001F0120208840384000287DD0DD492068B9
:10345000884249D0DB4918312068884244D0D94994
:103460003031206888423FD0D649483120688842B0
:103470003AD0D44960312068884235D0D14978317A
:103480002068884230D0CF499031206888422BD0C4
:10349000CC49A8312068884226D0C949A83920687B
:1034A000884221D0C6499039206888421CD0C4493E
:1034B00078392068884217D0C1496039206888422D
:1034C00012D0BF494839206888420DD0BC493039F4
:1034D0002068884208D0BA4918392068884203D049
:1034E000B7492068884204D12068006800F01000C5
:1034F00003E02068006800F0020028B394F85C0044
:1035000000F01F0120208840B06094F835000428A6
:103510002DD12068006820F016002168086020681E
:10352000406920F0800021684861206C08B9A06CD7
:1035300028B12068006820F008002168086094F82D
:103540005C0000F01F0100E03FE03F208840B060D9
:10355000012084F8350000BF002084F8340000BF4B
:10356000206D10B12046216D8847BDE8F88F206896
:10357000006800F4802080B12068006800F400201A
:1035800028B9606C08B32046616C88471DE0E06B89
:10359000D8B12046E16B884717E02068006800F446
:1035A000807068B92068006820F010002168086009
:1035B000012084F8350000BF002084F8340000BFEB
:1035C000E06B10B12046E16B8847606D00287AD02F
:1035D000606D00F00100E8B3042084F835007949FB
:1035E000206888424BD0774918312068884246D0FD
:1035F000744930312068884241D07249483120688E
:1036000088423CD06F4960312068884237D06D498C
:1036100078312068884232D06A49903120688842E7
:103620002DD06849A8312068884228D06449A8393B
:103630002068884223D062499039206888421ED091
:103640005F4978392068884219D05D49603920681F
:10365000884200E040E012D0594948392068884249
:103660000DD0574930392068884208D0544918395C
:103670002068884203D052492068884206D12068D9
:10368000006820F001002168086005E020680068FB
:1036900020F001002168086000BF0098401C0090E5
:1036A000504500D905E02068006800F001000028BE
:1036B000F3D100BF2068006800F0010020B10320B2
:1036C00084F8350003E00DE0012084F8350000BFE8
:1036D000002084F8340000BFE06C002802D02046AF
:1036E000E16C8847D9E138492068884222D03649C0
:1036F0001431206888421DD033492831206888421F
:1037000018D031493C312068884213D02E495031BD
:10371000206888420ED02C4964312068884209D044
:10372000294978312068884204D027498C312068A3
:10373000884201D1012000E000200028D2D020687A
:10374000056894F85C0000F01F010420884000EA3E
:103750000900D8B305F00400C0B394F85C0000F091
:103760001F0104208840C8F8040005F4004080B11F
:1037700005F4803030B9A06C0028B3D02046A16C8D
:1037800088478AE1206C0028ACD02046216C88470D
:1037900083E105F02000E8BB0A492068884253D045
:1037A00008491831206888424ED0064930312068D7
:1037B000884249D0034948312068884244D006E015
:1037C000B804024010000240085402584FE0B449C7
:1037D00060312068884237D0B1497831206888420A
:1037E00032D0AF499031206888422DD0AC49A83101
:1037F0002068884228D0AB492068884224D0A94953
:103800001831206888421FD0A6493031206888428C
:103810001AD000E025E0A34948312068884213D03F
:10382000A0496031206888420ED09E4978312068D6
:10383000884209D09B4990312068884204D0994938
:10384000A8312068884206D12068006820F008006E
:103850002168086005E02068006820F00400216805
:103860000860206C10B32046216C884715E194F85D
:103870005C0000F01F010220884000EA0900E8B364
:1038800005F00200D0B394F85C0000F01F010220A4
:103890008840C8F8040005F4004070B105F4803099
:1038A00028B9606C10B12046616C8847F5E0E06B88
:1038B000F0B32046E16B8847EFE005F02000C0BB85
:1038C0007749206888424ED075491831206888426F
:1038D00049D0734930312068884244D0704948311A
:1038E000206888423FD06E496031206888423AD0D3
:1038F0006B4978312068884235D000E04EE0684955
:103900009031206888422ED06549A83120688842CD
:1039100029D064492068884225D06249183120683E
:10392000884220D05F493031206888421BD001E0B6
:103930006EE02DE05B4948312068884213D0594938
:103940006031206888420ED056497831206888421C
:1039500009D0544990312068884204D05149A83197
:103960002068884206D12068006820F01400216891
:10397000086005E02068006820F00A0021680860FF
:10398000012084F8350000BF002084F8340000BF17
:10399000E06BE8B32046E16B88477EE094F85C007A
:1039A00000F01F010820884000EA090080B305F0FC
:1039B000080068B33A49206888424BD0384918312A
:1039C0002068884246D0364930312068884241D04C
:1039D00033494831206888423CD031496031206801
:1039E000884237D02E4978312068884232D02C491D
:1039F0009031206888422DD02949A831206888421A
:103A000028D028492068884224D02649183100E06F
:103A100043E0206888421DD0224930312068884226
:103A200018D0204948312068884213D01D496031A0
:103A3000206888420ED01B4978312068884209D01E
:103A4000184990312068884204D01649A83120686E
:103A5000884206D12068006820F01C0021680860B8
:103A600005E02068006820F00E002168086094F8E6
:103A70005C0000F01F0101208840C8F8040001200C
:103A8000606584F8350000BF002084F8340000BF72
:103A9000E06C10B12046E16C884700BF65E500008E
:103AA00010000240100402402DE9F041044601F0EC
:103AB000B9FE804614B90120BDE8F081FE492068B6
:103AC000884249D0FC4918312068884244D0FA49DC
:103AD0003031206888423FD0F74948312068884219
:103AE0003AD0F54960312068884235D0F2497831C2
:103AF0002068884230D0F0499031206888422BD02D
:103B0000ED49A8312068884226D0EC4920688842D7
:103B100022D0EA491831206888421DD0E749303167
:103B20002068884218D0E54948312068884213D07F
:103B3000E2496031206888420ED0E049783120683F
:103B4000884209D0DD4990312068884204D0DB49A1
:103B5000A8312068884201D1012000E0002000281F
:103B600073D0606A00B100BF022084F8350000BF46
:103B7000002084F8340000BFCF492068884249D033
:103B8000CD4918312068884244D0CB493031206873
:103B900088423FD0C8494831206888423AD0C64957
:103BA00060312068884235D0C34978312068884226
:103BB00030D0C1499031206888422BD0BE49A8310D
:103BC0002068884226D0BD492068884222D0BB495F
:103BD0001831206888421DD0B849303120688842A9
:103BE00018D0B64948312068884213D0B3496031B3
:103BF000206888420ED0B14978312068884209D0C7
:103C0000AE4990312068884204D0AC49A831206880
:103C1000884206D12068006820F001002168086011
:103C200005E02068006820F00100216808600DE0D0
:103C300001F0F8FDA0EB0800052807D920206065F9
:103C4000032084F83500012036E76AE02068006828
:103C500000F001000028EBD1206805689848054075
:103C6000D4E9020108432169084361690843A16955
:103C70000843E1690843216A08430543606A042850
:103C800003D1D4E90B01084305438E4800686FF364
:103C90000F00B0F1005F1DD36068292802D360686F
:103CA0002E2811D960683F2802D3606842280BD9BA
:103CB0006068472802D36068482805D960684F28A3
:103CC00004D36068522801D8012000E0002008B128
:103CD00045F48015206805602068456925F00705D2
:103CE000606A0543606A04280DD1A06A0543E06A52
:103CF00048B12046FDF716FF28B14020606501203D
:103D000084F83500D8E6206845612046FDF7E6FDD9
:103D1000064694F85C0000F01F013F208840B06028
:103D20009EE069492068884222D0674914312068A2
:103D300088421DD0644928312068884218D06249E1
:103D40003C312068884213D05F4950312068884256
:103D50000ED05D4964312068884209D05A497831D3
:103D60002068884204D058498C312068884201D1AB
:103D7000012000E00020E0B353492068884222D0AF
:103D800051491431206888421DD04F49283120689C
:103D9000884218D04C493C312068884213D04A49A7
:103DA0005031206888420ED04749643120688842EB
:103DB00009D0454978312068884204D042498C3185
:103DC0002068884201D1012000E0002000B100BF3E
:103DD000022084F8350000BF002084F8340000BFC2
:103DE0002068056839480540A068402802D11021A4
:103DF00006E02EE0A068802801D1C10100E000218A
:103E0000E06841EAD001206941EAD001606941EAF5
:103E1000D001A06941EAD001E06941EAD001206AFD
:103E200041EA101005432068056027492068401AC0
:103E30001421B0FBF1F08000E0652046FDF74EFD57
:103E4000074694F85C0000F01F010120884078606C
:103E500006E040206065032084F8350001202BE651
:103E60001549206888427FD013491831206888425C
:103E70007AD0114930312068884275D00E494831D6
:103E80002068884270D00C496031206888426BD02D
:103E9000094978312068884266D007499031206806
:103EA000884261D00449A831206888425CD0034927
:103EB0002068884258D00BE01000024010040240F5
:103EC0003F8010FE0010005C085402580F00FEFFF7
:103ED0003B4918312068884246D039493031206842
:103EE000884241D036494831206888423CD0344924
:103EF00060312068884237D0314978312068884263
:103F000032D02F499031206888422DD02C49A831D9
:103F10002068884228D02B492068884224D029492B
:103F20001431206888421FD02649283120688842F1
:103F30001AD024493C312068884215D0214950319B
:103F40002068884210D01F496431206888420BD015
:103F50001C4978312068884206D01A498C31206883
:103F6000884200E000E001D1012000E0002000B321
:103F70002046FDF729FDA068802801D1002060605F
:103F80002079216E0860D4E919104860606860B13A
:103F90006068082809D82046FDF778FD0020E16E0A
:103FA0000860D4E91C10486003E00020E066206748
:103FB000606700206065012084F8350000207BE503
:103FC00010040240085402582DE9F04104460D4601
:103FD00016461F464FF0000814B90120BDE8F081D5
:103FE00000BF94F83400012801D10220F6E7012037
:103FF00084F8340000BF94F8350001287ED10220F7
:1040000084F8350000206065E4492068884249D082
:10401000E24918312068884244D0E04930312068B4
:1040200088423FD0DD494831206888423AD0DB4998
:1040300060312068884235D0D8497831206888427C
:1040400030D0D6499031206888422BD0D349A8314E
:104050002068884226D0D2492068884222D0D049A0
:104060001831206888421DD0CD49303120688842FF
:1040700018D0CB4948312068884213D0C8496031F4
:10408000206888420ED0C64978312068884209D01D
:10409000C34990312068884204D0C149A8312068C2
:1040A000884206D12068006820F00100216808607D
:1040B00005E02068006820F00100216808603B46A8
:1040C000324629462046FDF785FDB44920688842DE
:1040D0004BD0B24918312068884246D0AF493031C0
:1040E0002068884241D0AD494831206888423CD0A0
:1040F000AA4960312068884237D000E042E1A749F0
:1041000078312068884230D0A449903120688842B4
:104110002BD0A249A8312068884226D0A049206827
:10412000884222D09E491831206888421DD09C497F
:1041300030312068884218D0994948312068884237
:1041400013D097496031206888420ED09449783165
:104150002068884209D0924990312068884204D072
:104160008F49A8312068884201D1012000E0002059
:1041700080B12068006820F01E0040F01600216821
:104180000860206CB0B12068006840F00800216829
:1041900008600FE02068006820F00E0040F00A0080
:1041A00021680860206C28B12068006840F0040095
:1041B0002168086079492068884270D077491831B1
:1041C000206888426BD0754930312068884266D0BB
:1041D000724948312068884261D070496031206856
:1041E00088425CD06D4978312068884257D06B494D
:1041F00090312068884252D06849A83120688842AE
:104200004DD067492068884249D0654918312068F7
:10421000884244D062493031206888423FD06049AA
:104220004831206888423AD05D4960312068884230
:1042300035D05B4978312068884230D05849903178
:10424000206888422BD05649A8312068884226D061
:1042500054492068884222D052491431206888424B
:104260001DD0504928312068884218D04D493C3132
:104270002068884213D04B495031206888420ED0C4
:10428000484964312068884209D04649783120681D
:10429000884204D043498C312068884201D10120F2
:1042A00000E0002090B1206E006800F4803028B15A
:1042B000206E006840F48070216E0860E06E28B1C6
:1042C000E06E006840F48070E16E08603349206859
:1042D000884249D0314918312068884244D02F495A
:1042E0003031206888423FD02C49483120688842CC
:1042F0003AD02A4960312068884235D02749783140
:104300002068884230D025499031206888422BD0DF
:104310002249A8312068884226D021492068884255
:1043200022D01F491831206888421DD01C493031E5
:104330002068884218D01A4948312068884213D032
:1043400017496031206888420ED0154978312068BD
:10435000884209D0124990312068884204D010491F
:10436000A8312068884206D12068006840F001002A
:104370002168086010E02068006840F001002168B2
:10438000086009E04FF40060606500BF002084F819
:10439000340000BF4FF0010840461FE61000024005
:1043A0001004024008540258F0B5044604F14402D7
:1043B000536952F823109669906908B90120F0BD3D
:1043C000D06900B1761C002522E0086908604FF032
:1043D0008070C860486928B148698860C86840F042
:1043E0000070C860C86840F00040C860106A18B12A
:1043F000C86840F08040C860701EA84207D900BF5E
:104400005B1C042B00D31B1F00BF52F823106D1C34
:10441000B542DAD3206800F58050C0F8281100209A
:1044200090610027276600BFC9E7704730B5044692
:104430000D4604F1440050F825100AB1042D02D3B2
:104440000120606730BD0A600A61C86840F0807072
:10445000C8602BB18B604B61C86840F00070C860C9
:10446000C86840F00040C8600020EBE77047024693
:1044700009B9012070471068006800F00C00C8629C
:1044800010680068C0F3001081F828001068006808
:1044900000F06000486210680068C0F3002080F0FF
:1044A000010081F8200010680068C0F34020C87740
:1044B00010680068C0F3802080F0010088771068E1
:1044C0000068C0F3C020487710680068C0F300306F
:1044D00008771068006800F4005088611068006870
:1044E00000F48040486110680068C0F300408874A0
:1044F00010680068C0F3404080F001004874106804
:104500000068C0F3C04080F00100087410680068C3
:10451000C0F30050C87310680068C0F3405088733F
:1045200010680068C0F38050487310680068C0F3DA
:10453000C05008731068006800F0E0608860106880
:104540000068C0F3C06008711068006800F0E040C7
:10455000086010684068C0F30D0048631068406848
:10456000C0F3004080F0010081F83200106840681C
:10457000C0F3404081F8310010684068C0F38040CB
:1045800081F8300010684068C0F3006081F838009E
:1045900010684068C0F34460C8631068C068C0F326
:1045A000002081F840001068C06800F00F004864E7
:1045B0001068006FC0F3400081F854001068006F6D
:1045C000C0F3C01080F0010081F84C001068006F4B
:1045D00000F0700008651068006F000C88641068B7
:1045E000D0F8900000F0010081F856001068D0F873
:1045F0009000C0F3400081F855001068D0F8000D1D
:1046000000F0720088651068D0F8300D00F02300CB
:10461000C8651068D0F8300DC0F3C00081F86200A2
:104620001068D0F8300DC0F3001081F861001068F8
:10463000D0F8300DC0F3801080F0010081F86000E8
:10464000002017E72DE9F84F05468A4605F1440793
:10465000D7F814800020009057F8286054461CB901
:1046600001206867BDE8F88FB86948B9284600F0AE
:10467000DFF908B90120F5E7D7F8148057F828606A
:104680004FF0000B1CE03069206068696060706961
:1046900020B1A4687069206068696060F068C0F348
:1046A0000E00009000BF08F10108B8F1040F01D31B
:1046B000A8F1040800BF57F82860A4680BF1010BAB
:1046C000B869401E5845DED8F068C0F30E01009866
:1046D000A1EB0009306920606869484502D3C4F83D
:1046E00004900DE0706948B168696060A468706901
:1046F00020606869A9EB0000606001E00120B1E77B
:104700000020AFE72DE9F04180460E4608F1440451
:104710006569A06930B9404600F08AF910B90120F6
:10472000BDE8F08100BFA069401E0544042D00D300
:104730002D1F00BF54F82570F868C0F30E003060DC
:104740000020EDE710B50446206800F58050D0F851
:10475000600100F04000402812D1206800F5805030
:10476000D0F8340100F04000402809D1204600F084
:1047700099FB48F24001206800F58050C0F86011B4
:10478000206800F58050D0F8600100F0010088B189
:10479000206800F58050D0F8340100F0010048B1E5
:1047A000204600F051FD48F20101206800F58050DC
:1047B000C0F86011206800F58050D0F8600100F466
:1047C0008040B0F5804F41D1206800F58050D0F88E
:1047D000340100F48040B0F5804F37D1606F40F075
:1047E00008006067206800F58050D0F8600100F490
:1047F0008050B0F5805F17D1206800F58050D0F868
:10480000600141F202110840A067206800F5805065
:10481000D0F8340120F44041206800F58050C0F801
:104820003411E020E0660EE0206800F58050D0F8FA
:10483000600100F4CD40A0674FF4CD41206800F541
:104840008050C0F860112046FFF7EFFD2068D0F8D7
:10485000B00000F4C040B0F5C04F0AD12068D0F8D5
:10486000B800E067E020E066204600F06AF900202A
:10487000E0672068D0F8B00000F0100010280CD1DC
:104880002068D0F8C00000F06000C4F88000204626
:1048900000F0CAFA0020C4F880002068D0F8B00008
:1048A00000F0200020280CD12068D0F8C00000F0D3
:1048B0000F00C4F884002046FFF7D8FD0020C4F89C
:1048C00084000648006800F4800030B14FF4800096
:1048D00002490860204600F0B8FC10BDA80000584E
:1048E00038B504460CB9012038BDE06E10B9204639
:1048F00000F028F92320E06600BF4B48006840F034
:104900000200494908600846006800F00200009073
:1049100000BF00BF207A18B9002004F0A1F803E01E
:104920004FF4000004F09CF8206800F58050006807
:1049300040F00101206800F58050016000F072FF36
:1049400005460BE000F06EFF401BB0F5FA7F05D97D
:1049500004206067E020E0660120C5E7206800F5DC
:104960008050006800F001000028EBD12046FDF7E0
:1049700051FB02F0C5FA2D49B0FBF1F0401E216851
:10498000C1F8DC002046FDF7C1FA206800F5805030
:10499000D0F8000120F4E01040F40021206800F578
:1049A0008050C0F80011207D00F0030028B10120E4
:1049B0006067E020E066012096E7206800F58050FF
:1049C000D0F8080147F6FE718843616940EA410169
:1049D000206800F58050C0F808112046FDF765FA00
:1049E0002046FDF732FA606800796168497940EA4B
:1049F00001202168C1F800036068C0780006616882
:104A0000897840EA01406168497840EA012061689C
:104A1000097808432168C1F804030020606710206A
:104A2000E066206700205FE7F444025840420F0030
:104A3000F0B5074607F14403196953F82120002512
:104A400000240026986908B10020F0BD3DE06D1CEF
:104A5000D06800F0805000B3641C012C00D10E46D9
:104A600000BF491C042900D3091F00BF53F82120AF
:104A7000D06800F0004058B9D06800F0804038B1EC
:104A80000120D86100BF491C042900D3091F00BFC1
:104A900019615E619C610120D7E7D06800F0005089
:104AA00050B10E46012400BF491C042900D3091F40
:104AB00000BF53F8212008E0641C00BF491C0429F2
:104AC00000D3091F00BF53F82120D06800F0004038
:104AD00008B9042DBBD384B319615E61314653F824
:104AE0002120002522E0106910604FF08070D06016
:104AF000506928B150699060D06840F00070D06073
:104B0000D06840F00040D060186A18B1D06840F01A
:104B10008040D060601EA84207D900BF491C04290C
:104B200000D3091F00BF53F821206D1CA542DAD322
:104B3000386800F58050C0F828210020986100BF37
:104B400083E7704730B587B0054600BF00BFB24865
:104B5000006840F00100B04908600846006800F0B5
:104B60000100019000BF00BF00BF00BF00BF0846AA
:104B7000006840F0010008600846006800F001008D
:104B8000019000BF00BF00BF00BF00BF0846006823
:104B900040F0010008600846006800F00100019044
:104BA00000BF00BF00BF00BF00BF0846006840F064
:104BB000040008600846006800F00400019000BF8F
:104BC00000BF00BF00BF00BF0846006840F00400FF
:104BD00008600846006800F00400019000BF00BFB4
:104BE00000BF00BF00BF0846006840F00400086036
:104BF0000846006800F00400019000BF00BF00BF3D
:104C000000BF00BF0846006840F002000860084688
:104C1000006800F00200019000BF00BF00BF00BFAD
:104C200000BF0846006840F00200086008460068BF
:104C300000F00200019000BF00BF00BF00BF00BF36
:104C40000846006840F0020008600846006800F06E
:104C50000200019000BF00BF00BF00BF00BF0846B8
:104C6000006840F0010008600846006800F001009C
:104C7000019000BF00BF00BF00BF00BF0846006832
:104C800040F0020008600846006800F00200019051
:104C900000BF00BF00BF00BF5F480838006840F495
:104CA00000405D49083908600846006800F400408B
:104CB000019000BF00BF00BF0846006840F480308C
:104CC00008600846006800F48030019000BF00BF13
:104CD00000BF0846006840F40030086008460068DD
:104CE00000F40030019000BF00BF0220029003904A
:104CF00000200490032005900B20069002A947484D
:104D000000F074FC0420029002A9444800F06EFCFC
:104D10008020029002A9414800F068FC0220029025
:104D200002A93F4800F062FC1020029002A93C4812
:104D300000F05CFC2020029002A9394800F056FCEB
:104D40004FF40060029002A9364800F04FFC4FF487
:104D50008050029002A9334800F048FC4FF4005004
:104D6000029002A92F4800F041FC012240212B486B
:104D700000F04CFD402002900120039000200490A0
:104D80000220059002A9254800F030FC00220121F4
:104D9000244800F03BFD0120029003900020049085
:104DA0000220059002A91F4800F020FC2FF02DFEE4
:104DB000022012F0F5FE04468CB100BF0022402113
:104DC000164800F023FD64200FF084FD01224021ED
:104DD000124800F01BFD64200FF07CFD0FE0002264
:104DE00040210E4800F012FD64200FF073FD0122F7
:104DF00040210A4800F00AFD64200FF06BFD2FF0FF
:104E000006FE002201213D2000F06FFE3D2000F053
:104E100058FE07B030BD0000E044025800000258C0
:104E2000000802580004025870472DE9F047044674
:104E30000F46904699462068D0F8000200F0010025
:104E400010B10120BDE8F0872068D0F8005225F0AD
:104E5000787040EA475525F4F81040EA084545F0D7
:104E60000C0545F001052068C0F8005200F0DAFC9E
:104E7000064607E000F0D6FC801BB0F57A7F01D92A
:104E80000120DFE72068D0F8000200F001000028D0
:104E9000F0D12068D0F8040280B2C9F800000020E8
:104EA000D0E7000038B50446002000906946094864
:104EB000006839F0ADFA01280BD100BF009838B175
:104EC0004FF0805004490860BFF34F8FBFF36F8FDE
:104ED00000BF38BD5C03002404ED00E070B504465B
:104EE0000D460DB9012070BD206F102805D129464F
:104EF0002046FDF71BFB0020F5E70120F3E700004B
:104F000070B506463068D0F8004224F4706401F0B1
:104F1000F7FF05461348854205D31348854202D260
:104F200044F400741AE01048854205D30F488542C6
:104F300002D244F4407411E00C48854203D30C487B
:104F4000854200D20AE00A48854205D309488542D5
:104F500002D244F4807401E044F480643068C0F804
:104F6000004270BD002D3101C00E16020087930370
:104F700000E1F50580D1F0080146C86E10283FD148
:104F80002320C8660868006840F002000A681060C4
:104F90000868006840F001000A6810600868D0F8EE
:104FA000000D40F001000A68C2F8000D086800F525
:104FB0008050D0F8040140F00102086800F58050EC
:104FC000C0F80421086800F58050D0F8080140F0CE
:104FD0000102086800F58050C0F80821086800F553
:104FE0008050D0F8600140F48172086800F580506C
:104FF000C0F860211020C866222008670020704792
:105000000120FCE710B50146C86E10285BD12320B3
:10501000C866002208E001F1440050F82230D86848
:1050200040F08040D860521C042AF4D301244C661E
:105030000868006840F002000C682060086800689A
:1050400040F001000C6820600868D0F8000D40F0C6
:1050500001000C68C4F8000D086800F58050D0F815
:10506000040140F00104086800F58050C0F80441D4
:10507000086800F58050D0F8080140F00104086885
:1050800000F58050C0F80841086800F58050D0F85D
:10509000600140F48174086800F58050C0F86041F8
:1050A000086800F58050D0F834014DF241042043E7
:1050B0000C6804F58054C4F834011020C86622201E
:1050C0000867002010BD0120FCE710B50146C86E3E
:1050D00000284ED02320C866086800F58050D0F81C
:1050E00034014DF24104A0430C6804F58054C4F827
:1050F0003401086800F58050D0F8040120F0010464
:10510000086800F58050C0F80441086800F5805038
:10511000D0F8080120F00104086800F58050C0F8BC
:1051200008410868006820F001000C6820600868E9
:10513000D0F8000D40F001000C68C4F8000D0868BC
:10514000006820F002000C682060002208E001F1F5
:10515000440050F82230D86820F08040D860521CBB
:10516000042AF4D300244C661020C8660867002087
:1051700010BD0120FCE72DE9F04104460F4615461D
:1051800037B9606F40F0010060670120BDE8F08131
:10519000E06E102856D1002239462046FCF7A8FFC1
:1051A00028B1606F40F0020060670120EEE704F173
:1051B0001800A16A50F8218000BFA06A401CA062BC
:1051C000A06A042802D3A06A001FA06200BF04F1F5
:1051D0001800A16A50F82110206800F58050C0F82E
:1051E000201100F01FFB064625E0206800F58050E6
:1051F000D0F8600100F4805068B1606F40F00800A2
:105200006067206800F58050D0F86001A067E0205A
:10521000E0660120BAE7681C68B100F003FB801B60
:10522000A84200D83DB9606F40F004006067E020FC
:10523000E0660120AAE7D8F80C0000F00040002842
:10524000D3D1A3E70120A1E7704770472DE9F047CC
:1052500005460F46904699462868D0F8000200F0AF
:10526000010010B10120BDE8F0872868D0F80042A5
:1052700024F0787040EA475424F4F81040EA0844D7
:1052800024F00C00041D44F001041FFA89F00D49BC
:1052900008600D48C0F8004200F0C4FA064607E076
:1052A00000F0C0FA801BB0F57A7F01D90120DAE75F
:1052B0002868D0F8000200F001000028F0D100BFFB
:1052C000D1E70000048202400080024003480068E9
:1052D00040F00100014908607047000020040058B8
:1052E0002DE9F04104460E46002700BF4848007DE6
:1052F000012802D10220BDE8F0810120444908754F
:1053000000BF00208861207900F0010030B1012148
:105310004CF25030FDF70EFB00B10127207900F070
:105320000200022806D102214CF25030FDF702FBA8
:1053300000B10127002F63D12068012828D16168BE
:105340002069FDF7A7FA207900F0010060B1012182
:105350004CF25030FDF7EEFA00B101272D48C0683D
:1053600020F008002B49C860207900F002000228D4
:1053700046D102214CF25030FDF7DCFA00B1012792
:105380002548006820F008002249C1F80C0137E0E8
:105390004FF0FF303060A5682CE028462269616834
:1053A000FDF748FA207900F0010060B101214CF2CC
:1053B0005030FDF7BFFA07461648C06840F2047146
:1053C00088431449C860207900F0020002280DD1FA
:1053D00002214CF25030FDF7ADFA07460E48006846
:1053E00040F2047188430B49C1F80C010FB13560DC
:1053F00005E06D1CD4E902100844A842CDD800BFD6
:1054000000BF00200249087500BF384673E700005E
:10541000ECD20124002000520C2100520E48C0683A
:1054200040F001000C49C8600846C06800F0010067
:1054300008B9012070470948006840F0010006499A
:10544000C1F80C010548006800F0010008B901200E
:10545000F0E70020EEE70000002000520C2100528F
:105460002DE9F05F83460C461746A046B9464FF03B
:10547000080A00BF4248007D012802D10220BDE891
:10548000F09F01203E49087500BFB4F1006F04D3BE
:10549000B4F1016F01D2012509E0B4F1016F04D329
:1054A000B4F1026F01D2022501E00120E7E70020FC
:1054B0003349886129464CF25030FDF73BFA0646E5
:1054C000002E55D1012D06D12E48C06840F00200B3
:1054D0002C49C86006E02C48006840F002002949C9
:1054E000C1F80C0100BF00BF00BFBFF36F8F00BF4A
:1054F00000BF00BF00BF00BF00BFBFF34F8F00BFA2
:1055000000BF00BF00BFD9F80000C8F8000008F1D4
:10551000040809F10409AAF1010000F0FF0ABAF138
:10552000000FF0D100BF00BF00BFBFF36F8F00BFFF
:1055300000BF00BF00BF00BF00BFBFF34F8F00BF61
:1055400000BF00BF29464CF25030FDF7F3F9064684
:10555000012D06D10B48C06820F002000949C8603F
:1055600006E00948006820F002000649C1F80C0175
:1055700000BF00200249087500BF30467FE70000E9
:10558000ECD20124002000520C2100521348C068C4
:1055900000F0010058B112481049486011484860B5
:1055A0000846C06800F0010008B1012070470E48AD
:1055B000006800F0010070B109480B490839086023
:1055C00008480649C1F804010748006800F00100D6
:1055D00008B10120EAE70020E8E7000000200052BF
:1055E00023016745AB89EFCD0C210052F8B5024687
:1055F0000B4600216F4DD7E001278F401E6806EA59
:105600000704002C72D01E7906F00306012E04D088
:105610001E7906F00306022E13D190684F00032670
:10562000BE40B0434F00DE68BE40304390605068DB
:1056300001268E40B0431E79C6F300168E403043DB
:1056400050601E7906F00306032E09D0D0684F0083
:105650000326BE40B0434F009E68BE403043D0603A
:105660001E7906F00306022E13D1CF0802F12006A0
:1056700056F827004E07F70E0F26BE40B0434F07DF
:10568000FF0E1E69BE403043CF0802F1200646F8E7
:10569000270010684F000326BE40B0431E7906F075
:1056A00003064F00BE40304310605E6806F440368B
:1056B000002E78D000BF404E366846F002063E4FBE
:1056C0003E603E46366806F00206009600BF00BF08
:1056D0003A4E8F0856F827008E07370F0F26BE4028
:1056E000B043374EB24202D100262EE05BE0354E89
:1056F000B24201D1012628E0334EB24201D1022646
:1057000023E0324EB24201D103261EE0304EB242B7
:1057100001D1042619E02F4EB24201D1052614E032
:105720002D4EB24201D106260FE02C4EB24201D1DD
:1057300007260AE02A4EB24201D1082605E0294E8A
:10574000B24201D1092600E00A268F073F0FBE4072
:1057500030431A4E8F0846F827004FF0B0463068A5
:10576000A0435E6806F4801606B120434FF0B046B1
:1057700030607068A0435E6806F4001606B12043EE
:105780004FF0B04670606868A0435E6806F400366B
:1057900006B1204368602868A0435E6806F480363E
:1057A00006B120432860491C1E68CE40002E7FF4BD
:1057B00023AFF8BD80000058F44402580804005894
:1057C000000002580004025800080258000C025859
:1057D000001002580014025800180258001C025809
:1057E0000020025800240258024613690B400BB1F6
:1057F000012000E00020704710B5426921EA020351
:1058000002EA010443EA0443836110BD0AB18161E5
:1058100001E00B048361704701480068000C704789
:105820000010005C0148006870470000FC01002483
:105830002DE9F04107460D4616464FF0010818F0D5
:1058400079FD1C49087818F03DFD18F0BBFD10B13A
:105850004FF0000828E0384618F034FD18F0B2FD8B
:1058600010B14FF000081FE018F064FD11490978ED
:10587000491CC8B218F026FD18F0A4FD10B14FF075
:10588000000811E000240CE0701EA04204D10020AA
:1058900018F0E8FC285503E0012018F0E3FC285537
:1058A000641CB442F0D300BF18F06CFD4046BDE864
:1058B000F08100004E0200242DE9F04107460D461C
:1058C00016464FF00108002418F034FD15490878F9
:1058D00018F0F8FC18F076FD08B1A04617E038463D
:1058E00018F0F0FC18F06EFD10B14FF000080EE05B
:1058F000002409E0285D18F0E5FC18F063FD10B104
:105900004FF0000803E0641CB442F3D300BF18F06A
:1059100039FDB8F1000F02D00120BDE8F081002070
:10592000FBE700004E0200240348006803490978A1
:105930000844014908607047FC0100240402002467
:1059400010B5032000F00EF901F024FB104909689E
:10595000C1F303210F4A515C01F01F0120FA01F449
:105960000B48006800F00F001146085C00F01F00B3
:1059700024FA00F008490860084804600F2000F08D
:105980000FF808B1012010BD00F09AF80020FAE7E6
:10599000184402581CF205080400002400000024EA
:1059A00070B504461148007808B9012070BD0F4851
:1059B00000784FF47A71B1FBF0F00D490968B1FB42
:1059C000F0F5284603F06AF808B10120EEE7102C44
:1059D00007D200222146501E00F087F805480460D7
:1059E00001E00120E2E70020E0E7000004020024DB
:1059F00000000024000200244178154A116001785B
:105A0000F9B1121D41681160017B0907C27A41EAB0
:105A10000261827A41EAC241427B41EA8241827B51
:105A200041EA4241C27B41EA0241427A41EA022113
:105A3000027A41EA420102781143054A08321160B4
:105A400005E00021024A121D1160121D116070470D
:105A500098ED00E000BF00BF00BFBFF35F8F00BF45
:105A600000BF00BF0548006820F48030034908608B
:105A700000200249703108607047000024ED00E00A
:105A800040F001010D4A11600C497039096841F478
:105A900080310A4A703A116000BF00BF00BFBFF3F7
:105AA0004F8F00BF00BF00BF00BF00BF00BFBFF3EC
:105AB0006F8F00BF00BF00BF7047000094ED00E093
:105AC00070470146084600280DDB00BF00BF00F00C
:105AD0001F0301229A4043099B0003F1E023C3F80E
:105AE000002100BF00BF00BF70472DE9F05F804676
:105AF0000D46164607F014F8074639462A4633463F
:105B000001F00700C0F1070ABAF1040F02D94FF003
:105B1000040A01E0C0F1070AD14600F1040ABAF113
:105B2000070F02D24FF0000A01E0A0F1030AD446A9
:105B30004FF0010A0AFA09FAAAF1010A0AEA020A6E
:105B40000AFA0CFA4FF0010B0BFA0CFBABF1010B4C
:105B50000BEA030B4AEA0B042146404606F0E8FF35
:105B6000BDE8F09F00BF00F00702064B19684FF632
:105B7000FF031940044B0B4343EA0221014B196018
:105B800000BF70470CED00E00000FA0500BF00BF49
:105B900000BF00BF00BFBFF34F8F00BF00BF00BFFB
:105BA0000948006800F4E06008490843001D064900
:105BB000086000BF00BF00BFBFF34F8F00BF00BF32
:105BC00000BF00BF00BFFDE70CED00E00000FA05DC
:105BD0000348006840F08070014908607047000089
:105BE0000C4802580348006840F48070014908607E
:105BF000704700000048025810B501F081F90549CE
:105C00000968C1F30211044A515C01F01F01C84048
:105C100010BD0000204402581CF2050870B5014672
:105C2000844D2D6805F00303824D2D68C5F30530C2
:105C3000804D2D1D2D68C5F300147E4D14352D6843
:105C4000C5F3CC0515FB04F501EE105AB8EE411A68
:105C5000F0EE410A00286FD023B1012B4ED0022B69
:105C60006BD16BE0734D283D2D68C5F340153DB3F6
:105C7000704D283D2D68C5F3C1066F4D25FA06F21B
:105C800001EE102AF8EE411A01EE100AB8EE411AA0
:105C900081EE812A9FED691AC0EE811A654D10359B
:105CA0002D68C5F3080501EE105AB8EE411A31EE21
:105CB000811AF7EE001A31EE211A22EE010A1CE0D9
:105CC00001EE100AB8EE411ADFED5D1A81EE812A6D
:105CD0009FED5A1AC0EE811A564D10352D68C5F346
:105CE000080501EE105AB8EE411A31EE811AF7EEAE
:105CF000001A31EE211A22EE010A5BE001EE100AD1
:105D0000B8EE411ADFED4F1A81EE812A9FED4B1A52
:105D1000C0EE811A474D10352D68C5F3080501EE18
:105D2000105AB8EE411A31EE811AF7EE001A31EE30
:105D3000211A22EE010A3DE077E01DE001EE100A93
:105D4000B8EE411A9FED402AC2EE011A9FED3B1AB0
:105D500080EE812A374D10352D68C5F3080501EE18
:105D6000105AB8EE411A32EE011AB7EE002A31EE9F
:105D7000021A21EE810A1DE001EE100AB8EE411A66
:105D8000DFED301A81EE812A9FED2C1AC0EE811AC8
:105D9000284D10352D68C5F3080501EE105AB8EEF0
:105DA000411A31EE811AF7EE001A31EE211A22EE75
:105DB000010A00BF00BF1F4D10352D68C5F34625F1
:105DC00001EE105AB8EE411AF7EE001A31EE211A20
:105DD000C0EE011ABCEEE11A81ED001A154D103526
:105DE0002D68C5F3064501EE105AB8EE411AF7EEDC
:105DF000001A31EE211AC0EE011ABCEEE11A81ED53
:105E0000011A0C4D10352D68C5F3066501EE105AC8
:105E1000B8EE411AF7EE001A31EE211AC0EE011A5F
:105E2000BCEEE11A81ED021A03E000250D604D6021
:105E30008D6070BD284402580090D00300000046D9
:105E40000024744C0024744A20BCBE4B70B501463B
:105E5000844D2D6805F00303824D2D68C5F3055070
:105E6000804D2D1D2D68C5F300247E4D1C352D68F9
:105E7000C5F3CC0515FB04F501EE105AB8EE411A36
:105E8000F0EE410A00286FD023B1012B4ED0022B37
:105E90006BD16BE0734D283D2D68C5F340153DB3C4
:105EA000704D283D2D68C5F3C1066F4D25FA06F2E9
:105EB00001EE102AF8EE411A01EE100AB8EE411A6E
:105EC00081EE812A9FED691AC0EE811A654D183561
:105ED0002D68C5F3080501EE105AB8EE411A31EEEF
:105EE000811AF7EE001A31EE211A22EE010A1CE0A7
:105EF00001EE100AB8EE411ADFED5D1A81EE812A3B
:105F00009FED5A1AC0EE811A564D18352D68C5F30B
:105F1000080501EE105AB8EE411A31EE811AF7EE7B
:105F2000001A31EE211A22EE010A5BE001EE100A9E
:105F3000B8EE411ADFED4F1A81EE812A9FED4B1A20
:105F4000C0EE811A474D18352D68C5F3080501EEDE
:105F5000105AB8EE411A31EE811AF7EE001A31EEFE
:105F6000211A22EE010A3DE077E01DE001EE100A61
:105F7000B8EE411A9FED402AC2EE011A9FED3B1A7E
:105F800080EE812A374D18352D68C5F3080501EEDE
:105F9000105AB8EE411A32EE011AB7EE002A31EE6D
:105FA000021A21EE810A1DE001EE100AB8EE411A34
:105FB000DFED301A81EE812A9FED2C1AC0EE811A96
:105FC000284D18352D68C5F3080501EE105AB8EEB6
:105FD000411A31EE811AF7EE001A31EE211A22EE43
:105FE000010A00BF00BF1F4D18352D68C5F34625B7
:105FF00001EE105AB8EE411AF7EE001A31EE211AEE
:10600000C0EE011ABCEEE11A81ED001A154D1835EB
:106010002D68C5F3064501EE105AB8EE411AF7EEA9
:10602000001A31EE211AC0EE011ABCEEE11A81ED20
:10603000011A0C4D18352D68C5F3066501EE105A8E
:10604000B8EE411AF7EE001A31EE211AC0EE011A2D
:10605000BCEEE11A81ED021A03E000250D604D60EF
:106060008D6070BD284402580090D00300000046A7
:106070000024744C0024744A20BCBE4B2DE9F0412E
:1060800004460025A846206800F00060B0F1006FCB
:1060900030D1606E48B1B0F5801F0DD0B0F5001F53
:1060A00010D0B0F5401F15D113E0F948006840F456
:1060B0000030F74908600FE00221201D03F0A4FC26
:1060C000054609E0022104F1240003F04FFD0546D6
:1060D00002E001E0012500BF00BF55B9EC482430C3
:1060E000006820F44010616E0843E94924310860DB
:1060F00000E0A846208800F48070B0F5807F2DD1A4
:10610000606D05281AD2DFE800F0030A10171800A6
:10611000DF48006840F40030DD49086010E00021ED
:10612000201D03F071FC05460AE0002104F1240063
:1061300003F01CFD054603E002E001E0012500BF7D
:1061400000BF55B9D2482430006820F00700616DC7
:106150000843CF492431086000E0A846208800F4B5
:106160000070B0F5007F33D1A06D802817D003DC1C
:1061700040B140281CD10CE0C02817D0B0F5807F7A
:1061800016D114E0C248006840F40030C0490860ED
:1061900010E00021201D03F037FC05460AE0002135
:1061A00004F1240003F0E2FC054603E002E001E014
:1061B000012500BF00BF55B9B5482430006820F460
:1061C000E070A16D0843B2492431086000E0A846A0
:1061D000208800F48060B0F5806F38D1D4F8A40036
:1061E000B0F5800F19D004DC50B1B0F5001F1DD1FF
:1061F0000DE0B0F5C00F17D0B0F5000F16D114E0C8
:10620000A348006840F40030A149086010E0002174
:10621000201D03F0F9FB05460AE0002104F12400EB
:1062200003F0A4FC054603E002E001E0012500BF05
:1062300000BF5DB996482C30006820F46000D4F8A7
:10624000A410084392492C31086000E0A846208839
:1062500000F40060B0F5006F38D1D4F8A800B0F1B8
:10626000007F19D004DC50B1B0F1807F1DD10DE06A
:10627000B0F1407F17D0B0F1806F16D114E08448A0
:10628000006840F400308249086010E00021201DC1
:1062900003F0BAFB05460AE0002104F1240003F0F4
:1062A00065FC054603E002E001E0012500BF00BFF8
:1062B0005DB977482C30006820F0E060D4F8A81071
:1062C000084373492C31086000E0A846206800F0BC
:1062D0000070B0F1007F27D1A06CA0B1102804D0CD
:1062E000202809D030280FD10CE06948006840F41C
:1062F00000306749086009E00221201D03F084FB9B
:10630000054603E002E001E0012500BF00BF55B9EA
:106310005F482030006820F03000A16C08435C49E1
:106320002031086000E0A846208800F48050B0F5D5
:10633000805F36D1E06DB0F5005F19D004DC50B15C
:10634000B0F5805F1DD10DE0B0F5405F17D0B0F51E
:10635000804F16D114E04E48006840F400304C499C
:10636000086010E00021201D03F04EFB05460AE006
:10637000002104F1240003F0F9FB054603E002E0EC
:1063800001E0012500BF00BF55B941482430006835
:1063900020F4E040E16D08433D492431086000E00D
:1063A000A846208800F40050B0F5005F34D1206E7C
:1063B000B0F5403F1DD007DC68B1B0F5803F0BD091
:1063C000B0F5003F18D10DE0B0F5802F12D0B0F538
:1063D000A02F11D10FE011E00121201D03F014FBCB
:1063E00005460BE0012104F1240003F0BFFB054644
:1063F00004E003E002E001E0012500BF00BF55B961
:1064000023482430006820F4E020216E084320490E
:106410002431086000E0A846208800F48040B0F5F0
:10642000804F38D1D4F8AC00B0F1405F1DD007DC0C
:1064300068B1B0F1805F0BD0B0F1005F18D10DE012
:10644000B0F1804F12D0B0F1A04F11D10FE011E0A8
:106450000121201D03F0D8FA05460BE0012104F1CB
:10646000240003F083FB054604E003E002E001E0C2
:10647000012500BF00BF6DB905482C30006820F031
:10648000E040D4F8AC10084301492C31086002E028
:106490002C440258A846208800F40040B0F5004F74
:1064A00026D1E06E98B1B0F1805F03D0B0F1005F0B
:1064B0000ED106E0F948006840F40030F749086062
:1064C00008E00121201D03F09FFA054602E001E0EB
:1064D000012500BF00BF55B9F0482430006820F006
:1064E0004050E16E0843ED492431086000E0A846C1
:1064F000206800F08070B0F1807F27D1606CA0B17F
:10650000012804D0022809D003280FD10CE0E34869
:10651000006840F40030E149086009E00221201DD4
:1065200003F072FA054603E002E001E0012500BF36
:1065300000BF55B9D9482030006820F00300616CD5
:106540000843D6492031086000E0A846206800F4DE
:106550008000B0F5800F7DD1D148006840F4807094
:10656000CF490860FFF75EF9064606E0FFF75AF9E3
:10657000801B642801D9032505E0C948006800F4A0
:1065800080700028F2D000BF85BBC448443000684A
:1065900000F44070B4F8B01001F44071884213D098
:1065A000BE484430006820F44077BC48443000685E
:1065B00040F48030B949443108600846006820F44E
:1065C0008030086008460760D4F8B000B0F5807FDE
:1065D00015D1FFF727F9064609E0FFF723F9801BDD
:1065E00041F28831884202D9032507E038E0AB4800
:1065F00044300068C0F340000028EED000BF55BB17
:1066000000BFB4F8B00000F44070B0F5407F0ED188
:10661000A2481C38006820F47C51A24AD4F8B0008B
:10662000104041EA10109D491C39086007E09B4862
:106630001C38006820F47C5098491C390860974841
:1066400044300068B4F8B010C1F30B01084393491B
:10665000443101E005E001E0086002E0A84600E006
:10666000A846207800F0010068B3A06F182819D060
:1066700005DC48B1082808D0102816D10BE02028E6
:1066800011D0282811D10FE011E00121201D03F0C5
:10669000BBF905460BE0012104F1240003F066FA82
:1066A000054604E003E002E001E0012500BF00BF71
:1066B00055B97A482830006820F03800A16F0843A7
:1066C00076492831086000E0A846207800F00200F2
:1066D000022828D1606F062815D2DFE800F00304F5
:1066E0000A11121311E00121201D03F08DF9054656
:1066F0000BE0012104F1240003F038FA054604E020
:1067000003E002E001E0012500BF00BF55B9634886
:106710002830006820F00700616F08435F49283186
:10672000086000E0A846207800F0040004282AD180
:10673000D4F89000062815D2DFE800F003040A110F
:10674000121311E00121201D03F05EF905460BE054
:10675000012104F1240003F009FA054604E003E0F6
:1067600002E001E0012500BF00BF5DB94B482C30BD
:10677000006820F00700D4F89010084347492C31F6
:10678000086000E0A846207800F02000202836D1DC
:10679000D4F88C00B0F1405F1DD007DC68B1B0F1D7
:1067A000805F0BD0B0F1005F18D10DE0B0F1804FE9
:1067B00012D0B0F1A04F11D10FE011E00021201D47
:1067C00003F022F905460BE0022104F1240003F056
:1067D000CDF9054604E003E002E001E0012500BF39
:1067E00000BF5DB92D482830006820F0E040D4F8A3
:1067F0008C10084329492831086000E0A846207819
:1068000000F04000402836D1D4F89800B0F5406F31
:106810001DD007DC68B1B0F5806F0BD0B0F5006F0C
:1068200018D10DE0B0F5805F12D0B0F5A05F11D1A6
:106830000FE011E00021201D03F0E6F805460BE013
:10684000022104F1240003F091F9054604E003E07D
:1068500002E001E0012500BF00BF5DB90F482C3008
:10686000006820F4E050D4F8981008430B492C310C
:10687000086000E0A846207800F0800080283AD127
:10688000D4F89C00B0F5C04F23D00DDC98B1B0F522
:10689000005F11D0B0F5804F1ED113E02C44025898
:1068A00000480258FFFCFF0FB0F5004F12D0B0F5C2
:1068B000204F11D10FE011E00021201D03F0A4F8BA
:1068C00005460BE0022104F1240003F04FF90546D0
:1068D00004E003E002E001E0012500BF00BF4DB984
:1068E000BE48006820F46040D4F89C100843BB49BF
:1068F000086000E0A846207800F00800082817D1BA
:10690000D4F88000B0F5805F07D1022104F12400A3
:1069100003F02CF908B14FF00108B048001F0068DF
:1069200020F44050D4F880100843AC49091F086097
:10693000207800F01000102815D1D4F89400B0F59C
:10694000807F07D1022104F1240003F00FF908B180
:106950004FF00108A148006820F44070D4F894106A
:1069600008439E490860206800F40020B0F5002F1D
:1069700026D1D4F8A00030B1B0F5803F09D0B0F5F1
:10698000003F0ED10CE00021201D03F03DF805462C
:1069900009E0022104F1240003F0E8F8054602E0D2
:1069A00001E0012500BF00BF4DB98C48006820F40C
:1069B0004030D4F8A01008438849086000E0A84699
:1069C000206800F48020B0F5802F2DD1D4F8840009
:1069D000B0F5801F06D0B0F5001F0CD0B0F5401FF9
:1069E00011D10FE07D482C38006840F400307B491D
:1069F0002C39086009E0012104F1240003F0B6F805
:106A0000054602E001E0012500BF00BF5DB9734803
:106A1000001F006820F44010D4F8841008436F4928
:106A2000091F086000E0A846206800F48030B0F537
:106A3000803F24D1E06C18B1B0F5803F0FD108E061
:106A400066482C38006840F4003064492C390860EE
:106A500007E00221201D02F0D7FF054601E00125D5
:106A600000BF00BF55B95D480C38006820F4803085
:106A7000E16C084359490C39086000E0A8462068D9
:106A800000F00050B0F1005F07D1022104F12400B2
:106A900003F06CF808B14FF00108206800F40030F2
:106AA000B0F5003F27D1E06FA0B1B0F5807F06D0F0
:106AB000B0F5007F0CD0B0F5407F0CD109E047481D
:106AC0002C38006840F4003044492C39086004E058
:106AD00003E002E001E0012500BF00BF55B93F48D7
:106AE000001F006820F44070E16F08433B49091F14
:106AF000086000E0A846206800F48010B0F5801F10
:106B000009D136480838006820F00040216F08435A
:106B1000324908390860206800F08050B0F1805F89
:106B20000AD12E484838006820F48040D4F8B410C8
:106B300008432A4948390860206800F40010B0F57D
:106B4000001F09D125480838006820F08070A16E28
:106B50000843224908390860206800F08040B0F1FD
:106B6000804F11D100BF1D484838006820F4004014
:106B70001A494839086008460068D4F8B810084334
:106B800016494839086000BF206800F00040B0F1A5
:106B9000004F09D111480C38006820F04050216D99
:106BA00008430E490C390860206800F40000B0F575
:106BB000000F0AD10948001F006820F44000D4F8F3
:106BC000881008430549091F0860B8F1000F02D179
:106BD0000020BDE8F0810120FBE700005844025886
:106BE0002DE9F04104460D4614B90120BDE8F081BD
:106BF000BD48006800F00F00A8420ED2BA480068F5
:106C000020F00F002843B84908600846006800F0EB
:106C10000F00A84201D00120E8E7207800F004002E
:106C200004280ED1B1492069096801F07001884239
:106C300007D9AE48006820F0700021690843AB49CD
:106C40000860207800F00800082811D1A749091D24
:106C50006069096801F07001884209D9A348001DE4
:106C6000006820F0700061690843A049091D0860B0
:106C7000207800F01000102811D19C49091DA0694E
:106C8000096801F4E061884209D99848001D00684C
:106C900020F4E060A16908439449091D0860207848
:106CA00000F02000202811D190490831E0690968DE
:106CB00001F07001884209D98C480830006820F042
:106CC0007000E1690843894908310860207800F0C4
:106CD000020002280ED18549E068096801F00F0121
:106CE000884207D98148006820F00F00E168084316
:106CF0007E490860207800F00100002850D07B48D1
:106D0000006820F47060A1680843784908606068F2
:106D1000022807D1754818380068C0F34040F8B918
:106D2000012063E76068032807D1704818380068BD
:106D3000C0F34060A0B9012058E76068012807D17E
:106D40006A4818380068C0F3002048B901204DE7B0
:106D5000664818380068C0F3800008B9012045E78C
:106D600062480838006820F00700616808435F49FE
:106D700008390860FEF756FD064608E0FEF752FDAA
:106D8000801B41F28831884201D903202EE7574801
:106D90000838006800F038006168B0EBC10FEDD131
:106DA000207800F0020002280ED15049E0680968FE
:106DB00001F00F01884207D24C48006820F00F0014
:106DC000E1680843494908604748006800F00F003F
:106DD000A8420ED94448006820F00F0028434249D9
:106DE00008600846006800F00F00A84201D00120AA
:106DF000FCE6207800F0040004280ED13B4920690D
:106E0000096801F07001884207D23848006820F014
:106E100070002169084335490860207800F00800B7
:106E2000082811D13149091D6069096801F0700114
:106E3000884209D22D48001D006820F07000616969
:106E400008432A49091D0860207800F01000102826
:106E500011D12649091DA069096801F4E061884241
:106E600009D22248001D006820F4E060A1690843AF
:106E70001E49091D0860207800F02000202811D14B
:106E80001A490831E069096801F07001884209D2A5
:106E900016480830006820F07000E1690843134983
:106EA0000831086000F076F810490968C1F3032141
:106EB0000F4A515C01F01F0120FA01F70B480068EE
:106EC00000F00F001146085C00F01F0027FA00F0E8
:106ED000084908600848076008480068FEF760FD38
:106EE0008046404682E600000020005218440258C6
:106EF0001CF2050804000024000000240002002405
:106F000010B500F047F80D490968C1F303210C4A98
:106F1000515C01F01F0120FA01F40848006800F0FC
:106F20000F001146085C00F01F0024FA00F005492C
:106F30000860054804600846006810BD18440258FF
:106F40001CF20508040000240000002400B5FFF72F
:106F5000D7FF05490968C1F30211044A515C01F0E9
:106F60001F01C84000BD00001C4402581CF2050867
:106F700000B5FFF7C5FF05490968C1F30221044ABE
:106F8000515C01F01F01C84000BD00001C440258C4
:106F90001CF20508F0B5824E366806F0380636B1A8
:106FA000082E15D0102E15D0182E7DD114E07C4E51
:106FB000103E3668C6F3401646B1794E103E36682C
:106FC000C6F3C107774E26FA07F000E07548E5E002
:106FD0007548E3E07548E1E0714E1836366806F012
:106FE00003046F4E18363668C6F305116C4E1C3616
:106FF000366806F001056A4E24363668C6F3CC06BC
:1070000016FB05F601EE106AB8EE410A002971D0B0
:1070100024B1012C50D0022C6DD16DE0604E103E99
:107020003668C6F340163EB35D4E103E3668C6F372
:10703000C1075C4E26FA07F301EE103AF8EE411A4A
:1070400001EE101AB8EE411A81EE812A9FED581A0E
:10705000C0EE011A524E20363668C6F3080601EE1D
:10706000106AB8EE411A31EE811AF7EE001A31EECD
:10707000211A62EE010A1EE001EE101AB8EE411A62
:10708000DFED4C1A81EE812A9FED491AC0EE011AFC
:10709000434E20363668C6F3080601EE106AB8EE95
:1070A000411A31EE811A00E076E0F7EE001A31EE77
:1070B000211A62EE010A5BE001EE101AB8EE411AE5
:1070C0009FED3D2AC2EE011A9FED391A80EE012A8A
:1070D000334E20363668C6F3080601EE106AB8EE65
:1070E000411A32EE011AB7EE002A31EE021A61EEB1
:1070F000810A3DE04EE01DE001EE101AB8EE411AA3
:10710000DFED2E1A81EE812A9FED291AC0EE011AB9
:10711000234E20363668C6F3080601EE106AB8EE34
:10712000411A31EE811AF7EE001A31EE211A62EEA1
:10713000010A1DE001EE101AB8EE411A9FED1E2A59
:10714000C2EE011A9FED1A1A80EE012A144E203663
:107150003668C6F3080601EE106AB8EE411A32EE40
:10716000011AB7EE002A31EE021A61EE810A00BF61
:1071700000BF0B4E20363668C6F34626721C01EE61
:10718000102AB8EE411AC0EE811ABCEEE11A11EED7
:10719000100A00E0002001E0034800BF00BFF0BD7E
:1071A000104402580090D00300093D0040787D0152
:1071B000000000460024744C0024744A20BCBE4BDE
:1071C0002DE9F047044614B90120BDE8F087207886
:1071D00000F00100002872D0FC48006800F0380878
:1071E000FA481830D0F80090B8F1100F06D0B8F176
:1071F000180F0FD109F0030002280BD1F348103803
:107200000068C0F3404000286ED0606800286BD151
:107210000120DAE700BF6068B0F5803F08D1EB4895
:107220001038006840F48030E849103908602EE0DA
:10723000606868B9E5481038006820F48030E34998
:10724000103908600846006820F4802008601EE0BD
:107250006068B0F5A02F0DD1DC481038006840F40C
:107260008020DA49103908600846006840F4803010
:1072700008600CE0D5481038006820F48030D3490D
:10728000103908600846006820F48020086000BFBC
:107290006068A8B1FEF7C6FA054608E0FEF7C2FA34
:1072A000401B41F28831884201D903208DE7C7484D
:1072B00010380068C0F340400028EFD014E014E01C
:1072C000FEF7B0FA054608E0FEF7ACFA401B41F2C3
:1072D0008831884201D9032077E7BC48103800681C
:1072E000C0F340400028EFD100BF207800F002003A
:1072F000022874D1B548006800F03808B348183047
:10730000D0F80090B8F1000F05D0B8F1180F56D1A1
:1073100009F00300D0BBAD4810380068C0F380000E
:1073200018B1E06808B901204FE7A8481038006894
:1073300020F01900E1680843A44910390860FEF7FD
:1073400071FA054606E0FEF76DFA401B022801D9E6
:1073500003203AE79D4810380068C0F380000028F9
:10736000F1D000BFFEF758FA41F2030188421AD863
:10737000206940280BD195480C38006820F47C30F7
:1073800040F4003091490C39086017E017E08F484D
:107390000C38006820F47C30216940EA01308B49C8
:1073A0000C3908600AE089480C38006820F0FE407B
:1073B000217C40EA016085490C39086066E0E0689C
:1073C00088B382481038006820F01900E16808434B
:1073D0007E4910390860FEF725FA054607E056E0B9
:1073E000FEF720FA401B022801D90320EDE677487A
:1073F00010380068C0F380000028F1D000BFFEF70D
:107400000BFA41F2030188421AD8206940280BD1B7
:107410006E480C38006820F47C3040F400306B4932
:107420000C39086017E017E068480C38006820F451
:107430007C30216940EA013064490C3908600AE077
:1074400062480C38006820F0FE40217C40EA016070
:107450005E490C39086019E05C481038006820F07B
:1074600001005A4910390860FEF7DCF9054606E0CC
:10747000FEF7D8F9401B022801D90320A5E653489E
:1074800010380068C0F380000028F1D100BF2078D8
:1074900000F0100010287CD14C48006800F038083B
:1074A0004A481830D0F80090B8F1080F06D0B8F16B
:1074B000180F3DD109F00300012839D14348103895
:1074C0000068C0F3002020B1E069802801D00120CD
:1074D0007BE600BFFEF7A0F941F2030188421AD80B
:1074E000206A20280AD139480C38006820F0F8407A
:1074F00040F0804035490C39086018E033480C38BA
:10750000006820F0F84094F8201040EA81602F498C
:107510000C3908600BE02D48001F006820F07C50FB
:1075200094F8201040EA01602849091F086066E0CD
:10753000E06978B325481038006840F0800023499E
:1075400010390860FEF76EF9054606E0FEF76AF9A5
:10755000401B022801D9032037E61C481038006878
:10756000C0F300200028F1D000BFFEF755F941F22A
:10757000030188421CD8206A20280CD113480C38FB
:10758000006820F0F84040F0804010490C39086055
:107590001AE035E01CE00D480C38006820F0F84097
:1075A00094F8201040EA816008490C3908600BE02B
:1075B0000648001F006820F07C5094F8201040EA34
:1075C00001600249091F086019E0000010440258D8
:1075D000FA48006820F08000F8490860FEF722F9B8
:1075E000054606E0FEF71EF9401B022801D90320DC
:1075F000EBE5F2480068C0F300200028F2D100BF9C
:10760000207800F00800082836D16069D0B1EB4836
:107610007430006840F00100E84974310860FEF7FA
:1076200001F9054606E0FEF7FDF8401B022801D9E6
:107630000320CAE5E14874300068C0F34000002828
:10764000F1D019E0DD487430006820F00100DB491A
:1076500074310860FEF7E6F8054606E0FEF7E2F84A
:10766000401B022801D90320AFE5D44874300068DC
:10767000C0F340000028F1D1207800F0200020283D
:1076800030D1A069B8B1CD48006840F48050CB49F2
:107690000860FEF7C7F8054606E0FEF7C3F8401B92
:1076A000022801D9032090E5C4480068C0F34030A7
:1076B0000028F2D016E0C148006820F48050BF498D
:1076C0000860FEF7AFF8054606E0FEF7ABF8401B92
:1076D000022801D9032078E5B8480068C0F340309B
:1076E0000028F2D1207800F0040004287DD1B448AD
:1076F000006840F48070B2490860FEF793F80546D0
:1077000006E0FEF78FF8401B642801D903205CE5F2
:10771000AB48006800F480700028F2D000BFA06879
:10772000012808D1A5487030006840F00100A34945
:10773000703108602DE0A06868B9A048703000681A
:1077400020F001009D49703108600846006820F073
:10775000040008601DE0A06805280DD1974870302E
:10776000006840F0040095497031086008460068E0
:1077700040F0010008600CE090487030006820F094
:1077800001008E49703108600846006820F004004E
:10779000086000BFA068A0B1FEF744F8054608E005
:1077A000FEF740F8401B41F28831884201D903209E
:1077B0000BE5824870300068C0F340000028EFD02D
:1077C00013E0FEF72FF8054608E0FEF72BF8401B04
:1077D00041F28831884201D90320F6E477487030BD
:1077E0000068C0F340000028EFD1606A00287DD017
:1077F00072481030006800F03800182877D0606AAE
:10780000022875D16D48006820F080706B490860CF
:10781000FEF708F8054606E0FEF704F8401B0228CC
:1078200001D90320D1E465480068C0F34060002816
:10783000F2D100BFD4E90A1041EA00105F492831B3
:10784000096840F2F332914308435C4928310860EB
:10785000208E401EC0F30800616B491E4FF47E422B
:1078600002EA41210843218F491ED20102EA014167
:1078700008433C21095D491E120202EA01610843E6
:107880004E493031086000BF081F006820F0010039
:10789000091F08604948343000684FF6F871884382
:1078A000A16C40EAC10045493431086043482C309E
:1078B000006820F00C00216C084340492C3108601E
:1078C0000846006820F00200616C08433B492C31F7
:1078D00008600846006840F4803008600846006888
:1078E00040F4003008600846006802E06AE038E0D2
:1078F0001FE040F4802008600846006840F0010066
:1079000008602E48006840F080702C490860FDF740
:1079100089FF054606E0FDF785FF401B022801D9D7
:10792000032052E425480068C0F340600028F2D0EC
:1079300048E02248006820F0807020490860FDF788
:1079400071FF054606E0FDF76DFF401B022801D9D7
:1079500003203AE419480068C0F340600028F2D1DF
:1079600030E0164828300768144830300668606AEE
:10797000012821D007F00301A06A81421CD1C7F37E
:107980000511E06A884217D1C6F30801206B401E3A
:10799000814211D1606B401EC6F3462188420BD153
:1079A000A06B401EC6F30641884205D1E06B401E25
:1079B000C6F30661884205D0012006E4004402585F
:1079C00000480258002000E410B5044601A005F06C
:1079D0006BF810BD414C41524D2042210D0A000070
:1079E0000246106800F1500303EB810318687047EA
:1079F00010B5046804F1500303EB81031A6010BD55
:107A000010B5044611F0D4FA01A005F04DF810BDF0
:107A1000414C41524D2041210D0A000010B5044651
:107A20004FF400301749086020688068C0F30030C8
:107A300078B12068C068C0F3002050B12068C068E9
:107A400000F0800060F4C0702168C8602046FFF735
:107A5000D7FF20688068C0F3403078B12068C068E4
:107A6000C0F3402050B12068C06800F0800060F48E
:107A700020702168C8602046FFF7A6FF012084F827
:107A8000210010BD8800005870B505460B4616460B
:107A9000286840680E4900EA0104200CD870C4F33D
:107AA0000420587004F03F009870C4F342301870FE
:107AB0005EB9D87802F050F9D870587802F04CF9D5
:107AC0005870987802F048F99870002070BD000056
:107AD0003FFFFF0070B504460B4616462068806ADB
:107AE000586020680069C0F30E0098602068006844
:107AF0000E4900EA0105C5F305401870C5F30620DC
:107B0000587005F07F009870A80DD8705EB918788D
:107B100002F022F91870587802F01EF9587098781F
:107B200002F01AF99870002070BD00007F7F7F007E
:107B300070B504460125002C4AD094F8210028B9DC
:107B4000002084F82000204600F046F8022084F847
:107B5000210000BFCA202168486253202168486282
:107B600000BF204602F010F9054645BB206880683A
:107B70001849084021688860216960680843A16944
:107B80000843216889680843216888602089E16882
:107B900041EA004021680861204602F017F90546D5
:107BA0006DB92068C06C20F003002168C864616969
:107BB000E06908432168C96C08432168C86400BFB4
:107BC000FF202168486200BF15B9012084F8210018
:107BD000284670BDBFFF8FFF30B5C3B00546C8242F
:107BE0002E48006840F400402C490860FDF7FAFF79
:107BF0002A48006840F400402849086000BFFDF7AB
:107C00000BFE41F20301884200D800BF2348006800
:107C100020F018002149086000BF0846006840F0C5
:107C20000100086004E0601E84B205200CF052FEE2
:107C30002CB11A48006800F002000028F3D0B4B953
:107C400008203090012035900020399030A8FFF7AF
:107C5000B7FA4FF48000019040132D9001A8FEF771
:107C60000DFA43F2F221002027F01AFA13E0042063
:107C700030900120329030A8FFF7A2FA4FF4800034
:107C8000019080132D9001A8FEF7F8F943F2F3213B
:107C9000002027F005FA43B030BD000070440258C0
:107CA0002DE9F04704460D46914600BF94F82000A8
:107CB000012802D10220BDE8F087012084F82000CD
:107CC00000BF022084F82100B9F1000F2AD12068FA
:107CD000806800F0400000B102E00020E87000BFC2
:107CE000E86900B900E000BF287802F03FF84FEAE9
:107CF000004A687802F03AF84AEA002AA87802F0C6
:107D000035F84AEA000AE8784AEA805A95F82000ED
:107D100002F02CF84AEA0060E9690843696940EA20
:107D200001071FE02068806800F0400000B102E019
:107D30000020E87000BFE86900B900E000BF2878C3
:107D40000004697840EA0120A9780843E97840EA0C
:107D5000815095F8201040EA0160E969084369699B
:107D600040EA0107A969686840EA010800BFCA2023
:107D70002168486253202168486200BF686AB0F5F4
:107D8000807F3ED12068806820F480702168886000
:107D90002068C06800F0800060F4C0702168C8608E
:107DA000FDF740FD064614E0FDF73CFD801BB0F5F5
:107DB0007A7F0ED900BFFF202168486200BF0320F0
:107DC00084F8210000BF002084F8200000BF0320B9
:107DD00071E72068C06800F001000028E4D0206846
:107DE000C7612068C0F844802068806840F48070D3
:107DF000216888602068806840F48050216888602D
:107E00003DE02068806820F4007021688860206868
:107E1000C06800F0800060F420702168C860FDF741
:107E200001FD064614E0FDF7FDFC801BB0F57A7FEE
:107E30000ED900BFFF202168486200BF032084F8EC
:107E4000210000BF002084F8200000BF032032E79B
:107E50002068C068C0F340000028E4D020680762B2
:107E60002068C0F848802068806840F4007021686D
:107E700088602068806840F40050216888600E485F
:107E8000006840F400304FF0B041C1F8800008466F
:107E9000006840F40030086000BFFF20216848629D
:107EA00000BF012084F8210000BF002084F82000DA
:107EB00000BF00BFFFE60000800000582DE9F0473A
:107EC00005460C46174600BF95F82000012802D150
:107ED0000220BDE8F087012085F8200000BF0220C5
:107EE00085F821004FB9607800F01000102804D107
:107EF000607800F0EF000A30607097B9E07801F028
:107F000035FF4FEA0049607801F030FF49EA002967
:107F1000A07801F02BFF49EA0009207849EA4038AF
:107F200009E0E0780004617840EA0120A178084384
:107F3000217840EA413800BFCA20296848625320AE
:107F40002968486200BF284601F01EFF064646B970
:107F50000C4808EA000029684860284601F036FF0E
:107F6000064600BFFF202968486200BF16B90120FD
:107F700085F8210000BF002085F8200000BF3046B2
:107F8000A7E700003FFFFF002DE9F04704460D463C
:107F9000904600BF94F82000012802D10220BDE8DD
:107FA000F087012084F8200000BF022084F821001F
:107FB00000BFCA202168486253202168486200BF80
:107FC000204601F0E1FE0646002E47D1B8F1000F31
:107FD0001BD12068806800F0400000B102E0002062
:107FE000E87000BF287801F0C1FE4FEA00496878C8
:107FF00001F0BCFE49EA0029A87801F0B7FE49EA81
:108000000009E87849EA805712E02068806800F0AB
:10801000400000B102E00020E87000BF28780004B2
:10802000697840EA0120A9780843E97840EA815755
:1080300012483840216808602068806820F4802059
:1080400021688860D5E903010843216889680843ED
:1080500021688860204601F0B9FE064600BFFF2077
:108060002168486200BF16B9012084F8210000BFD2
:10807000002084F8200000BF304690E77F7F7F001B
:1080800070B504462068C06820F0A0002168C86070
:10809000FDF7C8FB054607E0FDF7C4FB401BB0F544
:1080A0007A7F01D9032070BD2068C06800F02000ED
:1080B0000028F1D00020F6E710B504460CB90120E5
:1080C00010BD022084F881002068006820F00100C3
:1080D00021680860204600F0CBF80020C4F8840036
:1080E00084F8810000BF84F8800000BF00BFE7E78C
:1080F00070B504460CB9012070BD606A00B900BFBC
:108100000021A1625749206888420CD05649206856
:10811000884208D055492068884204D0E0680F287A
:1081200001D90120E8E7204602F01FF805464D4935
:108130002068884209D04C492068884205D04B49C4
:108140002068884201D0082D0DD846492068884211
:1081500007D045492068884203D0444920688842B6
:1081600003D1102D01D90120C6E794F8810028B968
:10817000002084F88000204600F07CF8022084F87B
:1081800081002068006820F00100216808602068F4
:10819000806800F4F816A069B0F1806F11D16068B2
:1081A000B0F5800F01D1A06B28B1606848B9A06B11
:1081B000B0F1805F05D12068006840F480502168EC
:1081C0000860A16AE06908433043E16B0843E16855
:1081D000084321688860616A606B0843A16B0843AB
:1081E000A16908432169084361690843216A08437A
:1081F00061680843E16C0843A1680843A16C084327
:10820000A16D08432168C860606878B920688068FB
:1082100020F4C05040F400602168886020688068C5
:1082200020F4C06040F48060216888602068006DA0
:1082300020F0010021680865606800F48000B0F556
:10824000800F07D12068C06820F00040616D0843AE
:108250002168C8600020C4F88400012084F88100EF
:10826000002049E70030014000380040003C004059
:108270007047000010B5B6B00446BC2107A8F8F757
:1082800021F94FF48050079005200890A021099112
:1082900004210A9102210B910C9180210D91002162
:1082A0000E910F914FF480501E9007A8FDF7E6FE47
:1082B00018B1EC212DA0FAF78FFA00BF34480068FE
:1082C00040F00200324908600846006800F00200F1
:1082D000019000BF00BF00BF0846006840F00200E8
:1082E00008600846006800F00200019000BF00BF6F
:1082F00000BF0846006840F00200086008460068B9
:1083000000F00200019000BF00BF00BF2048103005
:10831000006840F480501E4910310860084600682B
:1083200000F48050019000BF00BF0820029002209E
:10833000039000200490022005900520069002A9D9
:108340001448FDF753F9102002900520069002A969
:108350001048FDF74BF9202002900520069002A955
:108360000C48FDF743F936B010BD00002E2E5C2EF0
:108370002E5C48617264776172655C7372635C62E3
:1083800073705F7370695F6275732E630000000025
:10839000E0440258000402582DE9F84F044688468C
:1083A00017461D46206800F120094FF0000A00BF63
:1083B00094F88000012802D10220BDE8F88F012046
:1083C00084F8800000BFFDF72DFA064694F881007E
:1083D000012808D04FF0020A00BF002084F8800076
:1083E00000BF5046E9E7B8F1000F00D047B94FF0A1
:1083F000010A00BF002084F8800000BF5046DCE77F
:1084000003205C3484F825000020A062C4F80080BA
:10841000A780E780A060A081E081A06160615C3CF2
:10842000A068B0F5C02F05D12068006840F4006056
:1084300021680860206840686FF30F0038432168A6
:1084400048602068006840F00100216808606068AA
:10845000B0F5800F05D12068006840F400702168F5
:108460000860E0680F2833D92DE02068406900F0EB
:10847000020002280CD1E06D006821680862E06DFE
:10848000001DE065B4F86200401EA4F862001AE026
:10849000FDF7C8F9801BA84201D3681C00B995B943
:1084A000204601F0F7FD00BF002084F8800000BFE7
:1084B000D4F8840040F48070C4F88400012084F86B
:1084C0008100032079E7B4F862000028CDD1A4E050
:1084D000E068072846D940E02068406900F00200C3
:1084E00002281FD1B4F8620001280ED9E06B60B1F8
:1084F000E06D006821680862E06D001DE065B4F879
:108500006200801EA4F8620027E0E06D0088A9F8F0
:108510000000E06D801CE065B4F86200401EA4F825
:1085200062001AE0FDF77EF9801BA84201D3681CA7
:1085300000B995B9204601F0ADFD00BF002084F8D8
:10854000800000BFD4F8840040F48070C4F8840038
:10855000012084F8810003202FE7B4F8620000288E
:10856000BAD15AE055E02068406900F002000228C4
:1085700034D1B4F8620003280FD9E06B40280CD93D
:10858000E06D006821680862E06D001DE065B4F8E8
:108590006200001FA4F862003BE0B4F8620001280A
:1085A0000ED9E06B60B1E06D0088A9F80000E06DC5
:1085B000801CE065B4F86200801EA4F8620028E028
:1085C000E06D0078216881F82000E06D401CE065D6
:1085D000B4F86200401EA4F862001AE0FDF722F928
:1085E000801BA84201D3681C00B995B9204601F050
:1085F00051FD00BF002084F8800000BFD4F8840043
:1086000040F48070C4F88400012084F881000320C5
:10861000D3E6B4F862000028A5D133460022082131
:108620002046009501F0AEFD28B1D4F8840040F05A
:108630002000C4F88400204601F02CFD00BF00207B
:1086400084F8800000BF012084F88100D4F8840001
:1086500008B10120B1E65046AFE62DE9FF4F85B0E5
:1086600004468A461F46129E00200490206820304F
:10867000039020683030029000BF94F880000128F9
:1086800003D1022009B0BDE8F08F012084F88000FA
:1086900000BFFDF7C7F881463D46A84694F881B073
:1086A00060680190BBF1010F11D00198B0F5800F07
:1086B00004D1A06810B9BBF1040F08D002200490C7
:1086C00000BF002084F8800000BF0498DAE7BAF108
:1086D000000F02D0079800B147B90120049000BFF5
:1086E000002084F8800000BF0498CBE794F8810054
:1086F000042802D0052084F881000020C4F88400FA
:1087000007986066A4F86A70A4F86870C4F85CA062
:10871000A4F86270A4F86070002020676067206889
:1087200040686FF30F003843216848602068006894
:1087300040F00100216808606068B0F5800F05D145
:108740002068006840F4007021680860E0680F2825
:108750004ED947E02068406900F0020002280ED19F
:108760006DB1E06D006821680862E06D001DE06594
:10877000B4F86200401EA4F86200B4F862502068A9
:10878000406948F20801084080B1B8F1000F0DD0EF
:108790002068006B616E0860606E001D6066B4F852
:1087A0006A00401EA4F86A00B4F86A80FDF73AF83F
:1087B000A0EB0900B04201D3701C00B996B9204665
:1087C00001F068FC00BF002084F8800000BFD4F8EE
:1087D000840040F48070C4F88400012084F8810093
:1087E00003204FE7002DB5D1B8F1000FB2D117E14A
:1087F000E068072874D96CE02068406900F0020046
:10880000022820D1FDB1012D10D9E06B70B1E06DCF
:10881000006821680862E06D001DE065B4F8620040
:10882000801EA4F86200B4F862500CE054F85C0FAB
:108830000188039801802068801C2060E088401E29
:10884000E080E5885C3C2068406900F4604020B32B
:10885000B8F1000F21D02068406900F4004070B1E9
:108860002068006B616E0860606E001D6066B4F881
:108870006A00801EA4F86A00B4F86A800DE00298CD
:10888000008854F8641F08802068801C2060E088FD
:10889000401EE080B4F80680643CFCF7C3FFA0EB08
:1088A0000900B04201D3701C00B996B9204601F00E
:1088B000F1FB00BF002084F8800000BFD4F88400E2
:1088C00040F48070C4F88400012084F88100032003
:1088D000D8E6002D90D1B8F1000F8DD1A0E0FFE7D0
:1088E00098E02068406900F00200022835D125B3E5
:1088F000032D11D9E06B40280ED9E06D0068216886
:108900000862E06D001DE065B4F86200001FA4F885
:108910006200B4F8625020E0012D0FD9E06B68B11D
:1089200054F85C0F0188039801802068801C206047
:10893000E088801EE080E5885C3C0EE0E06D007819
:10894000216881F82000E06D401CE065B4F8620009
:10895000401EA4F86200B4F862502068406900F438
:10896000604058B3B8F1000F38D02068406900F477
:10897000004070B12068006B616E0860606E001D81
:108980006066B4F86A00001FA4F86A00B4F86A8050
:1089900024E02068406900F4C040B0F5005F0ED9C3
:1089A0000298008854F8641F08802068801C2060AA
:1089B000E088801EE080B4F80680643C0EE0206809
:1089C00090F83000616E0870606E401C6066B4F80C
:1089D0006A00401EA4F86A00B4F86A80FCF722FF1F
:1089E000A0EB0900B04201D3701C00B996B9204633
:1089F00001F050FB00BF002084F8800000BFD4F8D5
:108A0000840040F48070C4F88400012084F8810060
:108A1000032037E6002D7FF464AFB8F1000FFAD1E0
:108A20004B46002208212046009601F0ABFB28B1FE
:108A3000D4F8840040F02000C4F88400204601F0FF
:108A400029FB00BF002084F8800000BF012084F8CB
:108A50008100D4F8840008B1012013E6049811E6DF
:108A60000349096821F460010143014A116070471C
:108A700004040058042808D14FF0E021096941F0AE
:108A800004014FF0E022116107E04FF0E021096995
:108A900021F004014FF0E0221161704770B50446E7
:108AA0002546681EB0F1807F01D301200FE0681ECB
:108AB0004FF0E02148610F214FF0FF3004F038F80B
:108AC00000204FF0E021886107200861002070BD80
:108AD00010B504460CB9012010BD94F83D0028B92A
:108AE000002084F83C00204600F029F8022084F899
:108AF0003D00211D206802F0E9F8012084F84800BB
:108B000000BF84F83E0001213F200155402001555F
:108B100041200155422001554320015500BF00BFAF
:108B2000012084F844004520015546200155472086
:108B3000015500BF012084F83D000020CCE77047BC
:108B4000014691F83D00012801D001207047022024
:108B500081F83D001C4B086898421BD00868B0F1B2
:108B6000804F17D0194B0868984213D0184B0868EB
:108B700098420FD0174B086898420BD0164B0868E4
:108B8000984207D0154B0868984203D0144B0868E8
:108B9000984210D108688068124B00EA0302062A46
:108BA0000FD0B2F5803F0CD00868006840F001009B
:108BB0000B68186005E00868006840F001000B6869
:108BC00018600020C2E700000000014000040040DF
:108BD00000080040000C0040000401400018004064
:108BE00000400140070001002DE9F04104460E4617
:108BF0001746D4F8880020282DD106B117B90120D6
:108C0000BDE8F08100BF94F88000012801D1022066
:108C1000F6E7012084F8800000BFE0663A4631465E
:108C2000204603F01FFA05469DB9E06E01280FD1DA
:108C300010202168086200BF00BF216851E8001FB2
:108C400041F01000226842E800010029F5D100E05F
:108C500001252846D4E70220D2E7704710B5044624
:108C6000D4F8880022281FD12068806800F04000D6
:108C7000402819D12068806820F040002168886071
:108C8000E06F10B1E06FF9F725FF2068006820F46D
:108C90009070216808602068806820F001002168D9
:108CA00088602020C4F88800002010BD704710B5EF
:108CB00004460CB9012010BDA06900B100E000BF5E
:108CC000D4F8840028B9002084F88000204600F001
:108CD0002AF82420C4F884002068006820F00100ED
:108CE00021680860204602F0F7FE012800D1E2E783
:108CF000A06A10B1204602F01BFD2068406820F4F5
:108D00009040216848602068806820F02A0021682F
:108D100088602068006840F00100216808602046F3
:108D200002F082FDC7E77047704770472DE9F84FA2
:108D300004460E4617469946D4F8840020285ED192
:108D400006B117B90120BDE8F88F00BF94F8800084
:108D5000012801D10220F6E7012084F8800000BF3D
:108D600000205434A06321202063FCF75BFD824681
:108D700027806780543CA068B0F5805F04D12069EB
:108D800010B90025B04602E035464FF0000800BF9C
:108D9000002084F8800000BF1DE05346002280219F
:108DA0002046CDF8009003F0C7F908B10320CAE7C8
:108DB00045B9B8F80000C0F308002168886208F1DE
:108DC000020803E02878216888626D1CB4F8560018
:108DD000401EA4F85600B4F856000028DDD15346D2
:108DE000002240212046CDF8009003F0A5F908B1FB
:108DF0000320A8E72020C4F884000020A3E7022075
:108E0000A1E7000070B504460E461546D4F884006C
:108E1000202854D106B10DB9012070BD00BF94F8CF
:108E20008000012801D10220F7E7012084F88000AA
:108E300000BF44F8506FA580E5800020E06321204A
:108E40006063A06A503C08B31E48A16FC8631E4807
:108E5000A16F08641D48A16FC8640020A16F086558
:108E6000236803F128022B46216DA06FFBF7ACF8B5
:108E700060B11020C4F88C0000BF002084F880008E
:108E800000BF2020C4F884000120C6E740202168EC
:108E9000086200BF002084F8800000BF00BF00BF50
:108EA0002168083151E8001F41F080002168083135
:108EB00041E80002002AF3D100BF0020ADE7022004
:108EC000ABE70000C9B902081DBA02089FB8020842
:108ED00070477047F8B504460D4616464FF47A7051
:108EE00033462A46214600900148FFF7B6FBF8BDFD
:108EF00064D2012470B504460D464FF47A732A46B5
:108F000021460248FFF748FA70BD000064D20124F0
:108F1000F8B504460D4616464FF47A7033462A4695
:108F2000214600900148FFF798FBF8BDDCD10124F1
:108F300070B504460D464FF47A732A46214602481E
:108F4000FFF72AFA70BD0000DCD101242DE9F041C1
:108F500007460C46154698460026224629460CA090
:108F6000F9F76AFD0746781C78B100BF0BE055F8A9
:108F7000260007A1F7F7ECFA18B90021084626F0F9
:108F8000DFFE701CC6B2A642F1DB03A0BDE8F08193
:108F90006C6F67696E0000002F70617273652E73CD
:108FA00068746D6C000000003CB50246002300931D
:108FB000019300200FE00B880124844023404BB133
:108FC000BDF80030C0F10F050124AC4023439BB233
:108FD000ADF80030401C1028EDDBBDF800301380E8
:108FE0003CBD000010B50446082C34D2DFE804F084
:108FF00004090F151B21272D01211848FCF7F4FB4C
:1090000010BD4FF480511648FCF7EEFBF8E74FF423
:1090100000611348FCF7E8FBF2E74FF48071114858
:10902000FCF7E2FBECE74FF400410C48FCF7DCFBFB
:10903000E6E74FF480410948FCF7D6FBE0E74FF440
:1090400000610648FCF7D0FBDAE74FF40041064820
:10905000FCF7CAFBD4E70020D2E70000000C02585E
:1090600000000258000802580010025838B50446A3
:10907000042C2AD169462E2000F074F908B900208A
:1090800038BD9DF8000000F01F0000909DF8000022
:1090900000909DF800102E2000F038FB08B9002049
:1090A000EEE76946242000F05DF908B90020E7E703
:1090B0009DF8000000F0BF0000909DF800102420F3
:1090C00000F024FB08B90020DAE794BB69462420AD
:1090D00000F048F908B90020D2E79DF8000000F040
:1090E000BF0000909DF8000040F0400000909DF807
:1090F0000010242000F00AFB08B90020C0E76946F0
:109100002E2000F02FF908B90020B9E79DF80000E3
:1091100000F01F0000909DF8000040EA8410C0B2EB
:1091200000909DF800102E2000F0F0FA08B9002001
:10913000A6E7FFE7012C32D16946242000F012F99E
:1091400008B900209CE79DF8000000F0BF000090E7
:109150009DF8000040F0400000909DF80010242091
:1091600000F0D4FA08B900208AE769462E2000F002
:10917000F9F808B9002083E79DF8000000F01F000F
:1091800000909DF8000040EA8410C0B200909DF865
:1091900000102E2000F0BAFA08B9002070E7022C67
:1091A00032D16946242000F0DDF808B9002067E7D5
:1091B0009DF8000000F0BF0000909DF8000040F016
:1091C000400000909DF80010242000F09FFA08B99C
:1091D000002055E769462E2000F0C4F808B90020A9
:1091E0004EE79DF8000000F01F0000909DF8000081
:1091F00040EA8410C0B200909DF800102E2000F0CC
:1092000085FA08B900203BE7032C32D169462420B7
:1092100000F0A8F808B9002032E79DF8000000F03F
:10922000BF0000909DF8000040F0400000909DF8C5
:109230000010242000F06AFA08B9002020E76946EF
:109240002E2000F08FF808B9002019E79DF80000E3
:1092500000F01F0000909DF8000040EA8410C0B2AA
:1092600000909DF800102E2000F050FA08B9002060
:1092700006E7012004E7F8B504466D466E1C294652
:10928000282000F06FF808B90020F8BD31462920E9
:1092900000F068F808B90020F7E7BDF90000208069
:1092A00029462A2000F05EF808B90020EDE7314693
:1092B0002B2000F057F808B90020E6E7BDF90000C0
:1092C000608029462C2000F04DF808B90020DCE72A
:1092D00031462D2000F046F808B90020D5E7BDF949
:1092E0000000A0800120D0E700B587B000BF00BF1C
:1092F0001A48006840F010001849086008460068E5
:1093000000F01000019000BF00BF00BF00BF00BF11
:109310000846006840F0100008600846006800F049
:109320001000019000BF00BF00BF4FF480600290AA
:109330000120039004900320059002A90848FCF73F
:1093400055F94FF4007002901120039002A90448CF
:10935000FCF74CF915F016F807B000BDE0440258D0
:109360000010025870B504460D460848007830B128
:10937000012229462046FCF75BFA012070BD01223C
:109380002946204610F094FD0120F7E74C02002406
:1093900008B569462420FFF7E5FF08B9002008BD9D
:1093A0009DF8000000F07F0000909DF8000040F064
:1093B000800000909DF80010242000F0A7F908B963
:1093C0000020ECE70021202000F0A0F9002121205E
:1093D00000F09CF90021222000F098F900212320C0
:1093E00000F094F90021242000F090F900212520BC
:1093F00000F08CF90420FFF739FE0120CFE7704719
:1094000001460020704738B5044669462020FFF722
:10941000A9FF08B9002038BD9DF8000000F0F80051
:10942000009004F007009DF80010084300909DF89C
:109430000010202000F06AF908B90020EBE70120B5
:10944000E9E738B5044669462320FFF78BFF08B9E2
:10945000002038BD9DF8000000F07F0000909DF8CE
:10946000000040EAC410C0B200909DF80010232014
:1094700000F04CF908B90020EBE70120E9E738B526
:10948000044669463820FFF76DFF08B9002038BD53
:109490009DF8000000F0C00000909DF800002043FF
:1094A00000909DF80010382000F030F908B9002035
:1094B000EDE70120EBE710B5044621463C2000F023
:1094C00025F908B9002010BD0120FCE710B50446BD
:1094D0007F2C01DD002010BD21463B2000F016F955
:1094E00008B90020F7E70120F5E710B504467F2C06
:1094F00001DD002010BD21463A2000F007F908B92F
:109500000020F7E70120F5E710B5044621463D208D
:1095100000F0FCF808B9002010BD0120FCE738B5C8
:10952000044669462320FFF71DFF08B9002038BD17
:109530009DF8000000F0CF0000909DF8000040EA88
:109540000410C0B200909DF80010232000F0DEF857
:1095500008B90020EBE70120E9E738B50446694681
:109560002120FFF7FFFE08B9002038BD9DF800005C
:1095700000F03F0000909DF8000040EA8410C0B267
:1095800000909DF80010212000F0C0F808B90020DC
:10959000EBE70120E9E738B5044669462220FFF7EA
:1095A000E1FE08B9002038BD002000909DF80000C1
:1095B000204300909DF80010222000F0A7F808B981
:1095C0000020F0E70120EEE738B504466946252083
:1095D000FFF7C8FE08B9002038BD002000909DF8B4
:1095E0000000204300909DF80010252000F08EF828
:1095F00008B90020F0E70120EEE700001CB50446A2
:1096000001A92020FFF7AEFE08B900201CBD694665
:109610002320FFF7A7FE08B90020F7E79DF8040014
:1096200000F0F00038B92948007800F0F0009DF80B
:1096300004100843019024B1012C1FD0022C30D11A
:1096400009E09DF80400214908709DF8040000F02D
:109650000F00019027E09DF8040000F0F700019052
:109660009DF8040001909DF8000000F0F7000090C4
:109670009DF8000040F00800009014E09DF8040000
:1096800000F0F70001909DF8040040F00800019000
:109690009DF8000000F0F70000909DF80000009099
:1096A00001E00020B2E700BF9DF80410202000F088
:1096B0002DF808B90020A9E79DF80010232000F03C
:1096C00025F808B90020A1E701209FE74D020024FA
:1096D00038B5044669462020FFF744FE08B900204B
:1096E00038BD9DF8000000F00F0000909DF80000CC
:1096F00040EA0410C0B200909DF80010202000F055
:1097000005F808B90020EBE70120E9E713B50446A6
:109710000848007830B1012201A92046FCF7CCF8B6
:1097200001201CBD012201A9204610F0DBFB012015
:10973000F7E700004C0200242DE9F0417F4805685E
:109740007E481C38066805F0100000287DD006F021
:1097500010000028FAD0102079490968086278487A
:10976000FFF77CFA7648C06F00687649884267D078
:109770007348C06F006873491831884260D07048E0
:10978000C06F00686F493031884259D06C48C06F53
:1097900000686C494831884252D06948C06F0068FF
:1097A0006849603188424BD06548C06F00686549A0
:1097B0007831884244D06248C06F00686149903176
:1097C00088423DD05E48C06F00685E49A83188423B
:1097D00036D05B48C06F00685B49884230D058483B
:1097E000C06F006858491831884229D05448C06F6A
:1097F000006855493031884222D05148C06F006816
:109800005149483188421BD04D48C06F00684E49CD
:109810006031884214D04A48C06F00684A497831A4
:1098200088420DD04648C06F006847499031884251
:1098300006D04348C06F00684349A831884205D12B
:109840003F48C06F0068406804E03AE03C48C06FA1
:1098500000684068C0F500743C484FF4007100296E
:1098600023DD00F01F077A18034600BF00BF00BFCA
:10987000BFF34F8F00BF00BF00BF00BF344F3B603E
:109880002033203A002AF9DC00BF00BF00BFBFF33D
:109890004F8F00BF00BF00BF00BF00BF00BFBFF3BE
:1098A0006F8F00BF00BF00BF00BF00BFE1B22748FD
:1098B00028F08EFF4FF4007224492148FFF794F9F5
:1098C00000BF1E48001D006840F001001B49091D33
:1098D00008600846006840F002000860084600681A
:1098E00040F0040008600846006840F00800086086
:1098F0000846006840F0100008600846006840F024
:10990000400008600846006840F48070086008461F
:10991000006840F4007008600846006840F40030B9
:1099200008600846006840F4801008600846006837
:1099300040F020000860BDE8F08100001C0C0058D9
:10994000C09D0124100002401004024000000038B5
:109950005CEF00E070B504460D464FF47A732A467A
:1099600021460248FFF7E2F970BD0000C09D0124C6
:1099700000BFFEE770B52DED028B05460C46094889
:1099800000EB840090ED000AB0EE408AB7EEC80A02
:1099900053EC102B04A1284603F096F8BDEC028B83
:1099A00070BD0000300A0020252E32660000000045
:1099B0001FB5FCF74FF801208DF80000104801900A
:1099C00007208DF8080003208DF80B0001208DF88A
:1099D0000F0000208DF80E0001208DF80D000520ED
:1099E0008DF8010000208DF80A008DF809008DF82F
:1099F0000C006846FCF700F80420FCF741F81FBD96
:109A00000000043000BFFEE72DE9F04104460E4699
:109A100000275548006800F00300032802D1012008
:109A2000BDE8F08150482838006820F080604E4939
:109A300028390860FBF7F6FE054606E0FBF7F2FE64
:109A4000401B022801D90320EAE74748283800686C
:109A5000C0F3C0600028F1D100BF4348006820F483
:109A60007C30216840EA01303F490860A088401EF0
:109A7000C0F30800A168491E4FF47E4202EA41216A
:109A80000843A189491ED20102EA01410843217C11
:109A9000491E120202EA016108433349103108608D
:109AA00000BF3148001D006820F0C0006169084314
:109AB0002D49091D08600846006820F02000A169B2
:109AC00008432949091D08600846006820F0100075
:109AD00008602548143000684FF6F8718843E16942
:109AE00040EAC1002049143108601F48001D006889
:109AF00040F010001C49091D08602EB90846006896
:109B000040F40020086012E0012E08D11648001D24
:109B1000006840F480101449091D086007E01248ED
:109B2000001D006840F400100F49091D08600E4830
:109B30002838006840F080600B4928390860FBF73E
:109B400071FE054606E0FBF76DFE401B022801D9B9
:109B5000032065E7044828380068C0F3C060002887
:109B6000F1D038465CE70000284402582DE9F04166
:109B700004460E4600275548006800F003000328FD
:109B800002D10120BDE8F08150482838006820F05B
:109B900080504E4928390860FBF744FE054606E030
:109BA000FBF740FE401B022801D90320EAE74748A3
:109BB00028380068C0F340700028F1D100BF434846
:109BC000006820F07C70218840EA01503F4908601D
:109BD000A088401EC0F30800A168491E4FF47E42D1
:109BE00002EA41210843A189491ED20102EA01414A
:109BF0000843217C491E120202EA016108433349ED
:109C00001831086000BF3148001D006820F4406032
:109C1000616908432D49091D08600846006820F461
:109C20000070A16908432949091D086008460068B9
:109C300020F48070086025481C3000684FF6F871E9
:109C40008843E16940EAC10020491C3108601F488F
:109C5000001D006840F480701C49091D08602EB981
:109C60000846006840F48000086012E0012E08D128
:109C70001648001D006840F400001449091D0860E2
:109C800007E01248001D006840F080700F49091D70
:109C900008600E482838006840F080500B49283989
:109CA0000860FBF7BFFD054606E0FBF7BBFD401B68
:109CB000022801D9032065E7044828380068C0F36A
:109CC00040700028F1D038465CE700002844025874
:109CD00000B58BB001208DF8040000208DF8050040
:109CE0008DF8060002908DF807004FF000400690B6
:109CF0004FF0706007900020089001208DF824003C
:109D000000020A90002201A90E48FDF7C9FF0120B8
:109D10008DF804001E208DF8050000208DF8060047
:109D20004FF400700A90002201A90648FDF7B8FF21
:109D300000220E212920FBF7D8FE2920FBF7C1FEC7
:109D40000BB000BD9483012410B50248FDF766FEF8
:109D500010BD0000948301240146080900EB800037
:109D6000420001F00F001044C0B2704702460023C9
:109D7000114603E05B1CA1F10A00C1B20A29F9D225
:109D8000180741EA1060704770B504460026206845
:109D9000C06800F04000B8B9701E2168C860FBF7C9
:109DA00041FD054609E0FBF73DFD401BB0F57A7F1C
:109DB00003D90326032084F821002068C06800F03E
:109DC000400008B9032EEED1304670BD70B5044690
:109DD00000251548C06820F040001349C8600846B7
:109DE000806800F0200040B92046FEF749F9C0B174
:109DF000032084F82100032513E00B48806820F03D
:109E00002000094988602046FEF73AF918B103207E
:109E100084F8210003250448806840F020000249AE
:109E20008860284670BD00000040005810B586B01C
:109E30000446002201A91048FDF74CFE9DF80400DD
:109E400060719DF80500A0719DF80600E071002288
:109E500069460948FDF718FE9DF8030000F5FA6011
:109E600020809DF80100A0709DF80200E0709DF830
:109E70000000207106B010BD94830124F8B504469B
:109E80000D4617461E468DF802708DF801508DF86C
:109E900000608DF80340002269460248FEF70EF884
:109EA000F8BD000094830124F0B585B004460D464A
:109EB00016461F468DF800408DF801508DF802605F
:109EC0008DF8037000200390049000226946024838
:109ED000FEF75AF805B0F0BD9483012413B59DF840
:109EE00003209DF80210BDF800000EF041FB8DF834
:109EF00004009DF805000C2809DD9DF807209DF859
:109F000006109DF805000123FFF7CEFF08E09DF83D
:109F100007209DF806109DF805000023FFF7C4FFF9
:109F20009DF804309DF803209DF80210BDF8004014
:109F3000A4F5FA64E0B2FFF7A1FF9DF804309DF8A4
:109F400003209DF80210BDF80040A4F5FA64E0B2C9
:109F5000FFF794FF1CBD000070B505460C4634B9F0
:109F60000648028806A1284602F0AEFD04E0054A34
:109F700005A1284602F0A8FD70BD0000E8030024FA
:109F800025640000A0CF0324257300002DE9F041D3
:109F900080460D4617461E4600242A46394635A0FF
:109FA000F8F74AFD804608F1010000285DD03246EE
:109FB0003946284612F0BAFA044604B956E0324649
:109FC0003946284612F032FB044604B94EE03046CA
:109FD00012F088FB044604B948E032463946284668
:109FE00012F072FC044604B940E032463946284675
:109FF00012F0D6FD044604B938E032463946284608
:10A0000012F014FC044604B930E0324639462846C2
:10A0100012F07EFB044604B928E032463946284651
:10A0200012F0BCFB044604B920E03246394628460B
:10A0300012F092FC044604B918E03246394628462C
:10A0400012F09EFE044604B910E032463946284616
:10A0500012F0D4FD044604B908E0084A0849304625
:10A0600012F0C2FC044604B900E000BF05A0BDE840
:10A07000F081000062746E7479706500A0CF0324D3
:10A08000E80300242F73657474696E672E73687417
:10A090006D6C0000026851690268926942F0080222
:10A0A00003689A610268926942F0100203689A613B
:10A0B0000268126822F0010203681A6002681269DD
:10A0C00040F26F339A4303681A610268926822F47F
:10A0D000404203689A6090F88120042A0ED001F073
:10A0E00020025AB1D0F8842042F08002C0F88420C7
:10A0F0000268926942F0200203689A6190F8812018
:10A10000032A0ED001F040025AB1D0F8842042F068
:10A110000402C0F884200268926942F04002036899
:10A120009A6101F400725AB1D0F8842042F0010221
:10A13000C0F884200268926942F4007203689A6150
:10A1400001F480725AB1D0F8842042F00802C0F8BD
:10A1500084200268926942F4807203689A61002246
:10A16000A0F86220A0F86A20704710B501460124CB
:10A17000C86B04EB5013C868421CD01DC20802FB18
:10A1800003F010BD2DE9F04106460C4617469846EF
:10A19000069D0BE0FBF746FBA0EB0800A84201D3AD
:10A1A000681C00B915B90320BDE8F081306840692A
:10A1B0002040A04201D1012000E00020B842E9D0B7
:10A1C0000020F1E770B504460D461646252C02D056
:10A1D000262C0AD104E000212846FFF7BDFE05E049
:10A1E00001212846FFF7B8FE00E000BF00BF284667
:10A1F000F6F7A7F980B270BD2DE9F04391B006469D
:10A200000D4614460027B84656F8240037A1F6F745
:10A210009FF9A0B9364A101F011F0B1FCDE900316D
:10A22000CDE9020255F824001B1F143A31A1F6F7BC
:10A2300005FA00212E48143804F088FE38E056F85C
:10A24000240032A1F6F784F948B9002030490860AB
:10A2500055F824000A462FA1F6F7F0F928E056F841
:10A2600024002DA1F6F774F958B934212848001DAF
:10A27000F6F728F955F824002549091D33F028F888
:10A2800016E056F8240025A1F6F762F980B91421EA
:10A290001F483830F6F716F955F82400F6F751F94B
:10A2A000814655F824104A4619483830F6F7E2F846
:10A2B00056F824001AA1F6F74BF990B955F8240086
:10A2C000F6F726FB00F0FF08404605F073F8402241
:10A2D0000F4910316846F6F7CDF80D480FC804F065
:10A2E0005DFE384611B0BDE8F0830000610000005B
:10A2F000E4CE032425642F25642F256425253230E0
:10A3000025643A25643A25640000000062000000DC
:10A3100080CE032425580000630000006400000084
:10A320007472616E00000000F0B58FB005460E46F5
:10A3300014460027182109A8F6F7C4F80020089051
:10A3400055F82400C0A1F6F703F9C0B90CA80BA971
:10A35000CDE9001056F824000AAB09AABBA1F6F714
:10A360006DF947B2042F09D1BB49099808700A98C2
:10A3700048700B9888700C98C870002760E155F8F9
:10A380002400B6A1F6F7E4F8F0B90CA80BA9CDE9C2
:10A39000001056F824000AAB09AAACA1F6F74EF952
:10A3A00047B2042FEAD1AC49099888730A98C1B220
:10A3B000A948C1730B98C1B2A74801740C98C1B2E7
:10A3C000A548417400273BE155F82400A4A1F6F705
:10A3D000BFF8F0B90CA80BA9CDE9001056F824007D
:10A3E0000AAB09AA99A1F6F729F947B2042FC5D1FA
:10A3F0009949099888720A98C1B29748C1720B9816
:10A40000C1B2954801730C98C1B2934841730027BB
:10A4100016E155F8240093A1F6F79AF8F0B90CA8C4
:10A420000BA9CDE9001056F824000AAB09AA87A1B0
:10A43000F6F704F947B2042FA0D187490998887428
:10A440000A98C1B28448C1740B98C1B282480175A0
:10A450000C98C1B2804841750027F1E055F82400FE
:10A4600081A1F6F775F850BB0EA80DA90CAA0BAB8D
:10A47000CDE90032CDE9021056F824000AAB09AA52
:10A480007AA1F6F7DBF847B2062F9CD172490998FA
:10A4900008710A98C1B2704841710B98C1B26E48F8
:10A4A00081710C98C1B26C48C1710D98C1B26A48F3
:10A4B00001720E98C1B2684841720027C0E055F899
:10A4C00024006FA1F6F744F8F0B90CA80BA9CDE968
:10A4D000001056F824000AAB09AA5CA1F6F7AEF802
:10A4E00047B2042F94D15C49099888750A98C1B283
:10A4F0005948C1750B98C1B2574801760C98C1B242
:10A500005548417600279BE055F824005DA1F6F7F9
:10A510001FF8F0B90CA80BA9CDE9001056F82400DB
:10A520000AAB09AA49A1F6F789F847B2042F94D1DA
:10A5300000274949099888760A98C1B24648C176E9
:10A540000B98C1B2444801770C98C1B24248417798
:10A5500076E055F824004CA1F5F7FAFF10BB0CA8E3
:10A560000BA9CDE9001056F824000AAB09AA37A1BF
:10A57000F6F764F847B2042F62D1002736490998EC
:10A5800081F829000A98C1B2334880F82A100B9844
:10A59000C1B2314880F82B100C98C1B22E4880F817
:10A5A0002C104DE055F8240038A1F5F7D1FF50B933
:10A5B00056F82400F6F7ACF9C0B20890022108A8BA
:10A5C00004F09CFC3CE055F8240031A1F5F7C0FFF5
:10A5D00008BB0CA80BA9CDE9001056F824000AAB63
:10A5E00009AA1AA1F6F72AF847B2042F28D11A4966
:10A5F0000998C8770A98C1B2174880F820100B98BC
:10A60000C1B2154880F821100C98C1B2124880F8E8
:10A610002210002714E055F824001EA1F5F798FF3A
:10A6200070B956F82400F6F773F90B4948622022F6
:10A6300010316846F5F71EFF07480FC804F0F8FC14
:10A6400038460FB0F0BD00006500000025642E25DF
:10A65000642E25642E256400E8CE032467000000E4
:10A6600066000000680000004C00000025782D25E1
:10A67000782D25782D25782D25782D25780000003A
:10A68000690000004B000000616300004E00000004
:10A690004F000000500000002DE9F0419EB006463A
:10A6A0000D461446002756F8240034A1F5F750FF54
:10A6B00070B940213248F5F705FF55F82400F5F749
:10A6C00040FF804655F8241042462D48F5F7D2FE4B
:10A6D00056F824002BA1F5F73BFF38B955F82400B4
:10A6E000F6F716F926494439C1F8840056F82400D3
:10A6F00025A1F5F72DFFA0B9402121484438F5F7F1
:10A70000E1FE55F82400F5F71CFF804655F82410AB
:10A7100042461B484438F5F7ADFE38461EB0BDE84A
:10A72000F08156F8240019A1F5F712FF40B955F849
:10A730002400F6F7EDF81249443908643846EDE78D
:10A7400056F8240012A1F5F703FFA0B955F824002C
:10A75000F6F7DEF80F49086001210E4804F0CEFB41
:10A760007822074934396846F5F784FE04484438AE
:10A770000FC804F0EDFC3846D0E7000044000000AC
:10A780005CCF0324450000004600000047000000A5
:10A790004A000000DC0300242DE9FF4105460E4677
:10A7A0001446002755F8240050A1F5F7D1FE48B90A
:10A7B00056F82400F6F7ACF84D490880384604B046
:10A7C000BDE8F08155F824004AA1F5F7C1FE38B97B
:10A7D00056F82400F6F79CF8454948803846EEE7DD
:10A7E00055F8240044A1F5F7B3FE38B956F8240013
:10A7F000F6F78EF83E4988803846E0E755F82400A1
:10A800003EA1F5F7A5FE38B956F82400F6F780F812
:10A81000374988713846D2E755F8240038A1F5F752
:10A8200097FE40B956F82400F6F772F840B2304966
:10A83000C8713846C3E755F8240032A1F5F788FE01
:10A8400040B956F82400F6F763F840B22849087278
:10A850003846B4E755F824002BA1F5F779FE40B946
:10A8600056F82400F6F754F840B2214948723846A9
:10A87000A5E755F8240025A1F5F76AFE40B956F87A
:10A880002400F6F745F840B219498872384696E731
:10A8900055F824001EA1F5F75BFE28B956F82400F0
:10A8A000F6F736F81249888155F8240019A1F5F712
:10A8B0004FFE28B956F82400F6F72AF80C49887399
:10A8C00055F8240014A1F5F743FE68B956F82400A2
:10A8D000F6F71EF80649C87310226846F5F7CAFD58
:10A8E0009DE80F0004F030FD384668E741000000A5
:10A8F00070CE03244200000051000000520000000E
:10A9000053000000540000005500000056000000F5
:10A9100057000000616400006165000070B586B0FA
:10A9200005460E46144600200290039004900590C0
:10A9300055F8240015A1F5F70BFE98B905A804A950
:10A94000CDE9001056F8240003AB02AA10A1F5F7D8
:10A9500075FE124902980870039848700498887030
:10A960000598C87055F824000DA1F5F7F1FD48B918
:10A9700056F82400F5F7CCFF08494860084603C89C
:10A9800004F04AFB002006B070BD000062610000C8
:10A9900025642E25642E25642E256400E003002402
:10A9A000626200002DE9FF4F83460D4614461E46A5
:10A9B0000DAF97E88007042D01DBBDE8FF8FBBF1E9
:10A9C000000F03D0BBF1010F58D118E0182C00DBA9
:10A9D000F3E7C5EB45102F4901EB8000001D00EBAC
:10A9E00084002D4951F8261051F8271051F82810ED
:10A9F00051F8291051F82A10096808603FE00C2C22
:10AA000000DBDAE7C5EB4510224901EB800064303A
:10AA10002044214951F8261051F8271051F82810E8
:10AA200051F8291051F82A1009684860C5EB451003
:10AA3000184901EB800070302044174951F8261066
:10AA400051F8271051F8281051F8291051F82A1000
:10AA50000968886005EB4500104901EB800020443F
:10AA60000D4951F8261051F8271051F8281051F8C7
:10AA7000291051F82A100968C86000E000BF00BF23
:10AA800033462246294658468DE8800727F0BAFD0E
:10AA900000BF92E700000030780000240020003062
:10AAA00070B505460C46204624F07EF846B226B91D
:10AAB00004A1284602F008F803E003A1284602F0AA
:10AAC00003F870BD300000003100000010B5FAF747
:10AAD0002BFF33F0E5FF012801D033F0B3FA10BDAE
:10AAE0003448006840F47000324908603248006819
:10AAF00000F00F00072806D22F48006820F00F0052
:10AB0000C01D2D4908602D48006840F001002B4908
:10AB10000860002029491031086028480068284949
:10AB20000840264908602448006800F00F00072804
:10AB300006D92148006820F00F00C01D1E4908609A
:10AB400000201E4918310860091D0860091D0860B1
:10AB50001C481A49283108601B48091D08601B4819
:10AB6000091D08600020091D08601848091D0860BB
:10AB70000020091D08601548091D08600020091DF6
:10AB800008600E48006820F480200C49086000200E
:10AB90000A49603108600E4800686FF30F00B0F199
:10ABA000005F02D201200B49086043F2D2000A493B
:10ABB0000860704788ED00E0002000520044025811
:10ABC0007FEDF6EA000202020000FF0180020101AF
:10ABD0000010005C088100510040005210B532F0B6
:10ABE00009FC29F012FFFAF7D1FF10BD4FF08040A9
:10ABF000006900F0010048B16FF001004FF08041A2
:10AC0000086103480068401C014908607047000063
:10AC1000DC01002410B50E48006800F00100A8B166
:10AC20006FF001000A4908601CF038FD03F0DCFCFD
:10AC300004F02AFC0BF020FE15F09EF804F04CF80E
:10AC400004F0F2FF09F030F805F0D2F910BD000071
:10AC5000100400400448006800F0010018B16FF0D3
:10AC6000010001490860704710080040044800686E
:10AC700000F0010018B16FF0010001490860704751
:10AC8000100C004010B50648006900F0010028B122
:10AC90006FF001000249086126F0D2FF10BD0000EC
:10ACA000001000400748006800F0010040B16FF05C
:10ACB00001000449086004480068401C024908601B
:10ACC00070470000101400400800002410B502680E
:10ACD000294B98420ED0B0F1804F0BD0274B9842B1
:10ACE00008D0274B984205D0264B984202D0264BDD
:10ACF000984203D122F070024B681A431E4B9842CF
:10AD000017D0B0F1804F14D01C4B984211D01C4B7F
:10AD100098420ED01B4B98420BD01B4B984208D048
:10AD20001A4B984205D01A4B984202D0194B9842C0
:10AD300003D122F44072CB681A4322F080034C699D
:10AD400043EA040202608B68C3620B6883620A4BA9
:10AD500098420BD00C4B984208D00C4B984205D02F
:10AD60000B4B984202D00B4B984201D10B69036305
:10AD70000123436110BD00000000014000040040B9
:10AD800000080040000C0040000401400040014069
:10AD9000004401400048014011B58DB00D9800F508
:10ADA000E1400D900DA8F5F703FE04460CB90EB076
:10ADB00010BD2C22214602A8F5F75CFB079800F293
:10ADC0006C7007900698401C0690079880B2ADF80A
:10ADD00000000698C0B28DF802000598C0B28DF848
:10ADE00003000498C0B28DF805000398C0B28DF836
:10ADF00006000298C0B28DF80700DDE90001FFF7F8
:10AE00006DF800BFD3E72DE9F04704460D4616461E
:10AE10001F46DDE9089A2006000905F00F0140EA07
:10AE2000014006F00F0140EA013007F00F0140EA4F
:10AE3000012009F00F0140EA01100AF00F0140EA79
:10AE4000010808F1804841460320F7F739FC01204A
:10AE5000BDE8F0872DE9F04704460D4616461F462B
:10AE6000DDE9089A2006000905F00F0140EA0140DB
:10AE700006F00F0140EA013007F00F0140EA01201F
:10AE800009F00F0140EA01100AF00F0140EA010841
:10AE900008F1804841460320F7F7A2FC0120BDE8F5
:10AEA000F08700002DE9F0417F4805687E481C3896
:10AEB000066805F0100000287DD006F0100000287C
:10AEC000FAD010207949096808627848FDF7C6FE73
:10AED0007648C06F00687649884267D07348C06F73
:10AEE000006873491831884260D07048C06F0068AC
:10AEF0006F493031884259D06C48C06F00686C4946
:10AF00004831884252D06948C06F00686849603152
:10AF100088424BD06548C06F0068654978318842E7
:10AF200044D06248C06F00686149903188423DD08A
:10AF30005E48C06F00685E49A831884236D05B48E1
:10AF4000C06F00685B49884230D05848C06F0068C5
:10AF500058491831884229D05448C06F0068554973
:10AF60003031884222D05148C06F00685149483181
:10AF700088421BD04D48C06F00684E4960318842FE
:10AF800014D04A48C06F00684A49783188420DD0D1
:10AF90004648C06F006847499031884206D0434810
:10AFA000C06F00684349A831884205D13F48C06F4F
:10AFB0000068406804E03AE03C48C06F00684068C0
:10AFC000C0F500743C484FF40071002923DD00F007
:10AFD0001F077A18034600BF00BF00BFBFF34F8FA3
:10AFE00000BF00BF00BF00BF344F3B602033203A9A
:10AFF000002AF9DC00BF00BF00BFBFF34F8F00BFC6
:10B0000000BF00BF00BF00BF00BFBFF36F8F00BF16
:10B0100000BF00BF00BF00BFE1B2274827F0C2FB5E
:10B020004FF4007224492148FDF7DEFD00BF1E48A1
:10B03000001D006840F001001B49091D086008461A
:10B04000006840F0020008600846006840F0040014
:10B0500008600846006840F008000860084600687C
:10B0600040F0100008600846006840F040000860AA
:10B070000846006840F4807008600846006840F4A4
:10B08000007008600846006840F400300860084618
:10B09000006840F4801008600846006840F0200016
:10B0A0000860BDE8F08100001C4C00403898012485
:10B0B0001000024010040240000A01305CEF00E082
:10B0C0002DE9F0417D48C569066805F010000028AB
:10B0D0007DD006F010000028FAD0102078490968C9
:10B0E00008627748FDF7BAFD7548C06F006875497A
:10B0F000884267D07248C06F006872491831884230
:10B1000060D06F48C06F00686E493031884259D0B6
:10B110006B48C06F00686B494831884252D068481C
:10B12000C06F00686749603188424BD06448C06F87
:10B13000006864497831884244D06148C06F006833
:10B140006049903188423DD05D48C06F00685D49DC
:10B15000A831884236D05A48C06F00685A498842A0
:10B1600030D05748C06F006857491831884229D0FD
:10B170005348C06F006854493031884222D050484B
:10B18000C06F00685049483188421BD04C48C06F9E
:10B1900000684D496031884214D04948C06F00684A
:10B1A0004949783188420DD04548C06F006846490A
:10B1B0009031884206D04248C06F00684249A831A9
:10B1C000884205D13E48C06F0068406804E03AE01C
:10B1D0003B48C06F00684068C0F500743B484FF4BE
:10B1E0000071002923DD00F01F077A18034600BF15
:10B1F00000BF00BFBFF34F8F00BF00BF00BF00BF45
:10B20000334F3B602033203A002AF9DC00BF00BFF7
:10B2100000BFBFF34F8F00BF00BF00BF00BF00BF24
:10B2200000BFBFF36F8F00BF00BF00BF00BF00BFF4
:10B23000E1B2264827F0A0FA4FF4007223492048D3
:10B24000FDF7D2FC00BF1D48006A40F001001B4919
:10B2500008620846006A40F0020008620846006A78
:10B2600040F0040008620846006A40F008000862E6
:10B270000846006A40F0100008620846006A40F084
:10B28000400008620846006A40F480700862084680
:10B29000006A40F4007008620846006A40F400301A
:10B2A00008620846006A40F4801008620846006A96
:10B2B00040F020000862BDE8F0810000005000402E
:10B2C000B89901241000024010040240000C013023
:10B2D0005CEF00E02DE9F0418248056881481C38A8
:10B2E000066805F0100000287DD006F01000002848
:10B2F000FAD010207C49096808627B48FDF7AEFC53
:10B300007948C06F00687949884267D07648C06F35
:10B31000006876491831884260D07348C06F006871
:10B3200072493031884259D06F48C06F00686F4908
:10B330004831884252D06C48C06F00686B49603118
:10B3400088424BD06848C06F0068684978318842AD
:10B3500044D06548C06F00686449903188423DD050
:10B360006148C06F00686149A831884236D05E48A4
:10B37000C06F00685E49884230D05B48C06F00688B
:10B380005B491831884229D05748C06F0068584936
:10B390003031884222D05448C06F00685449483147
:10B3A00088421BD05048C06F0068514960318842C4
:10B3B00014D04D48C06F00684D49783188420DD097
:10B3C0004948C06F00684A499031884206D04648D3
:10B3D000C06F00684649A831884205D14248C06F15
:10B3E0000068406804E040E03F48C06F0068406883
:10B3F000C0F500643F484FF40061002923DD00F0F0
:10B400001F077A18034600BF00BF00BFBFF34F8F6E
:10B4100000BF00BF00BF00BF374F3B602033203A62
:10B42000002AF9DC00BF00BF00BFBFF34F8F00BF91
:10B4300000BF00BF00BF00BF00BFBFF36F8F00BFE2
:10B4400000BF00BF00BF00BF2CA001F073FAA2B282
:10B450004FF47A7327492448FDF768FC4FF40062E3
:10B4600024492148FDF7C0FB00BF1E48001D0068AD
:10B4700040F001001B49091D08600846006840F0C3
:10B48000020008600846006840F0040008600846B2
:10B49000006840F0080008600846006840F01000AE
:10B4A00008600846006840F04000086008460068F0
:10B4B00040F4807008600846006840F4007008603E
:10B4C0000846006840F4003008600846006840F410
:10B4D000801008600846006840F020000860BDE861
:10B4E000F08100001C780040B89C0124100002404C
:10B4F00010040240001601305CEF00E00D0A2075D8
:10B500006172743720646D615F726563763A0D0A0B
:10B51000000000002DE9F0417F4805687E481C3896
:10B52000066805F0100000287DD006F01000002805
:10B53000FAD010207949096808627848FDF78EFB37
:10B540007648C06F00687649884267D07348C06FFC
:10B55000006873491831884260D07048C06F006835
:10B560006F493031884259D06C48C06F00686C49CF
:10B570004831884252D06948C06F006868496031DC
:10B5800088424BD06548C06F006865497831884271
:10B5900044D06248C06F00686149903188423DD014
:10B5A0005E48C06F00685E49A831884236D05B486B
:10B5B000C06F00685B49884230D05848C06F00684F
:10B5C00058491831884229D05448C06F00685549FD
:10B5D0003031884222D05148C06F0068514948310B
:10B5E00088421BD04D48C06F00684E496031884288
:10B5F00014D04A48C06F00684A49783188420DD05B
:10B600004648C06F006847499031884206D0434899
:10B61000C06F00684349A831884205D13F48C06FD8
:10B620000068406804E03AE03C48C06F0068406849
:10B63000C0F500643C484FF40061002923DD00F0B0
:10B640001F077A18034600BF00BF00BFBFF34F8F2C
:10B6500000BF00BF00BF00BF344F3B602033203A23
:10B66000002AF9DC00BF00BF00BFBFF34F8F00BF4F
:10B6700000BF00BF00BF00BF00BFBFF36F8F00BFA0
:10B6800000BF00BF00BF00BFA1B227480DF052F8B5
:10B690004FF4006224492148FDF7A6FA00BF1E4876
:10B6A000001D006840F001001B49091D08600846A4
:10B6B000006840F0020008600846006840F004009E
:10B6C00008600846006840F0080008600846006806
:10B6D00040F0100008600846006840F04000086034
:10B6E0000846006840F4807008600846006840F42E
:10B6F000007008600846006840F4003008600846A2
:10B70000006840F4801008600846006840F020009F
:10B710000860BDE8F08100001C7C00405CD0012482
:10B720001000024010040240001E01305CEF00E0F7
:10B7300090F8281001F0010139B10168496821F43D
:10B740000031C26A11430268516090F8281001F07C
:10B750000201022907D10168496821F48031026B96
:10B7600011430268516090F8281001F00401042987
:10B7700007D10168496821F48021426B11430268B6
:10B78000516090F8281001F00801082907D10168DC
:10B79000496821F40041826B11430268516090F8BE
:10B7A000281001F01001102907D10168896821F4DF
:10B7B0008051C26B11430268916090F8281001F02B
:10B7C0002001202907D10168896821F40051026C09
:10B7D00011430268916090F8281001F0400140295F
:10B7E00013D10168496821F48011426C1143026849
:10B7F0005160416CB1F5801F07D10168496821F49F
:10B80000C001826C11430268516090F8281001F069
:10B810008001802907D10168496821F40021C26CA8
:10B82000114302685160704738B504460020C4F8DF
:10B830008C00F9F7F7FF05462068006800F0080063
:10B8400008280CD16FF07E402B4600224FF40011E7
:10B850000090204600F070FC08B1032038BD20683D
:10B86000006800F0040004280CD16FF07E402B46E5
:10B8700000224FF480010090204600F05DFC08B1EA
:10B880000320EBE72020C4F88400C4F888000020DF
:10B89000E06600BF84F8800000BF00BFDEE72DE94E
:10B8A000F0410546AC6BD4F88460D4F88870206809
:10B8B000806800F08000802807D1212E05D100206B
:10B8C000A4F85600204600F0E7F82068806800F0F1
:10B8D0004000402807D1222F05D10020A4F85E00A7
:10B8E000204600F0A3F8D4F88C0040F01000C4F813
:10B8F0008C002046FDF7DAF9BDE8F08170B5054609
:10B90000AC6BE869B0F5807F40D00020A4F85E0001
:10B9100000BF00BF216851E8001F21F48070226839
:10B9200042E800010029F5D100BF00BF00BF216837
:10B93000083151E8001F21F001002168083141E879
:10B940000002002AF3D100BF00BF00BF2168083108
:10B9500051E8001F21F040002168083141E8000251
:10B96000002AF3D100BF2020C4F88800E06E01282F
:10B970000CD100BF00BF216851E8001F21F010006A
:10B98000226842E800010029F5D100BFE06E0128DD
:10B9900005D1B4F85C102046FDF75FF902E02046BF
:10B9A000FDF7C2F970BD70B50546AC6BE06E0128BD
:10B9B00006D1B4F85C0041082046FDF74EF902E0DC
:10B9C0002046FDF7B2F970BD70B50546AC6BE8696D
:10B9D000B0F5807F1ED00020A4F8560000BF00BF45
:10B9E0002168083151E8001F21F0800021680831EA
:10B9F00041E80002002AF3D100BF00BF00BF216868
:10BA000051E8001F41F04000226842E8000100298F
:10BA1000F5D102E02046FDF75BFA70BD70B5044633
:10BA2000A56B2846FDF755FA70BD000000BF00BFAA
:10BA3000026852E8002F22F49071036843E8001274
:10BA4000002AF5D100BF00BF00BF0268083252E8EB
:10BA5000002F104B02EA03010268083242E800138B
:10BA6000002BF2D100BFC16E01290CD100BF00BF75
:10BA7000026852E8002F22F01001036843E8001228
:10BA8000002AF5D100BF2021C0F888100021C1662E
:10BA900001677047FEFFFFEF00BF00BF026852E87A
:10BAA000002F22F0C001036843E80012002AF5D1FC
:10BAB00000BF00BF00BF0268083252E8002F22F426
:10BAC00000010268083242E80013002BF3D100BFE6
:10BAD0002021C0F8841070472DE9F04F89B0054649
:10BAE00000200890F8492868884200D100E000BF93
:10BAF0002969A868084369690843E96940EA0108B7
:10BB000028680068F149084040EA08002968086090
:10BB10002868406820F44050E96808432968486074
:10BB2000D5F81880E8492868884202D0286A40EA97
:10BB3000080828688068E649084040EA0800296843
:10BB400088602868C06A20F00F00696A0843296885
:10BB5000C86200BFDF492868884220D1DE480068FB
:10BB600000F03800182811D005DC48B1082809D0A9
:10BB7000102811D108E020280AD028280CD109E08B
:10BB800001240BE0042409E0082407E0102405E068
:10BB9000202403E0402401E0802400BFF8E0CF49E6
:10BBA0002868884219D1CC48006800F007000628B0
:10BBB00010D2DFE800F0030507090B0D00240BE0AD
:10BBC000042409E0082407E0102405E0202403E011
:10BBD000402401E0802400BFDAE0C149286888429F
:10BBE00019D1BD48006800F00700062810D2DFE830
:10BBF00000F0030507090B0D00240BE0042409E005
:10BC0000082407E0102405E0202403E0402401E09C
:10BC1000802400BFBCE0B3492868884219D1AE48EF
:10BC2000006800F00700062810D2DFE800F00305E6
:10BC300007090B0D00240BE0042409E0082407E0A9
:10BC4000102405E0202403E0402401E0802400BF0C
:10BC50009EE0A5492868884219D19F48006800F0F5
:10BC60000700062810D2DFE800F0030507090B0DD6
:10BC700000240BE0042409E0082407E0102405E078
:10BC8000202403E0402401E0802400BF80E09749A5
:10BC90002868884220D19048006800F038001828B1
:10BCA00011D005DC48B1082809D0102811D108E0CE
:10BCB00020280AD028280CD109E001240BE0042414
:10BCC00009E0082407E0102405E0202403E04024D4
:10BCD00001E0802400BF5BE085492868884219D1D3
:10BCE0007D48006800F00700062810D2DFE800F069
:10BCF000030507090B0D00240BE0042409E00824C8
:10BD000007E0102405E0202403E0402401E0802423
:10BD100000BF3DE077492868884219D16E48006825
:10BD200000F00700062810D2DFE800F0030507093D
:10BD30000B0D00240BE0042409E0082407E0102484
:10BD400005E0202403E0402401E0802400BF1FE040
:10BD50005D49286888421AD15F48001D006800F0DC
:10BD60000700062810D2DFE800F0030507090B0DD5
:10BD700002240BE0042409E0082407E0102405E075
:10BD8000202403E0402401E0802400BF00E0802460
:10BD900000BF4D49286888427DD1102C1AD006DC9E
:10BDA000022C09D0042C0BD0082C29D10DE0202C1A
:10BDB00021D0402C24D120E0F9F71EFF064623E0D5
:10BDC00005A8F9F72BFF069E1EE002A8FAF73EF839
:10BDD000039E19E0404854380068C0F3401040B159
:10BDE0003D4854380068C0F3C101434820FA01F6C9
:10BDF00000E0414E08E0414E06E04FF4004603E00B
:10BE000000260120089000BF00BF002E10D03C4942
:10BE1000686A31F81000B6FBF0F9686800EB400082
:10BE2000484503D868680003484502D201200890BD
:10BE300003E13349686A31F810C062460023304696
:10BE40001946F4F7BFFA4FF4807300228446ACFB26
:10BE5000030B01FB03B10CFB021C69684908034694
:10BE600059184CEB0200CDE90010D5F804C0624629
:10BE7000002308460199F4F7A5FA0746B7F5407F75
:10BE800006D3B7F5801F03D22868C760D5E002E06B
:10BE900001200890D1E0E869B0F5004F7BD1082C73
:10BEA00039D005DC5CB1012C2CD0042C4CD12DE018
:10BEB000102C35D0202C42D0402C45D141E0FBF74E
:10BEC00045F8064644E00000000C0058F369FFCF37
:10BED000FFF4FF1100100140544402580044004098
:10BEE00000480040004C0040005000400014014059
:10BEF00000780040007C00400090D00300093D0025
:10BF000038F80508FBF734F8064621E005A8F9F7EC
:10BF100085FE069E1CE002A8F9F798FF039E17E035
:10BF20004C480068C0F3401038B14A480068C0F37C
:10BF3000C101494820FA01F600E0474E08E0474EAB
:10BF400006E04FF4004603E000260120089000BF01
:10BF500000BFFEB14249686A31F81000B6FBF0F04C
:10BF60004000696800EB5100B0FBF1F7102F0FD3D0
:10BF7000B7F5803F0CD24FF6F07007EA000AC7F31E
:10BF800042004AEA000A2868C0F80CA055E002E026
:10BF90000120089051E0082C1AD005DC5CB1012C7E
:10BFA0000DD0042C2DD10EE0102C16D0202C23D037
:10BFB000402C26D122E0FAF7C9FF064625E0FAF721
:10BFC000D7FF064621E005A8F9F728FE069E1CE0EB
:10BFD00002A8F9F73BFF039E17E01E480068C0F374
:10BFE000401038B11B480068C0F3C1011A4820FA5C
:10BFF00001F600E0184E08E0184E06E04FF4004647
:10C0000003E000260120089000BF00BFAEB1144934
:10C01000686A31F81000B6FBF0F0696800EB510077
:10C02000B0FBF1F7102F06D3B7F5803F03D2B8B2BB
:10C030002968C86001E0012008900120A5F86A0085
:10C04000A5F86800002028676867089809B0BDE86F
:10C05000F08F0000004402580090D00300093D001A
:10C0600038F8050870B504460E46154644F8586F72
:10C07000A5800020606322202063606A583C08B3DA
:10C080002A48E16FC8632A48E16F08642948E16FD4
:10C09000C8640020E16F0865236803F124012B4682
:10C0A000A26DE06FF7F790FF60B11020C4F88C002C
:10C0B00000BF002084F8800000BF2020C4F8880062
:10C0C000012070BD00BF002084F8800000BF2069FF
:10C0D00060B100BF00BF216851E8001F41F48070CB
:10C0E000226842E800010029F5D100BF00BF00BF6F
:10C0F0002168083151E8001F41F001002168083132
:10C1000041E80002002AF3D100BF00BF00BF216850
:10C11000083151E8001F41F040002168083141E832
:10C120000002002AF3D100BF0020CAE7FDB80208D0
:10C13000A7B902089FB802082DE9F04104460D4650
:10C1400017469846069E6AE0701C002867D0F9F7EB
:10C1500069FBA0EB0800B04200D846BB00BF00BF9F
:10C16000216851E8001F21F4D070226842E80001E4
:10C170000029F5D100BF00BF00BF2168083151E898
:10C18000001F21F001002168083141E80002002A67
:10C19000F3D100BF2020C4F88400C4F8880000BF99
:10C1A000002084F8800000BF0320BDE8F0812068F3
:10C1B000006800F0040088B32068C069C0F3C020A4
:10C1C00060B34FF400602168086200BF00BF2168BF
:10C1D00051E8001F21F4D070226842E800010029D4
:10C1E000F5D100BF00BF00BF2168083151E8001F32
:10C1F00021F001002168083141E80002002AF3D152
:10C2000000BF202044F8840F6060A060843C00BF21
:10C21000002084F8800000BF0320C6E7FFE7206805
:10C22000C0692840A84201D1012000E00020B842A6
:10C230008AD00020B9E700002DE9F0417D48C569AA
:10C24000066805F0100000287DD006F010000028D8
:10C25000FAD010207849096808627748FCF7FEFC9C
:10C260007548C06F00687549884267D07248C06FD2
:10C27000006872491831884260D06F48C06F00680A
:10C280006E493031884259D06B48C06F00686B49A5
:10C290004831884252D06848C06F006867496031B1
:10C2A00088424BD06448C06F006864497831884246
:10C2B00044D06148C06F00686049903188423DD0E9
:10C2C0005D48C06F00685D49A831884236D05A4841
:10C2D000C06F00685A49884230D05748C06F006824
:10C2E00057491831884229D05348C06F00685449D3
:10C2F0003031884222D05048C06F006850494831E0
:10C3000088421BD04C48C06F00684D49603188425C
:10C3100014D04948C06F00684949783188420DD02F
:10C320004548C06F006846499031884206D042486F
:10C33000C06F00684249A831884205D13E48C06FAD
:10C340000068406804E03AE03B48C06F006840681D
:10C35000C0F500743B484FF40071002923DD00F064
:10C360001F077A18034600BF00BF00BFBFF34F8FFF
:10C3700000BF00BF00BF00BF334F3B602033203AF7
:10C38000002AF9DC00BF00BF00BFBFF34F8F00BF22
:10C3900000BF00BF00BF00BF00BFBFF36F8F00BF73
:10C3A00000BF00BF00BF00BFE1B2264826F026FA5A
:10C3B0004FF4007223492048FCF716FC00BF1D48CB
:10C3C000006A40F001001B4908620846006A40F01C
:10C3D000020008620846006A40F00400086208464D
:10C3E000006A40F0080008620846006A40F0100049
:10C3F00008620846006A40F0400008620846006A89
:10C4000040F4807008620846006A40F400700862D8
:10C410000846006A40F4003008620846006A40F4AA
:10C42000801008620846006A40F020000862BDE8FB
:10C43000F081000000100140B88301241000024088
:10C4400010040240000001305CEF00E01C4800686E
:10C4500040F001001A4908600846006840F00200F8
:10C4600008600846006840F004000860084600685C
:10C4700040F0080008600846006840F010000860BE
:10C480000846006840F0400008600846006840F434
:10C49000807008600846006840F400700860084634
:10C4A000006840F4003008600846006840F48010DE
:10C4B00008600846006840F02000086070470000EF
:10C4C000204400402DE9F041804805687F481C3831
:10C4D000066805F0100000287DD006F01000002846
:10C4E000FAD010207A49096808627948FCF7B6FB4F
:10C4F0007748C06F00687749884267D07448C06F3A
:10C50000006874491831884260D07148C06F006873
:10C5100070493031884259D06D48C06F00686D490C
:10C520004831884252D06A48C06F0068694960311A
:10C5300088424BD06648C06F0068664978318842AF
:10C5400044D06348C06F00686249903188423DD052
:10C550005F48C06F00685F49A831884236D05C48A8
:10C56000C06F00685C49884230D05948C06F00688D
:10C5700059491831884229D05548C06F006856493A
:10C580003031884222D05248C06F00685249483149
:10C5900088421BD04E48C06F00684F4960318842C6
:10C5A00014D04B48C06F00684B49783188420DD099
:10C5B0004748C06F006848499031884206D04448D7
:10C5C000C06F00684449A831884205D14048C06F17
:10C5D0000068406804E03DE03D48C06F0068406886
:10C5E000C0F500643D484FF40061002923DD00F0F0
:10C5F0001F077A18034600BF00BF00BFBFF34F8F6D
:10C6000000BF00BF00BF00BF354F3B602033203A62
:10C61000002AF9DC00BF00BF00BFBFF34F8F00BF8F
:10C6200000BF00BF00BF00BF00BFBFF36F8F00BFE0
:10C6300000BF00BF00BF00BF2AA000F0D3F9A1B225
:10C64000264800F0EFF94FF4006224492048FCF737
:10C65000CBFA00BF1D48001D006840F001001B49D7
:10C66000091D08600846006840F00200086008469E
:10C67000006840F0040008600846006840F00800C8
:10C6800008600846006840F010000860084600682E
:10C6900040F0400008600846006840F48070086080
:10C6A0000846006840F4007008600846006840F4DE
:10C6B000003008600846006840F4801008600846B2
:10C6C000006840F020000860BDE8F0811C48004090
:10C6D000B89601241000024010040240000201300C
:10C6E0005CEF00E00D0A2075736172743320646D95
:10C6F000615F726563763A0D0A0000002DE9F04132
:10C700007F4805687E481C38066805F01000002840
:10C710007DD006F010000028FAD010207949096871
:10C7200008627848FCF79AFA7648C06F0068764944
:10C73000884267D07348C06F0068734918318842D7
:10C7400060D07048C06F00686F493031884259D05E
:10C750006C48C06F00686C494831884252D06948C3
:10C76000C06F00686849603188424BD06548C06F2F
:10C77000006865497831884244D06248C06F0068DB
:10C780006149903188423DD05E48C06F00685E4983
:10C79000A831884236D05B48C06F00685B49884248
:10C7A00030D05848C06F006858491831884229D0A5
:10C7B0005448C06F006855493031884222D05148F2
:10C7C000C06F00685149483188421BD04D48C06F46
:10C7D00000684E496031884214D04A48C06F0068F2
:10C7E0004A49783188420DD04648C06F00684749B1
:10C7F0009031884206D04348C06F00684349A83151
:10C80000884205D13F48C06F0068406804E03AE0C4
:10C810003C48C06F00684068C0F500643C484FF475
:10C820000061002923DD00F01F077A18034600BFCE
:10C8300000BF00BFBFF34F8F00BF00BF00BF00BFEE
:10C84000344F3B602033203A002AF9DC00BF00BFA0
:10C8500000BFBFF34F8F00BF00BF00BF00BF00BFCE
:10C8600000BFBFF36F8F00BF00BF00BF00BF00BF9E
:10C87000A1B227480DF0BEF84FF4006224492148C8
:10C88000FCF7B2F900BF1E48001D006840F001002F
:10C890001B49091D08600846006840F00200086056
:10C8A0000846006840F0040008600846006840F050
:10C8B000080008600846006840F01000086008465C
:10C8C000006840F0400008600846006840F480704E
:10C8D00008600846006840F4007008600846006878
:10C8E00040F4003008600846006840F4801008609A
:10C8F0000846006840F020000860BDE8F0810000B4
:10C900001C140140389B0124100002401004024016
:10C91000000E01305CEF00E070B504460D464FF4A8
:10C920007A732A4621460248FCF700FA70BD0000DF
:10C93000B899012470B50446002500BF61194FF471
:10C940007A7301220348FCF7F1F96D1C605D002841
:10C95000F4D170BDB89C012470B504460D464FF467
:10C960007A732A4621460248FCF7E0F970BD0000C0
:10C970005CD0012400BFFEE770B505460C46284692
:10C980002146002923DD00F01F067218034600BF70
:10C9900000BF00BFBFF34F8F00BF00BF00BF00BF8D
:10C9A0000E4E33602033203A002AF9DC00BF00BF6E
:10C9B00000BFBFF34F8F00BF00BF00BF00BF00BF6D
:10C9C00000BFBFF36F8F00BF00BF00BF00BF00BF3D
:10C9D000224629460248FCF715FA70BD68EF00E0D0
:10C9E000B883012470B50446012291020B48F8F780
:10C9F0000DFF002500BF61194FF47A73012208482A
:10CA0000FCF794F96D1C605D0028F4D100224FF40E
:10CA100080610248F8F7FAFE70BD0000000C025871
:10CA2000B896012470B504460D46012291020848CB
:10CA3000F8F7ECFE4FF47A732A4621460548FCF7D6
:10CA400075F900224FF480610148F8F7DFFE70BDF0
:10CA5000000C0258B896012470B504460D464FF4F8
:10CA60007A732A4621460248FCF760F970BD00003F
:10CA70003898012470B52DED028B05460C462046F2
:10CA800008F052F8B0EE408AB7EEC80A53EC102B0B
:10CA900003A1284600F018F8BDEC028B70BD000021
:10CAA000252E3266000000000FB4054B10B503A917
:10CAB000044A029800F082FB10BC5DF814FB0000F1
:10CAC00095810308280500240FB4084B10B504A96C
:10CAD00002AA039800F072FB044602A9002000F0AD
:10CAE000F0FE204610BC5DF814FB0000C3D802081D
:10CAF00001464FF033324FF0553000EA5100091A29
:10CB000001EA020002EA9103C11801EB111000F0E2
:10CB10000F3101EB112101EB114101F03F00704792
:10CB200002480068C0F30220704700000CED00E0EE
:10CB300010B5002804DB0A07130E054A135406E05B
:10CB40000A07140E034A00F00F031B1FD45410BD34
:10CB500000E400E018ED00E00EB507460E4614466E
:10CB600019491AA00BF024FB174938460BF020FB9B
:10CB700015491CA00BF01CFB134930460BF018FBA9
:10CB800011491AA00BF014FB03AD0021681E0546E5
:10CB900001700A21681E054601700CE00A2094FB12
:10CBA000F0F100FB11403030C1B2681E0546017043
:10CBB0000A2094FBF0F4002CF0DC034928460BF02B
:10CBC000F7FA00F083FE00002C0500242A2A2A2010
:10CBD000617373657274696F6E206661696C6564F8
:10CBE0003A2000002C2066696C6520002C206C69BE
:10CBF0006E652000004870474005002430B528B11C
:10CC0000144C031F002021680A4605E0084630BD89
:10CC10009A4203D810465268002AF9D1002800D061
:10CC200041680BD00468A3EB0005A54204D11B6842
:10CC30001C440346046002E0436000E023603AB114
:10CC40001C68D51AA54203D115682C441C60526893
:10CC50005A6030BD3805002410B5694A2DED020B2D
:10CC60002DED0C8B82B00F9921F000409FED66CB2B
:10CC700090422CDBA0F140530E9AA3F17F631A433C
:10CC80000FD06349884202DC16D10E98A0B19DED09
:10CC90000E0B02B0BDEC0C8B02B0BDE8104000F0F2
:10CCA00097B90029CCBF9FED5C0BB0EE4C0B02B0E6
:10CCB000BDEC0C8B02B010BD012000F0AFF902B04A
:10CCC000BDEC0C8B02B0BDE8104000F085B9544AB1
:10CCD0009FED558B9FED569B90422ADA56499FED6A
:10CCE00058BB8142A8BFB0EE4B0BE0DA9DED0E0BB6
:10CCF0005548062120EE00ABB0EE4A0B784400F018
:10CD000006F920EE0ACB5148B0EE4A0B04217844D4
:10CD100000F0FDF80AEE008B9DED0E1B8CEE080B6B
:10CD200001EE409B9DED0E0B30EE490B3BEE400BB0
:10CD3000BDE79FED470B9FED48BB9DED0E1B002906
:10CD400026DA31EE081B4648062121EE00ABB0EE94
:10CD50004A0B784400F0DBF820EE0ADB4148B0EEE5
:10CD60004A0B0421784400F0D2F80AEE008B51EC13
:10CD70001A0B27F08DF98DEE081B41EC100B11EE0C
:10CD8000009B30EE091BB0EE4C0B01EE4B0B8EE717
:10CD900038EE411B21EE009B51EC190B27F078F97E
:10CDA00041EC1C0B00208DED00CB00909DED001B95
:10CDB0009DED002BB0EE490B2B4801EE420B0621F6
:10CDC0003CEE011B80EE01ABB0EE490B784400F065
:10CDD0009EF820EE09DB2548B0EE490B042178448B
:10CDE00000F095F809EE008B8DEE080B00EE0CAB11
:10CDF0009DED000B30EE0A0B20EE0B0B57E7000009
:10CE00000000F03F00000000182D4454FB210940B1
:10CE10000000F07F000000000000000000000000A3
:10CE20000000E03F00000000000000000000F03FB4
:10CE3000075C143326A6913C0000603C0000000013
:10CE4000182D4454FB21F93F608803007E880300BD
:10CE5000000000000000E03F000000000000004073
:10CE60000A8803002888030090870300AE87030028
:10CE700030B583B0044600F0BBF89FED090B0546C2
:10CE80008DED000B002221466846F4F73AF828465B
:10CE900000F0C4F89DED000B03B030BD00000000B1
:10CEA000000000000000000000B52DED028BB1EE87
:10CEB000C08B83B018EE100A18EE901A8DED008B1F
:10CEC000002818BF0120084320F00040C0F17F6017
:10CED00000F1E040C00F14D010EE101A10EE900ACE
:10CEE0008DED000B002918BF0121084320F0004000
:10CEF000C0F17F6000F1E040C00F04BF012000F0EE
:10CF00008DF8B0EE480B03B0BDEC028B00BD491E9E
:10CF100000EBC102B0EE401B92ED000B31F00602B7
:10CF20000DD0491E00EBC102B0EE403B92ED002B4C
:10CF300031F00602B0EE420B03EE010BF1D10229F3
:10CF400014D004290AD0062918BF704790ED0A2B87
:10CF500000EE012B90ED080B02EE010B90ED062B7D
:10CF600000EE012B90ED040B02EE010B90ED022B75
:10CF700000EE012B90ED000B02EE010B704700005C
:10CF80002DE9F04782460F4C10480D4E0E4F001B06
:10CF90004FF0000820F007054FF00109002211466C
:10CFA000504611F079FA002802D1306810B1002003
:10CFB000BDE8F0873C60C4E90058C6F80090EDE792
:10CFC0003C050024EC1A052438050024E822052439
:10CFD00030EE000B704700009FED031B81EE010B4C
:10CFE000704700000000000000000000000000008A
:10CFF00001480068704700004005002402E008C8AE
:10D00000121F08C1002AFAD170477047002001E0C2
:10D0100001C1121F002AFBD17047000001490860BE
:10D0200070470000400500242DE9FF5F82B0002119
:10D03000DDE90430020DDDF840B0034318D044F6BA
:10D040001050A2F2FF3242431514119801281FD04C
:10D05000A5EB0B00401C5FEA000A4FF000064E4FA4
:10D06000DFF83891B046504615D5CAF1000413E0F8
:10D07000119801244AA3012801D16FEA0B010298FB
:10D08000119AC0E90031C0E9024206B0BDE8F09F44
:10D09000CBF10000DFE704460021404A491842EB8B
:10D0A0000450CDE9001012E0E00707D032463B46BD
:10D0B00040464946F3F7FFFF8046894632463B46E5
:10D0C00010461946F3F7F7FF06460F466410002C8A
:10D0D000EAD1DDE90401DDE90023BAF1000F06DA47
:10D0E000F3F7E9FF42464B46F3F7E5FF05E0F4F7B7
:10D0F00054F842464B46F4F750F804460E460022D8
:10D10000284BF4F7D1F803D84FF0FF30014607E081
:10D110000022254B20463146F3F726FFF4F7ACF802
:10D12000102409E0002C0ADB0A220023F3F74AF955
:10D13000039B30321A55641E50EA0102F2D1641C7E
:10D14000039AC4F111031444119A012A03D0012255
:10D1500008430DD10AE0084304D000204FF0110B22
:10D16000119072E7A3EB0B056D1E0DE05B4504DD2E
:10D170004FF0000205F1010504E003DA4FF0000270
:10D18000A5F10105002AECD002981199C0E90231FD
:10D19000C0E9004579E70000000014400000F03FBE
:10D1A000300000000000F0430000E03F30380A2863
:10D1B00001D2012070470020704700002DE9FF4F89
:10D1C00095B09A46884606460025EEE1252877D197
:10D1D00000242746F94A0121039400E0044316F88D
:10D1E000013F203B01FA03F01042F7D130782A28A2
:10D1F00011D06FF02F033078A0F13002092A16D831
:10D20000039A44F0020402EB820203EB4202104450
:10D21000761C0390EFE758F8042B0392002A03DAF8
:10D22000504244F40054039044F00204761C3078D9
:10D230002E2816D116F8010F44F004042A280DD028
:10D240006FF02F023078A0F13003092B09D807EBDB
:10D25000870302EB4303C718761CF3E758F8047BF7
:10D26000761C30786C280FD006DC4C2817D0682844
:10D270000DD06A2814D104E0742810D07A280FD178
:10D280000DE044F400140AE044F4801401E044F496
:10D2900040147278824202D104F58014761C761C08
:10D2A000307866280BD013DC582877D009DC0028AA
:10D2B00075D04528F6D04628F4D047281AD193E1F6
:10D2C00018E0632835D0642879D0652812D18BE125
:10D2D000702873D008DC6728F1D069286FD06E28D9
:10D2E0000DD06F2806D1ACE073282CD0752874D0EF
:10D2F000782853D05246179990476D1C54E1C4F3D7
:10D300000250022809D003280DD0D8F800100428B4
:10D310000DD00D6008F1040846E1D8F80010EA17B6
:10D32000C1E90052F6E7D8F800100D80F2E70D7061
:10D33000F0E718F8041B8DF8001000208DF80100AC
:10D34000EB46012003E058F804BB4FF0FF306107C3
:10D350004FF0000102D40DE009F101018946B94204
:10D360000FDA8145F8DB1BF809100029F4D108E039
:10D3700009F1010189468142FADB1BF809100029F5
:10D38000F6D103985346A0EB090721463846179A71
:10D3900000F080FA284400EB090507E044E008E1CA
:10D3A0000DE01BF8010B524617999047B9F101099E
:10D3B000F7D2534621463846179AF2E039E00A215F
:10D3C000C4F302524FF0000B0091022A06D058F825
:10D3D000040BC117032A09D00AE023E008F1070073
:10D3E00020F00702F2E80201904605E000B2C11702
:10D3F000042A01D140B2C117002906DA0A460021E9
:10D40000404261EB02012D2202E0220504D52B22CD
:10D410008DF80420012203E0E20701D02022F7E783
:10D42000914657E00A2100E010214FF0000B0091D7
:10D430000BE010214FF0000B44F00404082700918A
:10D4400003E008204FF0000B0090C4F30252022AC0
:10D4500005D058F8040B0021032A08D008E008F191
:10D46000070020F00702F2E80201904603E080B2D4
:10D47000042A00D1C0B24FF0000922072AD5327821
:10D48000702A07D0DDF800C08CF0100C5CEA0B0CA1
:10D4900005D00EE040228DF80420012208E050EA79
:10D4A000010306D030238DF804308DF805200222C8
:10D4B0009146009B83F0080353EA0B030AD150EA1C
:10D4C000010201D1620705D530228DF804204FF00A
:10D4D00001097F1E3278582A04D039A20C920CAA76
:10D4E00002920BE03BA2F9E75B46009AF2F76AFF73
:10D4F0000C9B9B5C029A521E0292137050EA01022E
:10D50000F2D1029804A9081A00F1200B600702D595
:10D5100024F4803400E001275F4502DDA7EB0B0017
:10D5200000E0002000EB0B01009003984944401AF2
:10D530000390E00306D453462146179A039800F05F
:10D54000A9F90544002706E001A85246C05D1799D5
:10D5500090476D1C7F1C4F45F6DBE0030CD553460E
:10D560002146179A039800F095F9054404E030200D
:10D570005246179990476D1C0099481E009000294B
:10D58000F5DC08E00298029952460078491C0291A5
:10D59000179990476D1CBBF10001ABF1010BF1DC59
:10D5A0005BE100F065F90544761C307800287FF4D3
:10D5B0000DAE19B02846BDE8F08F00000928010023
:10D5C00030313233343536373839616263646566F9
:10D5D00000000000303132333435363738394142BB
:10D5E0004344454600000000600700D4062708F1C8
:10D5F000070020F00700F0E80223804603F0004C0B
:10D600005FEA0C0001D097A009E0200501D596A0A3
:10D6100005E0E00701D095A001E0AFF24C001390C7
:10D62000307823F0004365280CD006DC452809D06B
:10D6300046281DD047287FD13BE0662818D06728B0
:10D640007AD136E00021112F01DB112000E0781C97
:10D65000CDE9000104A90CA8FFF7E6FCDDE90D0106
:10D660000C9A4FF0000B07F10109109200914EE067
:10D670004FF000400097CDE9011004A90CA8FFF776
:10D68000D3FCDDE90D020C9B0F994FF0000B914686
:10D690001093009211B9791C00EB0109B7EB090056
:10D6A00003D4C0F1FF3B07F10109A9EB070001908A
:10D6B00042E0012F00DA01270021112F01DD1120A6
:10D6C00000E03846CDE9000104A90CA8FFF7ACFC46
:10D6D000DDE90D010C9A00914FF0000BB946109254
:10D6E00021070FD4009A4A4503DA914601E0A9F1D7
:10D6F0000109B9F1010F05DD109AA9F10101515C91
:10D700003029F4D0B84202DA10F1040F03DA012113
:10D71000CDE9011010E0002803DC8344A9EB0001EF
:10D7200002E0411C494500DD8946A0EB0B00401C8E
:10D7300001904FF000400290200705D40198484521
:10D7400002DB4FF0FF30019000208DF84B00029873
:10D750000DF14B07B0F1004F25D002200C902B208B
:10D760000D90029800280CDA404202902D200D9076
:10D7700007E00A210298F3F7E5F83031029007F844
:10D78000011D0C99481E0C900029F2DC029800281B
:10D79000EFD1791E0D980870307800F0200040F02D
:10D7A000450007F8020D11A8C01BC01D0290139878
:10D7B000007800B1012000EB0901019801EBE07154
:10D7C000029801440398401A401E0390E00306D4D7
:10D7D00053462146179A039800F05CF805441398C5
:10D7E000007818B15246179990476D1CE00323D575
:10D7F00053462146179A039800F04CF805441BE065
:10D80000BBF1000F07DB0098584504DD109817990D
:10D8100010F80B0001E0179930205246904701980C
:10D820000BF1010B401E05F10105019004D12E20E2
:10D830005246179990476D1CB9F10001A9F10109F1
:10D84000DEDC05E017F8010B5246179990476D1C76
:10D850000299481E02900029F4DC53462146179A8B
:10D8600003989EE62D0000002B0000002000000021
:10D870002DE9F041044600251E461746880404D4CD
:10D8800005E039462020B0476D1C641EF9D52846B6
:10D89000BDE8F0812DE9F041044600251E46904682
:10D8A000C80301D5302700E02027880404D505E00F
:10D8B00041463846B0476D1C641EF9D52846BDE880
:10D8C000F0810A68531C0B601070704700BFFEE7C0
:10D8D0002DE9F04107460D4616464FF0000800249A
:10D8E00021F056FB47F0010021F01AFB21F098FBD4
:10D8F000804600BF0DE0701EA04204D1002021F040
:10D90000DFFA285503E0012021F0DAFA2855601CDF
:10D91000C4B2B442EFDB21F063FB4046BDE8F081C6
:10D920002DE9F04104460E4617464FF00008002549
:10D9300021F02EFB204621F0F3FA21F071FB804606
:10D9400000BF07E0705D21F0EBFA21F069FB804633
:10D95000681CC5B2BD42F5DB21F042FB4046BDE884
:10D96000F08108B50020009004F0BCFE642006F0B1
:10D97000B1FF012269467020FFF7AAFF08BD000031
:10D98000F0B52DED028B83B006460F4600249FEDC7
:10D99000360BB0EE408B0025002001900290AC20A9
:10D9A0008DF8040033208DF8050000208DF8060066
:10D9B000032201A97020FFF7B3FF054625B168B225
:10D9C00003B0BDEC028BF0BD072201A97020FFF768
:10D9D0007FFF05460DB168B2F2E7062101A804F009
:10D9E00047FF9DF80A10884201D00120E8E79DF822
:10D9F00005409DF8060040EA042420019DF8071028
:10DA000040EA211400EE104AB8EE400BB0EE408B15
:10DA10009FED171B88EE010B9FED171B20EE010BEE
:10DA200086ED000B00249DF8070000F00F049DF820
:10DA3000080040EA04249DF8090040EA042400EEAE
:10DA4000104AB8EE400BB0EE408B9FED090B88EE0C
:10DA5000001B9FED0B2B9FED0C0B11EE020B87EDC6
:10DA6000000B68B2ACE700000000000000000000FE
:10DA7000000000000000304100000000000059409C
:10DA80000000000000006940000000000000494064
:10DA90002DE9F04107460D4616464FF000080024D8
:10DAA00021F042F947F0010021F004F921F088F952
:10DAB000804600BF0DE0701EA04204D1002021F07E
:10DAC000C7F8285503E0012021F0C2F82855601C52
:10DAD000C4B2B442EFDB21F051F94046BDE8F08119
:10DAE0002DE9F04104460E4617464FF00008002588
:10DAF00021F01AF9204621F0DDF821F061F9804685
:10DB000000BF07E0705D21F0D5F821F059F980469B
:10DB1000681CC5B2BD42F5DB21F030F94046BDE8D6
:10DB2000F08108B50020009004F09CFD642006F010
:10DB3000D1FE012269467020FFF7AAFF08BD000050
:10DB4000F0B52DED028B83B006460F4600249FED05
:10DB5000360BB0EE408B0025002001900290AC20E7
:10DB60008DF8040033208DF8050000208DF80600A4
:10DB7000032201A97020FFF7B3FF054625B168B263
:10DB800003B0BDEC028BF0BD072201A97020FFF7A6
:10DB90007FFF05460DB168B2F2E7062101A804F047
:10DBA00055FE9DF80A10884201D00120E8E79DF853
:10DBB00005409DF8060040EA042420019DF8071066
:10DBC00040EA211400EE104AB8EE400BB0EE408B54
:10DBD0009FED171B88EE010B9FED171B20EE010B2D
:10DBE00086ED000B00249DF8070000F00F049DF85F
:10DBF000080040EA04249DF8090040EA042400EEED
:10DC0000104AB8EE400BB0EE408B9FED090B88EE4A
:10DC1000001B9FED0B2B9FED0C0B11EE020B87ED04
:10DC2000000B68B2ACE7000000000000000000003C
:10DC300000000000000030410000000000005940DA
:10DC400000000000000069400000000000004940A2
:10DC500010B506F01DFF01283ED1002006F064FF3C
:10DC6000DFEDFE0AB4EEE00AF1EE10FA1AD2FC483B
:10DC7000007800F00100002813D1F948006840F056
:10DC80000100F7490860F748006820F00100F549F5
:10DC9000086000F0D9FFF4490020F4F7A1FD01F07D
:10DCA0002DF874E0EE48007800F0020000286ED1F4
:10DCB000EB48006840F00200E9490860E948006864
:10DCC00020F00200E74908604FF081510020F4F78E
:10DCD00087FD01F013F85AE0E248007800F00100F7
:10DCE00028B1E048007800F0020000284FD1DC485D
:10DCF000007800F0010020B9D948007800F0020057
:10DD000048B1DA4817F07DFA64202FF0B1FD4FF4E6
:10DD10007A7001F02DFC64202FF0AAFDD148006834
:10DD200040F00100CF490860CD48006820F00100B4
:10DD3000CB490860CB48006840F00200C949086040
:10DD4000C748006820F00200C5490860C6490020A5
:10DD5000F4F7B6FC4FF081510020F4F7B1FC00F06D
:10DD6000CDFF4FF4FA602FF083FD00F092FF00200A
:10DD7000BF4908704870BF49F4F7A2FC4FF08251C8
:10DD80000020F4F79DFCBC490020F4F799FCBB4847
:10DD90000068008820BBB348007800F00400002829
:10DDA00079D1B048006840F00400AE490860AC4842
:10DDB000006820F00400AA490860AD4840780128B6
:10DDC00069D10020AA494870AA49F4F779FC00F00B
:10DDD00095FF4FF4FA602FF04BFD00F05AFF5AE028
:10DDE000002006F0A1FEA5480068008800EE900A19
:10DDF000F8EE600AB4EEE00AF1EE10FA1CDB984887
:10DE0000007800F00400E8BB9548006840F004008A
:10DE1000934908609348006820F004009149086025
:10DE200000F012FF01209249487092490020F4F757
:10DE3000D7FC00F063FF2EE0002006F075FEDFED5A
:10DE4000870AB4EEE00AF1EE10FA24DB8548007888
:10DE500000F00400B0B98348006840F00400814934
:10DE600008607F48006820F004007D490860804811
:10DE7000407801280FD100207D4948707D49F4F792
:10DE80001FFC00E007E000F039FF4FF4FA602FF0CC
:10DE9000EFFC00F0FEFE79480068408810BB714836
:10DEA000007800F0080000281BD16E48006840F0A0
:10DEB00008006C4908606A48006820F0080068495A
:10DEC00008606B484078022875D14FF082510020DD
:10DED000F4F7F6FB00206649487000F00FFF00F0F1
:10DEE000D8FE68E0002006F01FFE64480068408805
:10DEF00000EE900AF8EE600AB4EEE00AF1EE10FAD5
:10DF000027D8002006F010FEF3EE040AB4EEE00A73
:10DF1000F1EE10FA1DDB5248007800F00800E8BB73
:10DF20004F48006840F008004D4908604D480068BF
:10DF300020F008004B49086000F086FE4FF0825147
:10DF40000020F4F74DFC02204949487000F0D6FE4D
:10DF500031E0002006F0E8FD48480068408800EE07
:10DF6000900AF8EE600AB4EEE00AF1EE10FA22DB55
:10DF70003C48007800F0080080B93A48006840F05A
:10DF80000800384908603648006820F00800344925
:10DF900008603748407802280DD100E00BE04FF0D0
:10DFA00082510020F4F78CFB00203149487000F0CA
:10DFB000A5FE00F06EFE31480068808850B3012055
:10DFC00006F0B2FD2D480068808800EE900AF8EE59
:10DFD000600AB4EEE00AF1EE10FA1CDB00F034FE49
:10DFE0001F48007800F01000A0B91D48006840F0FC
:10DFF00010001B4908601B48006820F010001949F8
:10E00000086001201A4908701B490020F4F7E8FB5A
:10E0100000F074FE1FE0012006F086FDF3EE040A16
:10E02000B4EEE00AF1EE10FA15DB0E48007800F0CD
:10E03000100080B90B48006840F0100009490860E2
:10E040000748006820F010000549086000200849D2
:10E05000087000F053FE002012E00000000048426B
:10E06000F4000024F800002400001010F8D301246C
:10E07000480A00200000301000005010F00000247A
:10E0800006F0F8FC494909688989884207DC0120C3
:10E0900006F0F0FC45490968898988421DDD44483D
:10E0A000007800F0200090BB4148006840F020005C
:10E0B0003F4908603F48006820F020003D49086063
:10E0C00000F0C2FD4FF083510020F4F789FB0220DD
:10E0D0003949887000F012FE19E03648007800F0E7
:10E0E0002000A0B93348006840F0200031490860A2
:10E0F0002F48006820F020002D4908602E488078C5
:10E10000022804D100202C49887000F0F7FD06F0A9
:10E11000ABFCE8BB002006F007FD5FED300AB4EE73
:10E12000E00AF1EE10FA1AD22148007800F040001F
:10E1300078BB1F48006840F040001D4908601D483A
:10E14000006820F040001B49086002201A49C8708E
:10E150001A490020F4F744FB00F0D0FD24E01548F4
:10E16000007800F04000A0B91248006840F040007C
:10E17000104908600E48006820F040000C49086013
:10E180000E490020F4F79CFA01200B49C87001E009
:10E1900003E009E000F0B2FD06E008490020F4F7D2
:10E1A0008FFA00200449C87010BD0000F000002460
:10E1B000F4000024F8000024480A00200000603029
:10E1C0000148007870470000480A00200148807824
:10E1D00070470000480A002001484078704700005E
:10E1E000480A002010B508F0C7F9B8B926480078E9
:10E1F00000F0010048BB2448006840F001002249BB
:10E2000008602248006820F0010020490860204989
:10E210000120F4F7E5FA00F071FD16E01B480078E4
:10E2200000F0010088B91948006840F00100174962
:10E2300008601548006820F001001349086014497F
:10E240000120F4F73DFA00F059FD06F09BFC01288F
:10E2500018D106F0FDFB38B906F000FC20B90D49D5
:10E260000120F4F7BDFA0BE006F0F2FB012803D021
:10E2700006F0F4FB012803D106490120F4F720FA47
:10E2800000F03CFD10BD0000FC0000240001002453
:10E29000000010200000202010B506F069FB59494D
:10E2A00009688979884218DB5748007800F0010036
:10E2B00058BB5548006840F0010053490860534876
:10E2C000006820F00100514908604FF041510220E0
:10E2D000F4F786FA00F012FD17E04C48007800F0E1
:10E2E000010090B94948006840F0010047490860C2
:10E2F0004548006820F00100434908604FF0415153
:10E300000220F4F7DDF900F0F9FC002006F03CFBF8
:10E3100001280ED0012006F037FB012809D0022089
:10E3200006F032FB012804D0032006F02DFB012863
:10E3300017D13548007800F0020048BB3248006829
:10E3400040F00200304908603048006820F00200C8
:10E350002E4908602E490220F4F742FA00F0CEFC64
:10E3600016E02A48007800F0020088B927480068C3
:10E3700040F00200254908602348006820F00200B0
:10E380002149086022490220F4F79AF900F0B6FC0E
:10E39000002006F0EFFB012804D0012006F0EAFB84
:10E3A000012817D11848007800F0040048BB16482F
:10E3B000006840F00400144908601448006820F028
:10E3C00004001249086013490220F4F709FA00F02A
:10E3D00095FC16E00D48007800F0040088B90B4861
:10E3E000006840F00400094908600748006820F010
:10E3F00004000549086007490220F4F761F900F0BC
:10E400007DFC10BDF000002404010024080100245C
:10E41000000050300000603010B5044600F002F8F3
:10E4200010BD000000F0C4FB0749086000BFFFF703
:10E430000FFCFFF7D7FEFFF72FFF11F059FB0A2063
:10E440002FF016FAF3E70000F00000242DE9F04168
:10E4500005460E46002445E026F070F9074624489C
:10E4600000EB04100068002838D1214800EB0410AC
:10E470000560384626F0F8F900201D4901EB04112B
:10E48000486000BF1A4800EB0410807B002808D0C9
:10E4900000BF18A340F20E2221A129A0FEF704FB21
:10E4A00000BF00BF0020124901EB04110881287849
:10E4B00000F0F000102804D10EB1012002E000208D
:10E4C00000E001200A4901EB0411488100200849BD
:10E4D00001EB041188812046BDE8F081384626F022
:10E4E000C3F9641C042CB7DB4FF0FF30F4E70000E5
:10E4F000B0E402242E2E5C2E2E5C4D6964646C65A3
:10E5000077617265735C6C7769705C7372635C6170
:10E5100070695C736F636B6574732E630000000039
:10E52000736F636B6574735B695D2E73656C656394
:10E53000745F77616974696E67203D3D203000002B
:10E54000417373657274696F6E2022257322206691
:10E5500061696C6564206174206C696E6520256456
:10E5600020696E2025730A0010B50BF059FA20B906
:10E5700008F008F8022800D010BD1A48807B78B94E
:10E5800008F000F802280BD016481E300021016068
:10E59000416000201349487408F0A6F90BF00AFB0B
:10E5A0001048807B01280ED10BF03AFA58B90D487B
:10E5B0001E3000210160416000200A49487408F0C3
:10E5C00093F90BF0F7FA0748007C10B900F04CF80B
:10E5D00005E00448007C022801D100F0EBF800BF00
:10E5E000CAE700008C0000201D484068401C1C4900
:10E5F0004860084640681B490968884206D90020DF
:10E60000174948600121164880F820101448806896
:10E61000401C13498860084680681249496888424E
:10E6200004D900200E498860012088770C48007CBE
:10E63000012811D10A488089401C0949888108466F
:10E64000808942F21071884209DD002004498881E6
:10E6500002200874087002E0002001498881704798
:10E660008C000020E401002010B54F48407C28B108
:10E6700000F09EFB01204C49087410BD4A4890F8F8
:10E68000200001280CD10021474880F8201047497C
:10E69000474804F05DFFFF2043494874002048606C
:10E6A0004148807F012811D100203F4988774FF4ED
:10E6B00000613F48F1F706FFE2223C493C4805F083
:10E6C0007DFBE220384948740020C873364890F832
:10E6D000230001280FD10021334880F823104FF484
:10E6E00000613348F1F7EEFE3049314824F03EFC3A
:10E6F000E4202D4948742C4890F8240001280FD1BB
:10E700000021294880F824104FF400612848F1F7CF
:10E71000D9FE2649264824F025FAE52022494874E6
:10E720002148C07F01280DD100211F48C1774FF437
:10E7300000611F48F1F7C6FE1C491D4804F070FF38
:10E7400000F036FB184890F82100012809D100217B
:10E75000154880F821101549154805F09FFF00F075
:10E7600027FB114890F82500012809D100210E4807
:10E7700080F825100D490E4824F056F800F018FBDB
:10E78000094890F8220001280BD10021064880F8A2
:10E790002210C37C827C0549054804F0F3FA00F09E
:10E7A00007FB00BF69E700008C000020F80900208B
:10E7B000F801002010B52F480078012820D0022849
:10E7C00004D0032829D0042842D127E02948C07B5F
:10E7D000401C2849C8730846C07B03280CDB002076
:10E7E000C87308F081F80BF0E5F90020214908749E
:10E7F00048744860C87302E000201E49087434E081
:10E8000000201C49087448744FF400611A48F1F75D
:10E8100059FE00201949088027E000BF1548C07B39
:10E82000401C1449C8730846C07B03280CDB002039
:10E83000C873087448744FF400610F48F1F742FE42
:10E8400000200E49088002E000200A4908740CE00C
:10E8500000200849487408744FF400610648F1F735
:10E8600031FE00200549088000BF00BF002001499B
:10E87000087010BD8C000020F8010020F80900206D
:10E8800010B506F005F910B901200149887710BDCF
:10E890008C00002000487047040000200148807B65
:10E8A000704700008C00002000487047E401002001
:10E8B0001FB504460948C07908498979074A527941
:10E8C000064BDB78CDE90032CDE9021003488378AE
:10E8D000028803A12046FEF7F7F81FBDFA090020C1
:10E8E000253034642F253032642F253032642025C2
:10E8F0003032643A253032643A2530326400000008
:10E90000004870477C0100200048704778010020D3
:10E9100000487047D801002000487047C000002020
:10E920000649897D01700549C97D41700349097E09
:10E9300081700249497EC17070470000C00000200C
:10E940000649897E01700549C97E41700349097FE6
:10E9500081700249497FC17070470000C0000020EB
:10E9600010B5044607F00EFE022805D10A4A0BA195
:10E970002046FEF7A9F80EE00BF052F8012805D169
:10E98000074A06A12046FEF79FF804E0054A03A1C6
:10E990002046FEF799F810BD36F2050825730000F1
:10E9A00046F205082CF205080148007C704700007B
:10E9B000E40100200648807F012802D0022804D10B
:10E9C00001E0012070470220FCE70420FAE7000084
:10E9D000C00000200148C06870470000E40100202A
:10E9E0000148806870470000E4010020004870473B
:10E9F000F00000201FB5044614212D48F1F762FDF8
:10EA00009CB92C48C0792B4989792A4A5279294BDB
:10EA1000DB78CDE90032CDE9021026488378028800
:10EA200025A12348FEF750F83EE0012C30D12148C3
:10EA3000C07920498A7949791E4BDB78CDE90031CC
:10EA4000CDE902201B48837802881BA11848FEF7F5
:10EA50003BF8184840790A2190FBF1F201FB1200C3
:10EA6000303013498873134880790A2190FBF1F202
:10EA700001FB120030300E49C8730E48C0790A21DC
:10EA800090FBF1F201FB12003030094908740BE0F1
:10EA9000022C09D10748C078009006488378028884
:10EAA0000CA10348FEF710F8014804B010BD0000A7
:10EAB00078150024FA0900202530346425303264AA
:10EAC000253032642530326425303264253032649A
:10EAD0000000000025303464253032642530326473
:10EAE000000000000148406870470000E401002079
:10EAF000084991F829100170064991F82A104170CF
:10EB0000044991F82B108170024991F82C10C170C2
:10EB100070470000C000002010B50FA0FDF7C4FF33
:10EB2000114820F03DFD1048303020F071FD0E48B6
:10EB3000B83020F0C9FC0D4820F05AFB0C4820F0FA
:10EB4000EDFD0B48103020F0F5FC0A4820F01CFBCE
:10EB500009A0FDF7A9FF10BD72756E20736176657F
:10EB600020726561640A0000C0000020E4010020FA
:10EB7000C80100200000002072756E207361766568
:10EB8000207265616420656E640A0000014611B15F
:10EB9000012908D103E0054890F8160170470348A1
:10EBA00090F81701FAE70020F8E70000C000002005
:10EBB00000487047C80100200EB500200090019069
:10EBC00002900C221049684621F0DAFB009858B9EF
:10EBD000029820B900200D4981F8310013E002208D
:10EBE0000A4981F831000EE00098012804D1022082
:10EBF000064981F8310006E00098022803D101207F
:10EC0000024981F831000EBD00FCFF008C0000209D
:10EC1000014890F8310070478C00002010B5044680
:10EC200004492046F1F794FC08B9002010BD4FF0CC
:10EC3000FF30FBE7B0010020024890F8040140B229
:10EC400070470000C000002010B500201FF0ACFF8E
:10EC5000012803D1002108461FF052FF01201FF0B8
:10EC6000A3FF012802D100211FF04AFF02201FF05C
:10EC70009BFF012803D1002102201FF041FF032048
:10EC80001FF092FF012803D1002103201FF038FF5D
:10EC900010BD10B5012100201FF032FF4FF47A7033
:10ECA0002EF0E6FD012108461FF02AFF4FF47A708E
:10ECB0002EF0DEFD012102201FF022FF4FF47A70BA
:10ECC0002EF0D6FD012103201FF01AFF4FF47A70B9
:10ECD0002EF0CEFD10BD000010B50748006848B109
:10ECE00005480068401E044908600846006808B9E5
:10ECF000FBF774FF10BD00004000002410B507F0C2
:10ED000041FC022806D00AF08BFE18B901200E49FA
:10ED1000887710BD4FF400610C48F1F7D3FBE22275
:10ED20000B490A4805F04AF8E220074948740020D8
:10ED3000C8730846407C28B100F03AF80120024927
:10ED40000874E6E700BFE4E78C000020F80100202B
:10ED5000F809002010B540211348F1F7B3FB40211A
:10ED600011484430F1F7AEFB10490F484430F1F739
:10ED70000AFC0E487438D0F8B4100B48001FC0F8D5
:10ED800088100A494439001DF1F7FDFB0748743823
:10ED9000016F0548001F416401200349091F0870E5
:10EDA000084620F02FFD10BD040000203401002093
:10EDB00010B50748807B28B90648018806482BF023
:10EDC000CDFC04E00348018803480AF0E1FE10BDD1
:10EDD0008C000020F8090020F801002001210248E1
:10EDE00080F82010704700008C00002001210248AC
:10EDF00080F82510704700008C0000200121024897
:10EE000080F82410704700008C0000200121024887
:10EE100080F82310704700008C00002010B51748C0
:10EE20000068401C154908600846006847F23051E8
:10EE3000884221D300201149086011480078012838
:10EE40001AD100200E490870084620F0DBFC07F0BC
:10EE500099FB022810D00AF0E3FD01280CD00948E4
:10EE600020F0F0FA074820F0B7FD64202EF000FDF6
:10EE70004FF47A7000F07CFB10BD000048000024C5
:10EE800000000020F00000200FB410B5002107485A
:10EE900080F80411142210A9F030F1F7EBFA0420E5
:10EEA00000F078F910BC5DF814FB0000C0000020F1
:10EEB00001498873704700008C000020E12806D0CB
:10EEC000E22808D0E3280AD0E62812D10CE001237A
:10EED000094AD3770DE00122074B9A7709E0012315
:10EEE000054A82F8213004E00123034A82F82530E4
:10EEF00000BF00BF704700008C00002010B5034623
:10EF00000C4674B94FF47A71586848430E49C8608A
:10EF10004FF47A71186848430B498860187A48742E
:10EF20000DE0012C06D14FF47A7118684843064968
:10EF3000486004E0022C02D11878034908740520C7
:10EF400000F028F910BD0000E40100207FB5044660
:10EF50000D46208880B2ADF8080020798DF80A00AF
:10EF6000207A8DF80B00207B8DF80D00207C8DF829
:10EF70000E00207D8DF80F0055B108216846DDE9AF
:10EF8000022316F021FADDE90001FAF7A7FF03E0FA
:10EF9000DDE90201FAF7A2FF7FBD00000FB410B552
:10EFA00050210A48F1F78EFA502202A90748F1F7DA
:10EFB00061FA042302AA0649084605F047FC04202A
:10EFC00000F0E8F810BC5DF814FB000078010020A8
:10EFD00000001E0800B50346187841B2054880F8C5
:10EFE0001111587841B2034880F812110A2000F03C
:10EFF000D1F800BDC000002000B5034619780548CF
:10F0000080F80F11597880F810110A2000F0C2F82A
:10F0100000BD0000C000002013B50448DDE9001267
:10F02000C0E90612183020F061FC1CBDC0010020B0
:10F030000FB400B5134801990160DDF81210C0F853
:10F040000E10DDF80E10C0F80A10DDF81610C0F82A
:10F050001210DDF81A10C0F81610DDF81E10C0F8F6
:10F060001A10DDF82D10C0F82910DDF82310C0F8B3
:10F070001F1004490A984862012000F08BF85DF8DF
:10F0800014FB0000C000002000B5034618780B49AF
:10F09000887559780948C17599780176D97841768B
:10F0A00018790649887659790448C17699790177A3
:10F0B000D9794177012000F06DF800BDC000002033
:10F0C00000B5034602480374052000F063F800BD54
:10F0D000E401002010B504460B464FF47A706043FB
:10F0E000044988604FF47A705843C860052000F0E6
:10F0F00051F810BDE401002010B504460B46012B69
:10F1000007D14FF47A70604302494860052000F04F
:10F1100041F810BDE401002070B506460D461446C6
:10F12000C42E0DD1012C04D1012128461FF0E8FC8A
:10F1300005E0022C03D1002128461FF0E1FC00E08D
:10F1400000BF00BF0121304600F014F870BD000080
:10F150000FB410B5FFF7FEFD882202A90448F1F7AD
:10F1600089F9022000F016F810BC5DF814FB0000CD
:10F17000F0000020034A9074D174012382F82230F9
:10F18000704700008C000020012101488176704703
:10F190008C0000200F282DD2DFE800F02C080C2C6A
:10F1A0001014182C2C2C1C2C20242800012213496C
:10F1B0004A7520E0012211498A751CE001210F4A9D
:10F1C000117518E001220D490A7614E001220B495D
:10F1D000CA7510E0012209494A760CE0012207496C
:10F1E000CA7608E0012205490A7704E001220349B2
:10F1F0004A7700E000BF00BF704700008C0000208D
:10F20000024908700221014A117470478C000020E5
:10F2100000B503461978054880F81611597880F82A
:10F2200017110A20FFF7B6FF00BD0000C000002044
:10F2300000B503461878084981F82900597806482E
:10F2400080F82A10997880F82B10D97880F82C1043
:10F250000120FFF79FFF00BDC00000202DE9F04115
:10F2600006460C4600270025D92E1ED0DA2E02D0E5
:10F27000DE2E5DD13CE0012C12DB082C10DC2E4888
:10F2800090F8280038B901212B4829300155DA209F
:10F29000FFF770FF08E07721DA20FFF76BFF03E04C
:10F2A0007421DA20FFF766FF42E001202249C8748A
:10F2B0000846C37C827C2149214803F063FD002578
:10F2C00000BFFFF775FD002F07DA681C45B2032D5C
:10F2D00003DC64202EF0CCFAF3E71A4815F091FF16
:10F2E00064202EF0C5FA4FF47A7000F041F91FE067
:10F2F00001201149C8740846C37C827C0F4910481C
:10F3000003F040FD002500BFFFF752FD002F07DA94
:10F31000681C45B2032D03DC64202EF0A9FAF3E744
:10F3200064202EF0A5FA0AF0C1FA0AF03DFC00BFF5
:10F3300000BFBDE8F08100008C000020F80900202B
:10F34000F8010020F8D301241FB5BDF800001849CA
:10F35000A1F80801BDF802101548A0F80A11BDF87F
:10F360000410A0F80C119DF8061080F80E11BDF8DD
:10F370000C10A0F814119DF8091080F811119DF8D7
:10F380000A1080F812119DF8071080F80F119DF8EF
:10F39000081080F810119DF80E1080F816119DF8D5
:10F3A0000F1080F8171100F5847020F093FB1FBD3B
:10F3B000C000002000B5034623B1012B06D0022B6C
:10F3C0000CD107E001200849887707E002200649B0
:10F3D000887703E004200449887700BF00BF01203C
:10F3E000FFF7D8FE00BD0000C000002000B50346B6
:10F3F00018880A49A1F8080159880848A0F80A1194
:10F400009988A0F80C11997980F80E111989A0F843
:10F4100014110A20FFF7BEFE00BD0000C00000204E
:10F4200010B5002428E01648005D01280CD1002109
:10F4300020461FF065FB4FF47A70124921F8140042
:10F4400002210F48015515E00D48005D022811D139
:10F450000C4830F81400401E0A4921F814000846F0
:10F4600030F8140030B9012120461FF049FB00217B
:10F4700003480155601CC4B2042CD4DB10BD00004D
:10F48000B50000206815002410B5374890F8280012
:10F49000012834D1344890F8260004282ADC324868
:10F4A00090F82600012806D0022809D003280CD0A5
:10F4B000042814D10EE0002108461FF021FB0FE0C4
:10F4C000002101201FF01CFB0AE0002102201FF098
:10F4D00017FB05E0002103201FF012FB00E000BF36
:10F4E00000BF0221204880F8281042F210701F4906
:10F4F000088037E000211C4880F8281032E01A48C4
:10F5000090F8280002282DD118480088401E17497D
:10F5100008800846008828BB134890F82600012878
:10F5200006D0022809D003280CD0042814D10EE0FC
:10F53000012100201FF0E4FA0FE0012108461FF02E
:10F54000DFFA0AE0012102201FF0DAFA05E00121CA
:10F5500003201FF0D5FA00E000BF00BF00210248E1
:10F5600080F8281010BD00008C000020440000240A
:10F5700010B5044664202EF07BF9034815F041FED7
:10F580000248046010BD0000F8D3012440000024AC
:10F5900010B5044600F002F810BD0000002402215E
:10F5A000002010F09DFB00BF00F020F803F088FE63
:10F5B000FEF7DAFFFFF732FCFFF732FF601CC4B240
:10F5C000642C09DD00240748FAF730FC00201AF00B
:10F5D0004FF9054981F8200110F08AFA0A202EF02F
:10F5E00047F9E1E7FA090020C000002010B52948DA
:10F5F000007D012805D1002026490875264820F005
:10F60000C7F82448407D012806D1002121484175D2
:10F610002148B83820F0A4F91E48807D01280AD17D
:10F6200000211C4881751C48883820F0D5F94FF41A
:10F630007A70FFF79DFF1748007E012805D1002151
:10F6400014480176154820F015F91248407E01282B
:10F6500006D100210F4841760F48503020F03AFA89
:10F660000C48C07E012804D100210A48C17623F04D
:10F6700033FE0848807E01280BD1002105488176A1
:10F6800000201FF01BFDFFF747FA07F01FF90AF0F3
:10F690008BFA10BD8C00002078010020E4010020CE
:10F6A000F0B52DED048B9DB00027974890F82B0006
:10F6B00001287DD1944981F82A0094A19548F0F75A
:10F6C00018FF064666B994A19248F0F712FF064665
:10F6D00036B993A18F48F0F70CFF064606B901270B
:10F6E00091A13046F0F768FF04460025142118A8C0
:10F6F000F0F7E8FE142113A8F0F7E4FE14210EA899
:10F70000F0F7E0FE142109A8F0F7DCFE00200790D6
:10F710000890059006903FE00B2D35D2DFE805F00C
:10F720003406070D11171B21272D33002CE013225F
:10F73000214618A8F0F7EFFE26E0207872490874F9
:10F7400022E01322214613A8F0F7E5FE1CE0207802
:10F750006D49487418E00422214605A8F0F7DBFE45
:10F7600012E00422214607A8F0F7D5FE0CE0132290
:10F77000214609A8F0F7CFFE06E0132221460EA885
:10F78000F0F7C9FE00E000BF00BF67A10020F0F75E
:10F7900013FF0446681CC5B20CB10A2DBCDD05A8D8
:10F7A000F0F7CFFE30B105A8F1F7B2F8564900E006
:10F7B0009AE0887407A8F0F7C4FE20B107A8F1F713
:10F7C000A7F85149087509A8F0F7BBFE28B109A8A8
:10F7D000FDF74EFB4C4880ED060B0EA8F0F7B1FE8E
:10F7E00028B10EA8FDF744FB474880ED080B18A888
:10F7F000F0F7A7FEA0B300200490019002900390C0
:10F8000008EE100A9FED490BB0EE409B022218A9AA
:10F8100004A8F0F780FE04A8F1F77AF808EE100AC1
:10F820000DF1620101A8F0F7AEFE01A8FDF720FB83
:10F83000B0EE409B9FED3F1B89EE010BB8EEC81B5D
:10F8400030EE010B304880ED000B007C532806D1D0
:10F850002D4890ED000BB1EE400B80ED000B00BF8A
:10F8600013A8F0F76EFEA8B3002003900490009058
:10F870000190029008EE100A9FED2C0BB0EE409B19
:10F88000032213A903A8F0F746FE03A8F1F740F8F6
:10F8900008EE100A0DF14F016846F0F774FE684655
:10F8A000FDF7E6FAB0EE409B9FED221B89EE010BBF
:10F8B000B8EEC81B30EE010B134880ED020B407C04
:10F8C000572806D1104890ED020BB1EE400B80EDA9
:10F8D000020B00BF0C48807C002803DD00200A4991
:10F8E00081F82A00002700E002270020064981F85D
:10F8F0002B004FF400610748F0F7E4FD38461DB0D7
:10F90000BDEC048BF0BD0000287F012424474E4746
:10F910004741000028770124244750474741000011
:10F9200024424447474100002C0000000000000032
:10F93000000000000000000000004E40004870473A
:10F94000287F012470B50446002007E051F82050BC
:10F9500052F82060354044F82050401C5D1E0126BE
:10F9600006EB55158542F1D870BD30B501F01F0585
:10F97000012404FA05F33AB14C0950F824401C4321
:10F980004D0940F8254006E04C0950F824409C43BE
:10F990004D0940F8254030BD70B505460E46144669
:10F9A000601E012101EB5010820031462846F0F71D
:10F9B000DDFD70BD0246480952F8203001F01F00FD
:10F9C00023FA00F000F00100704770B502460B46C4
:10F9D000002400211BE052F82100B8B152F82100A8
:10F9E0004FF0553505EA5005401B00F033354FF018
:10F9F000333606EA9006A81900EB101505F00F3013
:10FA000000EB004505EB05252D0E2C44491C581E26
:10FA1000012505EB50108842DDD8204670BD00005E
:10FA200010B500240E48008800F4004070B10D4865
:10FA3000C07940B900F018F8044614B100F0CCF8D1
:10FA400001E000F069F900200549088005480079C7
:10FA5000022804D100200349087100F0BDF810BD50
:10FA600070010024687F012470B500240026002561
:10FA700000BF08E02E4840782E49495D08442C49D3
:10FA80004870681CC5B2032DF4DB2A48C0782849A9
:10FA90004978C1F1FF01884201D04FF0FF36254877
:10FAA0000478407840EA04242248807840EA04241C
:10FAB0001F4880790D38082835D2DFE800F0040CA3
:10FAC000141C3434242C00EE104AB8EE400A0020F6
:10FAD00005F0E0F828E000EE104AB8EE400A0120F8
:10FAE00005F0D8F820E000EE104AB8EE400A0220F7
:10FAF00005F0D0F818E000EE104AB8EE400A0320F6
:10FB000005F0C8F810E000EE104AB8EE400A0420F4
:10FB100005F0C0F808E000EE104AB8EE400A0520F3
:10FB200005F0B8F800E000BF00BF304670BD00002F
:10FB3000687F0124587F012410B500F033FC0120B8
:10FB40000A49087000F01AF90A2004F0C3FE00F018
:10FB5000FDF80A2004F0BEFE00F054F8002000F08A
:10FB60000DF9642004F0B6FE10BD0000687F01248A
:10FB70007CB505460C4600200090019082208DF84F
:10FB800000008DF801509DF800009DF80110084418
:10FB90000E4948701CB90021284600F0C7F806221B
:10FBA0000B496846F9F7B4F90948807808490870A4
:10FBB0000846C07848700846007988700846407941
:10FBC000C87048F20400034908807CBD687F0124A6
:10FBD000587F01247001002410B509488078401C2A
:10FBE000C0B207498870052806DC0120C8708879F2
:10FBF0000021FFF7BDFF01E000F08EF810BD00000E
:10FC0000687F012408B5002000905A208DF800007C
:10FC10008DF801008DF802000023032269469F2021
:10FC200000F0CEF808BD00001B48C078C0B11A48EB
:10FC3000C078012805D102201749C8700020174953
:10FC4000088016480088401C80B214490880642847
:10FC500009DB002008801049C8700220087102E00A
:10FC600000200E4908800C480078012810D10C486B
:10FC70000088401C80B20A490880B0F57A6F0ADB20
:10FC8000002008801420044908720020487102E016
:10FC90000020034908807047687F01247201002416
:10FCA0007401002410B51B48407990BB1948007AB4
:10FCB00000282EDD1748007A072823D2DFE800F05D
:10FCC0002204090E13181D0000210D20FFF750FF1C
:10FCD00019E000210E20FFF74BFF14E000210F2058
:10FCE000FFF746FF0FE000211020FFF741FF0AE079
:10FCF00000211320FFF73CFF05E000211420FFF74F
:10FD000037FF00E000BF00BF0248007A401E0149F3
:10FD1000087210BD687F012400200349C870087173
:10FD20004871887070470000687F01240122064BEB
:10FD3000DA7000221A711A46D17101225A711A46DC
:10FD4000907100229A707047687F012408B50020E6
:10FD500000908DF8000002208DF8010000208DF841
:10FD60000200002303226946982000F029F808BD0C
:10FD700010B5FFF755FEFFF795FF10BD38B50446E7
:10FD800000200090012C0DD18DF8000055208DF839
:10FD900001008DF802000023032269469E2000F036
:10FDA0000FF80CE000208DF800008DF801008DF8B0
:10FDB00002000023032269469E2000F001F838BDAE
:10FDC0002DE9F04190B006460F4615469846402171
:10FDD0006846F0F777FB002481208DF800008DF84D
:10FDE000016000BF05E0395DA01C0DF80010601C2B
:10FDF000C4B2AC42F7DB002012494870002408E08E
:10FE0000104840781DF8041008440E494870601CE2
:10FE1000C4B2A81CA042F3DC0A484078C0F1FF013C
:10FE2000A81C0DF80010B8F1000F03D18021304656
:10FE3000FFF77CFFE91C6846F9F77AF810B0BDE8D7
:10FE4000F0810000687F012410B500240E4800886E
:10FE500000F4004070B10D48C07940B900F018F8C6
:10FE6000044614B100F09CF801E000F023F90020F2
:10FE70000549088005480079022804D1002003497B
:10FE8000087100F08DF810BD640100241E77012474
:10FE900070B500240026002500BF08E01B4840780C
:10FEA0001B49495D084419494870681CC5B2032DB7
:10FEB000F4DB1748C07815494978C1F1FF01884241
:10FEC00001D04FF0FF3612480478407840EA04240D
:10FED0000F48807840EA04240C488079042809D02F
:10FEE00006280FD100EE104AB8EE400A002004F0B8
:10FEF0001BFF08E000EE104AB8EE400A012004F0B3
:10FF000013FF00E000BF00BF304670BD1E77012424
:10FF10000E77012410B500F087FE01200549087016
:10FF200000F0FAF800F052F800F0DEF8002000F0DF
:10FF3000F3F810BD1E7701247CB505460C46002061
:10FF40000090019055208DF800008DF801509DF82B
:10FF500000009DF8011008440E4948701CB90021AA
:10FF6000284600F0B1F806220B496846F8F7B2FFC0
:10FF700009488078084908700846C07848700846E3
:10FF80000079887008464079C87048F20400034937
:10FF900008807CBD1E7701240E77012464010024B3
:10FFA00010B509488078401CC0B207498870052800
:10FFB00006DC0120C87088790021FFF7BDFF01E051
:10FFC00000F078F810BD00001E77012408B500206D
:10FFD00000905A208DF800008DF801008DF8020085
:10FFE000002303226946192000F0B8F808BD00007C
:10FFF0001B48C078C0B11A48C078012805D102203A
:020000040803EF
:100000001749C87000201749088016480088401C0E
:1000100080B214490880C82809DB002008801049F4
:10002000C8700220087102E000200E4908800C48C8
:100030000078012810D10C480088401C80B20A4981
:100040000880B0F5FA6F0ADB00200880042004491C
:1000500008720020487102E00020034908807047C0
:100060001E7701246C0100246E01002410B5104895
:100070004079D8B90E48007A002817DD0C48007A7C
:10008000012802D002280AD104E000210420FFF751
:1000900053FF05E000210620FFF74EFF00E000BF00
:1000A00000BF0348007A401E0149087210BD0000DD
:1000B0001E77012400200349C870087148718870B8
:1000C000704700001E7701240122064BDA700022DF
:1000D0001A711A46D17101225A711A469071002282
:1000E0009A7070471E77012408B5002000908DF8A3
:1000F000000001208DF8010000208DF8020000238F
:1001000003226946182000F029F808BD10B5FFF752
:100110009BFEFFF7ABFF10BD38B5044600200090F2
:10012000012C0DD18DF800008DF8010055208DF8BF
:1001300002000023032269461A2000F00FF80CE0A9
:1001400000208DF800008DF801008DF802000023DA
:10015000032269461A2000F001F838BD2DE9F0416C
:1001600090B006460F461546984640216846F0F77F
:10017000A9F90024A5208DF800008DF8016000BFCA
:1001800005E0395DA01C0DF80010601CC4B2AC4243
:10019000F7DB002012494870002408E0104840783E
:1001A0001DF8041008440E494870601CC4B2A81C15
:1001B000A042F3DC0A484078C0F1FF01A81C0DF80A
:1001C0000010B8F1000F03D180213046FFF77CFF0B
:1001D000E91C6846F8F78EFE10B0BDE8F08100001B
:1001E0001E77012470B503469818B0F1026F01D94B
:1001F000032070BD0AB90020FBE7012600240BE0B4
:100200001D780878A84204D0FF2D01D00220F0E725
:1002100000265B1C491C641C9442F1D3012E01D1C1
:100220000020E6E70120E4E7F0B587B004460025AA
:10023000002600200190F5F7A9F9204600F020F8EB
:10024000054601260020029020200690B4F1016F9F
:1002500002D30220039001E001200390049505964B
:1002600001A902A8F5F73CF80746F5F7D7F8384694
:1002700007B0F0BD0148006870470000DC010024B1
:1002800001460020384A914202D2B1F1006F05D2F6
:10029000364A914204D2B1F1016F01D3002062E0ED
:1002A000334A914202D2304A914205D2314A9142B8
:1002B00004D22E4A914201D3012054E02E4A9142A9
:1002C00002D22B4A914205D22C4A914204D2294AA9
:1002D000914201D3022046E0294A914202D2264AA5
:1002E000914205D2274A914204D2244A914201D335
:1002F000032038E0244A914202D2214A914205D299
:10030000224A914204D21F4A914201D304202AE09A
:100310001F4A914202D21C4A914205D21D4A914283
:1003200004D21A4A914201D305201CE01A4A914294
:1003300002D2174A914205D2184A914204D2154A74
:10034000914201D306200EE0B1F1016F02D2124AB0
:10035000914205D2124A914204D2104A914201D3ED
:10036000072000E007207047000002080000120884
:100370000000040800001408000006080000160829
:10038000000008080000180800000A0800001A0809
:1003900000000C0800001C0800000E0800001E08E9
:1003A000FFFF1F0800B5B5B0142130A8F0F78AF898
:1003B000BC2101A8F0F786F84FF40050019000200E
:1003C000199001A8F5F75AFE18B124212FA0F2F7D1
:1003D00003FA00BF3548006840F400503349086014
:1003E0000846006800F40050009000BF00BF00BF46
:1003F0002E481038006840F010002C491039086071
:100400000846006800F01000009000BF00BF4FF4E5
:10041000E040309002203190002032900220339052
:100420000520349030A92248F5F7E0F82148224908
:1004300008604FF48000486000211F488160072158
:10044000C160002101614FF08071416189008161CB
:100450004FF0C041C1610021016241628162C1620D
:100460004FF08041416300218163C16301644164B5
:100470008164C164016541658165F7F739FE18B192
:100480004E2102A0F2F7A8F935B000BD2E2E5C2E49
:100490002E5C48617264776172655C7372635C6242
:1004A00073705F68737069342E630000F044025803
:1004B0000010025800340140DCD1012400B587B09F
:1004C000142102A8EFF7FEFF00BF3E48006840F08D
:1004D00010003C4908600846006800F010000190D8
:1004E00000BF00BF00BF0846006840F0040008607D
:1004F0000846006800F00400019000BF00BF00BF84
:100500000846006840F0800008600846006800F077
:100510008000019000BF00BF00BF0846006840F0A7
:10052000010008600846006800F00100019000BF6B
:1005300000BF00BF0846006840F00200086008469F
:10054000006800F00200019000BF00BF00BF084635
:10055000006840F0080008600846006800F00800E5
:10056000019000BF00BF4FF40040029000200390B4
:100570000120049002A91448F5F738F84CF6110050
:100580000290002003900120049002A90F48F5F783
:100590002DF84FF480700290002003900120049009
:1005A00002A90B48F5F722F84FF4C0500290002042
:1005B00003900120049002A90648F5F717F807B048
:1005C00000BD0000E044025800100258000C025820
:1005D000000802580000025810B586B0142101A886
:1005E000EFF770FF00BF3548006840F01000334956
:1005F00008600846006800F01000009000BF00BFCF
:1006000000BF0846006840F0040008600846006823
:1006100000F00400009000BF00BF00BF0846006863
:1006200040F0800008600846006800F080000090FC
:1006300000BF00BF00BF0846006840F0010008602E
:100640000846006800F00100009000BF00BF00BF36
:100650000846006840F0020008600846006800F0A4
:100660000200009000BF00BF00BF0846006840F0D5
:10067000080008600846006800F00800009000BF0D
:1006800000BF0020029001200390002411E004EB41
:1006900044000B4901EB80000089019004EB440108
:1006A000074A02EB8101486801A9F4F79FFF601C2B
:1006B000C4B2012CEBDB06B010BD0000E0440258D0
:1006C0004002002400B587B0142102A8EFF7FAFE1B
:1006D00000BF2748006840F0100025490860084620
:1006E000006800F01000019000BF00BF00BF084686
:1006F000006840F0100008600846006800F0100034
:10070000019000BF00BF00BF0846006840F0100025
:1007100008600846006800F01000019000BF00BFAC
:10072000012240211348F5F771F8012220211148D8
:10073000F5F76CF8012210210E48F5F767F8402014
:1007400002900120039000200490059002A909481E
:10075000F4F74CFF2020029002A90648F4F746FF68
:100760001020029002A90348F4F740FF07B000BD33
:10077000E04402580010025810B5B6B004461421E7
:1007800031A8EFF79FFEBC2102A8EFF79BFE0420E3
:1007900002900020269002A8F5F770FC18B13621CF
:1007A00085A0F2F719F800BF8C48006840F00800F7
:1007B0008A4908600846006800F00800019000BF00
:1007C00000BF00BF85481438006840F0020083492C
:1007D000143908600846006800F00200019000BF6C
:1007E00000BF00BF0846006840F4001008600846DB
:1007F000006800F40010019000BF00BFC0203190DD
:10080000022032900020339002203490082035904E
:1008100031A97348F4F7EAFE724873490860092069
:100820004860002170488160C1604FF480610161BF
:10083000002141618161C1614FF400310162F3F730
:1008400033F918B159215CA0F1F7C6FF00BF664823
:100850006649C86708466449886300BF64486349BD
:1008600008600846446000218160C16001610C217C
:100870004161002181610162416210205B4988620F
:1008800001025A48C1630020584948660846F8F7F3
:100890000EFA18B16E2148A0F1F79EFF4FF40072D6
:1008A00054495248F8F7A0F94F4800685249884225
:1008B00058D04D48006850491831884252D04A48B3
:1008C00000684D49303188424CD0474800684A4959
:1008D0004831884246D044480068474960318842E0
:1008E00040D0414800684449783188423AD03E4877
:1008F000006841499031884234D03B4800683E4905
:10090000A83188422ED0384800683C49884229D016
:100910003548006839491831884223D03248006888
:100920003649303188421DD02F480068334948315C
:10093000884217D02C48006830496031884211D075
:10094000294800682D49783188420BD02648006834
:100950002A499031884205D0234800682749A831A8
:10096000884208D120480068006820F008001E492D
:100970000968086007E01C480068006820F004006F
:100980001949096808601020184909680862174960
:100990000968086220201549096808624020134947
:1009A00009680862002202218E20F5F79EF88E2049
:1009B000F5F787F836B010BD2E2E5C2E2E5C486100
:1009C0007264776172655C7372635C6273705F6C92
:1009D0007075617274312E6300000000F444025897
:1009E0000004025808540258509E0124C09D01245E
:1009F000000C0058000000381000024010040240B3
:100A000010B50024174818490860002048607F216D
:100A100015488160FF21C160002101618161C161D0
:100A200000201EF031FB84B20F48F7F781F808B1BF
:100A3000012010BD43F2F22084420ED0401C8442BB
:100A40000BD0002338223B210620F9F72DFA03238F
:100A5000162204211420F9F711FAF9F739F90020C8
:100A6000E7E70000004000589483012400B587B0F8
:100A7000142102A8EFF726FD00BF3C48006840F0B3
:100A800001003A4908600846006800F00100019042
:100A900000BF00BF00BF0846006840F001000860CA
:100AA0000846006800F00100019000BF00BF00BFD1
:100AB0000846006840F0020008600846006800F040
:100AC0000200019000BF00BF00BF0846006840F070
:100AD000100008600846006800F01000019000BF98
:100AE00000BF002210212248F4F790FE00222021AE
:100AF0001F48F4F78BFE002202211E48F4F786FE01
:100B000000224FF400611C48F4F780FE1020029090
:100B10000120039000200490059002A91448F4F7E6
:100B200065FD2020029002A91148F4F75FFD022024
:100B3000029002A90F48F4F759FD4FF400600290AB
:100B400002A90D48F4F752FD012100201DF0D8FF45
:100B5000012108461DF0D4FF012102201DF0D0FF25
:100B6000012103201DF0CCFF07B000BDE044025876
:100B700000000258000402580010025810B586B058
:100B80000446142101A8EFF79DFC00BF124800683D
:100B900040F00800104908600846006800F00800AE
:100BA000009000BF00BF00224FF480610B48F4F7B3
:100BB0002DFE4FF4806001900120029000200390F0
:100BC0000220049001A90548F4F710FD204600F02A
:100BD000B9FF06B010BD0000E0440258000C0258F6
:100BE00000B587B000BF0E48006840F008000C490F
:100BF00008600846006800F00800019000BF00BFD0
:100C00000120039000200490032005908020029092
:100C100002A90448F4F7EAFC1FF03EFC07B000BD4F
:100C2000E0440258000C025800B5B5B0142130A8B9
:100C3000EFF748FCBC2101A8EFF744FC00BF2E48A9
:100C4000006840F480402C4908600846006800F4C1
:100C50008040009000BF00BF00BF274808380068F0
:100C600040F002002449083908600846006800F096
:100C70000200009000BF00BF4FF4444030900220BB
:100C8000319000203290022033900520349030A91A
:100C90001A48F4F7ABFC1A481A4908604FF4800070
:100CA00048600021174881600721C160002101616F
:100CB0004FF080714161890081614FF0E041C16175
:100CC0000021016241628162C1624FF08041416353
:100CD00000218163C163016441648164C164016571
:100CE00041658165F7F704FA18B1452106A0F1F7CF
:100CF00073FD35B000BD0000E844025800040258FE
:100D00000038004064D201242E2E5C2E2E5C4861F7
:100D10007264776172655C7372635C6273705F6842
:100D2000737069322E63000010B50020044908700A
:100D3000002211464FF0005000F004F810BD0000F2
:100D4000F001002470B506460C461546214800689F
:100D5000B04208D120480068A04204D11F48006872
:100D6000A84200D170BD1B4806601B4804601B48A8
:100D700005601B481B4908600846C6610021816068
:100D8000446105610721C160002101624162816205
:100D90000721C162090401634FF080618161002174
:100DA000C16341634FF000414165480A0D49486005
:100DB0000846F7F781F918B1C8210BA0F1F70CFD2F
:100DC0000848F7F795F918B1CE2107A0F1F704FD0F
:100DD00000BFC7E7E0010024E4010024E80100248B
:100DE00000300140C89E01242E2E5C2E2E5C4861EE
:100DF0007264776172655C7372635C6273705F7357
:100E000070695F6275732E63000000002DE9F04F7A
:100E100093B004460D4691469A464C216846EFF73A
:100E200051FB204601F068FA5B4884420BD05B48D6
:100E3000844208D05A48844205D05A48844202D09D
:100E40005948844203D159480068460802E057488F
:100E500000684608642D0AD242F20F7842F2107000
:100E6000B6FBF0F0B0FBF5F0401E87B213E040F6A1
:100E7000B830854209D24FF063086420B6FBF0F029
:100E8000B0FBF5F0401E87B205E04FF00008B6FB5E
:100E9000F5F0401E87B20094CDF80480039700213E
:100EA000049102910591802106916846F7F710FEA2
:100EB00018B17D213EA0F1F78FFC0098C06840F08A
:100EC00001000099C8604FF0000B3348844202D102
:100ED0004FF0190B51E0B4F1804F02D14FF01C0BD1
:100EE0004BE03B48844202D14FF01D0B45E03948AE
:100EF000844202D14FF01E0B3FE03748844202D1BA
:100F00004FF0320B39E03548844202D14FF0360BB6
:100F100033E03348844202D14FF0370B2DE01F48B5
:100F2000844202D14FF02C0B27E02E48844202D19C
:100F30004FF02B0B21E02C48844202D14FF02C0BB8
:100F40001BE02A48844202D14FF02D0B15E01448D3
:100F5000844202D14FF0740B0FE01248844202D158
:100F60004FF0750B09E01048844202D14FF0760B28
:100F700003E097210EA0F1F72FFC52464946584650
:100F8000F4F7B3FD5846F4F79CFD6846F7F7D8FD33
:100F900013B0BDE8F08F00000000014000040140E4
:100FA000004001400044014000480140000000248E
:100FB0002E2E5C2E2E5C48617264776172655C73C4
:100FC00072635C6273705F74696D6572732E630027
:100FD0000004004000080040000C004000100040E9
:100FE0000014004000180040001C00400020004099
:100FF00010B5B6B00446142131A8EFF763FABC214E
:1010000002A8EFF75FFA0220029000201F9002A8CA
:10101000F5F734F818B1362194A0F1F7DDFB00BFE5
:101020009A48006840F480109849086008460068B3
:1010300000F48010019000BF00BF00BF9348083843
:10104000006840F0040091490839086008460068CB
:1010500000F00400019000BF00BF00BF0846006818
:1010600040F0080008600846006800F008000190A1
:1010700000BF00BF00BF85481038006840F0010085
:101080008249103908600846006800F001000190AC
:1010900000BF00BF4FF480503190022032900020FA
:1010A0003390022034900820359031A97848F4F725
:1010B0009DFA0420319002203290002033900220CB
:1010C00034900820359031A97248F4F78FFA7248AD
:1010D0007249086041204860002170488160C16009
:1010E0004FF480610161002141618161C1614FF470
:1010F0000031016200214162F2F7D6FC18B1612192
:101100005AA0F1F769FB00BF64486549C867084603
:101110006249886300BF63486149086008464460CB
:1011200000218160C16001610C2141610021816168
:10113000C161016241621020594988620102584828
:10114000C163F7F7B4FD18B1762148A0F1F744FB6D
:101150004FF4007254495248F7F746FD4F48006873
:101160004D496039884257D04C4800684A4948394F
:10117000884251D0494800684749303988424BD0AD
:101180004648006844491839884245D043480068B9
:101190004149884240D0414800683F49183188425F
:1011A0003AD03E4800683C493031884234D03B4810
:1011B00000683949483188422ED0384800683B4998
:1011C000884229D03548006838491831884223D0F0
:1011D000324800683549303188421DD02F480068B8
:1011E00032494831884217D02C4800682F49603175
:1011F000884211D0294800682C49783188420BD0A8
:101200002648006829499031884205D02348006863
:101210002649A831884208D120480068006820F09B
:1012200008001E490968086007E01C48006800685B
:1012300020F004001949096808601020184909685D
:101240000862174909680862202015490968086280
:101250004020134909680862002204213520F4F770
:1012600044FC3520F4F72DFC36B010BD2E2E5C2E3C
:101270002E5C48617264776172655C7372635C6254
:1012800073705F75617274352E630000E844025814
:1012900000080258000C025870000240489A0124CD
:1012A000B899012400500040000C013010040240A5
:1012B00010B5B6B00446142131A8EFF703F9BC21EC
:1012C00002A8EFF7FFF80220029000201F9002A86A
:1012D000F4F7D4FE18B1342187A0F1F77DFA00BFEE
:1012E0008D48006840F080408B49086008460068DF
:1012F00000F08040019000BF00BF00BF8648083862
:10130000006840F010008449083908600846006809
:1013100000F01000019000BF00BF00BF7E481038F1
:10132000006840F001007C491039086008460068F8
:1013300000F00100019000BF00BF4FF4C070319079
:101340000220329000203390022034900720359004
:1013500031A97248F4F74AF97148724908604F2080
:10136000486000216F488160C1604FF48061016175
:10137000002141618161C1614FF4003101620021AE
:101380004162F2F791FB18B158215BA0F1F724FA02
:1013900000BF64486449C86708466249886300BF63
:1013A0006248614908600846446000218160C1606C
:1013B00001610C21416100218161C16101624162D1
:1013C00010205949886201025748C163F7F76FFC42
:1013D00018B16C2148A0F1F7FFF94FF400625449AD
:1013E0005148F7F701FC4F4800684D499039884251
:1013F00057D04C4800684A497839884251D049480A
:1014000000684749603988424BD0464800684449E3
:101410004839884245D043480068414930398842BC
:101420003FD0404800683E491839884239D03D488D
:1014300000683B49884234D03A480068384918313E
:1014400088422ED0374800683A49884229D035482A
:10145000006838491831884223D03248006835493D
:10146000303188421DD02F480068324948318842C7
:1014700017D02C4800682F496031884211D0294884
:1014800000682C49783188420BD0264800682949E9
:101490009031884205D0234800682649A831884207
:1014A00008D120480068006820F008001D4909683C
:1014B000086007E01B480068006820F00400194934
:1014C0000968086010201849096808621649096807
:1014D00008622020144909680862402012490968FE
:1014E0000862002204215220F4F7FFFA5220F4F798
:1014F000E8FA36B010BD00002E2E5C2E2E5C48613E
:101500007264776172655C7372635C6273705F753D
:10151000617274372E630000E844025800100258CC
:10152000A0000240489D0124B89C0124007800409E
:10153000001601301004024010B5B6B00446142164
:1015400031A8EEF7BFFFBC2102A8EEF7BBFF0220D7
:10155000029000201F9002A8F4F790FD18B15821C6
:101560007FA0F1F739F900BF8548006840F00040DE
:10157000834908600846006800F00040019000BF01
:1015800000BF00BF7E480838006840F010007C496A
:10159000083908600846006800F01000019000BF9C
:1015A00000BF00BF76481038006840F00200744960
:1015B000103908600846006800F00200019000BF82
:1015C00000BF03203190022032900020339002208F
:1015D00034900820359031A96A48F4F707F86A4832
:1015E0006A49086051204860002168488160C160F4
:1015F0004FF480610161002141618161C16101623B
:101600004162F2F751FA18B17C2155A0F1F7E4F8E4
:1016100000BF5E485E49C86708465C49886300BFF2
:101620005C485B4908600846446000218160C160F5
:1016300001610C21416100218161C161016241624E
:1016400010205349886201025148C163F7F72FFB0C
:1016500018B1912142A0F1F7BFF84C4800684E49FB
:10166000884258D0494800684B491831884252D0C6
:10167000464800684849303188424CD043480068A9
:1016800045494831884246D0404800684249603167
:10169000884240D03D4800683F49783188423AD07E
:1016A0003A4800683C499031884234D03748006855
:1016B0003949A83188422ED03448006832498842DE
:1016C00029D03248006830491831884223D02F4849
:1016D00000682D49303188421DD02C4800682A49C5
:1016E0004831884217D0294800682749603188422C
:1016F00011D0264800682449783188420BD023480D
:10170000006821499031884205D0204800681E4970
:10171000A831884208D11D480068006820F0080000
:101720001A490968086007E018480068006820F056
:101730000400164909680860102015490968086204
:10174000002205215320F4F7D0F95320F4F7B9F91A
:101750004FF4006211490E48F7F746FA36B010BD53
:101760002E2E5C2E2E5C48617264776172655C730C
:1017700072635C6273705F75617274382E6300000F
:10178000E84402580010025810040240ECD0012432
:101790005CD00124007C004010000240001E01309B
:1017A00010B5B6B00446142131A8EEF78BFEBC216B
:1017B00002A8EEF787FE012002900020209002A8E8
:1017C000F4F75CFC18B1362187A0F1F705F800BFEB
:1017D0008D48006840F010008B490860084600689A
:1017E00000F01000019000BF00BF00BF8648103815
:1017F000006840F00100844910390860084600681C
:1018000000F00100019000BF00BF00BF7E48183803
:10181000006840F001007C491839086008460068FB
:1018200000F00100019000BF00BF4FF4C060319094
:10183000022032900020339002203490072035900F
:1018400031A97248F3F7D2FE714872490860292025
:10185000486000216F488160C1604FF48061016180
:10186000002141618161C1614FF4003101620021B9
:101870004162F2F719F918B159215BA0F0F7ACFFFA
:1018800000BF64486449C86708466249886300BF6E
:101890006248614908600846446000218160C16077
:1018A00001610C21416100218161C16101624162DC
:1018B00010205949886201025748C163F7F7F7F9C8
:1018C00018B16E2148A0F0F787FF4FF40072544919
:1018D0005148F7F789F94F4800684D49884258D078
:1018E0004C4800684A491831884252D0494800683B
:1018F0004749303188424CD0464800684449483115
:10190000884246D04348006841496031884240D00F
:10191000404800683E49783188423AD03D480068E6
:101920003B499031884234D03A4800683849A83160
:1019300088422ED0374800683A49884229D0354835
:10194000006838491831884223D032480068354948
:10195000303188421DD02F480068324948318842D2
:1019600017D02C4800682F496031884211D029488F
:1019700000682C49783188420BD0264800682949F4
:101980009031884205D0234800682649A831884212
:1019900008D120480068006820F008001D49096847
:1019A000086007E01B480068006820F0040019493F
:1019B0000968086010201849096808621649096812
:1019C0000862202014490968086240201249096809
:1019D0000862002204212520F4F787F82520F4F777
:1019E00070F836B010BD00002E2E5C2E2E5C4861C3
:1019F0007264776172655C7372635C6273705F7549
:101A000073617274312E6300F04402580000025872
:101A10001000024048840124B883012400100140D2
:101A2000000001301004024010B5B6B00446142185
:101A300031A8EEF747FDBC2102A8EEF743FD0220D6
:101A4000029000201F9002A8F4F718FB18B1522151
:101A500030A0F0F7C1FE00BF3648006840F4003007
:101A6000344908600846006800F40030019000BF67
:101A700000BF00BF2F480838006840F008002D491B
:101A8000083908600846006800F00800019000BFAF
:101A900000BF60203190022032900020339002205D
:101AA00034900720359031A92348F3F79FFD234850
:101AB000234908600846446000218160C1600161DB
:101AC0000C21416100218161C161016241621020EC
:101AD0001B49886201021A48C163F7F7E8F818B198
:101AE0008A210CA0F0F778FE1020154909680862D9
:101AF00020201349096808624020114909680862DA
:101B0000002204212620F3F7F0FF2620F3F7D9FF67
:101B100036B010BD2E2E5C2E2E5C4861726477614B
:101B200072655C7372635C6273705F75736172740B
:101B3000322E6300E8440258000C02580044004072
:101B40003885012410B5B6B00446142131A8EEF74B
:101B5000B9FCBC2102A8EEF7B5FC022002900020DF
:101B60001F9002A8F4F78AFA18B1412187A0F0F774
:101B700033FE00BF8D48006840F480208B49086028
:101B80000846006800F48020019000BF00BF00BF3D
:101B900086480838006840F0080084490839086021
:101BA0000846006800F00800019000BF00BF00BFB9
:101BB0007E481038006840F001007C491039086008
:101BC0000846006800F00100019000BF00BF4FF41C
:101BD00040703190022032900020339002203490E7
:101BE0000720359031A97248F3F700FD714872491A
:101BF00008602D20486000216F488160C1604FF46B
:101C000080610161002141618161C1614FF4003156
:101C1000016200214162F1F747FF18B164215BA026
:101C2000F0F7DAFD00BF64486449C86708466249B6
:101C3000886300BF6248614908600846446000212B
:101C40008160C16001610C21416100218161C1613C
:101C50000162416210205949886201025748C163FC
:101C6000F7F725F818B1792148A0F0F7B5FD4FF442
:101C7000006254495148F6F7B7FF4F4800684D4994
:101C80003039884257D04C4800684A491839884250
:101C900051D049480068474988424CD046480068BE
:101CA00044491831884246D04348006841493031A0
:101CB000884240D0404800683E49483188423AD086
:101CC0003D4800683B496031884234D03A4800685A
:101CD0003849783188422ED0374800683A498842DE
:101CE00029D03548006838491831884223D0324815
:101CF00000683549303188421DD02F48006832498C
:101D00004831884217D02C4800682F4960318842FA
:101D100011D0294800682C49783188420BD02648D8
:101D2000006829499031884205D023480068264937
:101D3000A831884208D120480068006820F00800D7
:101D40001D490968086007E01B480068006820F02A
:101D500004001949096808601020184909680862D8
:101D60001649096808622020144909680862402061
:101D7000124909680862002204212720F3F7B5FE02
:101D80002720F3F79EFE36B010BD00002E2E5C2EED
:101D90002E5C48617264776172655C7372635C6229
:101DA00073705F7573617274332E6300E844025878
:101DB000000C02584000024048970124B8960124C4
:101DC00000480040000201301004024010B5B6B0D7
:101DD0000446142131A8EEF775FBBC2102A8EEF7EA
:101DE00071FB0220029000201F9002A8F4F746F930
:101DF00018B1362185A0F0F7EFFC00BF8B480068D2
:101E000040F40020894908600846006800F400207A
:101E1000019000BF00BF00BF84480838006840F050
:101E200004008249083908600846006800F0040090
:101E3000019000BF00BF00BF7C481038006840F030
:101E400001007A49103908600846006800F0010076
:101E5000019000BF00BF4FF44060319002203290EB
:101E60000020339034900820359031A97048F3F762
:101E7000BDFB7048704908603F20486000216E48F3
:101E80008160C1604FF48061016100214161816125
:101E9000C16101624162F1F707FE18B15A215BA0EE
:101EA000F0F79AFC00BF64486449C8670846624975
:101EB000886300BF624861490860084644600021A9
:101EC0008160C16001610C21416100218161C161BA
:101ED0000162416210205949886201025748C1637A
:101EE000F6F7E5FE18B16F2148A0F0F775FC4FF446
:101EF000007254495148F6F777FE4F4800684D4943
:101F00004839884257D04C4800684A49303988429D
:101F100051D0494800684749183988424BD0464853
:101F200000684449884246D0434800684149183116
:101F3000884240D0404800683E49303188423AD01B
:101F40003D4800683B494831884234D03A480068EF
:101F50003849603188422ED0374800683A49884273
:101F600029D03548006838491831884223D0324892
:101F700000683549303188421DD02F480068324909
:101F80004831884217D02C4800682F496031884278
:101F900011D0294800682C49783188420BD0264856
:101FA000006829499031884205D0234800682649B5
:101FB000A831884208D120480068006820F0080055
:101FC0001D490968086007E01B480068006820F0A8
:101FD0000400194909680860102018490968086256
:101FE00016490968086220201449096808624020DF
:101FF000124909680862002204213420F3F775FDB4
:102000003420F3F75EFD36B010BD00002E2E5C2E9E
:102010002E5C48617264776172655C7372635C62A6
:1020200073705F7573617274342E6300E8440258F4
:102030000008025858000240C8980124389801242A
:10204000004C0040000A01301004024010B5B6B048
:102050000446142131A8EEF735FABC2102A8EEF7A8
:1020600031FA012002900020209002A8F4F706F82F
:1020700018B1362186A0F0F7AFFB00BF8C4800688E
:1020800040F020008A4908600846006800F02000FF
:10209000019000BF00BF00BF85481038006840F0C5
:1020A00004008349103908600846006800F0040005
:1020B000019000BF00BF00BF7D481838006840F0A5
:1020C00001007B49183908600846006800F00100EB
:1020D000019000BF00BFC02031900220329000204C
:1020E0003390022034900720359031A97148F3F7DE
:1020F0007DFA7148714908604720486000216F48A7
:102100008160C1604FF480610161002141618161A2
:10211000C1614FF40031016200214162F1F7C4FC5A
:1021200018B159215AA0F0F757FB00BF6348644922
:10213000C86708466149886300BF62486049086013
:102140000846446000218160C16001610C21416149
:1021500000218161C1610162416210205849886299
:1021600001025748C163F6F7A2FD18B16E2148A0DD
:10217000F0F732FB4FF4006253495148F6F734FD53
:102180004E4800684C497839884257D04B4800681F
:1021900049496039884251D0484800684649483921
:1021A00088424BD04548006843493039884245D081
:1021B000424800684049183988423FD03F4800688B
:1021C0003D4988423AD03D4800683B491831884231
:1021D00034D03A4800683849303188422ED03748E8
:1021E00000683A49884229D0344800683749183194
:1021F000884223D0314800683449303188421DD0AC
:102200002E48006831494831884217D02B48006871
:102210002E496031884211D0284800682B49783116
:1022200088420BD02548006828499031884205D063
:10223000224800682549A831884208D11F48006813
:10224000006820F008001D490968086007E01B4885
:102250000068006820F00400184909680860102030
:10226000174909680862164909680862202014495C
:1022700009680862402012490968086200220421A6
:102280004720F3F732FC4720F3F71BFC36B010BDB4
:102290002E2E5C2E2E5C48617264776172655C73D1
:1022A00072635C6273705F7573617274362E630063
:1022B000F04402580008025888000240C89B0124DC
:1022C000389B012400140140000E0130100402402C
:1022D0000748006840F08070054908600020054903
:1022E00048600846006840F0010008607047000040
:1022F000FCED00E0001000E038B50446824884425E
:102300000DD100BF8148006840F001007F4908609E
:102310000846006800F00100009000BFF2E0B4F150
:10232000804F0FD100BF79480838006840F00100A5
:102330007649083908600846006800F001000090FE
:1023400000BFDFE0724884420FD100BF6F480838F9
:10235000006840F002006D490839086008460068CE
:1023600000F00200009000BFCCE06A4884420FD128
:1023700000BF66480838006840F004006349083927
:1023800008600846006800F00400009000BFB9E053
:10239000614884420FD100BF5C480838006840F0B3
:1023A00008005A49083908600846006800F008002B
:1023B000009000BFA6E0594884420FD100BF5348A7
:1023C0000838006840F01000504908390860084695
:1023D000006800F01000009000BF93E05048844275
:1023E0000FD100BF49480838006840F02000474935
:1023F000083908600846006800F02000009000BF1F
:1024000080E0484884420DD100BF4048006840F059
:1024100002003E4908600846006800F00200009093
:1024200000BF6FE0404884420FD100BF37480838F2
:10243000006840F0400035490839086008460068E7
:1024400000F04000009000BF5CE0384884420FD1AB
:1024500000BF2E480838006840F080002B4908393A
:1024600008600846006800F08000009000BF49E066
:102470002F4884420FD100BF24480838006840F438
:1024800080702249083908600846006800F48070AE
:10249000009000BF36E0274884420DD100BF1B48A2
:1024A000006840F48030194908600846006800F46C
:1024B0008030009000BF25E01F4884420DD100BF4E
:1024C0001248006840F4003010490860084600686F
:1024D00000F40030009000BF14E0184884420DD191
:1024E00000BF0A48006840F4802008490860084698
:1024F000006800F48020009000BF03E0BD2110A020
:10250000F0F76AF938BD000000000140F0440258BD
:102510000004004000080040000C00400010004093
:10252000001400400004014000180040001C00405E
:1025300000200040004001400044014000480140AC
:102540002E2E5C2E2E5C48617264776172655C731E
:1025500072635C6273705F74696D6572732E630081
:1025600010B503469818B0F1026F01D9012010BDD3
:102570000AB90120FBE7002404E013F8010B01F87D
:10258000010B641C9442F8D30020F0E701200149BC
:1025900008707047F001002400200149087070475E
:1025A000F00100242DE9F04188B005468846144624
:1025B0002819B0F1026F03D9012008B0BDE8F081FD
:1025C0000CB90020F9E7224641462846FDF70AFEED
:1025D00007460FB90020F0E7012080F3108800BF04
:1025E000F2F7D4FF002610E0202241466846EDF7BE
:1025F00041FF08F120086A4629460120F2F730FF22
:1026000008B9203500E025E0761CB6EB541FEBD36B
:1026100004F01F00B8B10021009101910020029048
:102620000390049105910690079004F01F02414623
:102630006846EDF71FFF6A4629460120F2F710FFB2
:1026400000B107E000BFF2F7E9FE002080F3108838
:1026500000BFB2E7F2F7E2FE002080F3108800BF6F
:102660000120AAE700B587B000BF00BF1A48006884
:1026700040F00100184908600846006800F00100B9
:10268000019000BF00BF00BF00BF00BF0846006848
:1026900040F0040008600846006800F00400019063
:1026A00000BF00BF00BF4FF4807002900120039074
:1026B00004900320059002A90848F2F797FF4FF411
:1026C000007002901120039002A90548F2F78EFFD6
:1026D0001CF054FB07B000BDE04402580000025853
:1026E0000008025800B587B000BF00BF1A48006854
:1026F00040F00800184908600846006800F008002B
:10270000019000BF00BF00BF00BF00BF08460068C7
:1027100040F0080008600846006800F008000190DA
:1027200000BF00BF00BF4FF4805002900120039013
:1027300004900320059002A90848F2F757FF4FF4D0
:10274000005002901120039002A90448F2F74EFFB6
:102750001CF046FC07B000BDE0440258000C0258D3
:1027600008B50C480068B0F5805F00D908BD0A487C
:1027700000900848008883B2084A09490948F5F7DB
:102780006CFF20B140F2951107A0F0F725F800BFCB
:10279000ECE70000EC01002440420F0040B00124AF
:1027A00040A00124C89E01242E2E5C2E2E5C486180
:1027B0007264776172655C7372635C6273705F737D
:1027C00070695F6275732E630000000038B91449A8
:1027D000144A1160144951601449916070471049BE
:1027E000104A1160016809B1016811600E490D4A73
:1027F0005160416809B1416851600021094A916006
:1028000011460968064A914207D106494968064AB5
:10281000914202D10549034A916000BFDEE7000002
:1028200081CF02081C020024FDCB0208D9E604086F
:1028300070B5044602F09CF8C5B22A4602A12046B3
:10284000FAF742F970BD00002564000010B5024699
:10285000FF2004E012F8013B4340044CE05C0B1EF7
:10286000A1F10104E1B2F5D110BD000024F3050887
:1028700010B50246FF2004E012F8013B4340044C2F
:10288000E05C0B1EA1F10104E1B2F5D110BD000026
:1028900024F4050830B50246002300200B4604E06E
:1028A00012F8014B6040034C205C1C1EA3F1010395
:1028B000F6D130BD24F505082DE9FE4F06468846C1
:1028C00017463C480068029000253B48006800908D
:1028D000A9463A48007848B339480078E8B93948F9
:1028E000826928466D1C46F8202036484069441EFF
:1028F00035480068844210D333480068334909687A
:102900000844A04209D3202D07D2454505D22846C8
:102910006D1C46F820404FF001092D48007888B121
:102920006A4602A901A805F015FD0BE0EDF728FDA8
:102930008246EDF722FD824504D16A4602A901A82C
:1029400005F008FD1E48007800B1029F2AE03868B3
:10295000041F04F0010000B923E03868441E1A483F
:102960000068001D84421BD3174800681749096896
:102970000844A04214D3202D12D2201F02F032FAB4
:1029800070B145450CD2022D06D1B9F1000F03D02C
:102990007068A04200D104E028466D1C46F8204033
:1029A00000BF3F1D009902980844B842CFD828467E
:1029B000BDE8FE8F10050024140500242105002425
:1029C000220500249C150524180500241C0500245C
:1029D000240500242DE9F04190B007460E46354607
:1029E0002C4600200F9020227B4907A8EDF742FDDE
:1029F0007A48006806907A4800680590794800781F
:102A000048B9794A79A17BA0FAF74EF881A0FAF784
:102A10004BF800BFFEE78048007848B1724A7FA1BA
:102A200074A0FAF741F87BA0FAF73EF800BFFEE782
:102A30000120794908707CA0FAF736F875A0FAF7FA
:102A400033F800F039F9C7F3800078490870084678
:102A50000078C8B105F079FC10B105F076FC00E013
:102A600073A080467449886A4146FAF71DF869A048
:102A7000FAF71AF8EDF781FC0546044605AA06A9FF
:102A80000FA805F067FC06E06B49C86AFAF70CF876
:102A900060A0FAF709F820352946384621F004FDF0
:102AA0000546A08B00F4007000B12D1D06988542EC
:102AB00004D3DDE905100844A8420DD2DDE9051074
:102AC0004318024629465D48F9F7EEFF51A0F9F791
:102AD000EBFF01205A4908702A46DDE9051003F092
:102AE0002BF85549086BF9F7DFFF4AA0F9F7DCFF2F
:102AF00054492068086060684860A0688860E068A1
:102B0000C8602069086160694861A0698861E069FE
:102B1000C8610846C0684B4A0A999268099BCDE98A
:102B20000132CDE903104748406800904548089BB2
:102B3000026845A00799F9F7B7FF36A0F9F7B4FF87
:102B40004048C2693F490E9889690D9BCDE9013122
:102B5000CDE903023B48406900903A480C9B02696A
:102B600039A00B99F9F7A0FF2AA0F9F79DFF41A022
:102B7000F9F79AFF27A0F9F797FF4E480068314907
:102B800008624C48001D007881F824004948103044
:102B9000006888624748401D007881F82C0045484D
:102BA0001430006808634348801D008888864148C7
:102BB0000830006888633F480C300088C8633D488F
:102BC00018300088086405F061F9284619F01AFBEE
:102BD00010B0BDE8F081000024550608100500245F
:102BE00014050024200500240E550608696E69743A
:102BF0005F6F6B00282573292068617320617373F0
:102C0000657274206661696C656420617420257347
:102C10002E0000000D0A000021050024216F6E5FC8
:102C20006661756C7400000000000000240500243B
:102C30004E4F5F4E414D450048540608506306080C
:102C4000220500249C150524202025733A202530D8
:102C50003878202025733A202530387820202573B5
:102C60003A2025303878202025733A2025303878CE
:102C7000000000003D3D3D3D3D3D3D3D3D3D3D3D78
:102C80003D3D3D3D3D3D3D3D3D3D3D3D3D3D3D3D74
:102C90003D3D3D3D3D3D3D3D3D3D3D3D3D3D3D3D64
:102CA0003D3D3D3D3D3D3D3D3D3D3D3D3D3D3D3D54
:102CB0003D3D000024ED00E010B50549054B064AF6
:102CC00048680649F9F7F0FE05A0F9F7EDFE10BDDA
:102CD000485406085A1405243914052418140524E8
:102CE0000D0A000070B504460E4615462022214606
:102CF0001648EDF710FC202231461548EDF70BFC85
:102D0000202229461348EDF706FC134813490860B2
:102D100013480968401A13490860134813490860AA
:102D200013480968401A134908600E48006838B90A
:102D300011490868F9F7B8FE10A0F9F7B5FE70BDA3
:102D400001200F49087000BFF9E70000181405249E
:102D5000391405245A140524E822052410050024FA
:102D6000E842052414050024000002081805002488
:102D7000E86306081C050024485406080D0A0000F4
:102D8000200500242DE9F04704460F469046994659
:102D9000FBF7BAFD06460025AA460F2229466D1C00
:102DA000625429466D1C6254112229466D1C6254DE
:102DB0003068C0F3074229466D1C62543088C0F366
:102DC000072229466D1C6254327829466D1C6254D4
:102DD00029466D1C04F801803248007A012802D18E
:102DE0000020304908722F480068000E29466A1CEE
:102DF000D5B260542B480068C0F307422846691CCE
:102E0000CDB2225427480088C0F307222846691C07
:102E1000CDB22254234802782846691CCDB22254F0
:102E200020484068000E29466A1CD5B260541D48EF
:102E30004068C0F307422846691CCDB222541948A5
:102E40008088C0F307222846691CCDB22254154859
:102E500002792846691CCDB222540020114908602D
:102E6000486001222846691CCDB222542846691CBC
:102E7000CDB204F80090A91EA01CFFF70BFD8246FE
:102E80002846691CCDB204F800A0FF222846691C20
:102E9000CDB222542846691CCDB222543D80BDE8F3
:102EA000F08700005005002410B50446214600209C
:102EB00016F040FD05498860084604808868214670
:102EC000EDF700FB014800F0EBFE10BD5C050024AF
:102ED00010B5024690885388984201D1002010BD59
:102EE00093889068C05C08709088401C138890FBA1
:102EF000F3F403FB140090800120F0E770B5044662
:102F0000A0680578012D03D10120FCF779F902E0D2
:102F10000320FCF775F970BD70B50446FBF7FCFCA7
:102F20000546A06800782870A06840786870A0689E
:102F30008078A870A068C078E870A0680079A8724E
:102F4000A0684179E972A06881792973A068C17984
:102F50006973A068007AA873A068417AE973A068D1
:102F6000817A2974A068C17A69740120FCF748F954
:102F700060790121FCF7FEF864202AF079FC012039
:102F8000FCF708F903F0A2FC70BD00002DE9F04F3A
:102F900089B00746FBF72AFD0546FBF77BFC834615
:102FA000FBF7B6FC064600200590069007900890B7
:102FB000049080460024814682464BA1B868EDF714
:102FC00098FA044674B140212846EDF77BFAE41DD7
:102FD00005F140032A4646A12046EDF72FFB4FF0AE
:102FE000010A5BE045A1B868EDF783FA04463CB3FB
:102FF000641DA1462C212046EDF799FA0446E4B160
:1030000000202070641CFBF7A5FE402105F1440060
:10301000EDF758FA40212846EDF754FA05F18403FC
:1030200005F1440232A14846EDF708FB05F14003E3
:103030002A462FA12046EDF701FB4FF0010A2DE0B3
:1030400030A1B868EDF755FA0446ECB100203060C5
:10305000083404AA08A807A906ABCDE9010200912B
:1030600005AA2BA12046EDF7E9FA4FFA80F805985A
:103070003070069870700798B0700898F0700498D7
:1030800070604FF0030A09E03CB978797421FCF7CD
:1030900071F8404609B0BDE8F08F00BF0120FCF791
:1030A000AFF878790121FCF765F864202AF0E0FB9D
:1030B000BAF1010F06D0BAF1020F07D0BAF1030F2F
:1030C0000DD107E00220FCF765F809E00820FCF7C5
:1030D00061F805E0D6E90001FBF79EFF00E000BFC4
:1030E00000BF4046D6E700006F7574657223230069
:1030F000255B5E3A5D3A256400000000616C6C233C
:1031000023000000757064617465232300000000D3
:1031100025642E25642E25642E25643A256400003E
:1031200070B50446FBF7F8FB0546A0680078A87761
:103130000120FCF765F860790121FCF71BF8642099
:103140002AF096FB0120FCF725F870BD38B504463F
:1031500000200090A06800788DF80000A0684078FA
:103160008DF801006846FCF753F860790121FCF7FF
:1031700001F838BD1FB50446A0688079A168497977
:10318000A2681279A368DB78CDE90032CDE902109C
:10319000A0688378427801780020F7F703FC0C20C0
:1031A000FBF7F8FF0120FCF72BF860790121FBF712
:1031B000E1FF1FBD38B50446A06800788DF8000017
:1031C000A06840788DF80100A06880788DF8020032
:1031D000A068C0788DF803006846FCF729F8012044
:1031E000FCF70EF860790121FBF7C4FF38BD2DE92B
:1031F000FF4104460026A079801E052190FBF1F0D6
:10320000C6B2002523E005EB8500801DA168085C9F
:103210000A4605EB8501491D515C05EB8502121D2F
:10322000A3689A5C1F4605EB8503DB1CFB5CCDE9BC
:103230000032CDE9021005EB8500801CA7683B5CDD
:103240007A7839780120F7F7ADFB681CC5B2B54232
:10325000D9DB0C20FBF79EFF0120FBF7D1FF607943
:103260000121FBF787FFBDE8FF8138B50446002048
:103270000090A06800788DF80000A06840788DF874
:1032800001006846FBF7A6FE60790121FBF772FF9B
:1032900038BD38B5044600200090A068007840B2E0
:1032A0008DF80000A068407840B28DF801006846B3
:1032B000FBF7A2FE60790121FBF75CFF38BD00003F
:1032C0002DE9F0419CB0FBF71FFB07460020199049
:1032D0001A901B90002464216846EDF7F3F800254E
:1032E000A04600266421684600F036FCC5B2002DD9
:1032F0007CD0691F0DF10200FFF7CCFA8046E81E72
:103300001DF80000404506D071269DF86900314641
:10331000FBF730FF01E10021E81E0DF800109DF8D9
:1033200002008DF868009DF8030000049DF8041069
:1033300040EA01209DF80510084319909DF86800A7
:10334000112800D0E9E09DF806008DF86900199871
:10335000396888420AD09DF86900B12806D07026E5
:103360009DF869003146FBF705FFD6E09DF8074060
:103370009DF8080040EA04249DF8090040EA04246E
:103380009DF80A0040EA0424654804609DF80B405B
:103390009DF80C0040EA04249DF80D0040EA042446
:1033A0009DF80E0040EA04245D4844609DF80F003B
:1033B0008DF86A0004A81B909DF86900E1286ED082
:1033C0001ADCB1285FD009DCA0F1A300082867D27D
:1033D000DFE800F05D619999676F6B73D92870D051
:1033E00005DCB3284BD0C4285AD184E090E0DA2819
:1033F00078D0DE28F8D177E0F42820D00EDCF12850
:1034000019D006DCE2285FD0E3285ED0E6287AD126
:103410005CE0F2281FD0F32875D12CE0F82822D0E8
:1034200004DCF52813D0F6286DD10CE0F9281ED065
:10343000FE2868D113E019A8FFF7A8FD67E019A8D6
:10344000FFF76AFD63E019A8FFF723FF5FE019A803
:1034500001F095F85BE019A801F078F857E019A899
:1034600001F062F853E019A801F034F84FE019A810
:10347000FFF7FBFE4BE019A8FFF752FE47E019A843
:1034800000F050F843E019A801F092F83FE019A8C5
:1034900000F0FAFF3BE019A801F09EF837E012E0D7
:1034A00031E019A8FFF786FE31E019A8FFF79FFE6B
:1034B0002DE019A8FFF75EFE29E019A8FFF746FEE8
:1034C00025E010E00EE000BF00BF00BF012014495E
:1034D00008721B9A1278521ED1B29DF8690000F052
:1034E00033FB14E000BF00BF1B9A11789DF8690000
:1034F000FBF7B4FE0BE01B9B5A7819789DF8690026
:10350000FBF70AFE03E019A8FFF7F8FC00BF00E094
:10351000002570B21CB0BDE8F08170B2FAE700007F
:1035200050050024704730B502465088401C14886E
:1035300090FBF4F504FB150083B29088984205D007
:103540005488906801555380012030BD0020FCE76D
:103550002DE9F04104460F46FBF7D6F90646002553
:10356000A8460F2229466D1C625429466D1C6254E0
:10357000112229466D1C62543068C0F30742294667
:103580006D1C62543088C0F3072229466D1C6254BA
:10359000327829466D1C6254FF2229466D1C625404
:1035A00000222846691CCDB222542846691CCDB29F
:1035B00022542846691CCDB222542846691CCDB23B
:1035C00022542846691CCDB222542846691CCDB22B
:1035D00022542846691CCDB222542846691CCDB21B
:1035E000225401222846691CCDB222542846691C67
:1035F000CDB22254A91EA01CFFF74CF980462846E4
:10360000691CCDB204F80080FF222846691CCDB2A7
:1036100022542846691CCDB222543D80BDE8F08179
:103620002DE9F34FADB08946FBF76EF98246FBF703
:10363000DDF90746FBF770F90446FBF735F98046DC
:10364000FBF7B6FA0546FBF763F9064680210DA89D
:10365000ECF738FF142108A8ECF734FF002007909E
:103660001022F3A108A8DAF80030F9F72DFA08A81B
:10367000ECF767FFA0F1010B594608A8FFF70AF91C
:10368000079000212D9815F0B9FF01230022EAA12F
:103690002D9815F0F7FF00212D9815F0C3FF80211C
:1036A0000DA8ECF70FFF1122E5A10DA8F9F70CFA10
:1036B00001230DAAE4A12D9816F00EF880210DA883
:1036C000ECF700FFE1484368E1A102680DA8F9F7B3
:1036D000FBF901230DAAE1A12D9815F0FDFF0020B3
:1036E000DA4908604860087280210DA8ECF7EAFE0C
:1036F000DBA10DA8DAF80020F9F7E6F901230DAAFD
:10370000D8A12D9815F0E8FF0123CAA2D6A12D98C3
:1037100015F0E2FFFBF7F4F8834601235A46D3A1E4
:103720002D9815F0D9FF80210DA8ECF7CBFE0DA840
:1037300020F0A0FD01230DAACDA12D9815F0CCFFFE
:1037400080210DA8ECF7BEFE07F14402C9A10DA827
:10375000D7F88430F9F7B8F901230DAAC7A12D983D
:1037600015F0BAFF80210DA8ECF7ACFE3A46C1A1D6
:103770000DA83B6CF9F7A8F901230DAAC0A12D985B
:1037800015F0AAFF80210DA8ECF79CFEF178B27825
:103790007068CDE90021029073783278B9A10DA844
:1037A000F9F792F901230DAABAA12D9815F094FF0B
:1037B00006F03CF9834601235A46B7A12D9815F02F
:1037C0008BFF04F087FF834601235A46B4A12D984E
:1037D00015F082FF80210DA8ECF774FE04F074FF51
:1037E00083465A469EA10DA8F9F76EF901230DAA4A
:1037F000ADA12D9815F070FF80210DA8ECF762FEA9
:10380000FBF7D8F883465A4695A10DA8F9F75CF95D
:1038100001230DAAA5A12D9815F05EFF80210DA80A
:10382000ECF750FE607A217AE279A379CDE9003293
:10383000CDE90210637922799DA10DA8F9F744F929
:1038400001230DAAA2A12D9815F046FF80210DA8F5
:10385000ECF738FEE078A178CDE9001063782278A3
:103860009CA10DA8F9F730F901230DAA9CA12D9870
:1038700015F032FF80210DA8ECF724FE607B217B40
:10388000CDE90010E37AA27A92A10DA8F9F71CF90C
:1038900001230DAA93A12D9815F01EFF80210DA8DC
:1038A000ECF710FE607C217CCDE90010E37BA27B6D
:1038B00088A10DA8F9F708F901230DAA8AA12D986E
:1038C00015F00AFF80210DA8ECF7FCFD607F227F38
:1038D000E17EA37ECDE90231CDE90420607E217E28
:1038E000CDE90010E37DA27D80A10DA8F9F7ECF8E9
:1038F00001230DAA83A12D9815F0EEFE80210DA8BD
:10390000ECF7E0FD4FF47A71D8F80400B0FBF1FB5E
:10391000002003465A467CA100900DA8F9F7D4F880
:1039200001230DAA7BA12D9815F0D6FE80210DA8AC
:10393000ECF7C8FD4FF47A71D8F80800B0FBF1FB42
:103940005A4647A10DA8F9F7BFF801230DAA72A1A5
:103950002D9815F0C1FE80210DA8ECF7B3FD4FF4B2
:103960007A71D8F80C00B0FBF1FB5A463CA10DA8C7
:10397000F9F7AAF801230DAA68A12D9815F0ACFE5D
:1039800080210DA8ECF79EFD98F8102034A10DA819
:10399000F9F79AF801230DAA61A12D9815F09CFE64
:1039A00080210DA8ECF78EFDA989A879AA88CDE918
:1039B000002002916B882A885AA10DA8F9F784F893
:1039C00001230DAA5BA12D9815F086FE80210DA87C
:1039D000ECF778FDFBF71CF983465A4620A10DA8A9
:1039E000F9F772F801230DAA54A12D9815F074FE71
:1039F00080210DA8ECF766FD51A10DA8079AF9F7F3
:103A000063F800230DAA4FA12D9815F065FE012142
:103A10002D9815F007FE01212D9815F0EFFD2D983A
:103A2000ECF78FFDA9F800002FB0BDE8F08F000083
:103A30002578256445310000636F6465000000004F
:103A400025303278000000007665720050050024B1
:103A5000253038642530396400000000716E0000A4
:103A60002564000074696400636D6400746E000076
:103A700074736E0025733A25640000006973690051
:103A80006F73690025642E25642E25642E25643A03
:103A90002564000075736900696363696400000050
:103AA000696D65690000000064626D00746D00005E
:103AB000253032782D253032782D253032782D255D
:103AC0003032782D253032782D25303278000000C4
:103AD0006D61630025642E25642E25642E25640007
:103AE000697000006E6D00006777000025642E2568
:103AF000642E25642E25642C25642E25642E2564D1
:103B00002E2564006D69700025642C25642C2564C5
:103B10000000000072740000706C0000706E000005
:103B20007074000025642C25642C25642C25642CDD
:103B3000256400006F706F766300000075720000EE
:103B4000257800006372630070B504460D4629466F
:103B50002046FBF7B3F970BD78B504460D46002644
:103B600000200090474800784649087081E04FF4F3
:103B70007A704549086069464448FFF7A9F99DF8FD
:103B800000004349097840EA012041490880414842
:103B9000008830B9084600884FF2F001884200D012
:103BA00067E03C48008850B9F0213A480288008814
:103BB000401C384B1880A154002037490870354804
:103BC0000088062803D19DF800002E49087031486E
:103BD00000880F2803D19DF800002F4908702D4858
:103BE0000088A84209DA9DF800102A480288008857
:103BF000401C284B1880A15409E0002600202749CA
:103C000008802449088024490870304678BD9DF812
:103C100000002249097840EA01202049088008462E
:103C200000884FF6FF71884211D11B48007813308D
:103C30001849098888420ADC164806880020174976
:103C40000880144908800F4908703046DEE71248A2
:103C5000007813300F490988884209DC00260020CB
:103C60000E4908800B4908800B4908703046CDE7A3
:103C700000BF064807C800F0E1FC00283FF777AF17
:103C80000020C3E739000024300000245C05002434
:103C9000360000242C0000243800002434000024C6
:103CA00000214180818070470748006850B1064874
:103CB0000068401E044908600846006810B90020EA
:103CC0000249088070470000300000242C000024C6
:103CD00010B54FF49670FFF7E7F810BD38B50446FD
:103CE00000200090002524B1012C26D0022C62D1A6
:103CF00042E002F041FC08B903251DE06846FAF7EE
:103D00000FFE9DF8000050B99DF8010038B99DF8EC
:103D1000020020B99DF8030008B900250CE000F06E
:103D200097FE012801D1012506E000F091FE02284E
:103D300001D1042500E002253DE06846FAF700FEC7
:103D40009DF8000050B99DF8010038B99DF80200B7
:103D500020B99DF8030008B900250CE000F07EFEB4
:103D6000012801D1012506E000F078FE022801D1EA
:103D7000042500E002251EE06846FAF7B9FE9DF82A
:103D8000000050B99DF8010038B99DF8020020B933
:103D90009DF8030008B900250CE000F07FFE012823
:103DA00001D1012506E000F079FE022801D10425A9
:103DB00000E0022500BF00BF284638BD2DE9F04FC6
:103DC0002DED048BADF2A44D04460E46FAF79CFD92
:103DD000CDF8A00400250020CDF89C04CDF898046F
:103DE00040210DF58B60ECF76DFBA84640210DF5E9
:103DF0008360ECF767FB232229466D1C6254294639
:103E00006D1C6254302229466D1C625429466D1C7B
:103E1000625429466D1C625429466D1C625440212F
:103E20000DF58B60ECF74EFBFE48007A012814D1AB
:103E30000020FC49087208464368FBA102680DF5A2
:103E40008B60F8F741FE0DF58B612046ECF745FBE2
:103E50000020F4490860486009E0F7A10DF58B6087
:103E6000F8F732FE0DF58B612046ECF736FB40216A
:103E70000DF58B60ECF726FBDDF8A004F0A10268DD
:103E80000DF58B60F8F720FE0DF58B612046ECF701
:103E900024FB40210DF58B60ECF714FB1122EAA105
:103EA0000DF58B60F8F710FE0DF58B612046ECF7F1
:103EB00014FBE8A12046ECF710FB40210DF58B60C8
:103EC000ECF700FB0020FAF795FD81464A46E3A196
:103ED0000DF58B60F8F7F8FD0DF58B612046ECF7DA
:103EE000FCFA40210DF58B60ECF7ECFA0120FFF7AE
:103EF000F5FE81460020FFF7F1FE82464B46524612
:103F0000D8A10DF58B60F8F7DFFD0DF58B6120462C
:103F1000ECF7E3FA40210DF58B60ECF7D3FA0020C3
:103F200000F002FEB7EEC00AB0EE408B53EC182B47
:103F3000CFA10DF58B60F8F7C7FD0DF58B6120461D
:103F4000ECF7CBFA40210DF58B60ECF7BBFA0120C2
:103F500000F0EAFDB7EEC00AB0EE408B53EC182B30
:103F6000C5A10DF58B60F8F7AFFD0DF58B6120460F
:103F7000ECF7B3FA40210DF58B60ECF7A3FA0120C2
:103F800000F00EFDB7EEC00AB0EE408B002000F04E
:103F900007FDB7EEC00AB0EE409B8DED008B53ECF1
:103FA000192BB7A10DF58B60F8F78EFD0DF58B6120
:103FB0002046ECF792FA40210DF58B60ECF782FA7F
:103FC000012000F0F5FCB7EEC00AB0EE408B0020F7
:103FD00000F0EEFCB7EEC00AB0EE409B8DED008B1A
:103FE00053EC192BAAA10DF58B60F8F76DFD0DF5BB
:103FF0008B612046ECF771FA40210DF58B60ECF7F0
:1040000061FA00F0B5FC8146032000F0BDFC824659
:10401000022000F0B9FC8346012000F0B5FC0590B9
:10402000002000F0B1FCCDE900BACDF80890049072
:1040300002469BA10DF58B60059BF8F745FD0DF53C
:104040008B612046ECF749FA40210DF58B60ECF7C7
:1040500039FA00F01DFD81464A469AA10DF58B60A4
:10406000F8F732FD0DF58B612046ECF736FA40216A
:104070000DF58B60ECF726FAFAF7A2F88146FAF70D
:10408000ABF882464B46524691A10DF58B60F8F78E
:104090001BFD0DF58B612046ECF71FFA40210DF555
:1040A0008B60ECF70FFA012000F064FD81460020E0
:1040B00000F060FD82464B4652468AA10DF58B60AA
:1040C000F8F702FD0DF58B612046ECF706FA40216A
:1040D0000DF58B60ECF7F6F903201AF065FD8146CB
:1040E00002201AF061FD824601201AF05DFD834630
:1040F00000201AF059FD5B4602467FA1CDE900A9D8
:1041000005900DF58B60F8F7DFFC0DF58B6120460F
:10411000ECF7E3F940210DF58B60ECF7D3F9402182
:104120000DF58360ECF7CEF94FF0000921E0484629
:104130001AF03AFD012810D1002000F0F5FCB7EE8E
:10414000C00AB0EE408B0DF5836101EBC90053EC62
:10415000182B70A1F8F7B8FC07E00DF5836101EBAF
:10416000C90000226DA1F8F7AFFC09F1010000F0D1
:10417000FF09B9F1050FDADB0DF586600DF58561F4
:104180000DF584630DF58362CDE9001064A128303C
:10419000F8F79AFC0DF58B612046ECF79EF940216B
:1041A0000DF58B60ECF78EF940210DF58360ECF78F
:1041B00089F94FF0000915E009F10201C8B200F0D9
:1041C000B3FCB7EEC00AB0EE408B0DF5836101EB96
:1041D000C90053EC182B4FA1F8F776FC09F1010048
:1041E00000F0FF09B9F1050FE6DB0DF586600DF56E
:1041F00085610DF584630DF58362CDE900104DA155
:104200002830F8F761FC0DF58B612046ECF765F975
:1042100040210DF58B60ECF755F9F9F7D7FF814692
:104220004A4691E050050024514E3D253038642522
:104230003039643B00000000514E3D303B0000002F
:104240005449443D25643B005645523D2530327863
:104250003B00000043503D262600000044543D250D
:10426000733B00004D4E3D25642C25643B0000004F
:10427000563D252E32663B00413D252E32663B00E1
:10428000483D252E32662C252E32663B000000006C
:10429000543D252E32662C252E32663B0000000050
:1042A00044533D253031642C253031642C25303188
:1042B000642C253031643B503D25643B5350443DD4
:1042C000303B000050413D253031643B0000000090
:1042D0004F563D253031643B4F4350533D253031DF
:1042E000643B000057415445523D253031642C2534
:1042F0003031643B0000000052454C41593D2530AF
:1043000031642C253031642C253031642C2530313A
:10431000643B0000252E326600000000256400008A
:104320004348563D25732C25732C25732C25733B50
:10433000000000004348413D25732C25732C257354
:104340002C25733B0000000042A10DF58B60F8F7AF
:10435000BBFB0DF58B612046ECF7BFF8FBF7EEFADF
:10436000074640210DF58B60ECF7ACF897ED020B9A
:10437000B0EEC00BB0EE408B97ED000BB0EEC00B73
:10438000B0EE409B8DED008B53EC192B33A10DF556
:104390008B60F8F799FB0DF58B612046ECF79DF8E3
:1043A0004FF4806106A8ECF78DF806A8EEF7B6F991
:1043B00006A92046ECF791F82EA12046ECF78DF8DF
:1043C0002046ECF7BEF880B2CDF89C04DDF89C04E2
:1043D000821F29A10DF58B60F8F776FB9DF8580434
:1043E000A0709DF85904E0709DF85A0420719DF862
:1043F0005B0460711FA12046ECF77BF88046B8F1A2
:10440000000F02D1002030801EE04046ECF799F802
:10441000814649464046FEF73DFACDF898044021D2
:104420000DF58B60ECF74EF815A10DF58B60DDF8FE
:104430009824F8F749FB0DF58B612046ECF74DF811
:104440002046ECF77EF830800DF2A44DBDEC048BD5
:10445000BDE8F08F4D49553D25643B004C41543D2E
:10446000252E3036663B4C4E473D252E3036663B7A
:104470000000000026260000253034640000000003
:10448000253032782323000070B50446FAF73CFA51
:10449000054600263421281DECF714F8A068ECF737
:1044A00050F8C6B226B960797421FAF763FE10E0BD
:1044B000002005E0A1680A5C291D0A54411CC8B20D
:1044C000B042F7DB0420FAF765FE60790121FAF7C4
:1044D00051FE70BD1CB50446A06800788DF8000040
:1044E000A06840788DF80100A06880788DF80200FF
:1044F000A068C0788DF80300A06800798DF80400EA
:10450000A06840798DF80500A06880798DF80600D4
:10451000A068C0798DF807006846FAF7B5FD6079A4
:104520000121FAF727FE1CBD70B50446A068057886
:1045300025B960797421FAF71DFE06E02846FAF7DE
:10454000BFFD60790121FAF715FE70BD70B5044614
:10455000A0684078A168097840EA0125A0688678BB
:1045600025B960797421FAF705FE07E0314628463F
:10457000FAF7B0FD60790121FAF7FCFD70BD70B566
:104580000446A0680678A0688078A168497840EA67
:10459000012525B960797421FAF7ECFD07E0314671
:1045A0002846FAF7A9FD60790121FAF7E3FD70BD0D
:1045B00070B50446A0680578A068407840EA0525F3
:1045C000A068807840EA0525A068C07840EA052503
:1045D0002846F6F7E1FB70BD3EB50446002000908A
:1045E00001900290A0684078A168097840EA012013
:1045F000ADF80000A068C078A168897840EA012081
:10460000ADF80200A0684079A168097940EA01206C
:10461000ADF80400A068C079ADF80600A068407A43
:10462000A168097A40EA0120ADF808006846FAF767
:10463000DDFE60790121FAF79DFD3EBD07B5BDF8AD
:104640000200BDF800100844BDF80410401ABDF87F
:10465000001090FBF1F201FB120080B20EBD0000D1
:10466000F8B505460E46002400270020009000BF44
:104670000FE0295D0848FEF756FF07463FB9694637
:104680000548FEF725FC295D0348FEF74CFF601C3A
:1046900084B2B442EDDBF8BD5C0500242DE9F041A5
:1046A000AEB006460C46FAF72FF9054680210EA853
:1046B000EBF708FF342101A8EBF704FF00271022D5
:1046C00046A101A82B68F8F7FFF901A8EBF739FF1D
:1046D000A0F10108414601A8FEF7DCF807460021D9
:1046E000304614F08BFF012300223EA1304614F027
:1046F000C9FF80210EA8EBF7E5FE3C4843683CA1CA
:1047000002680EA8F8F7E0F901230EAA3BA1304693
:1047100014F0E2FF0020354908604860087200216B
:10472000304614F07FFF80210EA8EBF7CBFE11225C
:1047300033A10EA8F8F7C8F901230EAA32A130461A
:1047400014F0CAFF80210EA8EBF7BCFE2FA10EA823
:104750002A68F8F7B9F901230EAA2DA1304614F002
:10476000BBFF01231EA22BA1304614F0B5FF01238D
:1047700029A22CA1304614F0AFFF01232AA22EA1BA
:10478000304614F0A9FF80210EA8EBF79BFE0EA87F
:104790001FF070FD01230EAA29A1304614F09CFFE2
:1047A00080210EA8EBF78EFE3A4626A10EA8F8F758
:1047B0008BF900230EAA24A1304614F08DFF0121AD
:1047C000304614F02FFF0121304614F017FF304619
:1047D000EBF7B7FE20802EB0BDE8F0812578256488
:1047E00045330000636F646500000000500500243D
:1047F000253038642530396400000000716E0000F7
:1048000025303278000000007665720025640000D3
:1048100074696400636D6400464E2D4A5454592DEA
:10482000505900006D6F6400312E302E302E323022
:10483000323531323133000073797376657200009E
:1048400074736E0025780000637263002DE9F047F1
:1048500005460F4616469846A7EB05094FF4007229
:104860000D492846FDF77CFE002406E0305D04EB90
:104870000901094A5054601C84B24445F6D30BF038
:1048800037F92846FBF7D0FC4FF40072024928465E
:10489000FDF788FEBDE8F0879481012470B50446D9
:1048A0000420F4F7E7F80A48046025464FF47A70CC
:1048B00045434FF0E020006940F002004FF0E02156
:1048C000086108464561006940F00100086170BD5B
:1048D000F801002430B50446002504E04FF47A7056
:1048E00000F004F86D1CA542F8D330BD70B5034646
:1048F00000224FF0E02675690D4E366803FB06F482
:104900004FF0E026B16910E04FF0E026B069884230
:104910000BD0884202D20E1A324402E02E1A0E4404
:1049200032440146A24200D300E0EDE700BF70BD73
:10493000F801002400B587B0002003900290019098
:1049400001AA02A903A805F045FABDF90C000490DC
:10495000BDF908000590BDF90400069004A80BF00D
:10496000C9F8024880ED040A07B000BD040A00201F
:10497000044890ED040ABCEEC00A10EE100A80B2A2
:1049800070470000040A0020014602488A1C805C2F
:1049900070470000380A002010B5FAF781FE10BDFC
:1049A000024901EB800191ED000A70470C0A0020DA
:1049B000024901EB800191ED000A7047040A0020D2
:1049C00010B50024214890F8340001280AD10021B4
:1049D000084600F041F9012108460BF081F9FAF789
:1049E000D3FB24E0194890F8340002280ED10021AE
:1049F000084600F031F9012108460BF071F91BF06F
:104A000045FB4FF47A70FAF7B3FD10E00F4890F8C9
:104A1000340004280BD10021084600F01DF90121C3
:104A200008460BF05DF94FF47A70FAF7A1FD002407
:104A300008E02046F4F7D6FA04493431621C885461
:104A4000601CC4B2082CF4DB10BD0000040A002076
:104A5000014890F83E007047040A0020014890F891
:104A60003F007047040A0020014890F83C0070475E
:104A7000040A00200146054800EB810090ED000A81
:104A8000BCEEC00A10EE100AC0B27047300A002017
:104A9000014890F835007047040A0020014890F85A
:104AA00040007047040A002000B589B0002004903F
:104AB000059006900790009001900290039018488E
:104AC0000078401C1649087008460078642825DBE9
:104AD0000020087004A96846F9F732F860B99DED26
:104AE000000BB7EEC00B0F4880ED020A9DED040BE2
:104AF000B7EEC00B80ED000A06A902A8F8F740FF48
:104B000060B99DED020BB7EEC00B064880ED030ABD
:104B10009DED060BB7EEC00B80ED010A09B000BD9C
:104B20004F000024040A002006281CD2DFE800F011
:104B300003070B0F13170D4991ED050A70470B4939
:104B400091ED060AFAE7094991ED070AF6E70749E8
:104B500091ED080AF2E7054991ED090AEEE70349EC
:104B600091ED0A0AEAE79FED020AE7E7040A00204E
:104B700000000000014602488A1D805C704700006A
:104B8000380A0020314890F83E00B0B92F4890F81C
:104B90003F0090B92E480078012803D02C48407877
:104BA000012825D1294890F83E0029490870274856
:104BB00090F83F00487001207047244890F83E006C
:104BC000012804D0214890F83F00012810D1204846
:104BD000007868B91E48407850B91C4890F83E00EB
:104BE0001B490870194890F83F0048700120E3E71E
:104BF000164890F83E0016490870144890F83F0097
:104C00004870124890F8400050B9124800780128C6
:104C100015D10E4890F840000E4908700120CBE7EE
:104C20000A4890F84000012809D10A48007830B9B4
:104C3000064890F84000074908700120BCE7034887
:104C400090F84000034908700020B5E7040A0020EE
:104C50004C0000244E000024014A1154704700000B
:104C6000380A0020014981F83E007047040A0020FC
:104C7000014981F83F007047040A0020014981F88A
:104C800041007047040A0020014981F84000704744
:104C9000040A0020062840D2DFE800F0030F1723A3
:104CA0002F37DFED1F0A80EE201AF6EE000A71EEB4
:104CB000600A1C49C1ED070A2FE0DFED190A80EEFA
:104CC000201A184981ED081A27E0DFED150A80EE59
:104CD000201AF6EE000A71EE600A1249C1ED090AC7
:104CE0001BE09FED0F1AC0EE010AB6EE001A70EE3F
:104CF000C10A0C49C1ED0A0A0FE0DFED090A80EE96
:104D0000201A084981ED0B1A07E0DFED050A80EE55
:104D1000201A044981ED0C1A00BF00BF7047000043
:104D200019A49544040A002010B1012810D107E00D
:104D3000DFED080A80EE201A074981ED051A07E029
:104D4000DFED060A80EE201A034981ED061A00BF46
:104D500000BF70474C527F46040A0020F8DD9B4696
:104D600010B5044600F001F810BD12E001F048F85B
:104D7000FFF726FEFFF798FEFFF7DCFDFAF7F8FFD6
:104D8000FBF7C4F9FFF708FE0AF0B2FE0A2028F08C
:104D90006FFDEBE770B506460D46F9F7B5FD044625
:104DA00025B1012D08D0022D13D10BE00AA1304608
:104DB0002268F7F789FE0CE0221D09A13046F7F7BB
:104DC00083FE06E004F1380205A13046F7F77CFEC9
:104DD00000BF00BF70BD0000253036580000000045
:104DE0002573000001460B884A8802F47840B0F52C
:104DF000784F06D103F47840B0F5704F01D101200F
:104E0000704702F47F40B0F58E4F01D10120F7E7E3
:104E10000020F5E770B5002406E0194850F824009A
:104E200000B903E0601CC4B2042CF6DB00BF042C04
:104E30000CDA00F029F8124941F82400084650F82D
:104E4000240018B10F480470204670BD00240D489E
:104E50000078401CC5B20EE0042D00DB0025084898
:104E600050F8250018B1074805702846EDE7601C8A
:104E7000C4B2681CC5B2042CEEDB0420E5E70000D8
:104E8000F0E402247802002470B52E2027F04DFEB5
:104E900005460DB9002070BD00BFEBF7D9FA86B208
:104EA000B6F5806F06DB32460C49284627F09AFAA1
:104EB000044601E06FF0070404F108000028ECD07C
:104EC00024B1284627F06CFE0020E4E700220449C4
:104ED000284627F05DFE2846DDE70000ACFC05080B
:104EE000495503080146002051B1CA7A521C022AD2
:104EF00006DACA7A521C034B53F8222002B1012071
:104F0000704700007C0200242DE9F04105460E4662
:104F1000002428E004EB44003A4951F8200000B393
:104F200004EB440001EB8000007AA84219D104EBA5
:104F30004401344F07EB81014A6805EB0511324FFC
:104F400007EB011101F1100004EB44012D4F57F85C
:104F5000213031469847002004EB44013A4642F89C
:104F60002100601CC4B2042CD4DB002421E0AC423C
:104F700000D11CE004EB0410234901EB0010807AFF
:104F8000022813D104EB041001EB0010C07B05EBE9
:104F900005111D4A02EB0111C97B884206D104208C
:104FA00005EB051102EB0111C87304E000BF601CA2
:104FB000C4B2042CDBDB00BF05EB0510124901EB8A
:104FC0000010C07B04281BDA05EB05110E4A02EB2A
:104FD0000111C97B0D4A52F8210027F0E1FD0020A4
:104FE00005EB0511084A02EB0111C97B074A42F89B
:104FF0002100042005EB0511034A02EB0111C873DF
:10500000BDE8F08140E9022400E50224F0E4022436
:1050100010B5002404E0204600F006F8601CC4B27D
:10502000042CF8DB10BD000070B5054605EB05103B
:10503000334901EB001400BF042D08DB00BF31A38E
:1050400040F21C4239A140A0F7F72EFD00BF00BF7F
:10505000A07A002845D0012804D0022812D00328C5
:1050600040D135E000F010F920810220A07200202C
:10507000E0720120207300206073284600F062FB7C
:1050800006463BE0207B401EC0B22073F8B9607B2F
:10509000401CC0B26073042812D12046FFF722FFE3
:1050A00038B1E07A401CE072012020730020607368
:1050B00008E000212846FFF727FF0020A0721DE02E
:1050C000607B2073284600F03DFB064600BF15E0DC
:1050D000206818B12068401E206008B90020A07226
:1050E0000CE00BE000BF00BF06A340F25B4220A132
:1050F00015A0F7F7D9FC00BF00BF00BF00BF70BD0F
:1051000000E502242E2E5C2E2E5C4D6964646C65D5
:1051100077617265735C6C7769705C7372635C63F2
:105120006F72655C646E732E630000006172726161
:105130007920696E646578206F7574206F662062CF
:105140006F756E6473000000417373657274696FEC
:105150006E2022257322206661696C65642061746B
:10516000206C696E6520256420696E2025730A0015
:10517000756E6B6E6F776E20646E735F7461626CB8
:105180006520656E7472792073746174653A0000ED
:105190002DE9F04706460F469046444600BF21469B
:1051A000384616F083FD0546002D03DB4FF6FF70F1
:1051B000844203D14FF6FF70BDE8F087601C84B2D3
:1051C00005F0C000C02802D14FF6FF70F4E721E0DF
:1051D0002146384616F06AFD8146B9F1000F02DA21
:1051E0004FF6FF70E8E73078EBF72BF9824609F0CD
:1051F000FF00EBF726F9824502D04FF6FF70DBE7A0
:105200004FF6FF70844200D1D6E7601C84B2761C52
:105210006D1E00BF002DDBDC761C2146384616F0E3
:1052200045FD0546002D02DA4FF6FF70C4E7002D5C
:10523000B5D14FF6FF70844200D1BDE7601C80B24B
:10524000BAE7000070B505460E4605EB05100C499F
:1052500001EB00140320A07226600A4920688842EE
:1052600001D908462060211D2846FFF74DFE206821
:1052700020B9A07A032801D10020A07270BD0000DF
:1052800000E50224803A090070B500BFEBF7E0F8B2
:1052900085B2002411E004EB04100A4901EB001070
:1052A000807A022807D104EB041001EB001000897A
:1052B000A84200D1EAE7601CC4B2042CEBDB28460C
:1052C00070BD000000E502242DE9FF4F83B08B463E
:1052D00091469A460025002436E004EB04105B4911
:1052E00001EB0010807A02282CD104EB04100A464E
:1052F00002EB001000F110014FF48072039813F0DC
:1053000071FBF8B900261BE006EB4600504951F846
:10531000200098B906EB460041F8209006EB4600C5
:1053200001EB8000C0F804A006EB460001EB800012
:1053300004726FF0040007B0BDE8F08F701CC6B2B5
:10534000042EE1DB601CC4B2042CC6DB00200290FA
:105350004FF00408002417E004EB04103B4901EB74
:105360000015A87A00B911E0A87A03280AD1A97B10
:10537000384A1278511AC8B20299884201DD029067
:10538000A04600BF601CC4B2042CE5DB00BF042CA7
:1053900013D1B8F1040F07DA08EB08102B4901EB21
:1053A0000010807A032802D04FF0FF30C3E7444654
:1053B00004EB0410254901EB0015002700260CE042
:1053C00006EB4600224951F8200020B906EB4600C2
:1053D00001EB800703E0701CC6B2042EF0DB00BFB7
:1053E00017B94FF0FF30A6E73C720120A8721948A8
:1053F0000078A873C7F80090C7F804A0BBF1FF0FAE
:1054000001D2584600E0FF20019005F11000019AFA
:105410000399EBF72FF8002205F1100101980A54C7
:10542000FFF7F8FCE873E87B042804DB0020A8728F
:105430003860401E7FE707480078401C0549087027
:105440002046FFF7F1FD6FF0040074E700E5022449
:1054500040E9022479020024F8B504460D461646B8
:105460001F4600203B46324629460090204600F069
:1054700001F8F8BD2DE9F04705460E461746984657
:10548000DDF8209016B10DB1287818B96FF00F0033
:10549000BDE8F0872846EBF754F80446FF2C02D904
:1054A0006FF00F00F4E73146284609F0BDFD08B162
:1054B0000020EDE73146284600F018F808B9002032
:1054C000E6E70648006810B96FF00500E0E74346DC
:1054D0003A4621462846FFF7F7FED9E77C0200242A
:1054E00000BF00BF00BF00BF7047000070B5064698
:1054F0000D46002421E004EB0410124901EB0010DA
:10550000807A032817D104EB04100A4602EB00103E
:1055100000F110014FF48072304613F063FA50B975
:1055200000BF35B104EB0410064901EB00104068E0
:105530002860002070BD601CC4B2042CDBDB6FF05F
:105540000F00F7E700E502242DE9F04F89B0174678
:105550009A463889102800DAEBE000230C2206A9CD
:10556000384615F0C5FE0C2873D1BDF8180010F0B0
:10557000B0FC81460025D8E005EB05106F4901EB32
:105580000016B07A02286ED130894845FBD1BDF8AB
:105590001C0010F09EFC8346BDF81E0010F099FC24
:1055A00080469DF81A0000F0800000B9C1E0BBF110
:1055B000010F00D0BDE0F17A614A52F82110DAF80B
:1055C0000000884200D0B4E00C22394606F11000F9
:1055D000FFF7DEFD04464FF6FF718C4200D1A8E0D4
:1055E0002346042202A9384615F082FE042800D082
:1055F0009FE0BDF80A00B0F5807F05D100BFBDF87F
:105600000800B0F5807F00D093E0201DB0F5803F0A
:1056100000DB8EE0201D84B29DF81B0000F00F001F
:1056200060B13046FFF75EFC00286DD00320707338
:10563000012030732846FFF7F7FC7AE05EE0214650
:10564000384600F083F904464FF6FF70844201D1DA
:105650006FE06DE023460A2203A9384615F048FEA4
:105660000A2801D065E05EE004F10A00B0F5803F51
:1056700000DB5EE004F10A0084B2BDF80E00B0F574
:10568000807F28D1BDF80C00B0F5807F22D1BDF815
:105690001400B0F5806F1DD12346042201A93846BD
:1056A00015F026FE042800D043E005EB0511234A3F
:1056B00002EB011101984860384615F02DFF04985F
:1056C00010F0FAFB014600902846FFF7BBFD09B039
:1056D000BDE8F08F00BFBDF8140010F0FAFB2044C5
:1056E000B0F5803F00DB24E0BDF8140010F0F1FBC2
:1056F000204484B2A8F101001FFA80F8B8F1000F2D
:1057000002DD3889A0429ADC384615F005FF0021F9
:105710002846FFF7F9FB002005EB0511074A02EBCD
:1057200001118872D3E7681CC5B2042DFFF624AFBF
:1057300000BF384615F0F0FE00BFC8E700E50224C0
:105740007C0200242DE9F04F89B083460BEB0B104F
:10575000554901EB001500BFE87A022808DB00BFBD
:1057600052A340F2FA225BA160A0F7F79DF900BFB7
:1057700000BFE87A674951F8200040B90021584637
:10578000FFF7C2FB0020A87209B0BDE8F08F05F159
:105790001000EAF7D6FE123080B24FF420720146B4
:1057A0000290362015F0E0FA0746002F71D0002055
:1057B000069007900890288910F08BFBADF8180030
:1057C00001208DF81A000002ADF81C000C2206A979
:1057D000384616F051F905F11004641E0C2600BF7E
:1057E000641CA0464FF0000904E009F1010000F03C
:1057F000FF09641C20782E2802D020780028F4D1DC
:10580000A4EB080080B2049006EB0900401CB0F540
:10581000803F00DB41E04A463146384615F09DFFA7
:10582000701C83B241463846049A16F0BFF906EB65
:105830000900401C86B220780028D1D100223146D0
:10584000384615F08AFF701C86B24FF48070ADF8B0
:105850001400ADF816003346042205A9384616F0A8
:10586000A5F9E97B039135200190E97A294800EBFD
:1058700081000290284A039952F821003946DDE957
:10588000013227F0CBF98246384615F045FE02E09A
:10589000FFE74FF0FF3A504676E7384615F03CFEFA
:1058A0006FF0050070E7000000E502242E2E5C2E4C
:1058B0002E5C4D6964646C6577617265735C6C77AE
:1058C00069705C7372635C636F72655C646E732E87
:1058D00063000000646E7320736572766572206FDA
:1058E0007574206F6620617272617900417373650F
:1058F0007274696F6E2022257322206661696C655F
:1059000064206174206C696E6520256420696E20B6
:1059100025730A007C020024F0E4022430B503461B
:10592000002079B10C686CB1086858B1040E064DBE
:105930006C74050C044C2574050AE5732546A873A0
:105940000124EC7130BD0000B0C503242DE9F04105
:1059500006460F463C4600BF2146621C94B23046C4
:1059600016F0A4F90546002D00DB1CB94FF6FF70B8
:10597000BDE8F08105F0C000C02800D114E0601936
:105980003189884202DB4FF6FF70F1E7601984B27B
:105990002146304616F08AF90546002D02DA4FF608
:1059A000FF70E5E7002DD7D100BF4FF6FF708442AE
:1059B00000D1DDE7601C80B2DAE710B5FFF728FB05
:1059C00010BD00002DE9F04104460D4600BF05F072
:1059D0000300002808D000BF0BA34FF4B67214A137
:1059E0001BA0F7F761F800BF00BF2E461EF0A6FE11
:1059F0000746A06800683060A068066038461EF060
:105A000033FFBDE8F08100002E2E5C2E2E5C4D6928
:105A100064646C6577617265735C6C7769705C73E4
:105A200072635C636F72655C6D656D702E63000000
:105A30006D656D705F667265653A206D656D20708D
:105A4000726F7065726C7920616C69676E65640055
:105A5000417373657274696F6E202225732220660C
:105A600061696C6564206174206C696E65202564D1
:105A700020696E2025730A0070B505461EF05EFE93
:105A80000646A8680468002C16D02068A96808603B
:105A900000BF04F00300002808D000BF09A34FF4A2
:105AA0008C7212A11AA0F6F7FFFF00BF00BF3046AC
:105AB0001EF0DAFE204670BD30461EF0D5FE0020F6
:105AC000F9E700002E2E5C2E2E5C4D6964646C6537
:105AD00077617265735C6C7769705C7372635C6329
:105AE0006F72655C6D656D702E6300006D656D7025
:105AF0005F6D616C6C6F633A206D656D70207072C4
:105B00006F7065726C7920616C69676E6564000006
:105B1000417373657274696F6E202225732220664B
:105B200061696C6564206174206C696E6520256410
:105B300020696E2025730A002DE9F04105460E46C6
:105B4000144610271E480078D8B11E48007840B18E
:105B50001D4988692146F6F7A7FF1CA0F6F7A4FFA8
:105B600007E01949C8692146F6F79EFF17A0F6F726
:105B70009BFFAC4201D22C4603E0A819A04200D200
:105B8000AC1911490869F6F78FFF10A0F6F78CFFE2
:105B900009E021460EA02268F6F786FF0BA0F6F773
:105BA00083FF241D7F1EA819A04201D9002FF0D128
:105BB0000EA0F6F779FF05A0F6F776FFBDE8F081B5
:105BC0002205002424050024485406080D0A00007C
:105BD0002020616464723A2025303878202020200B
:105BE000646174613A202530387800003D3D3D3DC8
:105BF0003D3D3D3D3D3D3D3D3D3D3D3D3D3D3D3DD5
:105C00003D3D3D3D3D3D3D3D3D3D3D3D3D3D3D3DC4
:105C10000000000070B5034600220F4D2D680F4EA6
:105C2000B5FBF6F505FB03F400BF0D4D696810E008
:105C30000B4D686888420CD0884202D9451A2A4424
:105C400003E0C1F1FF3505442A440146A24200D3D6
:105C500000E0EDE700BF70BD0000002440420F00EF
:105C6000001000E070B504460D462088F8B9EDB18B
:105C7000022D12D1E08A012818D0E08A042804D12C
:105C800004210020FEF7E8FF10E0E08A06280DD18D
:105C900002210020FEF7E0FF08E0032D06D1A08AD4
:105CA000012803D101210020FEF7D6FF00BF00BF6D
:105CB00070BD0000F0B589B0FAF78EFC002426E034
:105CC000434D00200BE0434911F83010A14204D1AC
:105CD000404901EBC0014D6805E0411CC8B23E4996
:105CE00009788842EFDB00BF1C223C4902A8EAF792
:105CF000C1FBADF80840C4EBC401394A02EB810096
:105D00001C2202A90895EAF7B5FB601CC4B2012C5D
:105D1000D6DB00242CE000BF04F16400C0B20546CD
:105D20002B4E00200BE02F4911F83010A94204D16E
:105D30002C4901EBC0014E6805E0411CC8B22A495C
:105D400009788842EFDB00BF242224491C316846D1
:105D5000EAF790FBADF8085004EBC401234A02EBCC
:105D60008100242269460896EAF784FB601CC4B2CD
:105D7000012CD0DB1E481F4901231C4ACDE900102D
:105D80001946174800F0C2F800241BE01A4800EB3F
:105D9000C4052878A0F16401C9B20F46012F0FDABB
:105DA00000260AE06A68915D07EBC7020F4B03EB20
:105DB000820000F03BF8701CC6B26878B042F1DC9B
:105DC000601CC4B20D4800788442DFDB09B0F0BD2E
:105DD0003002002494F805089DF8050850F80508DD
:105DE000B8D3012498F805089EF80508D4D30124F7
:105DF000655C0308652A020890F805089CF8050808
:105E000010B5034948688047044600F0A3F810BD68
:105E10002802002410B5EFF705FD10BD70B504464B
:105E20000D4629462046EFF7DFFC70BD70B50646EB
:105E30000C46204600F01AF80546002D00DA70BD29
:105E40002946304600F002F800BFF8E710B500BF61
:105E500001F01F04012303FA04F24B0950F8233028
:105E600013434C0940F8243000BF10BD30B5044640
:105E70000F4A002100BF09E0C1EBC105106830F8EE
:105E80002500A04201D1084630BD491C90888842B7
:105E9000F2DC1369918806E09888A04201D1084697
:105EA000F2E71B68491C002BF6D1581EECE70000F6
:105EB00090D301242DE9F0410746134C00250DE055
:105EC000C5EBC503226802EB8300E1698847804681
:105ED000424629463846F9F748FD6D1CA088A8427D
:105EE000EEDC2669A5880AE0301DE1698847804616
:105EF000424629463846F9F738FD36686D1C002EB3
:105F0000F2D1BDE8F081000090D301242DE9F047E3
:105F100082460D4616461F46DDE908890C4CB9F14C
:105F2000000F02D0B8F1000F02D10020BDE8F087C9
:105F300028212046EAF7C6FAC4F800A0A580A6608A
:105F4000A781C4F81890C4F81C800120EEE7000077
:105F500090D301241CB504460020009001906846AF
:105F6000FFF7A8FF2146684600F058F81CBD2DE950
:105F7000F04707460C4615461E46DDF820803146A0
:105F80002846F9F717FD00F0FF0931462046F9F7DA
:105F900011FD00F0FF0A43464A465146384617F0C5
:105FA0003DFFBDE8F0872DE9FC4706460F46154644
:105FB0001C46DDF8288000200090019040212046FA
:105FC000F9F703FD08B9BDE8FC87402322462946BE
:105FD0006846F9F7B7FC402221466846F9F7DCFC31
:105FE00008B9012000E000208146402322463946BE
:105FF0006846F9F7A7FC402221466846F9F7CCFC31
:1060000008B9012000E00020824643464A46514636
:10601000304617F003FF00BFD5E700002DE9F84F29
:1060200081460E46304C00250CE00096C5EBC502BB
:10603000216801EB82002B464A4604F12001FFF75C
:1060400096FF6D1CA088A842EFDCD4F81080A588CC
:106050000BE02B464A4604F1200108F104000096AB
:10606000FFF785FFD8F800806D1CB8F1000FF0D164
:10607000002511E0009605EBC502A16801EB820343
:1060800005EBC50201EB820101F108004A4604F16B
:106090002001FFF788FF6D1CA089A842EADC676930
:1060A00009E03B1D4A4604F1200107F10C0000966F
:1060B000FFF779FF3F68002FF3D104F120014A4632
:1060C0004023002004E052F820C041F820C0401CCA
:1060D000A3F1010C4FF0010A0AEB5C1C8445F2D8D5
:1060E00000BFBDE8F88F000090D301240246501A8B
:1060F000704700002DE9F05F80460E46444600BF21
:1061000044B900BF4DA34FF4DC7257A15AA0F6F773
:10611000CBFC00BF00BF1EF011FB83460020606077
:10612000267294F8200040F0010084F82000657881
:106130000020607058461EF097FBA06A20B1002234
:1061400004212046A36A9847A06A20B10022114684
:106150002046A36A9847A06A20B100220221204667
:10616000A36A9847304611F099F8824604F110006E
:1061700030B1206920B1514604F110001EF004FD39
:1061800004F1140030B1606920B1514604F11400EB
:106190001EF0FAFC012D03D0042D01D0032D3ED1B9
:1061A00094F82000C0F3800900BF00BF94F82000DD
:1061B00000F0FB0084F8200000BF00BFB9F1000F21
:1061C0002CD100BF606A40B900BF1CA34FF4F3722A
:1061D00033A129A0F6F768FC00BF00BF042D03D14E
:1061E0000020616A087101E0606A0671606A0068F7
:1061F00000F10C0700BF0FB1386840B900BF0FA312
:1062000040F2EF122DA11CA0F6F74EFC00BF00BF1C
:106210000020606238461EF057FF00BF0CE000BF50
:10622000606A40B100BF05A340F2F7122AA112A094
:10623000F6F73AFC00BF00BFBDE8F09F2E2E5C2EA3
:106240002E5C4D6964646C6577617265735C6C7714
:1062500069705C7372635C6170695C6170695F6DC9
:1062600073672E6300000000636F6E6E20213D2077
:106270004E554C4C00000000417373657274696F99
:106280006E2022257322206661696C65642061742A
:10629000206C696E6520256420696E2025730A00D4
:1062A000636F6E6E2D3E63757272656E745F6D7393
:1062B0006720213D204E554C4C000000696E6176F0
:1062C0006C6964206F705F636F6D706C657465647A
:1062D0005F73656D00000000636F6E6E2D3E637529
:1062E0007272656E745F6D7367203D3D204E554C34
:1062F0004C0000000146002902DC4842112801DB65
:106300000520704702484A4250F82200F9E7000091
:10631000ECFA050838B50446002000906A46164994
:106320000988636920689847002802DA6FF0040042
:1063300038BD1249098800980840104909888842E8
:1063400006D00F4909880098084008B10220EFE7FD
:106350000A4909880098084008490988884201D0FC
:106360000320E5E7009800F48070B0F5807F01D04D
:106370000420DDE70520DBE70C0200240E020024E8
:1063800010020024F8B504460027002000900025E4
:1063900000266A460221284663699847009820B182
:1063A000072836D01C2841D124E06A46032128461C
:1063B000636998470098B0F5947F0ED11120504939
:1063C000088044F210004F4908804FF400504E49B5
:1063D000088002204D4908600BE0102048490880E1
:1063E0002220484908800420474908800320474963
:1063F00008601BE000204249088042F22000414929
:1064000008804FF480704049088001203F490860AF
:106410000CE01F203A49088004203A4908801020E7
:106420003949088000203949086000BF00BF606812
:10643000002856D1A06808B1A068804720202060BD
:10644000002514E06A462E4801882846636998476B
:10645000002802DA6FF0040608E0009800F01F0040
:10646000A84202D12560002603E000BF6D1C1F2D4D
:10647000E8D900BF20681F2801D96FF0020656BB7B
:106480004FF400420021236920689847002826DB4A
:106490006A46002163692068984700281CDBA069D0
:1064A0008047074612E0A0698047C01BB0F5FA7F1D
:1064B00009D86A460021636920689847002805DAF0
:1064C0006FF0040607E06FF0010604E0009800F4A6
:1064D00000400028E7D104E06FF0040601E06FF00F
:1064E00003065EB9A0698047074600BFA0698047E0
:1064F000C01BB0F5FA6FF9D9012060603046F8BDD5
:106500000C0200240E0200241002002408020024C1
:1065100002462AB1C86818B1886808B1086910B97C
:106520004FF0FF307047086890604B68D360CB68CD
:1065300053618B6813610B6993610020F2E738B5F2
:1065400004460020009000256A4600216369206807
:10655000984700280CDB009840F480500090236995
:1065600020680021009A9847002803DA2D1F01E0D7
:106570006FF00405284638BD014840787047000098
:10658000B0C503240148807870470000B0C50324DB
:106590000148007970470000B0C5032410B50024FD
:1065A0002B4890F82800012807D12948407820B9C5
:1065B00012F0F4F8002027490870254890F82800C8
:1065C00050B92448007838B900F08EF9642027F0DB
:1065D0004FF901201F4908701D4890F8280070B934
:1065E0001D480078401CC0B21B490870642809DBB4
:1065F000002008700120164981F8290002E00020DF
:1066000015490870124890F8290001281DD1002072
:106610000F4981F829004FF47A7027F029F90C48C6
:10662000807808B100F060F90948007908B100F0FD
:1066300067F90748407908B100F078F912F0B6F927
:1066400000200349487003490870204610BD00002F
:10665000B0C50324550000245400002470B5002662
:106660000024F8F7A1F9054603207F4908707F4808
:10667000007A10B17D48407A00B970BD7C4800783E
:1066800000287DD17948007810B101285CD12DE037
:106690007848F8F745F97748007808BB754840789E
:1066A000F0B974488078D8B97248C078C0B9002071
:1066B000FEF7D8FA6D480078401C6C49087008460F
:1066C000007869490978884206DB0120FEF7D6FA8E
:1066D000002066490870087200206549087004E0CF
:1066E00010F08EFE0120624908705DE06148F8F705
:1066F00027F96048007808BB5E484078F0B95D48EB
:106700008078D8B95B48C078C0B90020FEF7B0FAED
:1067100056480078401C5549087008460078524990
:106720000978884206DB0120FEF7A8FA00204F49CD
:106730000870087200204E49087004E010F060FEF6
:1067400001204B4908702FE04A48F8F7D1F9494831
:10675000007818BB4748407800BB46488078E8B9C5
:106760004448C078D0B90020FEF78EFA3F48007840
:10677000401C3E490870084600783B49097800E013
:1067800013E0884206DB0120FEF778FA0020374943
:106790000870087200203649087004E010F030FEDE
:1067A00001203349087000BF00BF3148007801283C
:1067B00058D1304810F0F0FE0646012E52D000208D
:1067C0002B49087001F006FE044626BB27480078D6
:1067D00010B1012814D109E0AC4203DC0120FEF71E
:1067E00041FA02E00220FEF73DFA13E0AC4203DC7E
:1067F0000120FEF73DFA02E00220FEF739FA09E037
:10680000AC4203DC0120FEF73FFA02E00220FEF773
:106810003BFA00BF12E01548007810B1012808D1FA
:1068200003E00020FEF71EFA07E00020FEF720FA42
:1068300003E00020FEF728FA00BF00BF00200B494C
:10684000487208460078401C0870084600780649DF
:106850000978884206DB0120FEF710FA0020034980
:106860000870087200BF08E757000024981500243C
:10687000560000245800002410B51348007A88B947
:1068800011484068401C10494860F8F7A9F80E49C3
:106890004968884217D200200B490870012008720D
:1068A000487210E00848407A68B907484068401CC0
:1068B00005494860F8F78EF803494968884202D2D2
:1068C00001200149487210BD981500240120024999
:1068D00081F8290070470000B0C50324014981F800
:1068E0002D007047B0C5032410B5044812F09AF883
:1068F0000120024981F82A0010BD0000B0C5032420
:106900000120024981F82C0070470000B0C5032423
:106910000548407800B970470348407910B9012014
:106920000149487100BFF6E7B0C5032401200249C0
:1069300081F82E0070470000B0C5032410B504464E
:1069400000F002F810BD000031E0FFF727FE00F074
:10695000CFF8FFF7DDFFF8F72DF8012801D1FFF799
:10696000BDFFFFF77BFEF8F725F8022802D000F004
:1069700021F807E00E48807820B1FFF7B5FF6420CA
:1069800026F076FF0A48407801280DD126F0E4FA77
:10699000012809D10648807820B1FFF7A5FFC8205B
:1069A00026F066FF26F0DEFA142026F061FFCCE721
:1069B000B0C5032410B500244A48407800B910BD82
:1069C000484890F82D0040B94648807820B1FFF73C
:1069D0008BFF642026F04CFFF1E742484078012805
:1069E00062D14048C07900285ED13E4880790128B4
:1069F0005AD13C4890F8240001063A4890F8250006
:106A000041EA0041374890F8260041EA0020354924
:106A100091F8271008430206324890F82400010636
:106A2000304890F8250041EA00412E4890F82600B1
:106A300041EA00202B4991F82710084300F47F40D9
:106A400042EA0022274890F824000106254890F8E1
:106A5000250041EA0041234890F8260041EA002041
:106A6000204991F82710084300F47F0042EA1022E1
:106A70001C4890F8240001061A4890F8250041EAC5
:106A80000041184890F8260041EA0020154991F885
:106A90002710084342EA1060134908600023134A94
:106AA00004F14400FEF7D8FC0E488078B8B90D48D0
:106AB000807940B90B4811F0B5FF1FF075F801203F
:106AC000084988700BE00748C079012807D10548BC
:106AD00011F0A8FF1FF068F801200249887000BF7C
:106AE0006DE70000B0C50324500000241D590308C1
:106AF00010B50748407800B910BD0548007920B9A5
:106B000025F0FAFE01200249087100BFF4E70000F9
:106B1000B0C5032470B50546002411E004EB440021
:106B2000094901EBC000067D4EB104EB440001EBC6
:106B3000C0008068A84202D1204600F083F9641C9E
:106B40000A2CEBDB70BD000090C303242DE9FF5F2E
:106B50000646894617464FF00A0AD346D046002417
:106B60000A200390002002900190009000BF73E083
:106B700004EB4400764901EBC000057DB8F10A0F33
:106B800002D10DB9A04665E0002D63D000BF012DF4
:106B90000AD0022D08DA00BF6EA340F2231279A1B9
:106BA00088A0F5F781FF00BF00BFAEB104EB440140
:106BB000674A02EBC1013068496888420CD13FB195
:106BC00004EB4400114601EBC0008068B84203D1D9
:106BD000204604B0BDE8F09F012D28D104EB44000D
:106BE0005B4951F8300080B104EB440001EBC00078
:106BF000418A029881422DDB039404EB44005449FE
:106C000001EBC000408A029024E004EB44005049AC
:106C100001EBC000418A019881421BDBA24604EBD4
:106C200044004B4901EBC000408A019012E0022D64
:106C300010DB04EB4400464901EBC000418A009898
:106C4000814207DBA34604EB4400414901EBC0004D
:106C5000408A0090601C04B20A2C89DB09F0020013
:106C600028B9B8F10A0F05D109F0010010B94FF0A9
:106C7000FF30AEE7B8F10A0F01DA444631E0BBF16C
:106C80000A0F11DA5C4600BF04EB4400304951F8AA
:106C9000300040B100BF2FA340F26D1253A149A0B4
:106CA000F5F702FF00BF0CE0BAF10A0F01DA544613
:106CB00007E003980A2801DA039C02E04FF0FF3056
:106CC00087E700BF0A2C08DB00BF22A340F27F1237
:106CD0004CA13CA0F5F7E8FE00BF00BF204600F045
:106CE000B1F800BF0A2C08DB00BF1AA340F28312E0
:106CF00044A134A0F5F7D8FE00BF00BF00BF04EBED
:106D00004400134901EBC000007D40B100BF11A356
:106D10004FF4C27240A12BA0F5F7C6FE00BF00BF22
:106D200036B104EB44010A4A02EBC1013068486005
:106D3000002004EB4401064A02EBC101488204EB47
:106D40004400114601EBC0008760204641E7000087
:106D500090C303242E2E5C2E2E5C4D6964646C65FA
:106D600077617265735C6C7769705C7372635C6386
:106D70006F72655C697076345C6574686172702EE0
:106D8000630000007374617465203D3D20455448E4
:106D90004152505F53544154455F50454E44494E13
:106DA00047207C7C207374617465203E3D204554EF
:106DB000484152505F53544154455F535441424CF3
:106DC00045000000417373657274696F6E2022255F
:106DD0007322206661696C6564206174206C696E41
:106DE0006520256420696E2025730A006172705F3A
:106DF0007461626C655B695D2E71203D3D204E556E
:106E00004C4C000069203C204152505F5441424CA0
:106E1000455F53495A4500006172705F7461626C4E
:106E2000655B695D2E7374617465203D3D2045543A
:106E3000484152505F53544154455F454D50545959
:106E40000000000010B5044604EB44000C4951F862
:106E5000300060B104EB4401094A52F8310014F0EB
:106E60005BFB002004EB4401054A42F8310000209E
:106E700004EB4401024A02EBC101087510BD000099
:106E800090C30324F0B587B007460D4600BF0DB987
:106E900007B0F0BD00BF7C682088B0F5807F08D1C6
:106EA0002079062805D16079042802D16088082855
:106EB00003D0384614F030FBEAE7D4F80E00069011
:106EC000A0690590686808B9002607E00598696818
:106ED000884201D1012000E0002006460EB10120C9
:106EE00000E00220034604F1080206A9284600F04B
:106EF00093FCE088B0F5807F03D0B0F5007F15D11A
:106F000013E086B1022206AB04F10800291DCDE989
:106F10000232CDE9001005F12A0302462631284647
:106F200000F02AFB00E000BF01E000E000BF00BF6E
:106F3000384614F0F1FA00BFAAE700002DE9FE433D
:106F400004460F461546A94600BF44B900BF5DA3DD
:106F500040F21E3267A16BA0F5F7A6FD00BF00BF8F
:106F600000BF47B900BF57A340F21F326FA165A011
:106F7000F5F79AFD00BF00BF00BF45B900BF51A3A0
:106F80004FF448726CA15FA0F5F78EFD00BF00BF03
:106F90002146286807F0A8FA10B1DFF8AC8186E036
:106FA000287800F0F000E02816D101208DF80400C8
:106FB00000208DF805005E208DF80600687800F04E
:106FC0007F008DF80700A8788DF80800E8788DF824
:106FD00009000DF1040869E02868A1680840D4E9B7
:106FE0000112114088420ED0288880B24FF6A96164
:106FF000884208D0E06810B104F10C0903E06FF09A
:107000000300BDE8FE835148007800EB4000504982
:1070100001EBC000007D02281BDB4C48007800EB30
:10702000400001EBC0008068A04212D147490978B6
:1070300001EB4101464A02EBC101D9F80000496861
:10704000884206D1414802783946204600F082F84D
:10705000D7E7002622E006EB46003D4901EBC000E1
:10706000007D022818DB06EB460001EBC0008068BB
:10707000A04211D106EB4601354A02EBC101D9F815
:1070800000004968884207D13048067032463946C8
:10709000204600F05FF8B4E7701CC6B20A2EDADBB7
:1070A0003A464946204600F005F9AAE700BF4FF4EA
:1070B0000060434604F12A0239460090204600F061
:1070C000F3FC9EE72E2E5C2E2E5C4D6964646C658D
:1070D00077617265735C6C7769705C7372635C6313
:1070E0006F72655C697076345C6574686172702E6D
:1070F000630000006E6574696620213D204E554C8A
:107100004C000000417373657274696F6E20222514
:107110007322206661696C6564206174206C696EFD
:107120006520256420696E2025730A007120213DA9
:10713000204E554C4C00000069706164647220213F
:107140003D204E554C4C0000B4FC05084003002483
:1071500090C30324F8B505460E46144600BF04EB61
:107160004400314901EBC000007D022808DA00BF6D
:107170002EA340F2EE2239A144A0F5F795FC00BF02
:1071800000BF04EB4400284901EBC000007D022849
:1071900039D104EB440001EBC000408AB0F58E7F8A
:1071A00011DD04EB44000A4602EBC000011D284635
:1071B00000F0A2FA38BB032004EB44011A4A02EBA8
:1071C000C10108751FE004EB4400174901EBC00042
:1071D000408AB0F5877F16DB04EB44000B4603EBD7
:1071E000C00000F10C0204EB440003EBC000011DE1
:1071F000284600F08DFA30B9032004EB44010A4A16
:1072000002EBC10108754FF40060009004EB4400EC
:10721000054901EBC00000F10C0305F12A023146DB
:10722000284600F041FCF8BD90C303242E2E5C2EAE
:107230002E5C4D6964646C6577617265735C6C7714
:1072400069705C7372635C636F72655C69707634DD
:107250005C6574686172702E630000006172705F1B
:107260007461626C655B6172705F6964785D2E73D6
:1072700074617465203E3D204554484152505F532F
:10728000544154455F535441424C4500417373652A
:107290007274696F6E2022257322206661696C65A5
:1072A00064206174206C696E6520256420696E20FD
:1072B00025730A002DE9FC5F81460F46164609F149
:1072C0002A0001904FF0FF3A4FF0000B4946386812
:1072D00007F00AF938B9387800F0F000E02802D059
:1072E0000FB1386818B96FF00F00BDE8FC9F4A462F
:1072F00001213846FFF72AFC8046B8F1000F02DA78
:107300004FFA88F0F1E700BFB8F17F0F08D300BF54
:1073100069A340F2C13274A177A0F5F7C5FB00BFA5
:1073200000BF08F0FF0404EB44007D4901EBC000FE
:10733000007D78B94FF0010B012004EB4401784A3D
:1073400002EBC101087504EB4400114601EBC000DB
:10735000C0F8089000BF04EB4400714901EBC00085
:10736000007D01280FD004EB440001EBC000007D3C
:10737000022808DA00BF50A340F2CD3269A15EA016
:10738000F5F792FB00BF00BFBBF1000F00D1E6B9DB
:107390003946484600F0B0F98246BAF1000F11D1E3
:1073A00004EB44005E4901EBC000007D012809D1D7
:1073B000BBF1000F06D1002004EB4401584A02EB58
:1073C000C10148820EB950468FE700BF46B900BFE1
:1073D00039A340F2E9325DA147A0F5F765FB00BF94
:1073E00000BF04EB44004E4901EBC000007D0228C1
:1073F00011DB594804704FF40060009004EB440026
:1074000001EBC00000F10C0331464846019A00F040
:107410004BFB82464EE004EB4400414901EBC000C7
:10742000007D012846D100200090354618E000BFBD
:107430006889298988420AD1286840B100BF1EA303
:1074400040F2F93245A12CA0F5F72EFB00BF00BF9A
:10745000287B00F0400010B10120009002E02D6870
:10746000002DE4D100BF009838B132464FF42071AE
:107470000E2013F0D9FE054603E03546284614F0E9
:107480002FFAA5B104EB4400254951F8300030B182
:1074900004EB4401224A52F8310014F03DF804EBA9
:1074A00044001F4941F830504FF0000A01E04FF00E
:1074B000FF3A00BF504618E72E2E5C2E2E5C4D6919
:1074C00064646C6577617265735C6C7769705C731A
:1074D00072635C636F72655C697076345C65746856
:1074E0006172702E6300000074797065206F76659C
:1074F00072666C6F77000000417373657274696F18
:107500006E2022257322206661696C656420617497
:10751000206C696E6520256420696E2025730A0041
:1075200090C303246172705F7461626C655B695D16
:107530002E7374617465203D3D2050454E44494E84
:1075400047206F7220535441424C45007120213D29
:10755000204E554C4C000000400300246E6F2070FC
:1075600061636B65742071756575657320616C6C02
:107570006F776564210000002DE9FC5F06460F4629
:1075800090469946DDE90CAB0020019000BF46B95A
:1075900000BF31A340F25F423BA13FA0F5F784FA60
:1075A00000BF00BF4FF420721C210E2013F0DCFB43
:1075B00005461DB94FF0FF30BDE8FC9F00BF68894C
:1075C0001C2808DA00BF24A340F26A423CA132A082
:1075D000F5F76AFA00BF00BF6C680F980EF079FCEF
:1075E000E08000BF96F83000062808D000BF1AA33C
:1075F00040F271423F4928A0F5F756FA00BF00BF9C
:10760000D9F80000A060B9F80400A081DBF8000000
:10761000C4F81200BBF80400E082DAF80000C4F8F5
:107620000E000E980068A0614FF480702080082042
:107630006080062020710420607140F606004346F9
:107640003A4629460090304600F02EFA284613F0BC
:1076500063FF00250198AFE72E2E5C2E2E5C4D694E
:1076600064646C6577617265735C6C7769705C7378
:1076700072635C636F72655C697076345C657468B4
:107680006172702E630000006E6574696620213D92
:10769000204E554C4C000000417373657274696F45
:1076A0006E2022257322206661696C6564206174F6
:1076B000206C696E6520256420696E2025730A00A0
:1076C000636865636B2074686174206669727374A3
:1076D00020706275662063616E20686F6C64207331
:1076E0007472756374206574686172705F68647227
:1076F00000000000C458060870B504460D46034A51
:107700002946204600F004F870BD0000B4FC0508CE
:107710007FB504460D4616460121074A201D04F197
:107720002A038DE825000391324619462046FFF7CB
:1077300023FF04B070BD0000BAFC050870B500243A
:1077400064E004EB4400334901EBC000057D002DEB
:107750005BD004EB440001EBC000408A401C04EB0A
:1077600044012C4A02EBC101488204EB440011465B
:1077700001EBC000408AB0F5967F0DDA04EB4400BF
:1077800001EBC000007D01280AD104EB440001EBAD
:10779000C000408A052803DB2046FFF753FB34E096
:1077A00004EB44001B4901EBC000007D032807D116
:1077B000042004EB4401174A02EBC101087524E0E0
:1077C00004EB4400134901EBC000007D042807D1FD
:1077D000022004EB44010F4A02EBC101087514E0DA
:1077E00004EB44000B4901EBC000007D01280CD1E3
:1077F00004EB44020B4603EBC202111D04EB4402EE
:1078000003EBC2029068FFF777FF641C0A2C98DB39
:1078100070BD000090C303242DE9F84305460E46D1
:107820001746984600BF95F83000062808D000BFDC
:107830002EA340F2A91239A141A0F5F735F900BFF6
:1078400000BF5EB1306848B12946306806F04CFE92
:1078500020B9307800F0F000E02803D16FF00F007D
:10786000BDE8F8832A4641463046FFF76FF90446E3
:10787000002C01DA60B2F3E7022004EB44013A4A3B
:1078800002EBC101087504EB4400114601EBC00096
:10789000856004EB440001EBC0003968C160B98821
:1078A0000182002004EB440102EBC101488204EB99
:1078B0004400114651F83000B0B104EB440051F8D7
:1078C0003090002004EB440142F831004FF4006096
:1078D0003B4605F12A0249460090284600F0E4F8AC
:1078E000484613F019FE00BF0020B9E72E2E5C2E8B
:1078F0002E5C4D6964646C6577617265735C6C774E
:1079000069705C7372635C636F72655C6970763416
:107910005C6574686172702E630000006E65746946
:10792000662D3E6877616464725F6C656E203D3DD4
:10793000204554485F4857414444525F4C454E00EF
:10794000417373657274696F6E20222573222066FD
:1079500061696C6564206174206C696E65202564C2
:1079600020696E2025730A0090C303241CB5F2F72A
:107970001FF81748007A8DF800001548407A8DF8F6
:1079800001001348807A8DF802001148C07A8DF802
:1079900003000F48007B8DF804000D48407B8DF8F4
:1079A00005000C480C490860C1F804D001210A48C0
:1079B00001720A4901610A49C1604FF4BF61416126
:1079C000ECF78EFF08B900201CBD0120FCE7000089
:1079D000B0C503240080024008D301240000043015
:1079E000600004302DE9F04104460E464FF00E08C9
:1079F00060890E2800DC4FE0E07B18B996F834006F
:107A0000401CE0736568AF89287800F00100B0B1D0
:107A10002878012809D1687888B9A8785E280ED11D
:107A2000607B40F01000607309E006221D49284683
:107A3000E8F79CFD18B9607B40F008006073082FE0
:107A400003D0B7F5C16F22D110E096F8310000F0F5
:107A5000080000B920E04146204613F091FF00B134
:107A60001AE03146204606F0B1FE11E096F83100EA
:107A700000F0080000B90FE04146204613F080FFF7
:107A800000B109E031462046FFF7FCF900E003E0D1
:107A900000BF0020BDE8F081204613F03DFD00202E
:107AA000F8E70000B4FC05082DE9F04705460E464E
:107AB00017469846DDF8209048460EF00AFA8246AE
:107AC0000E21304613F0D6F800B122E07468A4F815
:107AD0000CA0D8F800002060B8F80400A080386836
:107AE000C4F80600B888608100BF95F83000062809
:107AF00008D000BF08A34FF4997212A11EA0F4F79A
:107B0000D3FF00BF00BF31462846AA699047BDE8B1
:107B1000F0876FF00100FAE72E2E5C2E2E5C4D6987
:107B200064646C6577617265735C6C7769705C73B3
:107B300072635C6E657469665C65746865726E65B7
:107B4000742E63006E657469662D3E6877616464A7
:107B5000725F6C656E206D757374206265203620CF
:107B6000666F722065746865726E65745F6F757498
:107B70007075742100000000417373657274696F41
:107B80006E2022257322206661696C656420617411
:107B9000206C696E6520256420696E2025730A00BB
:107BA00038B504466B46224600210248EDF73DF900
:107BB000009838BD08D3012410B5044600BF44B96D
:107BC00000BF0CA34FF4B97215A119A0F4F76CFF14
:107BD00000BF00BF732084F83200742133200155A8
:107BE0001D4860611D48A06120460DF09BFC0020EF
:107BF00010BD00002E2E5C2E2E5C4D6964646C65F9
:107C000077617265735C6C7769705C617263685CE4
:107C100065746865726E657469662E6300000000A5
:107C20006E6574696620213D204E554C4C00000065
:107C3000417373657274696F6E202225732220660A
:107C400061696C6564206174206C696E65202564CF
:107C500020696E2025730A003D6F0308F157040860
:107C600006460024354600BF4FF0FF310B48006840
:107C700026F05CFD0128F7D100BF28460DF044FD39
:107C800004463CB1294620462A69904710B1204657
:107C900013F042FC002CF0D1E6E700005C03002466
:107CA0002DE9F84F05460E46DDB1AF69002F12DA17
:107CB0001CF044FD8146A869002808DA16B9A869B5
:107CC000401EA86148461CF0CFFDBDE8F88FAF69A3
:107CD00048461CF0C9FD384600F088FB04460CB944
:107CE000F3E7F2E74FF001081CF028FD8146052E6E
:107CF00024D2DFE806F0030E151C20002089401C6A
:107D000000B22081B4F90800012801DD4FF000081D
:107D100020E02089401E00B220814FF0000819E0C9
:107D2000608908B14FF000080120608112E0002056
:107D3000608180460EE00120A0810BE000BF00BF03
:107D400019A340F6F61223A126A0F4F7ADFE00BF5A
:107D500000BF00BF00BFA07B00B3B8F1000F1DD073
:107D6000B4F90800002801DD012000E0002082466F
:107D7000608908B1012000E000208346A08908B195
:107D8000012000E00020009048461CF06DFD5A469E
:107D900051463846009B17F0DBFE02E048461CF0D7
:107DA00063FD00BF91E700002E2E5C2E2E5C4D6916
:107DB00064646C6577617265735C6C7769705C7321
:107DC00072635C6170695C736F636B6574732E635F
:107DD00000000000756E6B6E6F776E206576656EC5
:107DE00074000000417373657274696F6E20222500
:107DF0007322206661696C6564206174206C696E11
:107E00006520256420696E2025730A002DE9F04164
:107E100080460E460EB1307810B90020BDE8F081E2
:107E2000344600252BE008F1F40040F825402746B1
:107E300026212046E8F77BFB04461CB10020207079
:107E4000641C08E020213846E8F771FB04460CB1B9
:107E50000020207000243D213846E8F768FB0746E3
:107E60003FB100203870781C08F59A7141F8250060
:107E700004E0002108F59A7040F825106D1C102DC3
:107E800001DA002CCFD12846C8E7000010B5BE4863
:107E900090F83800C0F3400030B1BC49486BF4F7AB
:107EA00003FEBBA0F4F700FEB748806BC0F3807000
:107EB00000287DD0B44890F8240000285BD0B24858
:107EC00090F8240000F0010030B1B049886BF4F75D
:107ED000EBFDAFA0F4F7E8FDAB4890F82400C0F349
:107EE000400030B1A949C86BF4F7DEFDA8A0F4F753
:107EF000DBFDA54890F82400C0F3C00030B1A349D1
:107F0000086CF4F7D1FDA2A0F4F7CEFD9E4890F8DE
:107F10002400C0F3001030B19C49486CF4F7C4FD54
:107F20009BA0F4F7C1FD984890F82400C0F34010DE
:107F300030B19649886CF4F7B7FD95A0F4F7B4FD1D
:107F4000914890F82400C009A8B18F4890F8240007
:107F500000F0010028B98C4890F82400C0F34000DC
:107F600048B1894A916A894AD2F89000F4F79CFD99
:107F700087A0F4F799FD844890F82C00002864D07D
:107F8000814890F82C0000F0010030B17F49C86CA6
:107F9000F4F78AFD7EA0F4F787FD7B4890F82C006B
:107FA000C0F3400040B17949086DF4F77DFD00E071
:107FB0009BE077A0F4F778FD734890F82C00C0F3AD
:107FC000800030B17149486DF4F76EFD70A0F4F790
:107FD0006BFD6D4890F82C00C0F3C00030B16B49C8
:107FE000886DF4F761FD6AA0F4F75EFD664890F8CD
:107FF0002C00C0F3001030B16449C86DF4F754FD93
:1080000063A0F4F751FD604890F82C00C0F34010D5
:1080100030B15E49086EF4F747FD5DA0F4F744FD0A
:10802000594890F82C00C00978B1574890F82C00B6
:10803000C0F3400048B1544A116B544AD2F894003E
:10804000F4F732FD52A0F4F72FFD4F48808E002840
:108050004BD04D4890F8340000F0010030B14B494E
:10806000486EF4F721FD4AA0F4F71EFD464890F84B
:108070003400C0F3400030B14449886EF4F714FD79
:1080800043A0F4F711FD404890F83400C0F380009D
:1080900030B13E49C86EF4F707FD3DA0F4F704FD8A
:1080A000394890F83400C0F3C00030B13749086F48
:1080B000F4F7FAFC36A0F4F7F7FC3348808EC0F3EF
:1080C000002030B13149486FF4F7EEFC30A0F4F7EE
:1080D000EBFC2D48808EC0F3402030B12B49886FD7
:1080E000F4F7E2FC2AA0F4F7DFFC2748806BC00F0E
:1080F000002848D02448C06B002844D0224890F87B
:108100003C0000F0010030B12049C86FF4F7CCFC0E
:108110001FA0F4F7C9FC1C4890F83C00C0F34000D5
:1081200038B11A49D1F88000F4F7BEFC18A0F4F772
:10813000BBFC154890F83C00C0F3800038B11349EF
:10814000D1F88400F4F7B0FC11A0F4F7ADFC0E48B0
:1081500090F83C00C0F3C00038B10C49D1F8880059
:10816000F4F7A2FC0AA0F4F79FFC074890F83C0043
:10817000C0F3001038B10549D1F88C00F4F794FC35
:1081800003A0F4F791FC10BD9C1505244854060883
:108190000D0A000013B50C464FF6FF730122694625
:1081A0000248F0F7C3FD00981CBD0000388501248B
:1081B00070B50D46044602E02946FFF7EBFF14F8C0
:1081C000010B0028F8D170BD2DE9FC4105460C4695
:1081D0001CF0B4FA07466B4601AA2146284600F077
:1081E0001FF8064638461CF03FFB26B16A4620467B
:1081F000019900F002F8BDE8FC8170B506460D4615
:108200001446206838B11EB1206813F085F902E0E9
:10821000206811F0AAFB15B1284611F0EBFC70BDE7
:1082200010B5044660681860002060602068106027
:1082300000202060012010BD0146D1E90102801A12
:10824000704710B50446204600F002F810BD00004B
:1082500010B5014600200FE000EB4002084B03EB95
:10826000C2028A4207D1002200EB4003044C04EB17
:10827000C3031A7502E0401C0A28EDDB00BF10BDE5
:1082800030C90324002114E001EB41000B4A02EB4A
:10829000C000007D60B9012001EB4102074B03EBF8
:1082A000C202107501EB41001A4602EBC000704794
:1082B000491C0A29E8DB0020F9E7000030C9032443
:1082C00070B50646FFF7DEFF05460DB9002070BD0C
:1082D0000D4C11E030466168E8F73AF958B9A068EA
:1082E0002860E0686860E068A8600020E860207CA2
:1082F00028742846EBE72468002CEBD12846FFF7CA
:10830000A7FF0020E3E70000A85306082DE9F0418D
:1083100004460F461646D4E90110884203D14FF0B7
:10832000FF30BDE8F081D4E90101451AB54200DD16
:108330003546A268206881182A463846E8F79AF838
:10834000A0682844A0602846EBE710B525F076FB2E
:1083500010BD000070B506460C4615464CB90E4AD5
:108360000EA111A0F4F7A0FB17A0F4F79DFB00BF2E
:10837000FEE74DB9084A15A10BA0F4F795FB12A032
:10838000F4F792FB00BFFEE725F072FC206025F0B9
:1083900075FC8000286070BDE0540608737461723B
:1083A000745F61646472000028257329206861731A
:1083B00020617373657274206661696C6564206105
:1083C000742025732E0000000D0A000073697A6581
:1083D000000000000148C088704700001CC703244B
:1083E00010B504462046F6F763FA10BD70B5054691
:1083F000284623F0D3FF044634B900BF09200349BF
:10840000086000BF002070BD2046FCE77803002410
:1084100070B5044631480068F0B131480068D8B101
:1084200030480068C0B1002512E02D48006850F8BF
:10843000251004F12E00E8F78BF840B9C02204F1B2
:1084400030012846254B1B689847608570BD6D1C20
:10845000244800688542E8DB04F12E00E8F771F853
:10846000A72804D204F12E00E8F76BF800E0A7205B
:10847000064612221CA104F13000E7F7FBFF32464A
:1084800004F12E0104F14200E7F7F4FF06F11200B7
:1084900004F13001084419A10A6802608A888280C8
:1084A00089798171002206F1190004F130010A5422
:1084B0000846E8F746F8064600BFB6F5803F08D301
:1084C00000BF10A340F295221BA11FA0F4F7ECFA05
:1084D00000BF00BF668500BFB8E70000C8030024E6
:1084E000D0030024CC0300243C623E2A2A2A554EA5
:1084F0004B4E4F574E205441472000002A2A2A3C19
:108500002F623E002E2E5C2E2E5C4D6964646C65DD
:1085100077617265735C6C7769705C6C7769705FAA
:108520006170705C7765625F7365727665725C68B6
:10853000747470642E6300006C656E203C3D2030C6
:108540007866666666000000417373657274696FD1
:108550006E2022257322206661696C656420617437
:10856000206C696E6520256420696E2025730A00E1
:10857000F0B503460C461546642093FBF0F0C6B2F6
:10858000642093FBF0F700FB1730C1B2132E02DD1D
:1085900001F16400C1B20846CF1701EB977701EBF8
:1085A000A707BAB2072092FBF0F700FB172082B2B0
:1085B0005719601EDFF834C01CF80000384482B23E
:1085C000CF1701EB9777BF10A1EB87071FB9032CDB
:1085D00001DA501E82B2072092FBF0F700FB172051
:1085E00082B202B90722D0B2F0BD000024F805081B
:1085F00010B5012208210848EDF708F940F2DA70B9
:1086000025F036F9002208210348EDF7FFF8642031
:1086100025F02EF910BD00000010025830B50446B8
:1086200000250948008800F4004050B10648008841
:10863000C0F30E00044908802146044811F042F9B5
:108640000546284630BD00005E010024A86E0124C6
:1086500010B566210148E7F735FF10BDA876012463
:1086600010B5A6B0802106A8E7F72CFF0D4B0FCB65
:1086700002AC0FC401220CA106A8F4F725FA06A843
:10868000E7F75FFF04464FF47A70022302AA2146FF
:10869000009006A800F082FB00200849487026B030
:1086A00010BD000014F3050841542B4D4950434CB4
:1086B0004F53453D25640D0A00000000A8760124B3
:1086C00000487047C1760124014880797047000056
:1086D000A876012400487047D676012400487047E8
:1086E000B176012400487047E67601240D48C07831
:1086F000C01E072813D2DFE800F00406080A0C0E9B
:108700001000012070470620FCE70220FAE7032052
:10871000F8E70420F6E70720F4E70520F2E7002059
:10872000F0E70000A87601240148007870470000B7
:10873000A87601242DE9F04107460C4600250026C5
:10874000A84604B10FB9BDE8F0812A488078012815
:1087500007D024F001FC022824D101F061F901289E
:1087600020D12548008800F4004008B9002503E026
:1087700021480088C0F30E052819B0F5006F00DB12
:10878000E1E71E49481922463946E7F773FE2819E2
:1087900005B2A8B240F400401749088000201749EC
:1087A000485525E0122216A13846E7F7F5FE00B13C
:1087B000C9E707F112062C213046E7F7B8FE064656
:1087C00006B9C0E7761C3046E8F7A2F81FFA80F831
:1087D000B8F1000F00D1B6E72C213046E7F7A7FE2D
:1087E000064606B9AFE7761C41463046FBF738FF30
:1087F00000BFA8E7A87601245E010024A86E01242A
:108800000D0A2B4D49505552433A20227274637021
:10881000222C000000B587B0142102A8E7F752FE11
:1088200000BF3D48006840F010003B490860084622
:10883000006800F01000019000BF00BF00BF0846B4
:10884000006840F0100008600846006800F0100062
:10885000019000BF00BF00BF0846006840F008005C
:1088600008600846006800F00800019000BF00BFE3
:1088700000BF0846006840F0040008600846006831
:1088800000F00400019000BF00BF01220221234834
:10889000ECF7BCFF002204212148ECF7B7FF0022CF
:1088A00008211F48ECF7B2FF00224FF400511D4889
:1088B000ECF7ACFF0420029001200390002004900C
:1088C0000220059002A91648ECF790FE08200290BD
:1088D00001200390002004900220059002A9104876
:1088E000ECF784FE02200290012003900020049007
:1088F0000220059002A90948ECF778FE4FF40050D9
:1089000002900120039000200490059002A90548E0
:10891000ECF76CFE07B000BDE0440258000C0258B2
:10892000001002580008025810B5FFF773FF4FF40B
:10893000E130F8F701FE10BD10B5002000F0F0F8AE
:1089400000200149087010BDA87601242DE9F041EE
:1089500094B004460D46402104A8E7F7B3FD002675
:108960000020039002900027804600F0D9F82346AB
:10897000012219A104A80095F4F7A6F864221FA10A
:1089800004A800F057FAF8B94FF4FA721CA10020BD
:1089900000F050FA1DA12048E7F7ABFD804600200B
:1089A0000290039002AB03AA1CA14046E7F746FEE3
:1089B000C7B2029828B9022F03D101201B49487081
:1089C00004E04FF0FF3601E04FF0FF3600F05CFAB4
:1089D000304614B0BDE8F08141542B4D49504F5002
:1089E000454E3D25642C22544350222C22257322CF
:1089F0002C25732C3130302C300D0A004F4B0000E9
:108A00002B4D49504F50454E3A0000002B4D4950D8
:108A10004F50454E3A200000A86E01242B4D49507E
:108A20004F50454E3A2025642C256400A876012439
:108A3000F0B5A5B004460D46802105A8E7F742FD34
:108A400000260E4B0FCB01AF0FC7234601220CA10E
:108A500005A80095F4F738F805A8E7F772FD074672
:108A60004FF47A70022301AA3946009005A800F05D
:108A700095F90646304625B0F0BD000004F3050820
:108A800041542B4D49504F50454E3D25642C2254A6
:108A90004350222C222573222C25642C3130302C7B
:108AA000300D0A0010B5002000F03AF8002001490E
:108AB000487010BDA876012470B588B006460C46F3
:108AC00020216846E7F7FEFC0025234601220EA17F
:108AD0006846F3F7F9FF142210A1684600F0AAF9DE
:108AE000054600F0D1F925B921463046F3F734FFA9
:108AF00003E021463046F3F72FFF0A2024F0B8FEAA
:108B0000284608B070BD000041542B4D49505345D4
:108B10004E443D25642C25640D0A00003E000000F3
:108B200010B588B0044620216846E7F7CBFC012247
:108B300009A16846F3F7C8FF00221146684600F015
:108B400079F90A2024F094FE00200849487000F0CA
:108B50009BF908B010BD000041542B4D4950434CC7
:108B60004F53453D25640D0A00000000A8760124FE
:108B70007CB500250024002600BF27E04FF40061EB
:108B80001648E7F79FFC322215A117A000F052F912
:108B9000B8B913A11148E7F7ACFC06466B4601AA29
:108BA00014A13046E7F74AFDC5B2022D09D100985D
:108BB000012802D00098052803D100F065F90020B3
:108BC0007CBDC82024F054FE601CC4B2032CD5DB4D
:108BD00000F05AF94FF0FF30F2E70000A86E0124D0
:108BE0002B43455245473A0041542B434552454794
:108BF0003F0D0A002B43455245473A2025642C255A
:108C0000640000002DE9F04705460E464FF00009CC
:108C100000240027A0460DB1002028600EB10020DE
:108C2000306041480088C0F30E094048008848453C
:108C300002DB0020BDE8F0873D493C4A12888818D5
:108C40003CA1E7F756FC0446002C2FD13849374A9F
:108C5000128888183CA1E7F74CFC04466CB13448F4
:108C600032490988014404F11800401A2F49098843
:108C700008442E4908800220DCE72D492B4A12883F
:108C8000881837A1E7F735FC04466CB12848274916
:108C90000988014404F11100401A24490988084454
:108CA000224908800220C5E70020C3E710342C21A8
:108CB0002046E7F73CFC07465FB91D481B49098879
:108CC0000844201A194909880844184908800020D6
:108CD000B0E77C1C2046E7F71BFE80462C2120468F
:108CE000E7F725FC07465FB9114810490988084491
:108CF000201A0E49098808440C490880002099E789
:108D00007C1C05B12C600EB1C6F8008004EB080194
:108D10000748064A12881044081A0449098808447A
:108D200002490880002085E75E01002460010024DC
:108D3000A86E01242B4D49505552433A202272749B
:108D40006370222C000000002B4D49505552433ACD
:108D50002022646973636F6E6E222C312C31000007
:108D60002B434D45204552524F523A203535300065
:108D700010B5012204210848ECF748FD4FF4FA70C1
:108D800024F076FD002204210348ECF73FFD642027
:108D900024F06EFD10BD0000001002582DE9F047D0
:108DA00080460E4615461F46DDF820A04FF000090C
:108DB000B8F1000F0DD0002E0BDD00201A490880FD
:108DC0001A49088001201A498870B1B24046F3F769
:108DD000C3FD05B127B9002015498870BDE8F087AB
:108DE00000241AE055F8340018B105EBC4004068BF
:108DF00000B911E005EBC40255F834005168524641
:108E000000F066FD8146B9F1000F04D0002008494A
:108E100088704846E2E700BF641CBC42E2D30020F1
:108E20000349887000BFD9E75E0100246001002477
:108E3000A87601242DE9F04106460D461446002788
:108E40000120104988703046E7F77BFB1FFA80F855
:108E500041463046F3F780FD8DB184B108E02846E5
:108E6000FFF7DCFB08B1002706E00A2024F000FD34
:108E7000601E80B2041EF2D100BF04B9022738463A
:108E8000BDE8F081A876012410B5002004490880CF
:108E9000044988704FF400610348E7F713FB10BDE5
:108EA0005E010024A8760124A86E01242DE9F04378
:108EB000A1B006460C4617460025A84606B11CB9C7
:108EC000002021B0BDE8F08300202849088028490F
:108ED00008800120274988702346012226A101A885
:108EE000F3F7F2FD01A8E7F72CFB80461FFA88F1A3
:108EF00001A8F3F731FD3A46052124A000F0E8FC73
:108F0000054605B904E000201A4988702846D8E7CC
:108F100000BF002015490880154908800120154927
:108F20008870A1B23046F3F717FD224619A101A8B7
:108F3000F3F7CAFD01A8E7F704FB81463A46494624
:108F400001A800F0C5FC054625B10020094988703C
:108F50002846B6E73A46062113A000F0B9FC0546BC
:108F60000020044988702846ABE700005E01002419
:108F700060010024A876012441542B4D49505345EB
:108F80004E443D25642C25640D0A00000D0A3E0D5B
:108F90000A0000000D0A2B4D495053454E443A201B
:108FA000312C25640D0A00000D0A4F4B0D0A0000FC
:108FB00030B58BB000250024182105A8E7F782FA08
:108FC00000BF33E04FF400611C48E7F77BFA322220
:108FD0001BA11DA0FFF72EFF18BB19A11748E7F72B
:108FE00088FA0446ECB10834182105A8E7F76AFAB4
:108FF0000AA809A908AA07ABCDE90032CDE90210F9
:1090000006AB05AA13A12046E7F718FB059800F563
:10901000FA600590012105A8F5F798FF00200BB034
:1090200030BDC82024F024FC681CC5B2032DC9DB68
:10903000FFF72AFF4FF0FF30F1E70000A86E012490
:109040002B43434C4B3A200041542B43434C4B3F62
:109050000D0A000025642F25642F25642C25643A11
:1090600025643A2564000000F0B58DB000200C9016
:109070000B90002500260024182105A8E7F722FA06
:109080000027FE48C0780D286FD2DFE800F00712F5
:109090003158B6D8FDFCFBFAF9F8F7000020F84982
:1090A0000870F8490870FFF7A3FA0120F349C87067
:1090B0009CE3FFF75DFE0220F049C8700020F049F4
:1090C0000870F0480078401CC0B2EE4908700328D0
:1090D0000DDB0020EA490870EA490870FFF7D4FE6A
:1090E0000020E6490870C870401E0DB0F0BD7DE359
:1090F0001922E5A1E5A0FFF79DFE68B900221146FF
:10910000E4A0FFF797FE0320DC49C8700120087136
:109110000020DB49087011E00A2024F0A9FB0020A0
:10912000D6490871D6480078401CD54908700846D1
:1091300000781E2802DD0120D049C87056E34FF4A4
:109140000061D648E7F7BEF96422D5A1D6A0FFF7A3
:1091500071FE00282DD100221146D6A0FFF76AFE2D
:10916000142024F085FB002616E033E36422D7A107
:10917000D8A0FFF75FFE054665B9D9A1C748E7F754
:10918000B8F90446083414222146BC481930E7F7E0
:1091900071F903E0701CC6B2032EE7DB00BF0420A8
:1091A000B649C8700121B54841710020B449087022
:1091B00022E0142024F05CFB0021B0484171B0484B
:1091C0000078401CAE490870084600781E2813DD60
:1091D0000120AA49C8704103C448ECF705FB0128E7
:1091E00005D100224103C148ECF710FB04E0012245
:1091F0005103BE48ECF70AFBF8E24FF40061A748C0
:10920000E7F760F91922BAA1BCA0FFF713FE30B945
:1092100005209A49C8700020994908700EE0142072
:1092200024F026FB96480078401C954908700846B3
:1092300000780A2802DD01209049C870D6E24FF478
:1092400000619648E7F73EF91922AFA1B0A0FFF7F9
:10925000F1FDB8BBACA19148E7F74BF904460020FB
:109260000B900C900BAB0CAAACA12046E7F7E6F9EB
:10927000C5B20C98632815D0022D06E08AE262E29E
:1092800019E2C6E1E7E08CE02DE00BD10C98401C20
:10929000C1B27A48817106207849C87000207849A7
:1092A00008701FE0C82024F0E3FA75480078401CDD
:1092B00073490870084600781E2813DD01206F49A5
:1092C000C8700FE0FFE7C82024F0D2FA6C4800789D
:1092D000401C6B490870084600781E2802DD0120FA
:1092E0006649C87082E24FF400616C48E7F7EAF81B
:1092F00019228DA18EA0FFF79DFD00283DD18AA1E6
:109300006648E7F7F6F8044600200B900C900BAB8C
:109310000CAA8AA12046E7F791F9C5B20C9830B99A
:10932000022D04D10022114688A0FFF783FD0B987F
:10933000012802D00B9805280BD1022D09D101215B
:109340004E48C17107204D49C87000204C49087033
:1093500026E000214948C1714FF4827024F088FA58
:1093600047480078401C4649087008460078322873
:1093700016DD01204149C87012E000213F48C1714B
:109380004FF4827024F074FA3D480078401C3C4948
:10939000087008460078322802DD01203749C8707D
:1093A00024E24FF400613D48E7F78CF819226BA1E5
:1093B0006CA0FFF73FFDD0BB68A13848E7F799F8EC
:1093C00004460CB30834182105A8E7F77BF80AA86F
:1093D00009A908AA07ABCDE90032CDE9021006AB16
:1093E00005AA63A12046E7F729F9059800F5FA6078
:1093F0000590012105A8F5F7A9FD00202049087076
:1094000008201E49C87025E000211C48C171C820F1
:1094100024F02EFA1A480078401C194908700846B2
:109420000078142816DD01201449C87012E0FFE707
:1094300000211248C171C82024F01AFA104800789F
:10944000401C0F49087008460078142802DD0120EE
:109450000A49C870CAE164224AA14DA0FFF7EAFC9C
:1094600050B948A10D48E7F744F8044600200B9096
:109470000C900BAB0CAA93E0B8E00000A876012496
:1094800063010024620100244F4B000041540D0A87
:1094900000000000415445300D0A0000A86E012470
:1094A000524541445900000041542B4350494E3F1E
:1094B0000D0A000041542B4D4346473D2273696D10
:1094C000686F74222C30220D0A0000002B494343A0
:1094D00049443A0041542B49434349440D0A000092
:1094E0002B49434349443A20000000000008025839
:1094F0002B4346554E3A20310000000041542B4387
:1095000046554E3F0D0A00002B4353513A200000B0
:1095100041542B4353510D0A000000002B4353517B
:109520003A2025642C2564002B43455245473A00D8
:1095300041542B43455245473F0D0A002B434552AA
:1095400045473A2025642C256400000041542B43F4
:10955000455245473D320D0A000000002B43434C65
:109560004B3A200041542B43434C4B3F0D0A000023
:1095700025642F25642F25642C25643A25643A251B
:10958000640000002B4D495043414C4C3A00000010
:1095900041542B4D495043414C4C3F0D0A000000B3
:1095A00094A12046E7F74AF8C5B20B98012808D1E4
:1095B000022D06D10A209349C870002092490870F4
:1095C00026E0642024F054F98F480078401C8E492E
:1095D00008700846007814281ADD002211468BA076
:1095E000FFF728FC09208749C87011E00021854851
:1095F000C171642024F03CF983480078401C824902
:10960000087008460078142802DD01207D49C870E2
:10961000ECE04FF400618448E6F754FF1922AFF202
:10962000981182A0FFF706FC88BBC822AFF2AC01FC
:109630000020FFF7FFFB82A17B48E6F75AFF0446B4
:1096400000200B900C900BAB0CAA6AA12046E6F709
:10965000F5FFC5B20B98012808D1022D06D10A20CA
:109660006849C87000206849087023E04FF4827090
:1096700024F0FEF864480078401C634908700846EE
:109680000078142816DD01205E49C87012E0FFE75B
:1096900000215C48C171642024F0EAF85A4800783F
:1096A000401C5949087008460078142802DD012042
:1096B0005449C8709AE04FF400615B48E6F702FF36
:1096C000322262A164A0FFF7B5FB48BB66A15648F1
:1096D000E6F70FFF044610214A480930E6F7F2FE8C
:1096E000484A093263A12046E6F7A8FFC5B2012D1A
:1096F00003D10B204349C87024E0C82024F0B8F8F7
:1097000041480078401C40490870084600781428F9
:1097100018DD00213B48C17101203A49C87011E0B1
:10972000C82024F0A5F838480078401C3649087055
:1097300008460078142805DD01203249C870002150
:109740003048C17152E04FF400613748E6F7BAFE85
:109750006422AFF2CC214CA0FFF76CFBB0B9AFF2A2
:10976000D8213148E6F7C5FE04467CB12E48201AC0
:10977000801FC7B2282123483E30E6F7A3FE3A46B1
:109780002949891C1F483E30E6F774FE0C201D490C
:10979000C8702BE04FF400612348E6F793FE3222B5
:1097A0003CA13EA0FFF746FB80B93AA11E48E6F770
:1097B000A0FE044654B1102112482E30E6F782FE76
:1097C0000F22E11D0F482E30E6F754FE0D200D4903
:1097D000C8700BE001200B49087000200A4908708E
:1097E00031490870FFF750FB00207EE400BF0120E4
:1097F0007BE400002B4D495043414C4C3A202564FA
:109800002C256400A87601246301002441542B43D5
:109810004744434F4E543D312C224950222C224381
:109820004D494F54220D0A00A86E012441542B4D7E
:10983000495043414C4C3D312C310D0A0000000091
:109840002B4D495043414C4C3A2000002B4347508C
:10985000414444520000000041542B4347504144CE
:1098600044523D310D0A00002B43475041444452BD
:109870003A2000002B434750414444523A20312CB7
:1098800022255B5E225D000041542B43474D520D63
:109890000A0000002B4347534E3A200041542B430B
:1098A00047534E3D310D0A006201002410B50022DD
:1098B00002210648EBF7AAFF42F2107023F0D8FF0E
:1098C000012202210148EBF7A1FF10BD000C025854
:1098D0002DE9F04107460C4616463C480088C0F387
:1098E0000E0807B114B90020BDE8F081A0452CDBBB
:1098F0003749384A1288881822463946E6F736FE34
:1099000030B9344800882044324908800020EBE711
:109910002F49304A1288881815222FA1E6F726FE13
:1099200088B92B492B4A1288114401F1150030A146
:10993000E6F7DFFD054625B1A81C2549401A254953
:1099400008800220D0E70320CEE7002E01DC0320B0
:10995000CAE736E0052023F08BFF761F1B480088FE
:10996000C0F30E08A0452CDB19491A4A1288881842
:1099700022463946E6F7FAFD30B9164800882044F9
:10998000144908800020AFE71149124A128888184C
:10999000152211A1E6F7EAFD88B90D490D4A128892
:1099A000114401F1150012A1E6F7A3FD054625B10A
:1099B000A81C0749401A07490880022094E70320A1
:1099C00092E7002EC6DC01208EE700005E01002435
:1099D000A86E0124600100240D0A2B4D49505552F8
:1099E000433A2022646973636F6E6E222C0000007C
:1099F0000D0A000070B504460D46074890F82B008C
:109A000040B92A4621460548E6F734FD01200249BF
:109A100081F82B0070BD0000287F012428770124E5
:109A20000148007870470000A815002410B5FEF723
:109A300047FE10BD70B5054615B1012D0DD103E0EF
:109A4000FEF742FE044609E0FEF76EFE18B9FEF787
:109A50004DFE044600E0062400E000BF00BF2046A3
:109A600070BD00002DE9F04106460C46002524B1EA
:109A7000012C0BD0022C5ED154E0FEF725FE0746E8
:109A80003A462FA13046F3F71FF855E0FEF74CFE9B
:109A9000002841D1FEF72AFE0546082D35D2DFE821
:109AA00005F0040A161C222E1028264A26A130464C
:109AB000F3F70AF82FE0254A23A13046F3F704F81C
:109AC00029E0234A20A13046F2F7FEFF23E0214A95
:109AD0001DA13046F2F7F8FF1DE01F4A1AA13046DB
:109AE000F2F7F2FF17E01D4A17A13046F2F7ECFF3C
:109AF00011E01B4A14A13046F2F7E6FF0BE0194AC9
:109B000011A13046F2F7E0FF05E0174A0EA13046FA
:109B1000F2F7DAFF00BF04E0144A0BA13046F2F777
:109B2000D3FF09E0FEF7DAFD07463A4606A13046C4
:109B3000F2F7CAFF00E000BF00BFBDE8F0810000FF
:109B400025640000A3F20508257300007CF20508D7
:109B5000C1F205086EF2050887F2050895F20508BE
:109B6000D1F20508B4F2050862F2050856F20508BC
:109B700010B50648C07838B100210448C170FEF71E
:109B800091FF00200149087010BD0000A8150024B5
:109B9000034A106001F50042024B1A807047000032
:109BA0005C00002460000024012001498870704797
:109BB000A815002401210148C1707047A815002490
:109BC00010B5044600F002F810BD00000024F4F7C0
:109BD000F1FE012801D1FCF781FE3BA0F2F764FF02
:109BE000FEF7A2FE00BF0021012006F079F828212F
:109BF0003B48E6F767FCFEF72BFD04E005F078FF35
:109C00000A2023F035FEFFF72FFA0128F6D0FEF7E1
:109C10008BFD012803D00120FCF760FEE3E7012162
:109C2000084606F05DF84EE0F4F7C4FE012822D0A5
:109C300023F092F9022818D000F058F8FFF798FFA7
:109C400027480078012816D12648008800F40040F3
:109C500088B124480088C0F30E0123480068FEF74D
:109C60002BFF00201F49088005E023F075F902282A
:109C700001D123F04DFA601C044641F27071884214
:109C80000BD91748007840B90024FEF771FF28B1BE
:109C9000FEF752FEFFF788FF00E00024FEF744FDC8
:109CA000012802D10E48807840B10120FCF716FE51
:109CB000FEF742FE00200A49887094E705F018FF7D
:109CC0000A2023F0D5FDAFE767736D5F7461736B96
:109CD0005F66756E6374696F6E2072756E200A0020
:109CE000A8150024600000245C0000247CB5002539
:109CF000002000900190F4F779FE04463048007887
:109D0000002854D12F48007870B9FEF731FF40B1D8
:109D1000FEF712FEFFF748FF0021012005F0E0FFEB
:109D20007CBD012027490870206C30B1207820B11B
:109D300025A12046E6F70CFC38B90120FCF7CEFD42
:109D40000121084605F0CCFF31E021A16846226CD4
:109D5000F2F7BAFE69462046FEF7F8FDC5B28DB9A6
:109D60000020FCF7BBFD0221012005F0B9FF012016
:109D7000F5F79EF8012012490870F5F72FF8F4F76F
:109D80007FFD14E00121084605F0AAFF00200C49E0
:109D9000087008464078401C487008464078032800
:109DA00005DD00204870FEF7C7FDFFF7FDFE044803
:109DB000007810B900200349087000BFB0E7000028
:109DC000A815002462000024302E302E302E3000E2
:109DD000256400007CB506460C4615466846EFF73C
:109DE0004AFABDF800003080BDF802002080BDF8BE
:109DF0000400288000207CBD1CB504462348047064
:109E000000F048F801A90F20EFF7ACFA9DF8040024
:109E1000332802D04FF0FF301CBDEFF7B9FA002015
:109E2000009002E00098401C009019490098884278
:109E3000F8D30720EFF74CFC0220EFF7DFFB0220FE
:109E4000EFF76DFB0020EFF788FB0120EFF7F9FA41
:109E50000720EFF7D8FA0120EFF7F3FA0120EFF728
:109E60000EFB3320EFF732FB1420EFF73EFBFF2011
:109E7000EFF721FBFF20EFF747FB8020EFF78BFB8D
:109E80008020EFF7A1FB0020C6E700004C02002471
:109E900040420F0010B50548007818B1EFF724FADA
:109EA000002010BDEFF7ABFA0120FAE74C020024C6
:109EB0002DE9F04104460D4616461AF0E8F844F044
:109EC00080001AF0DDF8002705E000201AF0D8F82D
:109ED0002870781C87B2B742F7DB1AF0D7F8002059
:109EE000BDE8F0812DE9F04105460C4616461AF012
:109EF000CEF825F080001AF0C3F8002705E014F82A
:109F0000010B1AF0BDF8781C87B2B742F7DB1AF0E4
:109F1000BDF80020BDE8F0810146302905DB392974
:109F200003DCA1F1300040B27047612905DB6629EE
:109F300003DCA1F1570040B2F6E7412905DB4629D1
:109F400003DCA1F1370040B2EEE74FF0FF30EBE762
:109F50002DE9F04105460E4690462F4600BF00BF52
:109F60000121304620F006FC01F028F804461CB917
:109F70004FF0FF30BDE8F081214630461BF090FDE8
:109F8000094930461FF06AFE084930461CF02EFC95
:109F90000422074930461EF03BFE0649304620F0B9
:109FA0008BFB0020E6E7000035A5030809A00308A5
:109FB000EDA40308CBAC030870B505460C460021A0
:109FC00028461BF06DFD002128461FF047FE0021AA
:109FD00028461CF00BFC0022114628461EF018FEF5
:109FE0000021284620F068FB204600F0F5FF2846B7
:109FF0001BF01AFF064626B10422024928461EF02D
:10A0000007FE70BDEDA4030870B504460E46254654
:10A0100015B1284600F0E0FF70BD00002DE9F74FB4
:10A02000064691464FF00008002086F82C00019863
:10A0300000782F2827D10198407820BB002414E015
:10A04000434951F83400FEF73BF98046404850F848
:10A0500034000190B8F1000F06D03D4800EBC40079
:10A06000007986F82C0002E0641C052CE8D300BFC0
:10A07000B8F1000F64D101A800F072F8804600200A
:10A0800086F82C005CE03F210198E6F750FA05467F
:10A0900015B1002028706D1C2E48006870B32E4842
:10A0A000006858B300271CE02B48006850F83710B0
:10A0B0000198E6F74DFA98B929463046FDF7A6FE15
:10A0C00082462548006800EBC70006F59A7306F142
:10A0D000F4025146D0F804C03846E047019004E04D
:10A0E0007F1C1C4800688742DEDB00BF19480068FF
:10A0F000874203D115B16D1E3F2028700198FEF7ED
:10A10000DFF88046B8F1000F03D101A800F028F86D
:10A110008046B8F1000F13D0002086F82C000024F0
:10A120000BE00E4850F824100198E6F7E2F918B158
:10A13000012086F82C0002E0641C042CF1D300BF3F
:10A140004A4641463046019B00F038F8BDE8FE8F94
:10A15000BC530608D8030024D4030024B803002409
:10A1600070B504460CA020602068FEF7A9F80546EB
:10A170007DB90CA020602068FEF7A2F8054645B91D
:10A180000BA020602068FEF79BF805460DB9002063
:10A190002060284670BD00002F3430342E68746D66
:10A1A0006C0000002F3430342E68746D0000000005
:10A1B0002F3430342E7368746D6C00002DE9F0413B
:10A1C00004460D4616469846002D43D000202085B3
:10A1D00084F8F1002868E06168686062286820629D
:10A1E00025602868606000BF6868002808DA00BF42
:10A1F0001CA34FF4EC6228A12FA0F2F755FC00BF7E
:10A2000000BF686860610020207600BF2068007C85
:10A21000002808D100BF13A340F2677230A126A026
:10A22000F2F742FC00BF00BF2068007CB8B1B6B1B5
:10A2300036A1626960681AF049F907464FB1391DC5
:10A240006268881A6168014461606169091A616124
:10A2500000BF04E000202060606060612076002084
:10A26000BDE8F0812E2E5C2E2E5C4D6964646C6519
:10A2700077617265735C6C7769705C6C7769705F2D
:10A280006170705C7765625F7365727665725C6839
:10A29000747470642E63000046696C65206C656E92
:10A2A000677468206D75737420626520706F7369C0
:10A2B0007469766521000000417373657274696F7B
:10A2C0006E2022257322206661696C6564206174AA
:10A2D000206C696E6520256420696E2025730A0054
:10A2E000485454502068656164657273206E6F74C1
:10A2F00020696E636C7564656420696E2066696CA4
:10A30000652073797374656D000000000D0A0D0AF5
:10A31000000000002DE9F74F84B00C460498D0F8F7
:10A32000008000BFB8F1000F08D100BF4DA340F27C
:10A330003D6259A15BA0F2F7B7FB00BF00BF00BFB1
:10A3400044B900BF47A340F23E6260A155A0F2F7B6
:10A35000ABFB00BF00BF206808B9606820B16FF098
:10A36000070007B0BDE8F08FA06810B9C4F80880F6
:10A3700003E04146A06810F0C5FEA068006898B1EF
:10A38000A068008940F2FF31884202DAA0680089A3
:10A3900001E040F2FF30814600234A464E49A06862
:10A3A00010F0A6FF4C4E04E0D8F80460B8F80A900C
:10A3B00000BFB9F1070F42DB4A4648A130461AF008
:10A3C00085F88246BAF1000F39D0002003900422AC
:10A3D00043A13046E6F7E0F808B9F51C04E0002098
:10A3E00030716FF00F00BCE7681C801BA9EB000008
:10A3F00080B202903CA1681C029A1AF067F80746E6
:10A400003FB936A1681C029A1AF060F8074601208D
:10A410000390681C381A80B201907FB1AF420DD909
:10A42000681C0090002028700022DDE900014254E1
:10A430002046039A0099FFF7F1FD92E700BFA0685C
:10A4400010F0E9FE8346A0680089B0F5806F05DA58
:10A45000BBF10A0F02DC6FF0040082E76FF00F001F
:10A460007FE700002E2E5C2E2E5C4D6964646C65C7
:10A4700077617265735C6C7769705C6C7769705F2B
:10A480006170705C7765625F7365727665725C6837
:10A49000747470642E6300007020213D204E554C72
:10A4A0004C000000417373657274696F6E20222541
:10A4B0007322206661696C6564206174206C696E2A
:10A4C0006520256420696E2025730A0068732021A9
:10A4D0003D204E554C4C000020CA03240D0A0000BC
:10A4E00047455420000000002000000070B50546DC
:10A4F0000E462C462CB921463046FFF75DFD002064
:10A5000070BD207E401C2076207E042805D1214687
:10A510003046FFF751FD0020F2E74CB1206838B11A
:10A520002146304600F0A6F810B130461DF00AFC76
:10A530000020E5E72DE9FF4107460E4698466FF0FB
:10A540000C043D46B8F1000F02D1029800B18DB95C
:10A55000029838B10298018930461FF0EFFB02984B
:10A5600010F0DAFF29463046FFF726FD002004B040
:10A57000BDE8F0810298018930461FF0DFFB2868B2
:10A5800000281BD13246294602A8FFF7C3FE044625
:10A5900000BF002C11D0601D00280ED00B30002809
:10A5A0000BD00838002808D000BF10A340F61102D5
:10A5B0001BA126A0F2F778FA00BF00BF601D30B1E2
:10A5C000A86820B1A86810F0A7FF0020A86024B9EF
:10A5D0002946304600F04EF806E004F1100018B9A4
:10A5E00029463046FFF7E8FC0020C0E72E2E5C2EFF
:10A5F0002E5C4D6964646C6577617265735C6C7721
:10A6000069705C6C7769705F6170705C7765625FC0
:10A610007365727665725C68747470642E63000092
:10A62000687474705F70617273655F72657175656F
:10A6300073743A20756E6578706563746564207212
:10A64000657475726E2076616C7565004173736513
:10A650007274696F6E2022257322206661696C65B1
:10A6600064206174206C696E6520256420696E2009
:10A6700025730A002DE9F84305460C464FF0000902
:10A6800000276069002842D1206830B92146284659
:10A69000FFF792FC0020BDE8F8832068FDF7CCFDB1
:10A6A000002805DC21462846FFF786FC0020F2E75B
:10A6B000E06808B1266915E0688E460000BFB0B2B8
:10A6C0000EF0AEFBE060E06808B1266105E03046C0
:10A6D00006EBD0714E10642EF1DC00BFE06808B9C3
:10A6E0000020D8E73246E1682068FDF70FFE0646F5
:10A6F000002E05DA21462846FFF75EFC0120CAE756
:10A700006661E06860606662E068E06100BF94F8DE
:10A710002C00002843D1B5F864006169884203D257
:10A72000B5F86400009012E0A08A80B2009000BFEB
:10A73000BDF800106069884208D000BFE3A340F272
:10A74000B132EFA1F7A0F2F7AFF900BF00BFB5F843
:10A7500032804FEA4800BDF80010884203DA4FEA21
:10A760004840000C009094F82C0008B1012000E053
:10A77000002003466A462846616801F065FE0746E8
:10A78000002F0BD14FF00109BDF80010606808449C
:10A790006060BDF800106069401A606186E2B5F83B
:10A7A000640000906168E06988424BD96168E069A3
:10A7B000401AB5F86410884203DDB5F864000090D3
:10A7C00015E000BF6168E069401AB0F5803F08DB22
:10A7D00000BFBEA340F2CF32DCA1D2A0F2F764F9F1
:10A7E00000BF00BFA08BA188401A80B20090B5F8CE
:10A7F00032804FEA4800BDF80010884203DA4FEA81
:10A800004840000C009094F82C0008B1012000E0B2
:10A81000002003466A462846616801F015FE074697
:10A820005FB94FF00109BDF800106068084460602E
:10A83000BDF800106069401A6061B5F8640008B99D
:10A84000484628E7DDE1BDF8000008B9484622E7A0
:10A8500094F8F100052815D2DFE800F0031534A7BD
:10A86000F000E0690078C24909680978884203D19C
:10A87000012084F8F1002085606A401E6062E06972
:10A88000401CE061BCE1208D052805D10020208519
:10A89000022084F8F10014E0E0690078218DB44AC8
:10A8A0001268515C884203D1208D401C208502E053
:10A8B000002084F8F100606A401E6062E069401C7C
:10A8C000E0619DE1208DB0B9E069007820280BD0CF
:10A8D000E0690078092807D0E06900780A2803D0E9
:10A8E000E06900780D2806D1606A401E6062E06968
:10A8F000401CE06184E1E06900789E4909680978BC
:10A9000088420FD0E069007820280BD0E0690078F9
:10A91000092807D0E06900780A2803D0E0690078A8
:10A920000D282CD1208D18B9002084F8F10035E0D5
:10A93000032084F8F10000BF208DFF2808DD00BF50
:10A9400062A340F237428CA176A0F2F7ADF800BFC7
:10A9500000BF94F8280084F82D000021228D04F116
:10A960002E008154E069007882490968097888429C
:10A9700002D10120208511E0002020850EE0208DED
:10A98000012808DAE0690178228D501C208504F145
:10A990002E00815402E0002084F8F100606A401E1D
:10A9A0006062E069401CE0612AE1208DB0B9E06995
:10A9B000007820280BD0E0690078092807D0E069EA
:10A9C00000780A2803D0E06900780D2806D1606A73
:10A9D000401E6062E069401CE06111E1E0690078BE
:10A9E000218D644A1268515C884242D1606A401EDF
:10A9F0006062E069401CE061208D022835D120466C
:10AA0000FDF706FD00202085042084F8F100E069B0
:10AA100020626168206A884234D96168206A401ADD
:10AA2000BDF80010884204DA208CA188401A80B258
:10AA3000009094F82C0010B1012001E023E00020E8
:10AA400003466A462846616801F0FEFC0746CFB916
:10AA50004FF00109BDF80010606808446060BDF85F
:10AA600000106069401A60610CE0208D401C208558
:10AA700008E0606A401E6062E069401CE0610020FE
:10AA800084F8F100BCE06168206A88421DD96168E1
:10AA9000206A401ABDF80010884204DA208CA18890
:10AAA000401A80B20090BDF8000068B194F82C0004
:10AAB00008B1012000E0002003466A46284661688C
:10AAC00001F0C2FC074664E062E070E02E2E5C2ECE
:10AAD0002E5C4D6964646C6577617265735C6C773C
:10AAE00069705C6C7769705F6170705C7765625FDC
:10AAF0007365727665725C68747470642E630000AE
:10AB000068732D3E6C65667420646964206E6F7492
:10AB10002066697420696E746F207531365F742108
:10AB200000000000417373657274696F6E20222506
:10AB30007322206661696C6564206174206C696EA3
:10AB40006520256420696E2025730A0044617461C4
:10AB50002073697A6520646F6573206E6F74206658
:10AB6000697420696E746F207531365F742100003E
:10AB7000E4530608E853060868732D3E7461675F66
:10AB8000696E646578203C3D203078666600000080
:10AB900000277FBB4FF00109BDF800106068084432
:10ABA0006060BDF800106069401A606128E0208D87
:10ABB000618D88421FDA608D218D401ABDF800102A
:10ABC000884204DA608D218D401A80B20090228D77
:10ABD00004F13000111801236A46284601F034FCC4
:10ABE000074667B94FF00109208DBDF800100844F1
:10ABF000208504E004E00020208584F8F10000BFF7
:10AC000000BF606A10B1002F3FF41DAE94F8F10050
:10AC100004284BD06168E069884247D96168E069DF
:10AC2000401AB5F86410884203DDB5F8640000905E
:10AC300018E000BF6168E069401AB0F5803F0BDBA7
:10AC400000BFAFF2781340F2FD42AFF20011AFF255
:10AC50002C10F1F729FF00BF00BFA08BA188401A7C
:10AC600080B20090688E4000BDF80010884203DA80
:10AC7000688E4004000C009094F82C0008B101206C
:10AC800000E0002003466A462846616801F0DCFBCC
:10AC900007465FB94FF00109BDF80010606808442D
:10ACA0006060BDF800106069401A6061606950B969
:10ACB0002068FDF7C1FA002805DC21462846FFF789
:10ACC0007BF90020E7E44846E5E42DE9F04104463D
:10ACD0000E461746254615B90020BDE8F081002034
:10ACE000287629463046FFF7C5FC0020F5E700002E
:10ACF00070B505460C4600BF002D08D100BF0DA35E
:10AD000040F6AB0218A11CA0F1F7CEFE00BF00BFB9
:10AD100000BF002C08DC00BF06A340F6AC0220A157
:10AD200015A0F1F7C1FE00BF00BF2448056024480C
:10AD3000046070BD2E2E5C2E2E5C4D6964646C65C3
:10AD400077617265735C6C7769705C6C7769705F52
:10AD50006170705C7765625F7365727665725C685E
:10AD6000747470642E6300006E6F206367697320D3
:10AD7000676976656E000000417373657274696F70
:10AD80006E2022257322206661696C6564206174DF
:10AD9000206C696E6520256420696E2025730A0089
:10ADA000696E76616C6964206E756D626572206F84
:10ADB000662068616E646C6572730000D4030024C1
:10ADC000D803002470B506460C46154600BF002E79
:10ADD00008D100BF14A340F6950220A125A0F1F7E9
:10ADE00063FE00BF00BF00BF44B900BF0EA340F622
:10ADF00096022AA11FA0F1F757FE00BF00BF00BFB7
:10AE0000002D08DC00BF08A340F6970227A119A077
:10AE1000F1F74AFE00BF00BF2A4806602A480460D6
:10AE20002A48056070BD00002E2E5C2E2E5C4D69F8
:10AE300064646C6577617265735C6C7769705C6C77
:10AE40007769705F6170705C7765625F7365727659
:10AE500065725C68747470642E6300006E6F20739A
:10AE600073695F68616E646C657220676976656E90
:10AE700000000000417373657274696F6E202225B3
:10AE80007322206661696C6564206174206C696E50
:10AE90006520256420696E2025730A006E6F20747A
:10AEA00061677320676976656E000000696E766180
:10AEB0006C6964206E756D626572206F66207461C6
:10AEC00067730000C8030024D0030024CC030024CF
:10AED000F0B58FB00646F3F789FD0446F3F7DAFCC8
:10AEE000054614210AA8E5F7EDFA0020089009901C
:10AEF00004210AA80AF092F9052108A80AF08EF99F
:10AF0000F3F7F0FD4FF47A71B0FBF1F7D5F8841048
:10AF1000286CCDE90507CDE9031505F14400216C46
:10AF2000CDE90041029004F1440204A13046D4F876
:10AF30008430F1F7C9FD0FB0F0BD00005B2225732E
:10AF4000222C222564222C222573222C22256422E5
:10AF50002C222573222C222564222C222573222CBC
:10AF6000222564222C22256473225D0030B587B02F
:10AF70000546142102A8E5F7A5FAF3F7C9FC044633
:10AF8000E078A178CDE900106378227805A102A8C5
:10AF9000F1F79AFD02AA06A128466368F1F794FD2D
:10AFA00007B030BD25642E25642E25642E2564004F
:10AFB0005B222573222C222564225D0010B54FF4FC
:10AFC000BA700DF02DFF044624B14FF4BA7120463B
:10AFD000E5F778FA204610BD10B5044684B1206824
:10AFE00020B12068FDF72DF900202060E06820B135
:10AFF000E0680DF06FFD0020E06020460DF06AFD76
:10B0000010BD10B50346104609B10C6804B910BD57
:10B010000C68046000BFFAE72DE9F0478EB0002706
:10B02000B846B946BA46342101A8E5F74BFA52A30F
:10B0300055A258A101A8F1F747FD58491122086807
:10B0400057A1E5F7A9FA8046B8F1000F03D0781EA2
:10B050000EB0BDE8F0875149086856A1E5F749FAF6
:10B06000074617B96FF00100F2E73F1D53A13846BC
:10B07000E5F73FFA054615B96FF00200E8E705F17C
:10B080000A0400E0641C20782028FBD020780928DE
:10B09000F8D02078222802D06FF00300D8E7641C93
:10B0A00022212046E5F743FA064616B96FF0040060
:10B0B000CEE7A6EB0409B9F1000F02D0B9F1400FB9
:10B0C00002D36FF00500C3E7402134480C30E5F7A8
:10B0D000F9F94A46214631480C30E5F7CBF93AA157
:10B0E0003846E5F706FA054615B96FF00500AFE7F3
:10B0F000AC1D00E0641C20782028FBD020780928B3
:10B10000F8D02078222802D06FF00600A0E7641C57
:10B1100022212046E5F70BFA064616B96FF0070024
:10B1200096E7A6EB040ABAF1000F02D0BAF1FF0FBE
:10B1300002D96FF008008BE74FF4807117484C304C
:10B14000E5F7C0F95246214614484C30E5F792F92C
:10B1500012490C3101A8E5F7FBF98046B8F1000F60
:10B1600001D0012074E7B8F1000F01D102206FE790
:10B170006FF009006CE70000312E302E302E323097
:10B180003235313231330000464E2D4A5454592D58
:10B190005059000025732D2573000000747F012491
:10B1A000485454502F312E3120323030204F4B0D27
:10B1B0000A0000000D0A0D0A0000000022766572E8
:10B1C00073696F6E223A00002275726C223A000099
:10B1D00070B50025002400261F4908681FA1E5F767
:10B1E00088F9044644B91C488068B0F5806F01D3E3
:10B1F000681E70BD0020FCE7241D17480068251A52
:10B200001549086817A1E5F774F9044624B11248F6
:10B2100000682844A04202D84FF0FF30E9E70F341D
:10B2200000E0641C20782028FBD020780928F8D082
:10B230002046E5F76DFB0646B6F5005F02DB6FF0D2
:10B240000100D6E704488068401BB04201D20120CB
:10B25000CFE70220CDE70000747F01240D0A0D0A1C
:10B2600000000000436F6E74656E742D4C656E6750
:10B2700074683A0010B50024FDF7F2F921F068FE79
:10B2800004460020A07310BD10B500240A480068D1
:10B2900050B1094800680EF06DFC074800680EF0D8
:10B2A000A9FC00200449086021F052FE0446002158
:10B2B00061730120207310BD880100242DE9F0473F
:10B2C00006460F4600240025A04621F041FE044614
:10B2D00000BF15E0304603F0AFFF81463946FDF769
:10B2E000A7FB8046B8F1000F04D10120A073002015
:10B2F000BDE8F0874FF47A7022F0BAFA681CC5B244
:10B30000032DE7DB0020A073401EF1E72DE9F0419B
:10B3100006460F4600240025A04621F019FE0446EB
:10B3200000BF11E039463046FDF782FB8046B8F198
:10B33000000F04D10120A0730020BDE8F08132206D
:10B3400022F096FA681CC5B2032DEBDB0020A07337
:10B35000401EF2E72DE9F04105460E460027B846AB
:10B3600021F0F6FD804600BF29E0002211461020A2
:10B370000EF0BEFD154908600846006800B91CE0E3
:10B3800032462946114800680EF016FC04463CB1CE
:10B390000E4800680EF02EFC00200C4908600CE0FE
:10B3A000012188F80D100A2008490968C8610220A7
:10B3B00088F80C000020BDE8F081781CC7B2032F8C
:10B3C000D3DBFBF783FA4FF0FF30F4E7880100246A
:10B3D0002DE9F84300240020009000278046814694
:10B3E000002500265049A1F81C0200BF4E48B0F8C5
:10B3F0008C2100F5A6714DA0F1F756FB4A48B0F834
:10B400008C1100F5A670FFF781FF044684B140F669
:10B41000B83022F02DFA4CA0F1F746FBFFF72AFFD7
:10B42000761C0A2E03D94FF0FF30BDE8F883DDE724
:10B4300000260221012004F053FC64E03A48B0F8F1
:10B440008C1100F5A67000F0F5FD044634B12146DC
:10B4500040A0F1F729FBFFF70DFFC7E700203249B5
:10B46000886000278046814639E0684600F030FD5C
:10B470000446E01C10B9FFF7FDFEB7E724B1FFF763
:10B48000F9FE6FF00100D0E70098A8B927B90127AD
:10B49000EAF7C8F980460BE0EAF7C4F98146A9EB60
:10B4A000080042F21071884202D3FFF7E3FE9DE7E5
:10B4B0000A2022F0DDF912E00027FFF789FE04469A
:10B4C000022C03D00A2022F0D3F908E01648B0F885
:10B4D0001822B0F81C1222A0F1F7E6FA00E0C4E747
:10B4E00000BF00F06FFC04465CB1601D30B96D1CFC
:10B4F0000A2D02D96FF0020097E704E06FF0030015
:10B5000093E7002500BF0848B0F81C020649B1F8CF
:10B510001812884292DBFFF7ADFE0021012004F0F3
:10B52000DFFB002081E70000747F01240ACEDECF1C
:10B53000DFC1ACBDD3B7FECEF1C6F72025733A25E7
:10B5400064202E2E2E0A0000636C6F736531350A5D
:10B5500000000000636C6F7365393A25640A0000CF
:10B560000AB6CE3A2025752F25750A002DE9F84F29
:10B5700000240020009000278046814600250026F8
:10B580004E49A1F81C0200BF4D4803F055FE82460B
:10B590004A48B0F88C2151464AA0F1F785FA47484D
:10B5A000B0F88C114648FFF7D5FE04463CB1761C36
:10B5B0000A2E03D94FF0FF30BDE8F88FE4E70026EC
:10B5C0000221084604F08CFB67E03C48B0F88C117F
:10B5D0003B4800F08FFD044604F10F0010B9FFF75F
:10B5E00053FED1E724B1FFF74FFE6FF00100E3E710
:10B5F00000203249886000278046814639E068464D
:10B6000000F08CFC0446E01C10B9FFF73DFEBBE7E0
:10B6100024B1FFF739FE6FF00200CDE70098A8B91A
:10B6200027B90127EAF7FEF880460BE0EAF7FAF8B7
:10B630008146A9EB080042F21071884202D3FFF75D
:10B6400023FEA1E70A2022F013F912E00027FFF7FA
:10B65000BFFD0446022C03D00A2022F009F908E0BD
:10B660001648B0F81822B0F81C121DA0F1F71CFA09
:10B6700000E0C4E700BF00F0A5FB04465CB1601D1C
:10B6800030B96D1C0A2D02D96FF0020094E704E076
:10B690006FF0030090E7002500BF0848B0F81C02D7
:10B6A0000649B1F8181288428FDBFFF7EDFD002143
:10B6B000022004F015FB00207EE70000747F0124C7
:10B6C000848101240AD3D0CFDFC1ACBDD3B7FECE75
:10B6D000F1C6F72025733A2564202E2E2E0A00008D
:10B6E0000AB6CE3A2025752F25750A00F8B5002434
:10B6F000002000900025002600273448B0F88C2157
:10B7000000F5A67132A0F1F7CFF93048B0F88C11EE
:10B7100000F5A670FFF7FAFD04460CB1681EF8BDEF
:10B720000221012004F0DCFA2848B0F88C1100F561
:10B73000A67000F049FD044624B1FFF79BFD6FF0B1
:10B740000300ECE70020214988602CE0684600F007
:10B75000BFFB044624B1FFF78DFD6FF00400DEE768
:10B760000098B0B925B90125EAF75CF806460CE067
:10B77000EAF758F80746B81B42F21071884204D322
:10B78000FFF778FD6FF00500C9E70A2022F070F896
:10B7900009E00025FFF71CFD04461CB90A2022F031
:10B7A00067F800E000E0D1E700BFFFF763FD00218C
:10B7B000022004F095FA002000F0DAF80446002C8C
:10B7C00002DA6FF00600AAE70020A8E7747F0124E0
:10B7D0000ACEDECFDFC1ACBDD3B7FECEF1C6F720B7
:10B7E00025733A2564202E2E2E0A00002DE9FC41F7
:10B7F00000240020019000250026002700904A48E0
:10B8000090F84C01302804DB474890F84C01392867
:10B810000BDD6B46454A69464548F9F71DFE04466F
:10B820006CB14FF0FF30BDE8FC816946404803F041
:10B83000FBFB0446012C02D06FF00100F3E73A480D
:10B840000099C0F8101200F5047003F0F5FC804672
:10B850003548B0F88C21414636A0F1F725F9324839
:10B86000B0F88C1100F50470FFF774FD044614B1B4
:10B870006FF00200D7E70221084604F031FA2A48A7
:10B88000B0F88C1100F5047000F0DAFC044624B125
:10B89000FFF7FAFC6FF00300C5E70020224988603B
:10B8A0002FE001A800F03AFB044624B1FFF7ECFCBE
:10B8B0006FF00400B7E70198C8B925B90125E9F789
:10B8C000B1FF06460FE0E9F7ADFF0746B81B42F2AD
:10B8D0001071884207D31EA0F1F7E6F8FFF7D4FCF9
:10B8E0006FF005009FE70A2021F0C2FF09E0002564
:10B8F000FFF76EFC04461CB90A2021F0B9FF00E0F6
:10B9000000E0CEE700BFFFF7BFFC0021022004F0FB
:10B91000E7F9002000F02CF80446002C02DA6FF062
:10B92000060080E700207EE7747F012403B003084F
:10B93000C08001240AD3D0CFDFC1ACBDD3B7FECEC7
:10B94000F1C6F72025733A2564202E2E2E0A00001A
:10B950000A68747470B8FCD0C22CCEDECAFDBEDD9D
:10B96000BDD3CAD5B3ACCAB12E2E2E2E0A0000000C
:10B970002DE9F041064600270025204911220868DC
:10B980001FA1E4F709FE074617B1681EBDE8F08164
:10B990001A4908681FA1E4F7ACFD044614B96FF01A
:10B9A0000100F3E70F3400E0641C20782028FBD06E
:10B9B00020780928F8D02046E4F7B7FF054606B1FD
:10B9C00035600E48C0F814524FF480600B49A1F85E
:10B9D0001A02801CB5FBF0F100FB115010B16FF0A2
:10B9E0000200D3E740F20240B5FBF0F00349A1F8B2
:10B9F00018020020A1F81C0200BFC7E7747F0124D1
:10BA0000485454502F312E3120323030204F4B0DBE
:10BA10000A000000436F6E74656E742D4C656E678E
:10BA200074683A002DE9F84F07460E4600240020BE
:10BA30000090804681468246384603F0FDFB8346EF
:10BA40003246594634A0F1F72FF831463846FFF711
:10BA500035FC04461CB14FF0FF30BDE8F88F0221E1
:10BA6000012004F03DF93146384600F031FC04462F
:10BA700024B1FFF7FFFB6FF00100EEE700202D4936
:10BA800088602FE0684600F023FA044624B1FFF7EF
:10BA9000F1FB6FF00200E0E70098D0B9B8F1000FB9
:10BAA00005D14FF00108E9F7BDFE81460DE0E9F749
:10BAB000B9FE8246AAEB090042F21071884204D313
:10BAC000FFF7D8FB6FF00300C7E70A2021F0D0FE94
:10BAD00008E04FF00008FFF77BFB0446022C00D083
:10BAE00000E000E0CEE700BFFFF7C4FB002102202A
:10BAF00004F0F6F8FFF790FA0446002C02DA6FF033
:10BB00000400AAE7012C05D100F0A0F805460DB10C
:10BB1000E01FA2E72046A0E70ACEDECFDFC1ACBD22
:10BB2000D3B7FECEF1C6F72025733A2564202E2E1A
:10BB30002E0A0000747F01242DE9F84F07460E46B7
:10BB4000002400200090804681468246384603F05B
:10BB500073FB83463246594634A0F0F7A5FF3146C1
:10BB60003846FFF7F7FB04461CB14FF0FF30BDE845
:10BB7000F88F0221084604F0B3F83146384600F049
:10BB8000F1FB044624B1FFF77FFB6FF00100EEE705
:10BB900000202D4988602FE0684600F0BFF9044678
:10BBA00024B1FFF771FB6FF00200E0E70098D0B915
:10BBB000B8F1000F05D14FF00108E9F733FE8146D7
:10BBC0000DE0E9F72FFE8246AAEB090042F2107160
:10BBD000884204D3FFF758FB6FF00300C7E70A2041
:10BBE00021F046FE08E04FF00008FFF7F1FA0446A6
:10BBF000022C00D000E000E0CEE700BFFFF744FBDE
:10BC00000021022004F06CF8FFF706FA0446002C2D
:10BC100002DA6FF00400AAE7012C05D100F016F853
:10BC200005460DB1E01FA2E72046A0E70AD3D0CF1A
:10BC3000DFC1ACBDD3B7FECEF1C6F72025733A25E0
:10BC400064202E2E2E0A0000747F01242DE9FC476B
:10BC50004FF000090027B846002507224FA15148A0
:10BC6000E4F79AFC20B9DFF83C9109F107090BE0F1
:10BC700008224DA14B48E4F78FFC18B94FF0FF3074
:10BC8000BDE8FC87DFF81C914E463A213046E4F7C8
:10BC90004EFC0446002C2DD12F213046E4F747FC02
:10BCA000044614B96FF00100EAE7A71B6FB921F051
:10BCB0004FF905462879E978CDE90010AB786A7824
:10BCC0003CA13F48F0F700FF0DE0402F02D36FF09A
:10BCD0000200D5E740213A48E4F7F4FB3A46314602
:10BCE0003748E4F7C7FB50202E494C39A1F88C01A6
:10BCF000A1463AE0A71B6FB921F02AF90546287939
:10BD0000E978CDE90010AB786A782AA12C48F0F7E1
:10BD1000DBFE0DE0402F02D36FF00300B0E74021BF
:10BD20002748E4F7CFFB3A4631462548E4F7A2FB23
:10BD3000601CE4F7EDFD8046B8F1000F03D04FF62C
:10BD4000FF70804502D36FF0040099E715494C3924
:10BD5000A1F88C81661C2F213046E4F7E8FB0646EB
:10BD600016B96FF005008BE7B1464E463046E4F752
:10BD7000E8FB07460FB1802F02D36FF007007FE783
:10BD800080210F484230E4F79DFB3A4631460C488B
:10BD90004230E4F76FFB002072E7000068747470B3
:10BDA0003A2F2F00C07F012468747470733A2F2FCC
:10BDB0000000000025642E25642E25642E256400D5
:10BDC000C08001242DE9F04700240026002700252B
:10BDD000A046A1464FF4700A2E491C2208682EA1E5
:10BDE000E4F7DAFB064616B1601EBDE8F087294984
:10BDF000086831A1E4F77DFB044614B96FF0010037
:10BE0000F3E70F3400E0641C20782028FBD0207872
:10BE10000928F8D02046E4F788FD074640F20240A2
:10BE2000874202D06FF00200DFE727A12046E4F747
:10BE300060FB044614B96FF00300D6E7251D4FF4EC
:10BE400080612846E5F7F6FC804695F8010495F8F0
:10BE5000001440EA0129C84502D06FF00400C4E78D
:10BE60000C48B0F81C020B49B1F81A12484300F50F
:10BE7000700A0848B0F81A225146284614F0E2FB2E
:10BE80000448B0F81C02401C0249A1F81C02002022
:10BE9000ABE70000747F0124485454502F312E31F9
:10BEA00020323036205061727469616C20436F6EAD
:10BEB00074656E7400000000436F6E74656E742DBF
:10BEC0004C656E6774683A000D0A0D0A00000000A8
:10BED0007CB50446002500200190009004B120604C
:10BEE000694601A8FCF78EFE054615B16FF0020009
:10BEF0007CBD019808B1009808B90020F8E7DDE999
:10BF0000001000F063F8054615B16FF00100EFE78F
:10BF10000CB1009820600020EAE700002DE9F8430A
:10BF200004464FF00008002000900025002600275E
:10BF300004B120602448006818B94FF0FF30BDE814
:10BF4000F8836946204800680EF0BAF8804618F178
:10BF50000F0F2FD018F1030F22D0B8F1000F28D106
:10BF600021F048FA0098056809E06989686800F0DE
:10BF70002DF8064606B104E0688907442D68002DB7
:10BF8000F3D100BF21F086FA00980DF0EEFC0020FE
:10BF900000900EB1801ED2E704B127600020CEE7EA
:10BFA000009820B100980DF0E0FC002000900020E7
:10BFB000C5E700BF009820B100980DF0D6FC002026
:10BFC00000906FF00200BAE78801002470B50546C2
:10BFD0000C461748006860B94FF400601449486087
:10BFE0000846416800200DF0A5FC114908600020BA
:10BFF00088600F4880682044B0F5006F02D94FF088
:10C00000FF3070BD0A490968094A926888182246BB
:10C010002946E4F72FFA06488068204404498860DE
:10C02000002103480068024A926881540020E8E732
:10C03000747F01242DE9F043C1B005460E464FF44C
:10C04000807101A8E4F73EFA01AC00BF00BF00BF59
:10C05000174A18A12046F0F737FD2046E4F771FA99
:10C06000044433462A4618A12046F0F72DFD204609
:10C07000E4F767FA04441848B0F81C0200EB4020CB
:10C08000470007F201494B463A4614A12046F0F713
:10C090001BFD2046E4F755FA044401A8211A41F299
:10C0A0008832FCF703FF8046404641B0BDE8F0838C
:10C0B0000281012447455420257320485454502FB1
:10C0C000312E310D0A000000486F73743A20257339
:10C0D0003A25640D0A000000747F012452616E67E6
:10C0E000653A2062797465733D25642D25640D0AD7
:10C0F0000D0A00002DE9F047C2B007460D464FF487
:10C10000807102A8E4F7DEF902AC00BF00BF00BFF7
:10C110001B4A1CA12046F0F7D7FC2046E4F711FA91
:10C120000444384603F088F882462B4652461AA14A
:10C130002046F0F7C9FC2046E4F703FA04441A4805
:10C14000B0F81C0200EB4020460006F201494B46C5
:10C15000324616A12046F0F7B7FC2046E4F7F1F985
:10C1600004440020009002A8221A012302A91548C5
:10C1700000680EF0B1F98046404642B0BDE8F08755
:10C180000281012447455420257320485454502FE0
:10C19000312E310D0A000000486F73743A20257368
:10C1A0003A25640D0A000000747F012452616E6715
:10C1B000653A2062797465733D25642D25640D0A06
:10C1C0000D0A000088010024F0B5C1B005460E46F6
:10C1D0004FF4807101A8E4F775F901AC00270E4A0D
:10C1E0000EA12046F0F770FC2046E4F7AAF90444BB
:10C1F00033462A460EA12046F0F766FC2046E4F7B7
:10C20000A0F9044401A8211A4FF47A72FCF74EFEFB
:10C210000746384641B0F0BD0281012448454144FB
:10C2200020257320485454502F312E310D0A000020
:10C23000486F73743A2025733A25640D0A0D0A007D
:10C240002DE9F041C2B006460D464FF4807102A8B8
:10C25000E4F738F902AC0027124A13A12046F0F7A0
:10C2600033FC2046E4F76DF90444304602F0E4FF65
:10C2700080462B46424611A12046F0F725FC204679
:10C28000E4F75FF904440020009002A8221A012379
:10C2900002A90E4800680EF01FF90746384642B062
:10C2A000BDE8F081028101244845414420257320E6
:10C2B000485454502F312E310D0A0000486F7374CA
:10C2C0003A2025733A25640D0A0D0A0088010024DE
:10C2D0002DE9F041C0B006460D464FF48071684626
:10C2E000E4F7F0F86C46002710A213A12046F0F7FF
:10C2F000EBFB2046E4F725F90444304602F09CFFAE
:10C3000080462B46424613A12046F0F7DDFB20462F
:10C31000E4F717F904446846211A4FF47A72FCF7DF
:10C32000C5FD0746384640B0BDE8F081464E2D4A6F
:10C330005454592D50590000474554202F25732F30
:10C34000696E666F2E74787420485454502F312EC5
:10C35000310D0A00486F73743A2025733A25640D35
:10C360000A0D0A002DE9F041C2B006460D464FF411
:10C37000807102A8E4F7A6F802AC002712A215A16A
:10C380002046F0F7A1FB2046E4F7DBF804443046F2
:10C3900002F052FF80462B46424615A12046F0F798
:10C3A00093FB2046E4F7CDF804440020009002A857
:10C3B000221A012302A9124800680EF08DF80746E0
:10C3C000384642B0BDE8F081464E2D4A5454592DAE
:10C3D00050590000474554202F25732F696E666F12
:10C3E0002E74787420485454502F312E310D0A0089
:10C3F000486F73743A2025733A25640D0A0D0A00BC
:10C40000880100240EB500200090019002900120C8
:10C4100000900A48B0F8180202900848B0F81A02D2
:10C4200001900C220649684614F00CF9054808F002
:10C43000E8FE4FF47A70F3F79BF80EBD747F012489
:10C4400000FCFF00F8D301242DE9F0470746884699
:10C450001546994600BF002D08D100BF14A34FF424
:10C46000EB7220A123A0F0F71FFB00BF00BF2C88B8
:10C4700000BF4B462246414638461FF007F80646A5
:10C48000701C68B9B7F8640018B1B7F8660058288E
:10C4900001DB012404E0204604EBD071C1F34F041A
:10C4A000701C08B9012CE4DC2C803046BDE8F08714
:10C4B0002E2E5C2E2E5C4D6964646C65776172650E
:10C4C000735C6C7769705C6C7769705F6170705CCD
:10C4D0007765625F7365727665725C6874747064A8
:10C4E0002E6300006C656E67746820213D204E55F8
:10C4F0004C4C0000417373657274696F6E20222585
:10C500007322206661696C6564206174206C696EB9
:10C510006520256420696E2025730A0010B502216C
:10C520000148FEF7E5FB10BDEC5306082DE9F0418C
:10C5300080460E4615460024002721A12868E4F70E
:10C5400007F8002838D101241CE056F824001EA169
:10C55000E3F7FEFF38B955F824001EA1E3F7F8FF12
:10C5600008B9781CC7B256F824001CA1E3F7F0FF05
:10C5700030B955F82400F2F751FB08B9781CC7B25E
:10C58000601CC4B24445E0DB022F0DD1F2F754FB2E
:10C59000012804D114A1002013F0D2FB09E016A158
:10C5A000002013F0CDFB04E017A140F2911013F02E
:10C5B000C7FB0020BDE8F0814FF0FF30FAE7000034
:10C5C0006C6F67696E000000757365726E616D65F2
:10C5D00000000000726F6F740000000070617373E0
:10C5E000776F726400000000225355434345535354
:10C5F00021222C223122000022535543434553531C
:10C6000021222C223022000022696E636F72726533
:10C610006374206163636F756E74206F7220706144
:10C620007373776F72642122000000002DE9F041DE
:10C6300090B006460F4615460024A0461EA1286865
:10C64000E3F786FF002833D101242BE057F82400BC
:10C650001DA1E3F77DFF18BB14211E48E3F732FF4D
:10C6600055F82400E3F76DFF00F0FF08B8F10C0F58
:10C6700001DD4FF00C0855F8241042461548E3F749
:10C68000F9FE15A1002013F05BFB40221149283967
:10C690006846E3F7EFFE0F4838380FC8F2F7F4FBAF
:10C6A000601CC4B2B442D1DB002010B0BDE8F08100
:10C6B0004FF0FF30F9E700006368616E6765506115
:10C6C0007373776F7264000070617373776F726455
:10C6D0000000000058CE03242253554343455353D2
:10C6E0002122000010B5044606A12068E3F730FFC0
:10C6F00028B906A1002013F023FB002010BD4FF045
:10C70000FF30FBE773656C65637400002222000054
:10C710002DE9F04105468846164615A13068E3F735
:10C7200017FF08BB012419E0224631464046EDF7C9
:10C73000FBFD074627B111A1652013F001FB0FE0B7
:10C74000681EA04208D112A1002013F0F9FA64205B
:10C7500021F08EF8FAF7BAF8601CC4B2AC42E3DB01
:10C7600000BF0020BDE8F0814FF0FF30FAE7000085
:10C770006C6F63616C5F736176650000227061723B
:10C78000616D65746572206572726F72212200009E
:10C790002253554343455353212200002DE9F041D4
:10C7A00005460F4616460024A04615A13068E3F75B
:10C7B000CFFE08BB012419E0224631463846EDF78A
:10C7C0006BFF8046B8F1000F04D010A1652013F074
:10C7D000B7FA0DE0681EA04206D111A1002013F0A7
:10C7E000AFFA642021F044F8601CC4B2AC42E3DB31
:10C7F00000BF0020BDE8F0814FF0FF30FAE70000F5
:10C8000072656D6F74655F73617665002270617229
:10C81000616D65746572206572726F72212200000D
:10C820002253554343455353212200002DE9F04143
:10C8300005460F4616464FF00008002417A1306841
:10C84000E3F786FE002825D101241DE0224631466B
:10C850003846EDF7D1FC8046B8F1000F04D012A1A4
:10C86000652013F06DFA11E0681EA0420AD113A1F1
:10C87000002013F065FA642020F0FAFFFAF734F88C
:10C88000FDF792F9601CC4B2AC42DFDB00BF0020B0
:10C89000BDE8F0814FF0FF30FAE700007365745F88
:10C8A000736176650000000022706172616D6574CD
:10C8B0006572206572726F72212200002253554307
:10C8C00043455353212200002DE9F04105460F4610
:10C8D00016464FF00008002413A13068E3F738FE35
:10C8E000F0B9012416E0224631463846EDF754FFF0
:10C8F0008046B8F1000F04D00FA1652013F020FA94
:10C900000AE0681EA04203D110A1002013F018FA1B
:10C91000601CC4B2AC42E6DB00BF0020BDE8F08181
:10C920004FF0FF30FAE700007468726573686F6C4F
:10C93000645F73617665000022706172616D657479
:10C940006572206572726F72212200002253554376
:10C9500043455353212200002DE9F04105460F467F
:10C9600016460024A04615A13068E3F7F1FD08BB88
:10C97000012419E0224631463846EDF7CFFF8046C4
:10C98000B8F1000F04D010A1652013F0D9F90DE023
:10C99000681EA04206D111A1002013F0D1F9642035
:10C9A00020F066FF601CC4B2AC42E3DB00BF002095
:10C9B000BDE8F0814FF0FF30FAE700007570646168
:10C9C00074655F736176650022706172616D657474
:10C9D0006572206572726F722122000022535543E6
:10C9E000434553532122000070B504460D461646B8
:10C9F00043A12068E3F7ACFD30B900202880304621
:10CA000000F016FE002070BD41A12068E3F7A0FDF4
:10CA100030B900202880304600F030FC0020F2E7DA
:10CA20003FA12068E3F794FD30B90020288030460C
:10CA300000F076FD0020E6E73DA12068E3F788FDE1
:10CA400030B900202880304600F0B6FA0020DAE73E
:10CA50003AA12068E3F77CFD30B9002028803046F9
:10CA600000F0B0FC0020CEE738A12068E3F770FDAD
:10CA700030B900202880304600F028FD0020C2E7B1
:10CA800036A12068E3F764FD30B9002028803046E5
:10CA900000F0CCFC0020B6E734A12068E3F758FD95
:10CAA00030B900202880304600F09AFB0020AAE729
:10CAB00031A12068E3F74CFD30B9002028803046D2
:10CAC00000F01AFB00209EE72FA12068E3F740FD4D
:10CAD00030B9002028803046FEF7FAF9002092E7AE
:10CAE0002CA12068E3F734FD30B9002028803046BF
:10CAF000FEF73CFA002086E74FF0FF3083E70000A6
:10CB00005641436F6C6C656374696F6E0000000082
:10CB10006F74686572436F6C6C656374696F6E00E7
:10CB20005468726573686F6C6444617461000000DE
:10CB3000426569646F75446174610000737769745C
:10CB400063685374617475730000000073797374C3
:10CB5000656D5374617475730000000073797374AC
:10CB6000656D53657474696E670000006770727359
:10CB700053657474696E67006E6574776F726B537A
:10CB8000657474696E6700007365727665727365AB
:10CB9000740000007570646174655F6164647200A4
:10CBA0002DE9F04105460F46164600240EA13068D7
:10CBB000E3F7CEFCA0B901240DE022463146384609
:10CBC00013F0D6F8681EA04203D109A1002013F08B
:10CBD000B7F8601CC4B2AC42EFDB0020BDE8F081C6
:10CBE0004FF0FF30FAE70000737769746368000064
:10CBF00022535543434553532122000070B5054647
:10CC00000E46144639A12068E3F7A2FC50B9F2F7AA
:10CC1000BBFA38A1002013F093F8642020F028FE1E
:10CC2000002070BD36A12068E3F792FC48B931A11D
:10CC3000002013F085F84FF47A70F2F799FC002089
:10CC4000EFE731A12068E3F783FC58B929A1002060
:10CC500013F076F813F01AFA4FF47A70F2F788FCB2
:10CC60000020DEE72AA12068E3F772FC48B921A181
:10CC7000002013F065F814F04FFE14F059FE002068
:10CC8000CFE727A12068E3F763FC38B919A100209A
:10CC900013F056F8F2F7BAF80020C2E725A1206891
:10CCA000E3F756FC38B913A1002013F049F8F2F766
:10CCB000A5F80020B5E725A12068E3F749FC38B9BD
:10CCC0000CA1002013F03CF8F2F790F80020A8E740
:10CCD00024A12068E3F73CFC28B925A1002013F02B
:10CCE0002FF800209DE74FF0FF309AE772657365DB
:10CCF0007400000022535543434553532122000042
:10CD00007265626F6F740000656163726573000025
:10CD100073696E676C655F636C656172000000002B
:10CD20007265706F72745F73696E676C655F74694A
:10CD30006D6500007265706F72745F73696E676C09
:10CD4000655F63757272656E740000007265706F66
:10CD500072745F73696E676C655F636F6E66696737
:10CD6000000000006C6F67696E496E697400000016
:10CD70005B22726F6F74222C2220225D0000000063
:10CD800070B505460E46144627A12068E3F7E0FB80
:10CD900080B920F0E1F820B126A1002012F0D0FFE8
:10CDA00006E0012020F08EFA25A1002012F0C8FF35
:10CDB000002070BD25A12068E3F7CAFB80B920F0F0
:10CDC000CBF820B11BA1002012F0BAFF06E0022030
:10CDD00020F078FA1AA1002012F0B2FF0020E8E754
:10CDE0001DA12068E3F7B4FBD8B920F0B5F820B155
:10CDF00010A1002012F0A4FF11E0F1F74FFD38B9A7
:10CE0000012020F05FFA0EA1002012F099FF06E049
:10CE1000022020F057FA0AA1002012F091FF002012
:10CE2000C7E74FF0FF30C4E77570646174656C77D5
:10CE300069700000225550444154494E4721220058
:10CE400022535543434553532122000075706461BA
:10CE500074656770727300007570646174655F6FEC
:10CE60007461000010B500F03BF9FFF757FB00209C
:10CE700000F002F810BD000070B506461AF0CEFEB4
:10CE8000044600BF002C08D100BF1DA340F663027A
:10CE900028A12FA0EFF708FE00BF00BF0121204608
:10CEA0001DF068FC50223146204618F0FDFD054675
:10CEB00000BF002D08D000BF11A340F667022EA1CD
:10CEC00023A0EFF7F1FD00BF00BFFF2120461AF0BD
:10CED000A3FD044600BF002C08D100BF08A340F604
:10CEE00069022CA11AA0EFF7DFFD00BF00BF2146A9
:10CEF000204618F0D5FD2F49204618F018FD70BDCA
:10CF00002E2E5C2E2E5C4D6964646C6577617265B3
:10CF1000735C6C7769705C6C7769705F6170705C72
:10CF20007765625F7365727665725C68747470644D
:10CF30002E63000068747470645F696E69743A20CF
:10CF40007463705F6E6577206661696C656400006C
:10CF5000417373657274696F6E2022257322206697
:10CF600061696C6564206174206C696E652025645C
:10CF700020696E2025730A0068747470645F696E9E
:10CF800069743A207463705F62696E6420666169D7
:10CF90006C65640068747470645F696E69743A20CB
:10CFA0007463705F6C697374656E206661696C652B
:10CFB00064000000519F030830B52DED028B9FB037
:10CFC0000546602107A8E3F77DFAF2F7B7FC0446AF
:10CFD0009FED330AB0EE408A00200590069094ED54
:10CFE000080BB7EEC00BB0EE408ABCEEC80A10EEDC
:10CFF000100A80B205909DED050AB8EE400A38EEA1
:10D00000400AB0EE408A9FED270A28EE000ABCEEE7
:10D01000C00A8DED060A24A10FA8DDE90523EFF76C
:10D0200053FD227D22A107A8EFF74EFD227D20A10E
:10D030000BA8EFF749FD94ED081BB0EE410B53EC44
:10D04000102B1CA10FA8EFF73FFD94ED001BB0EED5
:10D05000410B53EC102B19A117A8EFF735FD94EDF8
:10D06000021BB0EE410B53EC102B14A113A8EFF7E9
:10D070002BFDE27C0EA11BA8EFF726FD1BAA17A82B
:10D0800013A90FABCDE90031CDE902020BAB07AA22
:10D090000BA12846EFF718FD1FB0BDEC028B30BD89
:10D0A000000000000000C84225642E2530326400D4
:10D0B00025640000252E3266000000002566000071
:10D0C0005B222573222C222573222C222573222CED
:10D0D000222573222C222573222C222573225D0007
:10D0E00010B5272202490348FDF76CFE10BD000071
:10D0F000EC030024C5A1020830B5BDB00446C82128
:10D100000BA8E3F7DFF9002009900A9000210BA893
:10D1100008F084F8022110A808F080F8012115A871
:10D1200008F07CF803211AA808F078F8092129A84A
:10D1300008F074F807211FA808F070F8082124A847
:10D1400008F06CF80D2138A808F068F8F1F72CFC0D
:10D1500005462A4612A109A8EFF7B6FC0A212EA817
:10D1600008F05CF80B2133A808F058F833A82EA972
:10D1700009AB38AACDE90523CDE9071024A81FA9DA
:10D1800029AA1AABCDE90132CDE9031015A810ABDD
:10D190000BAA04A100902046EFF796FC3DB030BDED
:10D1A000256400005B222573222C222573222C2269
:10D1B0002573222C222573222C222573222C222532
:10D1C00073222C222573222C222573222C222573D4
:10D1D000222C222573222C222573225D00000000C0
:10D1E00030B5A3B0044600202190229018211BA83E
:10D1F000E3F768F95C2104A8E3F764F9002121A8AA
:10D20000FCF730FC01211BA8FCF72CFCFCF70EFC02
:10D2100005462A4611A104A8EFF756FCFBF762FA6F
:10D2200005462A460DA10DF12E00EFF74DFCFBF748
:10D2300051FA05462A4609A113A8EFF745FC13A8A1
:10D240000DF12E0104AA1BABCDE90021029021AA09
:10D2500003A12046EFF738FC23B030BD2573000052
:10D260005B222573222C222573222C222573222C4B
:10D27000222573222C222573225D000010B52DED8E
:10D28000028BBEB00446202136A8E3F71BF9242107
:10D290002DA8E3F717F978210FA8E3F713F99FED0D
:10D2A000440AB0EE408A43A000680E900020F7F7D1
:10D2B0007FFBB0EE408AB7EEC80A53EC102B3EA1BC
:10D2C00036A8EFF701FC0020F7F76AFBB0EE408AC2
:10D2D000B7EEC80A53EC102B37A138A8EFF7F4FBD0
:10D2E0000120F7F765FBB0EE408AB7EEC80A53ECB1
:10D2F000102B31A13AA8EFF7E7FB0120F7F750FB1D
:10D30000B0EE408AB7EEC80A53EC102B2AA13CA815
:10D31000EFF7DAFB2DA8F5F78BFA00210DF1BB0032
:10D320000DF08CFC01210DF1C2000DF087FC0221F3
:10D330000DF1C9000DF082FC032134A80DF07EFC34
:10D3400000210FA820F09AFD01210DF15A0020F0D4
:10D3500095FD00211EA8ECF70DFB01210DF19600B3
:10D36000ECF708FB0DF196001EA90DF15A020FAB68
:10D37000CDE90932CDE90B1034A8C11FCA1FD31F54
:10D38000CDE90532CDE907102DAA3CA80EAB3AA98C
:10D39000CDE90113CDE9030238A836AA0849009067
:10D3A0002046EFF791FB3EB0BDEC028B10BD0000B4
:10D3B00000000000E2848300252E32660000000099
:10D3C000705A060810B588B00446182102A8E3F781
:10D3D00079F8002102A8EDF763FB01210DF10B00A4
:10D3E000EDF75EFB02210DF10E00EDF759FB032175
:10D3F0000DF11100EDF754FB0DF11100C11E831F5B
:10D4000002AACDE9001003A12046EFF75DFB08B0AA
:10D4100010BD00005B222573222C222573222C22B2
:10D420002573222C222573225D00000010B5A4B0C4
:10D430000446502110A8E3F745F8202108A8E3F797
:10D4400041F800200690079008A8FAF7C9FF0021CC
:10D4500010A8F7F79FFC012115A8F7F79BFC022104
:10D460001AA8F7F797FC1FA8F1F77AFA062106A881
:10D4700007F0D4FE0C210DF11B0007F0CFFE0DF1DB
:10D480001B0006AB1FA91AAACDE902130192049052
:10D4900015A810AB08AA03A100902046EFF714FBD3
:10D4A00024B010BD5B222573222C222573222C224E
:10D4B0002573222C222573222C222573222C22252F
:10D4C00073222C222573225D0000000010B598B055
:10D4D00004465C2101A8E2F7F5FF002101A818F03D
:10D4E000E7F801210DF1220018F0E2F8022110A85E
:10D4F00018F0DEF810A80DF1220301AA03A1009094
:10D500002046EFF7E1FA18B010BD00005B2225734A
:10D51000222C222573222C222573225D000000007C
:10D5200030B597B00546382109A8E2F7CBFFF1F7EF
:10D530003FFB044622882EA109A8EFF7C5FA6288AE
:10D540002BA10DF12900EFF7BFFAA28828A10DF158
:10D550002E00EFF7B9FAA27925A10DF13300EFF70C
:10D56000B3FA94F9072022A10EA8EFF7ADFA94F9C7
:10D5700008201FA10DF13D00EFF7A6FA94F909204C
:10D580001BA10DF14200EFF79FFA94F90A2018A1B0
:10D590000DF14700EFF798FAA28915A113A8EFF74C
:10D5A00093FAA27B12A10DF15100EFF78DFAE27B05
:10D5B0000FA10DF15600EFF787FA0DF15601481F44
:10D5C00013AA531FCDE90532CDE907010A3A1939EB
:10D5D0000EA8431FCDE90130CDE903120A38431FDD
:10D5E00009AA04A100902846EFF76EFA17B030BDE3
:10D5F000256400005B222573222C222573222C2215
:10D600002573222C222573222C222573222C2225DD
:10D6100073222C222573222C222573222C2225737F
:10D62000222C222573222C222573225D000000006B
:10D6300010B590B00446302104A8E2F743FF002162
:10D6400004A8EFF717FA012106A8EFF713FA022151
:10D6500008A8EFF70FFA03210AA8EFF70BFA042145
:10D660000CA8EFF707FA05210EA8EFF703FA0EA8AA
:10D670000CA90AAA08ABCDE90032CDE9021006AB2D
:10D6800004AA03A12046EFF71FFA10B010BD000056
:10D690005B222573222C222573222C222573222C17
:10D6A000222573222C222573222C222573225D0031
:10D6B00070B505460C4622460321284600F05CF969
:10D6C00070BD00002DE9FF5F05468A466A48806804
:10D6D0000390039800780007860E142E00DAC2E04B
:10D6E0006889042800D2BEE06868047814B1082C68
:10D6F00075D102E009F08EFEB0E0DFF87C9109F10F
:10D7000014095D48007D00F0F000E02800D1AEE093
:10D71000594A1168506900F0E7FE00B1A7E0288976
:10D72000082800D29FE0284600F08AFE20B1284653
:10D730000DF0F2FEBDE8FF9F06F10E0128460DF048
:10D7400099FA002840D0288930441FFA80FB2889A4
:10D75000584500DD8BE04FF4207259460E200DF045
:10D7600003FB074607B982E0798906F10800814288
:10D7700003D238460DF0D0FE79E03246786803993E
:10D78000E2F778FE314638460EF0FAF800280DD060
:10D7900000BF00BF39A3B82243A151A0EFF784F91D
:10D7A00000BF00BF38460DF0B7FE60E0294638469E
:10D7B0000DF08EFD18B138460DF0AEFE57E028464C
:10D7C0000DF0AAFE3D4612E006F10E0128460EF0CD
:10D7D000D7F860B100BF00BF28A3C92200E02BE04A
:10D7E00049A13FA0EFF760F900BF00BF3FE0D5F8C7
:10D7F0000480314628460DF03DFAE0B96F68D9F84B
:10D800000000F8601C4800693861002088F80000BA
:10D81000A8F80200FF203872002078810120002142
:10D82000FF230A46CDE9010A00914946284601F046
:10D83000E1F8834600BF11E0032C0ED00B2C0CD076
:10D840000C2C0AD0042C08D0052C06D00D2C04D0AA
:10D850000E2C02D0112C00D000BF00BF00BF284604
:10D860000DF05AFE66E728460DF056FE62E72846A0
:10D870000DF052FE00BF5DE770E902242E2E5C2EF3
:10D880002E5C4D6964646C6577617265735C6C775E
:10D8900069705C7372635C636F72655C6970763427
:10D8A0005C69636D702E630069636D705F696E7093
:10D8B00075743A206D6F76696E6720722D3E7061C7
:10D8C000796C6F616420746F2069636D7020686586
:10D8D00061646572206661696C65640A000000001D
:10D8E000417373657274696F6E20222573222066FE
:10D8F00061696C6564206174206C696E65202564C3
:10D9000020696E2025730A0069636D705F696E700F
:10D9100075743A20726573746F72696E67206F72E6
:10D920006967696E616C20702D3E7061796C6F6102
:10D9300064206661696C65640A00000010B501200E
:10D9400010F074FD094908600846006808B9012014
:10D9500010BD002206490548006810F088FD054901
:10D960000248006810F046FC0020F1E77C03002428
:10D9700021E20408ACFC05082DE9FF5F0646894654
:10D9800092464FF01C083089404501DAB6F808800D
:10D9900008F1080081B24FF4207222200DF0E4F962
:10D9A00004460CB9BDE8FF9F00BF618908F108007B
:10D9B000814208D200BF19A34FF4B87222A12DA052
:10D9C000EFF772F800BF00BFD6F804B0656885F8BD
:10D9D000009085F801A00020A880E8807168626846
:10D9E00002F108004246E2F745FDDBF80C00039027
:10D9F00003A801F0C1FA07465FB10020688001204A
:10DA00000021FF2303AACDE901070091204600F081
:10DA1000F1FF20460DF080FD00BFC3E72E2E5C2EE7
:10DA20002E5C4D6964646C6577617265735C6C77BC
:10DA300069705C7372635C636F72655C6970763485
:10DA40005C69636D702E6300636865636B20746846
:10DA500061742066697273742070627566206361F8
:10DA60006E20686F6C642069636D70206D657373E0
:10DA700061676500417373657274696F6E2022255A
:10DA80007322206661696C6564206174206C696E24
:10DA90006520256420696E2025730A0070B505464F
:10DAA0000C4622460B212846FFF766FF70BD70B575
:10DAB00004460D46607A022807D0607A01280AD110
:10DAC000608910B16089A84205DD2946204600F032
:10DAD00029FB0120607270BD0348044908600448B6
:10DAE0000449086070470000E0000001440300247E
:10DAF000E0000002480300242DE9F8430746894668
:10DB000090467889082804DA38460DF005FDBDE80E
:10DB1000F8837C687989204600F088FC18B1384683
:10DB20000DF0FAFCF3E74146484600F079F9054666
:10DB30001DB938460DF0F0FCE9E72078112802D035
:10DB400016283DD132E02249D8F800000968884201
:10DB500014D1201D08B1606880B9607808B90A2026
:10DB60006070D9F8246006B1366804E06178304608
:10DB7000FFF79DFF3668002EF8D116E0201DA0B1FA
:10DB8000606890B11249D8F800000968884207D14E
:10DB9000606800906946484600F042F9054600BFBB
:10DBA0001DB161782846FFF782FF0AE0687A0128F4
:10DBB00005D100206881022068720020287200E0F0
:10DBC00000BF00BF38460DF0A7FC00BF9FE7000074
:10DBD00044030024F0B587B005460E4617461C46A0
:10DBE00040F29440ADF818000020ADF81A0004206F
:10DBF00006A90222CDE90124CDE90310002001236A
:10DC00003A4631460090284600F00EFF07B0F0BDBE
:10DC10002DE9F04105460E466FF0050700BF30784C
:10DC200000F0F000E02802D03846BDE8F08100BFE7
:10DC300000BF124930680968884202D16FF00500C0
:10DC4000F3E700BF0E48046814E094F8310000F0D8
:10DC5000200070B12DB1286818B160682968884229
:10DC600007D13146204600F00DF807460FB138467F
:10DC7000DBE72468002CE8D13846D6E744030024CB
:10DC8000D402002470B505460E4600BF307800F07F
:10DC9000F000E02802D06FF0050070BD00BF00BFAB
:10DCA0001B4930680968884202D16FF00500F4E72B
:10DCB00000BF00BF95F8310000F0200010B96FF0F0
:10DCC0000500EAE700BF3146284600F0B9F80446EF
:10DCD000D4B1607A98B9207B30B9A86B20B1012209
:10DCE00031462846AB6B984716222146284600F05D
:10DCF00063F90521204600F015FA01206072207BAF
:10DD0000401C20730020C8E74FF0FF30C5E700003B
:10DD1000440300242DE9F04105460E466FF0050747
:10DD200000BF307800F0F000E02802D03846BDE8AF
:10DD3000F08100BF00BF124930680968884202D1F3
:10DD40006FF00500F3E700BF0E48046814E094F894
:10DD5000310000F0200070B12DB1286818B1606862
:10DD60002968884207D13146204600F00DF88046E8
:10DD700007B1474600BF2468002CE8D13846D6E7F3
:10DD800044030024D402002470B505460E4600BFAB
:10DD9000307800F0F000E02802D06FF0050070BD90
:10DDA00000BF00BF1D4930680968884202D16FF08A
:10DDB0000500F4E700BF00BF95F8310000F0200037
:10DDC00010B96FF00500EAE700BF3146284600F0C1
:10DDD00027F80446F4B1207B012816DC21462846AA
:10DDE00000F0C8F8207A20B117222146284600F01A
:10DDF000E3F8A86B20B1002231462846AB6B984768
:10DE000021460B200BF092FA02E0207B401E20738B
:10DE10000020C4E76FF00500C1E7000044030024C0
:10DE200010B502460B46516A06E048681C68A042DD
:10DE300001D1084610BD09680029F6D10020F9E794
:10DE40002DE9F04106460D46776A29463046FFF730
:10DE5000E7FF044614B12046BDE8F0810B200BF02B
:10DE6000E9FA0446002C3BD00DB9002000E02868F8
:10DE7000606000206081607220722073002F18D1D2
:10DE800000BF184928680968884201D1012000E0D4
:10DE90000020002808D100BF13A34FF486721DA1F3
:10DEA00029A0EEF701FE00BF00BF002020607462D1
:10DEB00016E000BF0B4928680968884201D101209B
:10DEC00000E0002040B100BF07A34FF48972284949
:10DED0001DA0EEF7E9FD00BF00BF386820603C6080
:10DEE0002046B9E7440300242E2E5C2E2E5C4D699B
:10DEF00064646C6577617265735C6C7769705C7380
:10DF000072635C636F72655C697076345C69676DBF
:10DF1000702E630069676D705F6C6F6F6B75705FFB
:10DF200067726F75703A2066697273742067726FDA
:10DF30007570206D75737420626520616C6C7379E7
:10DF40007374656D73000000417373657274696F5B
:10DF50006E2022257322206661696C6564206174DD
:10DF6000206C696E6520256420696E2025730A0087
:10DF70000859060810B503460A460020596A06E00B
:10DF80000C68944202D114680C6002E00968002910
:10DF9000F6D100BF09B96FF00F0010BD70B505468E
:10DFA0006C6A04B1246804E005212046FFF77FFD78
:10DFB0002468002CF8D170BD2DE9F84380460E4648
:10DFC000154600270024234800680090A1464FF41E
:10DFD0002072082136200CF0C7FE0746002F36D0ED
:10DFE0007C6800BF7889082808D200BF1AA340F2D5
:10DFF000023224A132A0EEF757FD00BF00BFD8F8CF
:10E0000004000090162D06D106F1040970686060C6
:10E010000120307205E0172D03D1DFF8CC90706835
:10E020006060162D01D0172D0ED125700020607074
:10E0300060800821204600F0F9F9608043464A4696
:10E0400069463846FFF7C6FD38460DF065FABDE86B
:10E05000F8830000ACFC05082E2E5C2E2E5C4D696A
:10E0600064646C6577617265735C6C7769705C730E
:10E0700072635C636F72655C697076345C69676D4E
:10E08000702E630069676D705F73656E643A20631C
:10E090006865636B207468617420666972737420AC
:10E0A000706275662063616E20686F6C64207374A3
:10E0B000727563742069676D705F6D73670000002F
:10E0C000417373657274696F6E2022257322206616
:10E0D00061696C6564206174206C696E65202564DB
:10E0E00020696E2025730A004803002470B5054698
:10E0F0000B492846FFF7A4FE04466CB1022060726B
:10E10000207B401C2073A86B20B1012204492846C3
:10E11000AB6B9847002070BD4FF0FF30FBE700006D
:10E120004403002470B504460D46022D06DDE2F7D7
:10E130008FF9B0FBF5F105FB110000E001206081D3
:10E14000608908B90120608170BD000070B5054686
:10E150000C46607A01280BD106496068096888423C
:10E1600006D002206072162221462846FFF724FFBF
:10E1700070BD00004403002470B50C48056811E030
:10E180006C6A0CE06089002808DD6089401E6081AF
:10E19000608918B921462846FFF7D8FF2468002C6B
:10E1A000F0D12D68002DEBD170BD0000D402002409
:10E1B00010B500BF00224FF400711148E7F726FBAD
:10E1C00000BF00F029F800BF012291020C48E7F7D8
:10E1D0001DFB00BF00F020F800BF00224FF480615B
:10E1E0000748E7F713FB00BF00F016F800BF012255
:10E1F00051020348E7F70AFB00BF00F00DF810BD1D
:10E200000010025810B50520F7F704FD10BD10B539
:10E210000520F7F7FFFC10BD10B50520F7F7FAFC55
:10E2200010BD000010B500BF012251020C48E7F7F5
:10E23000EDFA00BFFFF7F0FF00BF0122910208488E
:10E24000E7F7E4FA00BFFFF7E7FF00BF00224FF453
:10E2500080610348E7F7DAFA00BFFFF7DDFF10BD82
:10E260000010025870B50546002400261EE0600626
:10E27000040E00BF012291021148E7F7C7FA00BF60
:10E28000FFF7CAFF4FF400710D48E7F7ADFA08B188
:10E29000601CC4B200BF00224FF480610848E7F759
:10E2A000B5FA00BFFFF7B8FF701CC6B2082EDEDB60
:10E2B00015B9FFF7B7FF01E0FFF77AFF204670BD01
:10E2C0000010025870B50446002526E000BFE009A2
:10E2D00028B1012251021648E7F798FA05E000221A
:10E2E0004FF400711248E7F791FA00BFFFF794FF6F
:10E2F00000BF012291020E48E7F788FA00BFFFF73E
:10E300008BFF00BF00224FF480610948E7F77EFAD7
:10E3100000BF6006040E681CC5B2082DD6DB00BF26
:10E32000012251020248E7F771FA00BF70BD0000F8
:10E330000010025810B500BF012251021048E7F743
:10E3400065FA00BF00BF012291020D48E7F75EFAAF
:10E3500000BFFFF761FF00BF00224FF400710848C3
:10E36000E7F754FA00BFFFF757FF00BF00224FF452
:10E3700080610348E7F74AFA00BFFFF74DFF10BD81
:10E380000010025810B500BF00224FF400710C4875
:10E39000E7F73CFA00BFFFF73FFF00BF0122910201
:10E3A0000748E7F733FA00BFFFF736FF00BF012247
:10E3B00051020348E7F72AFA00BFFFF72DFF10BD0F
:10E3C0000010025870B50024002500BF0122510240
:10E3D0001548E7F71BFA00BFFFF71EFF00BF012239
:10E3E00091021148E7F712FA00BFFFF715FF07E0A7
:10E3F000601CC4B2FA2C03DDFFF7C4FF012506E060
:10E400004FF400710848E7F7EFF90028F0D100BF9A
:10E4100000BF00224FF480610348E7F7F7F900BF1F
:10E42000FFF7FAFE284670BD0010025830B50446CA
:10E430000D46294620460AF081F9C04380B230BD1E
:10E44000F0B5064600270024354619E0698968685A
:10E450000AF074F90444A0B200EB1444688900EB9C
:10E46000D0714910A0EB410149B10FB9012000E082
:10E4700000200746E0B2C4F3072141EA00242D68DA
:10E48000002DE3D127B1E0B2C4F3072141EA002413
:10E49000E04380B2F0BD00002DE9F0410B3020F0E8
:10E4A0000706104D19E02068B04215D3B0420AD9D2
:10E4B000871B201DD4F80480E1F7DCFFA019C0E918
:10E4C0000078286004E060682860201DE1F7D2FF32
:10E4D000201D2660BDE8F081251D2C68002CE2D1AE
:10E4E0000020F7E73805002418B502460092D04313
:10E4F00000B10AB9012018BD91F8310000F0020006
:10E5000008B90020F7E74868904201D10020F2E7FF
:10E5100000988B681840D1E901342340984208D113
:10E52000886822EA00008C68E343984201D1012008
:10E53000E1E70020DFE700002DE9F74F8CB004464B
:10E540000F464FF00008398DA1F11400C11700EB00
:10E550005171C1F3CF0A1420059060680990DDF86D
:10E56000249099F8000000F00F001421B1EB800F07
:10E5700004D06FF005000FB0BDE8F08F00BF6089D8
:10E58000142802DA6FF00500F5E700BFB9F80600BD
:10E5900007F09FFC04900498C0F30C0007900498C7
:10E5A00000F400500390208914381FFA80FBBDE06E
:10E5B0004FF6FF7000EACA00584501DD584603E0F7
:10E5C0004FF6FF7000EACA0008904FF42072142141
:10E5D0000E200CF0C9FB054605B9ADE000BF688907
:10E5E000142808DA00BF56A34FF4497260A168A04E
:10E5F000EEF75AFA00BF00BF142268680999E1F7E4
:10E6000039FFD5F8049008980A9054E0618905987C
:10E61000081A80B2029000BF61890598814208DA29
:10E6200000BF47A340F22D3263A159A0EEF73CFA98
:10E6300000BF00BF02990A98884201DA0A9800E0F8
:10E6400002988046B8F1000F03D10020059024689D
:10E6500031E000F04FFE06461EB928460CF05CFF84
:10E660006AE0616805980844334641224146CDE995
:10E67000000800200CF01CFD0B900B9830B93046C0
:10E6800000F03EFE28460CF047FF55E020460DF016
:10E6900027F974614C48306128460B990CF032FD23
:10E6A0000A98A0EB080080B20A900A9810B10020E6
:10E6B0000590246800BF0A980028A7D10598404417
:10E6C00080B20590388D1438584501DB012000E0F8
:10E6D000002006900798C0F30C000490069808B13B
:10E6E000039818B1049840F400500490049807F07F
:10E6F000F0FBA9F806000899143188B207F0E9FB8D
:10E70000A9F802000020A9F80A007B6929463846CA
:10E710000E9A984728460CF0FFFE0898ABEB0000D5
:10E720001FFA80FB0798504480B20790BBF1000F9E
:10E730007FF43EAF00201EE74FF0FF301BE70000E4
:10E740002E2E5C2E2E5C4D6964646C65776172655B
:10E75000735C6C7769705C7372635C636F72655C29
:10E76000697076345C6970345F667261672E63002D
:10E7700074686973206E65656473206120706275CA
:10E780006620696E206F6E65207069656365210083
:10E79000417373657274696F6E202225732220663F
:10E7A00061696C6564206174206C696E6520256404
:10E7B00020696E2025730A00702D3E6C656E203E28
:10E7C0003D20706F6666000035FA03082DE9F84FAA
:10E7D00006460F464FF0010B756828780421B1EB0F
:10E7E000201F05D030460CF097FE0020BDE8F88FC2
:10E7F000287800074FEA9068688807F06AFB81462E
:10E800003189494503DD494630460CF0BBFF70892C
:10E81000404505DB3089484502DBB8F1140F04DAC6
:10E8200030460CF079FE0020E0E728696149486134
:10E83000E86808610846007D00F0F000E0281CD17F
:10E8400097F8310000F02000A8B114313846FFF7E6
:10E85000E7FA80B1584800905648406900998842CC
:10E8600007D15448103010B11038006908B94FF082
:10E87000000B3C461CE000241AE0384600F0A0F8EB
:10E8800008B13C4614E000244A48007D7F280FD0A0
:10E890004A48046809E0BC4200D105E0204600F087
:10E8A0008FF800B103E000BF2468002CF3D100BF53
:10E8B000BBF1000F10D03F4908693946FFF714FE3D
:10E8C00028B93C48007C00F0F000E02804D1304634
:10E8D0000CF022FE002089E724B930460CF01CFE23
:10E8E000002083E7E8884FF63F71084038B1304692
:10E8F00000F0CAF906460EB9002077E775682D4882
:10E9000004604760856028780007800E2949888167
:10E91000394630460FF0CCFC8246BAF1010F3FD0A9
:10E92000414630460DF02CF8687A01280FD00228B5
:10E9300012D0062806D0112815D1394630461DF0D0
:10E94000F7FD2CE03946304618F074F927E03946D7
:10E950003046FEF7B7FE22E0164A143239463046FA
:10E96000FFF7CAF81BE0BAF1020F14D01149486949
:10E970002146FFF7B9FD70B90E48007D00F0F000A8
:10E98000E02808D00FFA88F130460CF0BDFE0221D5
:10E990003046FEF78DFE30460CF0BEFD00BF00BFD6
:10E9A00000200449086048608860888108614861E7
:10E9B00000BF1BE770E90224E0000001D40200243C
:10E9C00010B5044694F8310000F0010070B16068A1
:10E9D00060B1074840696168884205D004494869C8
:10E9E0002146FFF781FD08B1012010BD0020FCE7A2
:10E9F00070E902242DE9F04786B004460D4616461C
:10EA00001F46DDE90F9ADDF838800020CDE902A02D
:10EA10003B4632462946CDE900890490204600F065
:10EA200003F806B0BDE8F0872DE9F04F87B0074640
:10EA30000C4615469846DDE913ABDDF84090129E72
:10EA4000069425B10CB1206808B9301D06901198C4
:10EA500043462A4601A9A1E8410CCDF8009038466A
:10EA6000069900F003F807B0BDE8F08F2DE9FF4FDD
:10EA700081B005468A469346109F129E00BFA87B30
:10EA8000012808D000BF4DA34FF4557256A159A0DC
:10EA9000EEF70AF800BF00BFBBF1000F71D04FF0D6
:10EAA00014084FF0000926B3282E04DD6FF005008E
:10EAB00005B0BDE8F08FF01C20F003001FFA80F9CC
:10EAC00008EB09001FFA80F8494628460CF0D2F8F6
:10EAD00010B16FF00100EBE7324668681199E1F779
:10EAE000C9FC4E4505DAA9EB06016A689019E1F701
:10EAF000E9FC142128460CF0BDF810B16FF00100BC
:10EB0000D6E76C6800BF6889142808D200BF2BA321
:10EB10004FF4627241A137A0EDF7C6FF00BF00BFFE
:10EB2000049820720F986072DBF800002061404664
:10EB30004FEAE87108EB9171C1F3870141F04001A0
:10EB400021700E986070288907F0C3F9608000205A
:10EB5000E0803E48008807F0BCF9A0803B48008870
:10EB6000401C3A490880BAF1000F03D138480068C8
:10EB7000E06002E0DAF80000E060002060810AE076
:10EB8000FFE76889142802DA6FF0010090E76C68EB
:10EB900020690090EB46388D48B12889398D88422C
:10EBA00005DD5A4639462846FFF7C6FC80E75A4637
:10EBB000294638467B6998477AE700002E2E5C2E5E
:10EBC0002E5C4D6964646C6577617265735C6C770B
:10EBD00069705C7372635C636F72655C69707634D4
:10EBE0005C6970342E630000702D3E726566203DB6
:10EBF0003D203100417373657274696F6E20222568
:10EC00007322206661696C6564206174206C696E92
:10EC10006520256420696E2025730A00636865639A
:10EC20006B207468617420666972737420706275F9
:10EC3000662063616E20686F6C6420737472756304
:10EC4000742069705F686472000000004C03002447
:10EC5000ACFC05082DE9F04786B004460D46164683
:10EC60001F46DDE90F9ADDF838800020CDE902A0CB
:10EC70003B4632462946CDE9008904902046FFF7FD
:10EC8000F5FE06B0BDE8F0872DE9F14F84B0049899
:10EC90004568287800F00F001421B1EB800F00D0F8
:10ECA00011E1E88807F015F9C0F30C004FF6FF7189
:10ECB00001EAC00A688807F00CF9074628780007BF
:10ECC000810E02910299B94200DDFCE00298381AE7
:10ECD00087B204980CF09FFA06467D48018888198F
:10ECE0000A280ADD3146284600F03AFE20B178486D
:10ECF000008830440A2800DDE5E07648046811E029
:10ED00006069E968884209D1A0692969884205D10A
:10ED1000A089A988884201D1012000E0002000B12B
:10ED200002E02468002CEBD100BF34B931462846FC
:10ED300000F002FD044694B9C5E0E88807F0C9F880
:10ED4000C0F30C0058B9E08907F0C3F8C0F30C0019
:10ED500028B11422294604F10800E1F78BFBE8886A
:10ED6000012121EA50100190019850B10AEB0701EE
:10ED700088B2504503DB4FF6EB71884200DD80E03E
:10ED800000BF2046019A049900F000FB83460BF176
:10ED9000010000B975E04E48008830444C490880B5
:10EDA000019840B10AEB070188B2A083A17F41F02E
:10EDB0000101A17700BFBBF1010F60D1A08B14301E
:10EDC00080B2009060684068D0F800906068456844
:10EDD000142204F108012846E1F74CFB009807F0E3
:10EDE00078F868800020E8806881606804900DE011
:10EDF000D9F804000390142148460CF0C1FD49469F
:10EE000004980CF07FF90398D0F80090B9F1000F46
:10EE1000EED130480068844202D14FF000080EE085
:10EE20002C48D0F8008006E0D8F80000A04200D1BD
:10EE300004E0D8F80080B8F1000FF5D100BF4146DA
:10EE4000204600F01DFC04980CF0E5F9064600BFD2
:10EE50001F480088B04208DA00BF1FA340F29B227F
:10EE600029A130A0EDF720FE00BF00BF18480088A0
:10EE7000801B17490880049805B0BDE8F08F00207A
:10EE8000FAE700BF44B900BF13A34FF42A722FA1C1
:10EE900024A0EDF709FE00BF00BF606890B900BF75
:10EEA0000C480068844208D000BF0BA340F2AB229C
:10EEB00029A11CA0EDF7F8FD00BF00BF00212046EE
:10EEC00000F0DEFB00BF04980CF026FB0020D3E727
:10EED00058030024540300242E2E5C2E2E5C4D6912
:10EEE00064646C6577617265735C6C7769705C7380
:10EEF00072635C636F72655C697076345C697034F0
:10EF00005F667261672E630069705F72656173731B
:10EF10005F70627566636F756E74203E3D20636C32
:10EF2000656E0000417373657274696F6E202225EF
:10EF30007322206661696C6564206174206C696E5F
:10EF40006520256420696E2025730A00697072208F
:10EF5000213D204E554C4C006E6F742066697273D3
:10EF600074616C74686F756768206A757374206566
:10EF70006E7175657565640010B50246107800F015
:10EF8000F000E02805D12548006810B1234800684A
:10EF900010BD2348016821E091F8310000F0010024
:10EFA000D8B191F83100C0F38000B0B14868A0B189
:10EFB00010688B681840D1E901342340984201D190
:10EFC0000846E5E791F8310000F0020028B9106822
:10EFD000CB68984201D10846DAE709680029DBD1FD
:10EFE00010480068A0B10F48006890F8310000F0A8
:10EFF000010068B10B48006890F83100C0F3800050
:10F0000030B108480068406810B110787F2801D1FD
:10F010000020BDE703480068BAE700005003002461
:10F02000D4020024D80200242DE9FF470646884672
:10F030006F46347800BFE1F7F7F90068005D2028DB
:10F0400003D0002004B0BDE8F08700254FF00A0986
:10F05000302C0ED1701C06460478782C01D0582C28
:10F0600005D14FF01009701C0646047801E04FF0FE
:10F07000080900BFE1F7D8F90068005D20280FD12A
:10F08000B9F1080F04D1A4F13000082800D328E01A
:10F09000A4F1300005FB0905701C06460478E9E779
:10F0A000B9F1100F1CD1E1F7BFF9006810F804A006
:10F0B0008AEA8A0000F0800090B1E1F7B5F90068B3
:10F0C000005D00F0080008B1612100E0412104F179
:10F0D0000A00401A40EA0515701C06460478C9E784
:10F0E00000BF00BF2E2C09D103A8874201D3002006
:10F0F000A8E720C7701C064604789CE700BF00BF45
:10F1000044B1E1F791F90068005D00F0010008B931
:10F11000002097E76846381A012101EBA000052876
:10F1200042D2DFE800F0030506142800002089E73A
:10F1300045E0B5F1807F01D3002083E70098FF28E8
:10F1400001D900207EE7009845EA006537E0B5F573
:10F15000803F01D3002075E70098FF2802D801986E
:10F16000FF2801D900206DE700980006019940EAC8
:10F170000140054323E0FF2D01D9002062E70098FC
:10F18000FF2805D80198FF2802D80298FF2801D946
:10F19000002057E700980006019940EA01400299D3
:10F1A00040EA012005430AE000BF00BF09A3FB229B
:10F1B00014A117A0EDF778FC00BF00BF00BF00BF8F
:10F1C000B8F1000F04D0284606F076FEC8F800001B
:10F1D000012037E72E2E5C2E2E5C4D6964646C6531
:10F1E00077617265735C6C7769705C7372635C6382
:10F1F0006F72655C697076345C6970345F616464F9
:10F20000722E6300756E68616E646C656400000048
:10F21000417373657274696F6E20222573222066B4
:10F2200061696C6564206174206C696E6520256479
:10F2300020696E2025730A0010B504461022024989
:10F24000204600F003F810BD80C403242DE9FC47DC
:10F2500006460B4614464FF0000C306801901946E4
:10F2600001AA00273CE0002500BF10784FF00A09F2
:10F2700090FBF9FA09FB1A0000F0FF08107890FBE8
:10F28000F9F0107008F1300000F0FF0A284605F18F
:10F29000010909F0FF050DF800A010780028E4D15D
:10F2A0000BE060460CF1010CA04202DB0020BDE83F
:10F2B000FC871DF8050001F8010B281EA5F10109C6
:10F2C00009F0FF05EDD160460CF1010CA04201DB15
:10F2D0000020ECE72E2001F8010B521C781CC7B26D
:10F2E000042FC0DB4FF00009481E014680F8009053
:10F2F0001846DCE710B506200AF09CF810BD0000A7
:10F3000010B5044600BF44B900BF07A34FF43172E3
:10F3100011A114A0EDF7C8FB00BF00BF21460620D5
:10F320000AF004F810BD00002E2E5C2E2E5C4D69F4
:10F3300064646C6577617265735C6C7769705C732B
:10F3400072635C636F72655C697076345C6970349B
:10F350005F667261672E63007020213D204E554C20
:10F360004C000000417373657274696F6E20222532
:10F370007322206661696C6564206174206C696E1B
:10F380006520256420696E2025730A002DE9F74F5A
:10F3900084B006468846002501200190D8F8040074
:10F3A00002900299488806F094FD834602980078FE
:10F3B0000007800E03900398584503DD681E07B0D0
:10F3C000BDE8F08F0398ABEB00001FFA80FB0299B9
:10F3D000C88806F07EFDC0F30C004FF6FF7101EA0D
:10F3E000C00A00BF00BFD8F8044000202060A4F885
:10F3F00004A00AEB0B00E080E088504502DA4FF0F1
:10F40000FF30DCE7D6F804903EE0D9F80470A0881D
:10F41000B988884220DAC4F800909DB1A088E988B4
:10F42000884203DBE088B988884202DD4FF0FF3074
:10F43000C5E7C5F80080E888A18888420BD0002085
:10F44000019008E0E088B988884202DD4FF0FF3083
:10F45000B5E7C6F804801AE0A088B988884202D1CE
:10F460004FF0FF30ABE7A088F988884202DA4FF00E
:10F47000FF30A4E72DB1E888B988884201D0002088
:10F480000190D7F800903D46B9F1000FBDD100BF03
:10F49000B9F1000F27D1BDB100BFE888A18888422B
:10F4A00008DD00BF3DA34FF4DB7248A14FA0EDF78C
:10F4B000FBFA00BF00BFC5F80080E888A188884239
:10F4C00011D0002001900EE000BF706840B100BF75
:10F4D00032A34FF4DF724FA144A0EDF7E5FA00BF6D
:10F4E00000BFC6F80480069820B9B07F00F0010084
:10F4F000002851D00198002848D0706818B1706871
:10F500004068808810B1002001903FE02546D4F883
:10F5100000900BE0D9F80440E888A188884202D026
:10F520000020019005E02546D4F80090B9F1000FC5
:10F53000F0D100BF0198002828D000BF706840B902
:10F5400000BF16A340F2DF1240A128A0EDF7ACFAED
:10F5500000BF00BF00BF70684068A04208D100BF74
:10F560000EA34FF4F07239A120A0EDF79DFA00BF71
:10F5700000BF00BF206840B100BF08A34FF4F17284
:10F5800036A11AA0EDF790FA00BF00BF019808B1AC
:10F59000012014E7002012E7002010E72E2E5C2E39
:10F5A0002E5C4D6964646C6577617265735C6C7721
:10F5B00069705C7372635C636F72655C69707634EA
:10F5C0005C6970345F667261672E630063686563AF
:10F5D0006B20667261676D656E747320646F6E2751
:10F5E00074206F7665726C61700000004173736502
:10F5F0007274696F6E2022257322206661696C65C2
:10F6000064206174206C696E6520256420696E2019
:10F6100025730A006E6F2070726576696F757320AE
:10F62000667261676D656E742C2074686973206DF5
:10F6300075737420626520746865206669727374DE
:10F6400020667261676D656E7421000073616E697A
:10F65000747920636865636B0000000076616C69F3
:10F66000646174655F646174616772616D3A6E654F
:10F6700078745F70627566213D4E554C4C000000F9
:10F6800070B504460D460E480068A04203D10C49EF
:10F69000206808600EE000BF002D08D100BF09A35C
:10F6A00040F2451213A11AA0EDF7FEF900BF00BF0A
:10F6B000206828602146052009F038FE70BD000052
:10F6C000540300242E2E5C2E2E5C4D6964646C6500
:10F6D00077617265735C6C7769705C7372635C638D
:10F6E0006F72655C697076345C6970345F667261F4
:10F6F000672E630073616E69747920636865636B5C
:10F70000206C696E6B6564206C6973740000000086
:10F71000417373657274696F6E20222573222066AF
:10F7200061696C6564206174206C696E6520256474
:10F7300020696E2025730A0070B505460E46052027
:10F7400009F078FE044664B93146284600F008F90D
:10F75000B04203DB052009F06DFE04460CB9002021
:10F7600070BD20212046E0F7ADFE0F20E07706486F
:10F7700000682060044804601422294604F108004F
:10F78000E0F778FE2046EBE7540300242DE9F0472C
:10F7900004468846002500BFA04507D100BF40A30E
:10F7A000AB224BA14DA0EDF77FF900BF00BFB8F130
:10F7B000000F0DD000BFD8F80000A04207D000BF56
:10F7C00037A3AD224FA145A0EDF76EF900BF00BFF2
:10F7D0006068D0F80490B9F80400002824D1676864
:10F7E000D9F800006060142204F108017868E0F79D
:10F7F00041FE01213846FEF751F938460BF00BFD6A
:10F80000064600BFA819B0F5803F07DB00BF24A360
:10F81000BC2241A131A0EDF747F900BF00BFA819F4
:10F8200085B238460BF078FE67681CE0D7F8049084
:10F83000BA46D9F8007050460BF0EDFC064600BF02
:10F84000A819B0F5803F07DB00BF15A3CC2232A179
:10F8500022A0EDF729F900BF00BFA81985B25046D4
:10F860000BF05AFE00BF002FE0D141462046FFF7C3
:10F8700007FF00BF30480088A84207DA00BF08A38E
:10F88000D2222EA115A0EDF70FF900BF00BF2A4824
:10F890000088401B284908802846BDE8F087000002
:10F8A0002E2E5C2E2E5C4D6964646C6577617265EA
:10F8B000735C6C7769705C7372635C636F72655CB8
:10F8C000697076345C6970345F667261672E6300BC
:10F8D0007072657620213D206970720041737365F6
:10F8E0007274696F6E2022257322206661696C65CF
:10F8F00064206174206C696E6520256420696E2027
:10F9000025730A00707265762D3E6E657874203D11
:10F910003D2069707200000070627566735F6672E8
:10F92000656564202B20636C656E203C3D2030783B
:10F9300066666666000000005803002469705F7206
:10F94000656173735F70627566636F756E74203E78
:10F950003D2070627566735F6672656564000000C5
:10F960002DE9F84F05468946002700BF0026B2461C
:10F970000020009083461B48046821E06069E96824
:10F98000884207D1A0692969884203D1A089A98842
:10F99000884201D0012000E0002068B10BF1010B8A
:10F9A0001EB92646CDF800A006E0E07FF17F884230
:10F9B00002DC2646CDF800A0206800B1A2462468EB
:10F9C000002CDBD12EB130460099FFF7DFFE8046D8
:10F9D00047444F4502DABBF1010FC7DC3846BDE8AA
:10F9E000F88F00005403002470B500250A4804680D
:10F9F0000FE0E07F002805DDE07F401EE077254630
:10FA0000246806E02646246829463046FFF7BEFEF5
:10FA100000BF002CEDD170BD5403002438B504465E
:10FA200069462046FFF700FB08B1009838BD4FF04B
:10FA3000FF30FBE770B505462C4600BF44B900BF58
:10FA40000FA340F2CE221AA11CA0EDF72DF800BFA3
:10FA500000BF00BFAC4208D000BF09A340F2CF22D4
:10FA600020A116A0EDF720F800BF00BF606910B11B
:10FA700060690BF051FD2046FFF742FC70BD0000AD
:10FA80002E2E5C2E2E5C4D6964646C657761726508
:10FA9000735C6C7769705C7372635C636F72655CD6
:10FAA000697076345C6970345F667261672E6300DA
:10FAB00070637220213D204E554C4C00417373659C
:10FAC0007274696F6E2022257322206661696C65ED
:10FAD00064206174206C696E6520256420696E2045
:10FAE00025730A00706372203D3D20700000000005
:10FAF0007047704710B52DED108B84B004469FED14
:10FB00006E0AF0EE40EA9FED6C0AB0EE40FAB7EEF6
:10FB1000000AF0EE40FAB7EE000A8DED030A9FED01
:10FB2000670BB0EE40CB9FED650BB0EE408B9FEDC9
:10FB3000630BB0EE40BB634A21681268881A002844
:10FB400001DB014600E041421E2905DB20680090F0
:10FB50005C492068086002E05A4800680090594AF1
:10FB600061685268881A002801DB014600E04142C2
:10FB70001E2905DB6068019052496068486002E018
:10FB80005048406801904F4AA1689268881A00283E
:10FB900001DB014600E041421E2905DBA06802901E
:10FBA0004849A068886002E0464880680290009852
:10FBB0004043019901FB0100029901FB010000EEA5
:10FBC000100AB8EEC00BB0EE40CBB0EE4C0BEDF728
:10FBD0006BF9B7EEC00BB7EEC00AB0EE408BB5EED6
:10FBE000C08BF1EE10FA03D19FED370BB0EE408BD6
:10FBF0009DED000AB8EEC00B80EE081BB7EEC19B6E
:10FC00009DED010AB8EEC00B80EE081BF7EEC19B1C
:10FC10009DED020AB8EEC00B80EE081BB7EEC1AB3B
:10FC200029EE2E0A09EE8F0A0AEE2F0AF0EE40AAFC
:10FC300029EE091AB7EEC12A29EEA91AB7EEC11AA0
:10FC400032EE012B2AEE0A1AB7EEC11A32EE011B70
:10FC5000B0EE410BEDF728F9B7EEC00BB7EEC00AD6
:10FC6000B0EE40BBB5EEC0BBF1EE10FA03D19FED94
:10FC7000160BB0EE40BB9DED030AB7EEC00A2BEEAB
:10FC8000000BB7EEEA1A81EE002BB0EE42DBB0EECD
:10FC90004D0BECF7E1FF9FED0E1B20EE010B9FEDEE
:10FCA0000E1B80EE012BB7EEC2EBB0EE4E0A04B095
:10FCB000BDEC108B10BD0000000000000000000033
:10FCC000000000008C1500248DEDB5A0F7C6B03EF5
:10FCD00000000000008066401F85EB51B81E0940FF
:10FCE00070B505460C4625B1012D16D0022D3CD12C
:10FCF00027E01F4884703CB1012C0BD10022402129
:10FD00001C48E5F783FD06E0012240211948E5F78C
:10FD10007DFD00E000BF00BF28E0154804703CB145
:10FD2000012C0BD1002210211248E5F76FFD06E0EF
:10FD3000012210210F48E5F769FD00E000BF00BF78
:10FD400014E00B4844703CB1012C0BD1002220215F
:10FD50000848E5F75BFD06E0012220210548E5F7AC
:10FD600055FD00E000BF00BF00E000BF00BF70BD58
:10FD7000CC0100240010025810B520480088401C17
:10FD80001E49088008460088B0F5FA7F19DD00207A
:10FD900008801B480078022803D110211948E5F794
:10FDA0002BFD17484078022803D120211548E5F79C
:10FDB00023FD13488078022803D140211148E5F73C
:10FDC0001BFD11480088401C0F4908800846008828
:10FDD000C82811DD0020088009480078032803D1D5
:10FDE00010210848E5F708FD05484078032803D1AD
:10FDF00020210448E5F700FD10BD0000D2010024D9
:10FE0000CC01002400100258D40100240246B2FBA9
:10FE1000F1F001FB1020101A704770B504460D4632
:10FE20006119481E2946FFF7F1FF70BDF8B5044679
:10FE30000E4670E035E0E16DE06D401CE065206E3F
:10FE4000401E20664A09606E50F8220001F01F0330
:10FE500001229A40104018BB606D0844A26E126ADD
:10FE6000B0FBF2F302FB1300306005E0E06D401CD4
:10FE7000E065206E401E2066D4E9160282420DD055
:10FE8000E06D4009626E52F820005C22125D02F0C3
:10FE90001F0301229A4010400028E7D10020F8BD3E
:10FEA00000BFD4E916018142C5D1206E68B91AA0FD
:10FEB0000090616DE06D431840F2472217A120A029
:10FEC000ECF7F2FD6FF01B00E9E7D4E915100844E8
:10FED000A16E096AB0FBF1F201FB12006065A26E2F
:10FEE000216ED26AD00004F07DFDA0650021E1659D
:10FEF000A26ED16A606EE0F7E5FA012322461A4944
:10FF0000204604F0A5F9054625B1204600F032F858
:10FF10002846C4E700BF8DE7000000002E2E5C2EAF
:10FF20002E5C4D6964646C6577617265735C6C69A5
:10FF300074746C6566735C6C66732E6300000000FD
:10FF400025733A25643A6572726F723A204E6F20BB
:10FF50006D6F7265206672656520737061636520E0
:10FF6000257525730A00000087FF0308816E0A6A61
:10FF70000266704710B504460021A165E165204680
:10FF8000FFF7F4FF10BD70B502460C461146486DF0
:10FF9000201A8D6E2D6A28448D6E2D6AB0FBF5F601
:10FFA00005FB1603886D98420CD95D09486E50F820
:10FFB000250003F01F060125B54028435E094D6E5C
:10FFC00045F82600002070BD2DE9FF4F87B081461F
:10FFD0001F46DDF850A0DDF85C80DDF858B0002643
:10FFE000002427E0A8EB0400082104F0FBFC0646EF
:10FFF00005A9159820443B1BCDE900A0CDE90216C8
:020000040804EE
:100000004846DDE9081200F0B5F905461DB128465D
:100010000BB0BDE8F08F0BEB0401324605A8E0F70A
:10002000A5FA05462DB1002D01DA0120F0E70220E6
:10003000EEE734444445D5D30020E9E770B50446E3
:100040000E46A06E006AB04200D904E0FF220AA169
:1000500012A0ECF781FDA06E3146C26890470546BC
:10006000002D00DC05E040F2011203A113A0ECF723
:1000700073FD284670BD00002E2E5C2E2E5C4D694F
:1000800064646C6577617265735C6C6974746C65CB
:1000900066735C6C66732E6300000000626C6F63B5
:1000A0006B203C206C66732D3E6366672D3E626C50
:1000B0006F636B5F636F756E740000006572722012
:1000C0003C3D2030000000002DE9FF4705460C466E
:1000D000904699462068401C002850D02068801C1B
:1000E00000284CD02068A96E096A884200D204E03A
:1000F0009E2224A12CA0ECF72FFDAA6E9169A06886
:10010000FFF78BFE06460096E368D4E90012A86E5E
:10011000D0F808C0E0470746002F00DC04E0A22228
:1001200018A12BA0ECF718FD1FB1384604B0BDE8AC
:10013000F087B9F1000F1DD04146284600F05AFA69
:10014000D4E90002E1683346CDE90216CDE90002A8
:10015000424600212846FFF737FF8246BAF1000FDA
:1001600001DA5046E2E7BAF1000F02D06FF0530017
:10017000DCE700BF2146284600F040FA00BF00201F
:10018000D4E700002E2E5C2E2E5C4D6964646C65F5
:1001900077617265735C6C6974746C6566735C6CB2
:1001A00066732E63000000007063616368652D3E16
:1001B000626C6F636B203C206C66732D3E636667D8
:1001C0002D3E626C6F636B5F636F756E7400000031
:1001D000657272203C3D2030000000002DE9FF5F79
:1001E00006460C46DDF84480DDE90E75DDF840A0DA
:1001F000B81C18B1B06E006AB84200D904E0D3222E
:1002000032A13BA0ECF7A8FC05EB0800B16EC96970
:10021000884200D804E0D4222CA144A0ECF79CFC36
:100220004EE02068B84238D16068A84235D860688E
:10023000B16E896A0844A8422FD9B06E806A62689C
:10024000AA1A811A404604F0CDFB81466268AA1AB8
:10025000E16888184A465146E0F70CF9CA444D4413
:10026000A8EB09086268A91AA06804F0B4FBA060B2
:10027000A068B16E896A88420ED121463046DDE918
:100280000223FFF721FF8346BBF1000F03D058463E
:1002900004B0BDE8F09F00BF12E02068401C00B928
:1002A00004E0F12209A12AA0ECF756FC2760B06E09
:1002B00081692846FFF7AAFD60600020A06000BFAA
:1002C000B8F1000FADD10020E2E700002E2E5C2E29
:1002D0002E5C4D6964646C6577617265735C6C69F2
:1002E00074746C6566735C6C66732E63000000004A
:1002F000626C6F636B203D3D2028286C66735F62E3
:100300006C6F636B5F74292D3229207C7C20626CBA
:100310006F636B203C206C66732D3E6366672D3ED9
:10032000626C6F636B5F636F756E74006F666620DF
:100330002B2073697A65203C3D206C66732D3E63EB
:1003400066672D3E626C6F636B5F73697A65000050
:100350007063616368652D3E626C6F636B203D3D29
:100360002028286C66735F626C6F636B5F74292D45
:10037000312900002DE9FF4F83B006468846144618
:10038000DDE910A5DDF84C90DDF848B0B06E006AEC
:10039000504505D905EB0900B16EC969884204D9F9
:1003A0006FF0530007B0BDE8F08FB9E04F46B8F1E9
:1003B000000F2AD0D8F80000504526D1D8E9010115
:1003C0000844A84221D9D8F80400A84216D8D8E990
:1003D0000120AA1A811A384604F004FB0746D8F80F
:1003E0000420AA1AD8F80C0081183A465846E0F7BB
:1003F00041F8BB443D44A9EB070991E0D8F804005B
:10040000411B384604F0EEFA07462068504522D1D9
:10041000D4E901010844A8421DD96068A84214D853
:10042000D4E90120AA1A811A384604F0DBFA0746FB
:100430006268AA1AE06881183A465846E0F71AF846
:10044000BB443D44A9EB07096AE06068411B38469C
:1004500004F0C8FA07460698814522D3B06E406979
:10046000B5FBF0F100FB1150D8B9B06E40694845BA
:1004700017D8B06E41693846FFF7C8FC07460097A9
:10048000B06E5B462A465146D0F804C0E047019062
:10049000019808B1019885E7BB443D44A9EB0709E1
:1004A0003EE0B06E006A504500D904E06B221FA107
:1004B00027A0ECF751FBC4F800A0B06E41692846B4
:1004C000FFF7A4FC6060B26E5169069AA818FFF7A6
:1004D000A4FC0090B06EC169009804F083FA6168D2
:1004E000401A0190B06E816A019804F07BFAA06016
:1004F000A0680090E368D4E90012B06ED0F804C0A0
:10050000E04702900298002800DC04E0762207A170
:1005100017A0ECF721FB029808B1029842E700BF50
:10052000B9F1000F7FF442AF00203BE72E2E5C2E86
:100530002E5C4D6964646C6577617265735C6C698F
:1005400074746C6566735C6C66732E6300000000E7
:10055000626C6F636B203C206C66732D3E63666734
:100560002D3E626C6F636B5F636F756E740000008D
:10057000657272203C3D2030000000002DE9F04102
:1005800004460F46164698463146204600F032F89B
:100590004346324639462046FFF796FD054615B1DB
:1005A0002846BDE8F081A06E016988470546002D08
:1005B00000DC04E0C82203A10BA0ECF7CDFA28462A
:1005C000EFE700002E2E5C2E2E5C4D6964646C6596
:1005D00077617265735C6C6974746C6566735C6C6E
:1005E00066732E6300000000657272203C3D20306F
:1005F000000000004FF0FF320A60704770B50546FA
:100600000C46AA6E916AFF22E068DFF754FF4FF0B4
:10061000FF30206070BD000070B50B461C46002105
:1006200012E0655C454005F00F05094E56F825506F
:1006300085EA1010655C80EA251505F00F0556F86F
:10064000255085EA1010491C9142EAD370BD000084
:100650009CFA0508014691FAA1F0B0FA80F07047C3
:100660002DE9FF4F89B01F46DDE916B8DDF860902F
:10067000BBE008A90998FFF7D9FB04461CB1204646
:100680000DB0BDE8F08FDDE90810FFF7D7FC044698
:100690002CB104F1540000B999E02046F0E7BBF119
:1006A000000F06D10898C8F800000020C9F8000023
:1006B000E6E7ABF10100079007A9099800F01AF9E5
:1006C00082460798401C07900998806EC069079978
:1006D000884232D0002525E0012005A9CDE900752A
:1006E000CDE902100798431B00210B9A0998FFF7E8
:1006F00041FE04460CB12046C2E7012005A9089A34
:100700000346CDE90025CDE9021009A807C8FFF787
:1007100065FD04462CB104F1540000B957E02046B1
:10072000AEE76D1C07988542D6D30898C8F800003C
:100730000798C9F800000020A2E70AF1010A504614
:10074000FFF788FF461C0697002536E0069804F060
:1007500052FD0690042106AAA800089BCDE90030AE
:10076000CDE90221012309A807C8FFF737FD044698
:10077000069803F050FA06902CB104F1540000B929
:1007800025E020467CE7701EA84215D0042106AA69
:10079000A800069BCDE90030CDE902210B460021DF
:1007A0000B9A0998FFF7E6FD0446069803F033FA22
:1007B00006900CB1204663E76D1CB542C6D308987D
:1007C000C8F80000B000C9F80000002058E707A0F2
:1007D000009040F6DA2206A10EA0089BECF764F91F
:1007E000DDE90901FFF706FF00BF42E70000000056
:1007F0002E2E5C2E2E5C4D6964646C65776172658B
:10080000735C6C6974746C6566735C6C66732E6380
:100810000000000025733A25643A64656275673A02
:100820002042616420626C6F636B206174203078B9
:10083000257825730A0000002DE9FF4F85B0834617
:10084000DDE91478129E46B94FF0FF303860002081
:10085000C8F8000009B0BDE8F08F701E049004A92C
:10086000584600F047F8044613A9584600F042F8ED
:1008700005462BE02046FFF7EDFE611B0390481C68
:1008800004F0E9F8401E0290039904F0ABF88146A9
:10089000042108AA4FEA8900089BCDE90030CDE980
:1008A00002210B465846DDE90612FFF763FD82463A
:1008B000089803F0B0F90890BAF1000F01D0504643
:1008C000C8E7012000FA09F0241A00BFAC42D1D8D1
:1008D000089838601398C8F800000020BAE710B5EF
:1008E0000446206803F097F92060606803F093F9EC
:1008F000606010BD2DE9F04180460D462E68D8F8A5
:100900006800C069A0F10807B6FBF7F414B900202D
:10091000BDE8F081601E04F0E0F8801C042101FBBA
:100920001060B0FBF7F4204604F0D7F807FB146121
:10093000042202FB101028602046E9E710B50446A7
:10094000206804F058FC2060606804F054FC60608B
:1009500010BD2DE9FF4F87B083461F46DDE9149A8D
:10096000B9F1000F03D100200BB0BDE8F08FA9F161
:100970000100069006A95846FFF7BCFF05463CE07B
:1009800039461698D04706460EB13046ECE70DB909
:100990000020E9E705F00100C0F10204A00004A96D
:1009A0000022A300CDE90072CDE902105846DDE92E
:1009B0000812FFF7DFFC0646049803F02CF90490B8
:1009C000059803F028F905900EB13046CCE74FF0BA
:1009D00000080AE004A850F828101698D0470646E8
:1009E0000EB13046C0E708F10108601E4045F1DC59
:1009F00004A951F820702D1B00BFC1E710B50446B3
:100A0000A06E006B10B9E06803F0EEF8A06E406BCA
:100A100010B9E06903F0E8F8A06E806B10B9606E61
:100A200003F0E2F8002010BD70B504460D46E16900
:100A300001FB05F00FF048FB002070BD2DE9F041EF
:100A400004460D4617461E46DDF81880E06905FB92
:100A50000071424630460FF0F5FD0020BDE8F08100
:100A60002DE9F04104460D4617461E46DDF8188074
:100A7000E06905FB0071424630460FF081FC002022
:100A8000BDE8F0810146002070472DE9FF4705468B
:100A90000C46002714E007F1010909EBD97040105A
:100AA000A9EB400004EB80012846FFF7BFF9804620
:100AB000B8F1000F03D0404604B0BDE8F0877F1CBA
:100AC000022FE8DB0020A060042204F108000023CC
:100AD0002168CDE90013CDE9020213462A46002120
:100AE0002846FFF747FC0646A06803F094F8A0608C
:100AF00026B106F1540008B13046DDE7A86E406A21
:100B0000002808DDAA6E526A521C42F00101A0685A
:100B1000FFF783F9A0600420E060401F20610020FF
:100B2000A082401EA0610146E1610020A075E07531
:100B300000BFC1E72DE9F04706460F4690469946AB
:100B40004B4642463946304601F0E2F80446002C56
:100B500002DA2046BDE8F08744B10021304603F0B8
:100B6000DBF805460DB12846F4E700BF0020F1E7A9
:100B70002DE9F04104460D461646274633462A46DF
:100B8000D7E9000100F011F8BDE8F0812DE9F0414E
:100B900004460D4617462646284604F0F1FA316809
:100BA000084430600020BDE8F0812DE9F04F87B0A7
:100BB00082460D4616469946304604F0E1FA07464D
:100BC000686838446969884204D96FF01B0007B02F
:100BD000BDE8F08F26F00041AA6881EA020004F027
:100BE00004FB0690042306AA2946504600F032F979
:100BF00004460CB12046EAE706F0004048B93B1F26
:100C00004A462946504600F025F9044664B320467A
:100C1000DDE7CB464FF0000822E0012205ABDBF810
:100C200004004044DBF80010CDE90232CDE90010A9
:100C3000381FA0EB0803524600215046FFF79AFBED
:100C400004460CB12046C2E7012305AA29465046B6
:100C500000F000F904460CB12046B8E708F101089D
:100C6000381F4045D9D800BF26F00040A8600020BA
:100C7000ADE700002DE9F04F8BB007460C46BA6E89
:100C80009169626802F10800FFF7C7F80546002085
:100C90000A9009907BE06068001D08900899681A26
:100CA00040F2FE3103F09EFE089900EB010BAB45CC
:100CB00005D2A5F10801584603F094FE83464FF093
:100CC000FF300790042107AA20680B46CDE901B246
:100CD000039100903A4600213846FFF74BFB8146CE
:100CE000B9F1000F06D009F1540018B148460BB015
:100CF000BDE8F08F079802F07EFFC043C00F06905A
:100D0000069800F5A060524941EA00500899ABEB03
:100D1000010108430790A168079A81EA020004F0E4
:100D200064FA0490042204A9E068FFF775FCE0600F
:100D3000E06804F060FA0590082204ABD4E90001F1
:100D40008DE80B00039200233A4607F11001384664
:100D5000FFF744FA8146B9F1000F01D04846C6E7D3
:100D60000A9820B96068001D0A90E0680990079809
:100D700004F027FA001D616808446060DDE906019F
:100D800081EAC070A0604FF0FF30E06000BF606893
:100D9000A84280D300233A4607F110013846FFF7F6
:100DA000EDFB8246BAF1000F01D050469FE726695D
:100DB000DDF8288047E04FF0FF3BB14626E00A9877
:100DC000814505D10998834502D06FF053008EE725
:100DD000012108AA2068CDE901920391009008F151
:100DE0000400A0EB09033A4600213846FFF7C2FA97
:100DF0008246BAF1000F01D0504678E7012208A9D7
:100E00005846FFF709FC834609F1010908F104007F
:100E10008145D4D3BBF1000F02D06FF0530066E7D9
:100E2000A5EB080040F2FE3103F0DCFD00EB080604
:100E3000AE4205D2A5F10801304603F0D3FD0646C7
:100E400006F1040800BFAE42B5D300204FE7000012
:100E500000FC0F002DE9FF4106460C4617461D46D3
:100E6000D4E90001002332468DE88300039506F1A2
:100E700010013046FFF7B2F98046B8F1000F03D0F9
:100E8000404604B0BDE8F0812A463946E068FFF7E5
:100E9000C3FBE0606068284460600020F1E7000068
:100EA0002DE9FF4F97B006460C469346DDF8948037
:100EB0004FF000092146304600F014FF8246A0683A
:100EC000401CA0609D4903C9CDE91501BAF1000F8E
:100ED00005D015A9204603F0C5FD00B1F0E029E1D9
:100EE0001822964908310CA8DFF7C4FA60680C9004
:100EF000B06E806C10B1B06E806C01E0B06EC069F5
:100F00000838119030466168FFF798F805463DB102
:100F100005F1540000B9D3E028461BB0BDE8F08FBE
:100F2000A06804F068F9A060042304F108020CA989
:100F30003046FFF78FFF0546A06802F06CFEA06008
:100F40002DB105F1540000B9BAE02846E5E70CA838
:100F5000CDE9156015AA7A4BC8F1000000B22699B8
:100F6000CDE90732CDE905100021764A1A984B1ECB
:100F7000CDE900B0CDE9031802920A463046249923
:100F800001F066FC05462DB105F1540000B997E06B
:100F90002846C2E704F1180003F084FDE8B904F123
:100FA000180003F08FFDE07D00F5C060664941EA5E
:100FB000005040F0080204F118030CA93046FFF776
:100FC000F4FD054604F1180003F061FD2DB105F1B3
:100FD000540000B974E028469FE7002009900A9069
:100FE0000B90B9F1000F09D106F13C0109A803F0FB
:100FF00049FA06F1300109A803F044FA06F1480164
:1010000009A803F03FFA09986FF30900099009AAAB
:101010002146304600F0F2FC05460DB128467CE73B
:1010200009A803F013FA80B909A803F01CFA09AB68
:10103000464A0CA93046FFF7B8FD05462DB105F12B
:10104000540000B93CE0284667E70CA93046FFF79A
:1010500011FE05462DB105F1540000B930E02846D7
:101060005BE70D98B16E8969B0FBF1F201FB1200EC
:1010700000B905E04FF4E96235A13EA0EBF76CFD45
:10108000204603F01AFD2698A0EB0800A0820D98D8
:10109000E0600E9820610020129013903F4A149057
:1010A00007CA12AB07C3C6E91312B064B9F1000F47
:1010B00005D1D6E90D12306BC6E91012F0633AE0A3
:1010C0004FF0010906F110013046FFF793FABAF12B
:1010D000000F08D126A0009040F25A721CA130A047
:1010E0006368EBF7E1FC1549203103C9CDE915012F
:1010F00015A9204603F0B6FC58B91DA0009040F297
:101100005F7213A12FA06368EBF7CEFC6FF01B009A
:1011100003E7211D3046FEF789FE07463FB107F180
:101120001C0010B9BAF1000F01D13846F5E64FF0B6
:10113000000A00BFD4E600BF4846EEE6B4F8050852
:10114000710B040800FC0F4000FC0F000CFCFF7F3B
:101150002E2E5C2E2E5C4D6964646C657761726521
:10116000735C6C6974746C6566735C6C66732E6317
:1011700000000000636F6D6D69742E6F6666202538
:10118000206C66732D3E6366672D3E70726F675FDD
:1011900073697A65203D3D2030000000A8F80508FD
:1011A00025733A25643A64656275673A2042616442
:1011B00020626C6F636B2061742030782578257312
:1011C0000A00000025733A25643A7761726E3A206E
:1011D0005375706572626C6F636B20307825782070
:1011E000686173206265636F6D6520756E777269E3
:1011F0007461626C6525730A000000002DE9FC41F2
:1012000006460F46144606F148022146304600F0D5
:10121000F5FB054615B12846BDE8FC8104F1180030
:1012200003F050FCE07D00F5C0600C4941EA00503D
:1012300040F00800009004F11800012301906A4674
:1012400039463046FFF776FC054604F1180003F0F6
:101250001EFC0DB12846DFE70020DDE700FC0F0093
:101260007FB504460D4616460020431ECDE90030EA
:101270000290324629460390204600F003F804B05D
:1012800070BD00002DE9FF4F91B005460C46924617
:101290004FF0FF301090DAF80000A96E096A88421A
:1012A00005D2DAF80400A96E096A884204D36FF007
:1012B000530015B0BDE8F08F00200E900F9000266F
:1012C000002736E004220EA800EB870000235AF81E
:1012D0002710CDE90013CDE9020213462A4600216A
:1012E0002846FFF747F880460EA951F8270002F07C
:1012F00092FC0EA941F82700B8F1000F04D008F1C4
:10130000540008B14046D4E708F1540181B10EAB56
:1013100053F82710781C00EBD0735B10A0EB43034D
:101320000DF1380C5CF823208B1A002B00DD3E46B3
:101330007F1C022FC6DB304606EBD0714910A6EBAE
:1013400041015AF821102160701C00EBD071491046
:10135000A0EB41015AF821106160304606EBD071D4
:101360004910A6EB41010EAA52F82110A1600020FD
:10137000E0600D90DBE14FF000084FF0FF300C9083
:1013800000200B90F34903C9CDE909010020089022
:10139000DDF84090A06803F02EFFA060042204F165
:1013A0000801501FFFF738F90790A06802F033FCDE
:1013B000A06066E10C9803F0E3FE8044042106AAD5
:1013C0002068CDE9018203910090A86E2A46002191
:1013D000C3692846FEF7CEFF07463FB107F1540028
:1013E00010B90020A0754DE1384662E7042206A935
:1013F0000798FFF711F90790069802F0FCFB0C998B
:1014000048400690069803F0D3FE90B90C9803F07C
:10141000E3FEB0F5A06F09D1E068A96E8969B0FB61
:10142000F1F201FB120008B9012000E00020A075D4
:1014300028E1069803F0A4FE4044A96EC9698842D9
:1014400002D90020A0751DE106980C90069803F0C3
:10145000C3FEB0F5A06F46D1042205AB08F104002D
:101460002168CDE90232CDE90010A86E2A4600219C
:10147000C3692846FEF77EFF07463FB107F15400D7
:1014800010B90020A075FDE0384612E7059802F07B
:10149000C2FB059007990598814202D00020A075F3
:1014A000F0E0069803F068FE0C9981EAC0700C9099
:1014B000042207A9E86AFFF7AFF8E862CDF8409088
:1014C000069803F05DFE4044E0600C9820610B98A4
:1014D000A0820998A0610A99E1610898E0754FF02F
:1014E000FF300790CDE04FF0040B20E0012205AB68
:1014F00008EB0B0120688DE80B000392A86E2A46CA
:101500000021C3692846FEF735FF07463FB107F1C2
:10151000540010B90020A0750EE03846C9E601223B
:1015200005A90798FFF778F807900BF1010B0698CB
:1015300003F026FE5845D9D800BF069803F04CFEAC
:1015400060B9069803F027FE0B9988425CDB069889
:1015500003F021FE401C80B20B9055E0069803F08A
:101560003BFEB0F5806F25D1069803F02EFE0B9957
:10157000084480B20B90784909EA01007749084392
:101580000699884202D149F000493DE009F1010085
:10159000A0B3069803F0FFFD8346484603F0FBFD29
:1015A000834531DC069803F010FE002141EA8020DB
:1015B000814429E0069803F00FFEB0F5C06F23D1F7
:1015C000069803F0D9FD00F001000890082209AB4D
:1015D00008F104002168CDE90232CDE90010A86EBF
:1015E0002A460021C3692846FEF7C4FE074647B1D4
:1015F00007F1540018B90020A07543E004E0384614
:1016000057E609A803F043FA0699149801401E9A78
:101610001040814234D12068049008F10400059004
:1016200004AADDE920300699984703900398002822
:1016300007DA0398543010B90020A07522E003980F
:1016400037E6039810B9DDF8189018E04449069879
:10165000084009EA0101884202D14FF0FF390EE04B
:10166000039802280BD1069803F095FD834648465F
:1016700003F091FD834502DC069840F0004900BF6D
:1016800000BF97E600BFE068A8B3214605F13C0023
:1016900002F0C2FEE8B1E86B03F07DFD074610984A
:1016A00003F079FD874204D1109840F0004010907B
:1016B0000FE01098401C60B1E86B03F06CFD07462A
:1016C000109803F068FD874203DA1098A0F5806057
:1016D00010901F9848B1109803F05DFD0746A18A4D
:1016E00003F080F981B21F980180109803F060FD2B
:1016F00010B11098DDE50AE0109803F04CFDA18AC6
:10170000884202DA6FF00100D3E50020D1E52046DF
:1017100003F0D3F9701C00EBD0714910A0EB41012C
:101720000EAA52F82110A1600D98401C0D900D9842
:101730000228FFF620AE0BA16068CDE900014FF44E
:10174000996209A111A02368EBF7AEF96FF053007D
:10175000AFE50000A0F8050800FC0F000000F04F06
:1017600000FCFF7F000000002E2E5C2E2E5C4D69D9
:1017700064646C6577617265735C6C6974746C65C4
:1017800066735C6C66732E630000000025733A2557
:10179000643A6572726F723A20436F727275707438
:1017A0006564206469722070616972206174207BB5
:1017B000307825782C20307825787D25730A000034
:1017C0002DE9FF4F89B080460E469346DBF8005066
:1017D0000C9818B140F2FF310C980180DFF8649149
:1017E000D8F82000B061D8F82410F161A8E000BF5B
:1017F00055A12846DEF702FF054453A12846DEF72F
:101800000BFF0446012C05D1012250A12846DEF72A
:10181000ADFE38B1022C07D102224DA12846DEF7D9
:10182000A5FE08B92544E3E705EB040A012008906A
:101830001FE045A15046DEF7E1FE824442A150463A
:10184000DEF7EAFE074607B914E0022F0DD10222A7
:101850003FA15046DEF78AFE38B90898401E08902E
:10186000089828B90AEB0705C2E70898401C0890B9
:10187000BA44DEE700BF287818B948460DB0BDE885
:10188000F08FCBF80050484603F0ABFC022802D0A2
:101890006FF01300F2E7484603F07DFC40F2FF31A1
:1018A00088421DD0484603F076FC4FF0005141EAD3
:1018B000802040F00800069006F118000090254AAC
:1018C00031464046069B00F082F8079007980028B2
:1018D00001DA0798D2E706F1180003F0D8F800BF44
:1018E0002AE02F212846DEF722FE08B90C9800E0F6
:1018F0000020CDE905850794049005A9164A0498AF
:101900004FF0F043CDE90040CDE9022106F1180285
:1019100031464046FFF7B6FC8146B9F1000F01DAC7
:101920004846ABE7B9F1000F00D006E0F07D10B9F2
:101930006FF00100A2E700BFD3E700BF254400BF5E
:1019400055E7000000FC2F002F0000002E000000D3
:101950002E2E000000FC0F705D1904082DE9FF5FBA
:1019600004460F4616462546D5F80080B14638464F
:1019700003F027FC0390A868039903F033F882462C
:101980006868D9E900125346CDE9020ACDE9001290
:10199000424600214046FEF717FB8346BBF1000F8D
:1019A00003D0584604B0BDE8F09F384603F009FC68
:1019B000A968884209D0384603F003FCA968884228
:1019C00001D90120EEE70220ECE70020EAE72DE94B
:1019D000FE4305460E4617461C46DDF82880204685
:1019E00003F0EFFB8146002023463A4631468DE85E
:1019F0000103284600F0CAF8BDE8FE832DE9FF4147
:101A000007468846164601A8134B134A0C3A41462E
:101A100000903846FFF7DBFF0546002D05DAA81CCD
:101A200018B1284604B0BDE8F081A81C88B101AC0B
:101A3000206802F0F0F82060606802F0ECF8606066
:101A4000A06802F0E8F8A06000BF01A9304602F0EB
:101A500019FD0020E6E700000C00F07F2DE9FF4FA4
:101A600083B0804616461C46DDF85490139DDDF881
:101A700050A005EB0900D8F86810C969884204D95C
:101A80006FF0530007B0BDE8F08F79E04F462EB3FA
:101A90003068801C10BBD6E901010844A8421DD95A
:101AA0007068A84214D8D6E90120AA1A811A3846CB
:101AB00002F098FF07467268AA1AF06881183A4641
:101AC0005046DEF7D7FCBA443D44A9EB070957E07E
:101AD0007068411B384602F085FF07462068801C6D
:101AE00010BBD4E901010844A8421DD96068A8428E
:101AF00014D8D4E90120AA1A811A384602F072FFDC
:101B000007466268AA1AE06881183A465046DEF72E
:101B1000B1FCBA443D44A9EB070931E06068411BC0
:101B2000384602F05FFF07466FF001002060D8F8EA
:101B3000680041692846FEF769F96060D8F86820B6
:101B40005169109AA818FEF768F90290D8F8680051
:101B5000816A029802F046FFA060D4E9020261683F
:101B6000CDE9001202904046DDE91123049900F00E
:101B70000DF88346BBF1000F01DA584682E700BF3B
:101B8000B9F1000F82D100207CE700002DE9F04F71
:101B900087B081460D4692461E46D5F80CB028699E
:101BA00006900024294609F13C0002F035FC78B18A
:101BB000504603F0F0FA58B1D9F83C0003F0EBFAC4
:101BC0000746304603F0E7FA874201DCA4F580645B
:101BD0007AE0069803F0D4FAABEB000B069F0421E1
:101BE00006AA28680B46CDE901B2039100904A4647
:101BF00000214846FEF7BEFB0590059818B10598F0
:101C000007B0BDE8F08F069801F0F5FF784020F0AE
:101C100000400690504603F0BEFAF8B1384603F093
:101C2000DBFAB0F5806F19D1384603F0B4FA80467C
:101C3000301B03F0B0FA804510DC301B2749084008
:101C400027490843B84202D16FF00100D8E738466F
:101C500003F0BBFA002141EA802004440AEA0701AC
:101C6000301B00EA0A0081422DD1384603F097FA72
:101C700010B16FF00100C3E7384603F0A2FA0490F8
:101C8000129902F0AFFE80460BF10401DDE910204D
:101C900011442A684346CDE90208CDE900214A46AD
:101CA00000214846FEF766FB0590059808B10598A7
:101CB000A6E7129AA2EB0801119A02EB0800DEF7E0
:101CC00001FC38199CE700BF069803F059FA001D83
:101CD00058457FF67EAF6FF0010091E700FC0F00E2
:101CE0000000104010B50246906E406A00280DDDDD
:101CF0008868401C936E5B6A5B1C43F00103B0FB79
:101D0000F3F403FB140008B9012010BD0020FCE728
:101D10002DE9FF4F9DB004460D469A46A76A2BE079
:101D200007F10800854226D0294602F09BFE10BB31
:101D3000B87901281FD1386B00F48010D8B1F86A47
:101D4000A16E896A884216D93946204601F070FA98
:101D50008046B8F1000F03D0404621B0BDE8F08FB7
:101D60003946204600F0E6FF8046B8F1000F01D06A
:101D70004046F2E700BF3F68002FD1D128681B9092
:101D800068681C902022294613A8DEF773FB0BA875
:101D9000CDE900A02A4613A920461F9B00F0FCF9BC
:101DA0000646002E01DA3046D7E71BA9284602F086
:101DB00059FE20B9202213A92846DEF75BFB022E2C
:101DC00036D104F1480229462046FFF717FE0746A0
:101DD0000FB13846C1E70B981B900C981C9005F189
:101DE000180002F06FFEE87D00F5C060B64941EAD8
:101DF000005040F00800089005F1180009900020FC
:101E00000121CDE9001008AB1BAA0BA9204600F068
:101E1000C3F9064605F1180002F039FE002E01DA7A
:101E200030469AE720220BA913A8DEF723FB00BF58
:101E300000200A903EE1A5A3DDE913201C99CDE91D
:101E40000203CDE900124FF40C62A1A1A9A01B9BD3
:101E5000EAF72AFE002604F120011BA802F002FE88
:101E600018B91398206214996162A76A17E007F104
:101E700008011BA802F0F6FD18B91398B860149970
:101E8000F960B879022809D107F12C011BA802F0EA
:101E9000E9FD18B91398F862149939633F68002F67
:101EA000E5D10BAA1BA9204602F0B2F88046B8F192
:101EB000000F04DA08F1020008B140464DE708F1CE
:101EC000020008B1012000E00020099008F10200A2
:101ED000002868D00121204602F05EF98346BBF15C
:101EE000000F01D0584638E740F2FF370BA904F144
:101EF000300002F091FAE0B1206B03F04CF9074694
:101F000072A10C98CDE90171009040F6ED0270A12C
:101F100086A00B9BEAF7C8FD002240F2FF31204665
:101F200002F016F9404603F036F9B84201DDA8F593
:101F300080680B9803900C98049013A802F0C2FDDF
:101F40000020059006900790089040F2FF308742ED
:101F500003D0864840EA872000E0002013A9CDE99D
:101F60000781059000200221CDE9001005AB03AAEE
:101F70000BA9204600F010F9064613A802F087FDD1
:101F8000002E01DA3046E8E6012E0BD103981B90B3
:101F900004981C9020220BA913A8DEF76BFA0120ED
:101FA0000A9087E000BF0BAA1BA9204602F09EF80A
:101FB0008146B9F1000F04D009F1020008B148468A
:101FC000CBE6099810B109F1020000B105E04FF429
:101FD00011623FA166A0EAF7BFFD09F102000028E7
:101FE00067D004F1300002F027FA50B1099841425D
:101FF000204602F0D1F88146B9F1000F01D04846E1
:10200000ABE640F2FF370BA904F1300002F004FA0E
:10201000A8B1206B03F0BFF807462CA10C98CDE9BE
:102020000171009040F6211229A140A00B9BEAF714
:102030003BFD002240F2FF31204602F089F80B9868
:102040001B900C981C9013A802F03CFD00200590FA
:1020500006900790089040F2FF30874203D0434833
:1020600040EA872000E0002005909DF8430000F53D
:10207000C060154941EA005040F0080013A9CDE9BD
:10208000070100200221CDE9001005AB1BAA0BA916
:10209000204600F081F8064613A802F0F8FC002E56
:1020A00001DA304659E620220BA913A8DEF7E2F93F
:1020B00000BF00BF012E3FF4BEAE0A9808B1032056
:1020C0004BE6002049E6000000FC0F000000000085
:1020D0002E2E5C2E2E5C4D6964646C657761726592
:1020E000735C6C6974746C6566735C6C66732E6388
:1020F0000000000025733A25643A64656275673A0A
:102100002052656C6F636174696E67207B3078253F
:10211000782C20307825787D202D3E207B30782546
:10212000782C20307825787D25730A0025733A2590
:10213000643A64656275673A20466978696E67201B
:102140006D6F7665207768696C652072656C6F636A
:102150006174696E67207B307825782C2030782573
:10216000787D20307825780A25730A000000F04F2A
:102170002128686173706172656E7420262620655F
:102180007272203D3D204C46535F4552525F4E4F88
:10219000454E5429000000002DE9F04F9BB0074642
:1021A0000D4690461E46DDE9249A00201A901990AB
:1021B000002440E056F8340003F013F840F20141E7
:1021C000884203D1A88A401CA88233E056F8340024
:1021D00003F007F840F2FF4188420FD1A88A002897
:1021E00000DD05E040F2DF72CAA1D3A0EAF7B4FC3B
:1021F000A88A401EA882012019901BE056F83400DE
:1022000002F0EAFFB0F5C06F14D106EBC4004068DD
:102210000068A86106EBC40040684168E96156F8AF
:10222000340002F0A9FF00F00100E87505F1180084
:1022300002F02DFC641C4C45BCDB199808B3A88A3D
:10224000F8B9BAF1000F00D005E040F2EC72B1A18C
:10225000BDA0EAF781FC52462946384601F046FF08
:1022600004462CB1A01C18B120461BB0BDE8F08F6D
:10227000A01C28B19AF8170010B102201A90C4E0EF
:1022800000BFA87D002872D01822B1490CA8DEF743
:10229000F1F828680C90E8680D9028690E90E868BD
:1022A0001090B86E806C10B1B86E806C01E0B86EA2
:1022B000C0690838119005F1180002F003FC0CA861
:1022C000CDE9157015A8A34900220592CDE9062194
:1022D000CDE901920392009604920890294638466F
:1022E000D5E9032300F0B4FA044605F1180002F022
:1022F000CEFB3CB104F11C0008B1383000B96DE0F0
:102300002046B2E7002009900A900B9007F13001B7
:1023100009A802F0B7F807F13C0109A802F0B2F8E9
:1023200007F1480109A802F0ADF809986FF3090018
:10233000099009A802F08AF8E0B909AA29463846A6
:10234000FFF75CFB04460CB120468EE709A802F0BB
:102350008AF809AB804A0CA93846FEF726FC0446E9
:1023600044B104F11C0008B1383008B936E034E05B
:1023700020467AE70CA93846FEF77CFC04463CB1BF
:1023800004F11C0008B1383000B927E020466CE7A2
:102390000D98B96E8969B0FBF1F201FB120000B92A
:1023A00005E040F636025BA16CA0EAF7D5FB0D987C
:1023B000E8600E982861D7E90D12386BC7E9101252
:1023C000F8630020129013906E4A149007CA12AB63
:1023D00007C3C7E91312B86417E000BF07F1100183
:1023E0003846FEF707F9A88A00214B463246CDE968
:1023F000005102902946384600F006F91A901A98C2
:10240000002801DA1A9830E700BFD8F800001790CA
:10241000D8F804001890BC6A78E017A904F1080005
:1024200002F020FB002870D12022294604F1080088
:10243000DEF720F804F1080040454CD04FF0000BC7
:1024400047E056F83B0002F0CCFE40F2FF418842E4
:102450000CD156F83B0002F09EFEA188884205D1BF
:102460004FF0FF30A0600146E16030E056F83B00DD
:1024700002F0B7FE40F2FF41884210D156F83B000F
:1024800002F089FEA188884209DAA088401EA08057
:10249000A07902281BD1A06A401EA06217E056F85E
:1024A0003B0002F09EFE40F2014188420FD156F8F7
:1024B0003B0002F070FEA188884208DCA088401C26
:1024C000A080A079022802D1A06A401CA0620BF172
:1024D000010BCB45B5DB11E0A188A08B081AA080C9
:1024E00004F1200204F108013846FEF7B9FE8346E4
:1024F000BBF1000F01D05846B7E600BFA188A08B02
:10250000814202DBE07F0028E6D12468002C84D1E0
:102510001A98AAE62E2E5C2E2E5C4D6964646C65BA
:1025200077617265735C6C6974746C6566735C6CFE
:1025300066732E63000000006469722D3E636F7540
:102540006E74203E2030000070646972000000004C
:10255000F0F80508710B04080CFCFF7F636F6D6DCC
:1025600069742E6F66662025206C66732D3E636647
:10257000672D3E70726F675F73697A65203D3D20FD
:1025800030000000E4F805082DE9FF4F8BB0054648
:102590000C469146DDE9197BDDF860A003A92846C9
:1025A000FEF773FA8046B8F1000F03D040460FB033
:1025B000BDE8F08FE07D8DF82300A0690990E16906
:1025C0000A91CDE9017BCDF800A04A4603A928462F
:1025D0000E9BFEF765FC0646002E01DA3046E6E764
:1025E0000398A0610499E1610120E07505F12001E3
:1025F000204602F037FA20B91FB9039828620499DF
:1026000069620020D3E700002DE9FF4F8BB005463B
:102610000F46DDE918A81A9E6CE044463FE0002012
:102620000A900AA95B4A604200B2CDE90560CDE993
:102630000721A0B20022584B0E99CDE90232019138
:1026400004900D98531E51460090284600F000F962
:102650008346BBF1000F03D058460FB0BDE8F08FA2
:10266000301BFF2817D2AA6E9169926C12B1AA6E24
:10267000926C01E0AA6ED2695008FDF7CEFB09907A
:10268000A96EC969A1F12400099902F0ABF90A9970
:10269000884200D306E0301B04EB500400BF301B1F
:1026A0000128BCD800BF444500D124E0A0B2CDE948
:1026B00000A0029639462846DDE90D23FFF764FFA6
:1026C0008146B9F1000F04D009F11C0008B1484659
:1026D000C3E7B9F1000F0BD030A17868CDE9000154
:1026E00040F2A9722EA137A03B68EAF7DDF902E0BB
:1026F000A6B200BF91E700BF3D4903C9CDE909017A
:1027000039462846FFF7EEFA002838D009A938469E
:1027100002F0A8F9002832D1284601F087FD814651
:10272000B9F1000F01DA484697E7A86E006AB9EBE5
:10273000500F23D219A0009040F2BD7218A12DA015
:10274000BB68EAF7B1F9CDE900A8029639462846F8
:10275000DDE90D23FFF718FF044624B104F11C0046
:1027600008B1204679E73CB10CA340F2C7720CA136
:102770002CA0EAF799F900E0464600BF00BFCDE97A
:1027800000A8029639462846DDE90D23FEF788FBAE
:1027900063E700008D0B040800FC0F400000000000
:1027A0002E2E5C2E2E5C4D6964646C6577617265BB
:1027B000735C6C6974746C6566735C6C66732E63B1
:1027C0000000000025733A25643A7761726E3A2062
:1027D000556E61626C6520746F2073706C69742033
:1027E0007B307825782C20307825787D25730A0079
:1027F000DCF8050825733A25643A64656275673A22
:1028000020457870616E64696E67207375706572BB
:10281000626C6F636B20617420726576202575256C
:10282000730A000025733A25643A7761726E3A2084
:10283000556E61626C6520746F20657870616E649E
:10284000207375706572626C6F636B25730A00008C
:102850002DE9FF4FB3B00F4615469846DDF818A195
:10286000DDF81091002448E1404602F089FC28443C
:10287000F968884227D2404602F082FC05440421D0
:1028800013AA38680B46CDE901520391009000214C
:10289000339A1046FDF76EFD1090109818B11098FD
:1028A00037B0BDE8F08F139801F0A5F980EA080071
:1028B00040F00040139038681190281D129011AE1E
:1028C000DDF84C8011E0419800280BDD409800684D
:1028D0001390409846684098083040904198401EB8
:1028E000419002E00020149008E1DFF8F0B2429835
:1028F0000BEA00001399014042980BEA0000439A4A
:102900001040814200D0F8E0429802F044FC0028D8
:1029100040D0032C00D205E040F24E32B0A1B9A065
:10292000EAF71AF9CDE903580297409805904198C3
:1029300006904298079043980890ADF824904598E7
:10294000ADF82600ADF828A047980B9048980C9059
:102950001398CDE90D06DDE91101CDE90F01C4EBB6
:10296000041115AA02EB81003C2202A9DDF782FDC9
:10297000641C002042904390814645908246A348C3
:102980004790601EC0EB001015A901EB80002C30B1
:102990004890B2E000BF429802F0FDFB58B1139896
:1029A00002F0F9FB484505DB139802F0F4FB45996A
:1029B000884200DBA1E0139802F013FC00284FD0FE
:1029C000139802F00EFC40F20111884249D18F4960
:1029D0004798884200D190E03C2102A8DDF772FDC3
:1029E000CDE9035802974098059041980690429887
:1029F000079043980890ADF824904598ADF82600CC
:102A0000ADF828A047980B904898C4EB041115AA7C
:102A10000C9002EB81003C2202A9DDF72BFD641C27
:102A2000139802F0CEFB1FFA80FB139802F0B3FB61
:102A30000190374600254FF0FF380020409041902C
:102A4000734842904FF000504390D9460BF101007B
:102A500080B245900198A0EB0B0050440FFA80FA29
:102A60004AE0139802F0BDFBB0F5817F32D14FF000
:102A7000000B29E01096139802F08DFB5044810260
:102A80000BEB4B00109E16F8200000F5407041EA59
:102A900000500BEB4B0106EB8101896808430F9056
:102AA0000BEB4B0006EB80004268479B0F99489860
:102AB000984714901498002801DA1498F0E61498B6
:102AC00000B106E00BF1010B139802F07AFB5845B8
:102AD000D0D811E0002040EA8A20139A81183246AB
:102AE000479B4898984714901498002801DA149846
:102AF000D6E6149800B101E000BFB5E600BF002C97
:102B000069D0601EC0EB001015A951F82070601E3E
:102B1000C0EB001001EB80004568601EC0EB0010A8
:102B200001EB8000D0F80880601EC0EB001001EBC4
:102B30008000C0684090601EC0EB001001EB800078
:102B400000694190601EC0EB001001EB80004069FD
:102B50004290601EC0EB001001EB80008069439042
:102B6000601EC0EB001001EB8000B0F81C90601EEE
:102B7000C0EB001001EB8000C08B4590601EC0EBE5
:102B8000001001EB8000B0F920A0601EC0EB001027
:102B900001EB8000406A4790601EC0EB001001EB23
:102BA0008000806A4890601EC0EB001001EB80003E
:102BB000C06A1390601EC0EB001001EB8000066B32
:102BC000601EC0EB001001EB8001D1E90D01CDE9E1
:102BD0001101641EDFE6149862E600000000F07F39
:102BE0002E2E5C2E2E5C4D6964646C657761726577
:102BF000735C6C6974746C6566735C6C66732E636D
:102C0000000000007370203C20330000152C0408E5
:102C100000FC0F602DE9F04706460D46904634460D
:102C200005F0805008B11B4800E01B48074607EA42
:102C300005002168394088420DD0206802F0AFFAC3
:102C400048B9144805EA0001144A20681040144AA3
:102C50001043814204D1002020600120BDE8F087AC
:102C6000284602F0B9FAB0F5806F11D1284602F07B
:102C700092FA8146206802F08EFA814508DC2846E7
:102C800002F0A3FA002141EA802021680844206074
:102C90000020E3E700FCFF7F00FC0F7000FC0F004A
:102CA0000000F04F70B504460E4600250DB12846D1
:102CB00070BD3146A06A01F0A0FE00B105E041F20E
:102CC0008A5205A10DA0E9F747FF3146204600F0E2
:102CD000C5FA05462846EBE72E2E5C2E2E5C4D6984
:102CE00064646C6577617265735C6C6974746C653F
:102CF00066735C6C66732E63000000006C66735F25
:102D00006D6C6973745F69736F70656E286C667340
:102D10002D3E6D6C6973742C202873747275637406
:102D2000206C66735F6D6C6973742A2966696C65C3
:102D300029000000F0B597B005460C46206B00F462
:102D4000802060B1206B00F4801020B904F14001B4
:102D50002846FDF74FFC206B20F480202063206B79
:102D600000F40030002879D0676B206B00F48010ED
:102D7000002860D154223A4902A8DDF77BFBA06A03
:102D80000C90E16A0D91606B0F9095E80F0012AE08
:102D90000FC629462846FDF72DFC22E0012301AA93
:102DA00002A9284600F084F80646002E02DA3046D2
:102DB00017B0F0BD012301AA2146284600F00EF904
:102DC0000646002E01DA3046F2E72868401C38B18A
:102DD00012A92846FDF70EFC29462846FDF70AFCF5
:102DE00000BF616BE06A8142D8D321E001232A460B
:102DF00004F140012846FDF767F906462EB106F1B9
:102E0000540000B902E03046D2E712E015A000906D
:102E100040F65F4214A11DA0A36BE9F745FE2146D1
:102E2000284600F0BBFD06460EB13046C0E700BFA5
:102E3000DCE700BF04E0E16A606B01F0CCFD606399
:102E4000A06BA062616BE162206B20F40030206314
:102E5000206B40F480302063676300BF0020A7E749
:102E600024F90508000000002E2E5C2E2E5C4D6912
:102E700064646C6577617265735C6C6974746C65AD
:102E800066735C6C66732E630000000025733A2540
:102E9000643A64656275673A2042616420626C6FCF
:102EA000636B206174203078257825730A00000058
:102EB0002DE9F04F87B006460C4692461F46D04695
:102EC000B946616BE06A814203D3002007B0BDE8D8
:102ED000F08F626BE06A811A384601F083FD074685
:102EE000B94672E0206B00F4802020B1E06BB16E37
:102EF000C969884222D1206B00F48010A8B904F17E
:102F00003C00011F636BE26ACDE90023CDE90210AA
:102F1000021D00213046A36AFDF78EFC8346BBF1FB
:102F2000000F01D05846D1E704E06FF00100A06324
:102F3000606BE063206B40F480202063B06EC0695A
:102F4000E26B811A484601F04DFD0546206B00F406
:102F50008010E0B1A0881F4A42EA8020E16BCDE9F1
:102F60000485CDE902011C49B06EC06904F140033B
:102F70000022CDE9000104F108013046FEF76EFDA4
:102F80008346BBF1000F01D058469FE713E0D4E918
:102F90000E018DE803010395B06E04F1400200219B
:102FA000C3693046FDF7E6F98346BBF1000F01D057
:102FB00058468BE700BF606B28446063E06B284491
:102FC000E063A844A9EB050900BFB9F1000F89D15E
:102FD00038467BE70000102000FCF7FF2DE9F04F9A
:102FE00085B005460C4692469946CDF810A04F464E
:102FF000206B00F4801048B3626BD019E16A01F0D5
:10300000EAFC8046AA6E926C12B1AA6E926C01E044
:10301000AA6ED269D108AA6E906A01F0E3FC064656
:10302000314640F2FE3001F0DDFC80450ED92146EC
:10303000284600F0FDF806463EB1206B40F4002023
:103040002063304605B0BDE8F08F00BF9CE0206BE8
:1030500000F4003020B1E06BA96EC96988424ED1FE
:10306000206B00F48010002840D1206B00F4003069
:1030700008BB606BF8B104F13C010A1F606B401E95
:10308000E36ACDE90030CDE902210A1D002128467E
:10309000A36AFDF7D1FB8346BBF1000F05D0206B7F
:1030A00040F4002020635846CCE704F14001284654
:1030B000FDF7A4FA00BF2846FCF758FF04F13C00D6
:1030C000011F626BCDE9002102902A46011D2846AE
:1030D000A36BFDF7C5FA8046B8F1000F05D0206B51
:1030E00040F4002020634046ACE704E06FF00100AC
:1030F000A063606BE063206B40F400302063A86E37
:10310000C069E26B811A384601F06CFC06462BE080
:103110000498D4E90E120123CDE90206CDE900128C
:103120002A4604F140012846FDF758F88046B8F1D8
:10313000000F09D008F1540000B906E0206B40F4FC
:103140000020206340467DE70FE02146284600F03E
:1031500025FC8046B8F1000F05D0206B40F400201C
:10316000206340466EE700BFD2E700BF606B30448B
:103170006063E06B3044E063049830440490BF1B0C
:103180002846FCF7F3FE00BF002F7FF460AF4846EF
:1031900058E700002DE9F04104460E4617469846D0
:1031A000002515B12846BDE8F0813146A06A01F03E
:1031B00024FC00B905E041F2665206A10EA0E9F731
:1031C000CBFC43463A463146204600F05BF80546C4
:1031D0002846E8E72E2E5C2E2E5C4D6964646C65F3
:1031E00077617265735C6C6974746C6566735C6C32
:1031F00066732E6300000000216C66735F6D6C695E
:1032000073745F69736F70656E286C66732D3E6DA5
:103210006C6973742C2028737472756374206C66E7
:10322000735F6D6C6973742A2966696C6529000087
:1032300070B506460C46606BE0633046FCF796FEC0
:103240002146304600F0AAFB05460DB1284670BD68
:10325000206B20F4801020630020F8E770B505464D
:103260000C462146284600F056FA064621462846D6
:1032700001F0D2FB206D006810B9E06C00F0B4FCE6
:10328000304670BD2DE9F84304460D4616461F46EC
:1032900005483B46324629460090204600F006F895
:1032A00080464046BDE8F88318F905082DE9FF4F30
:1032B00087B081460C461F46DDF850A007F002009B
:1032C00002280BD1484600F08FFE8046B8F1000F6F
:1032D00003D040460BB0BDE8F08F00BFC4F850A04B
:1032E000276300206063E0630021E164231D09AAD5
:1032F000191D4846FEF764FA0646002E08DAB01C8F
:1033000020B9A08840F2FF31884201D135461CE146
:103310000120A0712146484601F06BFBB01CB0BBF8
:1033200007F4807010B96FF001050EE10998DDF720
:1033300008F98046D9F86C00404502D26FF02305A9
:1033400003E1182101A8DDF7BDF8A088844941EA0E
:1033500080200190A0884FF4801141EA802040EA4B
:103360000800039009990491A0887E4941EA8020D1
:103370000323059001AA04F108014846FDF7DAFB92
:10338000054605F11C0018B96FF0230001E005E0C7
:103390002846054605B1D8E0724E32E007F40070C9
:1033A00010B16FF01005D0E0304601F01AFF01288F
:1033B00002D06FF01405C8E007F4806040B1A08827
:1033C000684941EA8026206B40F48030206318E091
:1033D00004F128000090A0884FF0005141EA8020BD
:1033E00040F00803604A04F108014846FEF7EFFA8E
:1033F0000646002E01DA3546A7E004F12800FDF765
:103400006EFA4FF000084BE094F8300000F0010035
:1034100060B3206D406808EB480100EB8100406814
:103420000090206D406808EB480110F8210000F57D
:1034300040700005A18840EA8120216D496808EBB1
:10344000480201EB8201896840EA0103474A04F11E
:1034500008014846FEF7BBFA8346BBF1000F04DAC9
:103460000BF1020008B15D466FE000BF94F8300038
:1034700000F00200022811D1206D406808EB4801DD
:1034800000EB81008068D9F87410884202D96FF08F
:103490001B055AE0206B40F48030206308F10108DE
:1034A000206D80684045AFD8206D006818B1206D50
:1034B0000168E1640AE0D9F86810886A01F084FACA
:1034C000E064E06C10B96FF00B053EE004F14001E0
:1034D0004846FDF793F8304601F083FE40F20121A3
:1034E000884230D16FF00100A062304601F069FEE1
:1034F000E062206B40F480102063A06A2064002109
:103500006164D9F86800816AA164E06AD8B140F2C8
:10351000FE31A06C01F066FAA1884FF0005242EA39
:10352000812140EA010BE06C5B460F4A04F108017F
:1035300000904846FEF74BFA8046B8F1000F01DADA
:10354000454602E000BF0020C4E6206B40F40020A6
:10355000206321464846FFF781FE2846BAE6000070
:10356000000010400000102000FC0F7000FCFF7FE6
:103570002DE9F04106460C461746984694F830006F
:1035800000F0010000B105E040F6EA420CA115A0F0
:10359000E9F7E2FA206B00F4003048B121463046EA
:1035A000FFF7C8FB054615B12846BDE8F08100BF0E
:1035B00043463A4621463046FFF77AFCF5E70000DD
:1035C0002E2E5C2E2E5C4D6964646C65776172658D
:1035D000735C6C6974746C6566735C6C66732E6383
:1035E000000000002866696C652D3E666C6167739B
:1035F0002026204C46535F4F5F52444F4E4C592972
:10360000203D3D204C46535F4F5F52444F4E4C5936
:103610000000000070B505460E4600231A463146EC
:10362000284600F007F80446002C01DA204670BD59
:103630000020FCE72DE9FC5F81460C4616461F463C
:10364000656B0FB935461CE0012F0AD1606B304421
:10365000002803DA6FF01500BDE8FC9F606B851948
:103660000FE0022F0DD12146484600F046F800EB4E
:10367000060ABAF1000F02DA6FF01500ECE75546C2
:1036800000BFD9F87000A84202D26FF01500E3E73E
:10369000606BA84201D12846DEE7206B00F40030C1
:1036A000F0B9606B019001A94846FDF723F9824605
:1036B000009569464846FDF71DF98346DA450ED167
:1036C000606C009988420AD8D4E911100844009926
:1036D000884204D965630098E0632846BCE700BFD0
:1036E00021464846FFF726FB8046B8F1000F01D07F
:1036F0004046B1E765632846AEE770B505460C461F
:10370000206B00F4003020B1E16A606B01F063F9D6
:1037100070BDE06AFCE72DE9F04387B081460C46B6
:10372000206B00F4002018B1002007B0BDE8F08342
:1037300021464846FFF7FEFA05462DB1206B40F4BE
:10374000002020632846F0E7206B00F4803000283A
:1037500043D004F1080001F0A5F900283DD1206B09
:1037600000F4801028B140F20126E76CD4F82C80D8
:103770000BE040F20226D4E90A01CDE9010101A8DB
:10378000FDF7DCF801AF4FF008083005A18840EAEA
:10379000812040EA0800CDE90307A0884FF081515D
:1037A00041EA8020216D896808430590206D4168B9
:1037B0000223069103AA04F108014846FDF7BAF96D
:1037C00005462DB1206B40F4002020632846ACE76D
:1037D000206B20F48030206300BF0020A5E70000AC
:1037E0002DE9F84F06460C4691461F4694F83000E6
:1037F00000F00200022800D105E040F655522BA14E
:1038000033A0E9F7A9F9206B00F4802058B12146D4
:103810003046FFF78FFA8046B8F1000F02D04046DD
:10382000BDE8F88F00BF208E00F4006028B1616B06
:10383000E06A814201D2E06A6063606B3844316FB4
:10384000884202D96FF01A00EAE7206B00F40030DA
:10385000D8B9616BE06A814217D9D4F834A0E06A24
:1038600060630EE00020009001236A462146304646
:10387000FFF7B4FB8046B8F1000F01DA4046CFE70E
:1038800000BF606B5045EDD300BF3B464A46214622
:103890003046FFF7A3FB0546002D01DA2846BFE7B7
:1038A000206B20F4002020632846B9E72E2E5C2EE2
:1038B0002E5C4D6964646C6577617265735C6C69DC
:1038C00074746C6566735C6C66732E630000000034
:1038D0002866696C652D3E666C6167732026204CF6
:1038E00046535F4F5F57524F4E4C5929203D3D2064
:1038F0004C46535F4F5F57524F4E4C5900000000EB
:103900002DE9F04704460E4617469846002515B1A6
:103910002846BDE8F0873146A06A01F06EF800B194
:1039200005E041F2AC5206A10EA0E9F715F94346B5
:103930003A4631462046FFF71BFE81464846E8E7F7
:103940002E2E5C2E2E5C4D6964646C657761726509
:10395000735C6C6974746C6566735C6C66732E63FF
:10396000000000006C66735F6D6C6973745F69734F
:103970006F70656E286C66732D3E6D6C6973742C68
:103980002028737472756374206C66735F6D6C6944
:1039900073742A2966696C6529000000F0B589B046
:1039A00005460C468AE008A92846FCF73FFA064679
:1039B00016B1304609B0F0BD28460899FCF73EFB29
:1039C00006462EB106F1540000B968E03046F1E732
:1039D000002748E0206B00F48010D0B1012107AA35
:1039E000A088374B43EA8020CDE90372059102900D
:1039F0003449E06BC01B04F140030022CDE9000113
:103A000004F108012846FEF729F80646A6B130461B
:103A1000D0E7012107AAA06BCDE9017203910090C4
:103A2000E06BC31B2A4604F140012846FCF7A2FCC8
:103A300006460EB13046BDE7012007A9089A0346A5
:103A4000CDE90027CDE902102A4605F110012846EC
:103A5000FCF7C4FB06462EB106F1540000B91EE087
:103A60003046A7E77F1CE06BB842B3D8AB6E9A6ACA
:103A7000E969E06CDCF7FEFC28692064696961642F
:103A8000A969A16405F110012846FCF7B7FD089863
:103A9000A063206B40F40030206300208AE70AA076
:103AA00000904FF4416209A111A0089BE8F7FCFFC8
:103AB00005F110012846FCF79DFD00BF73E70000EB
:103AC0000000102000FCF7FF000000002E2E5C2EEE
:103AD0002E5C4D6964646C6577617265735C6C69BA
:103AE00074746C6566735C6C66732E630000000012
:103AF00025733A25643A64656275673A20426164C9
:103B000020626C6F636B2061742030782578257398
:103B10000A00000070B505460E4600240CB1204690
:103B200070BD31462846FFF775FD04462046F7E78D
:103B30002DE9F04704460E4617469846002515B174
:103B40002846BDE8F0873146A06A00F056FF00B174
:103B500005E041F2BE5206A10EA0E8F7FDFF434684
:103B60003A4631462046FFF73BFE81464846E8E7A5
:103B70002E2E5C2E2E5C4D6964646C6577617265D7
:103B8000735C6C6974746C6566735C6C66732E63CD
:103B9000000000006C66735F6D6C6973745F69731D
:103BA0006F70656E286C66732D3E6D6C6973742C36
:103BB0002028737472756374206C66735F6D6C6912
:103BC00073742A2966696C652900000070B5054682
:103BD0000E4600240CB1204670BD3146284600F048
:103BE00083FF04462046F7E710B50446214600202F
:103BF00005F086FE10BD01B59DF8000000069DF899
:103C0000011040EA01409DF8021040EA01209DF8B1
:103C10000310084308BD01B59DF800009DF8011090
:103C200040EA01209DF8021040EA01409DF803108F
:103C300040EA016008BD0000F0B58DB0044604F113
:103C40003C0000F0DFFB10B900200DB0F0BDE06BD0
:103C500001F0A1FA074619A1606CCDE9017100904D
:103C600041F2661216A11FA0236CE8F71DFF04F1B4
:103C7000400203A92046FDF7F3FA05460DB1284698
:103C8000E3E7E06B01F087FA0646002240F2FF31DD
:103C9000204600F05DFA00200B900C901D4840EA91
:103CA000862001230B900BAA03A92046FCF742FFB4
:103CB00005460DB12846C8E70020C6E70000000011
:103CC0002E2E5C2E2E5C4D6964646C657761726586
:103CD000735C6C6974746C6566735C6C66732E637C
:103CE0000000000025733A25643A64656275673AFE
:103CF00020466978696E67206D6F7665207B307825
:103D000025782C20307825787D203078257825730B
:103D10000A0000000000F04F2DE9F047A2B0044671
:103D2000894604F1300000F087FB18B9002022B06A
:103D3000BDE8F087002600BF202281491AA8DCF7E1
:103D400099FBE6E020AA12A92046FDF789FA8046F1
:103D5000B8F1000F01D04046E9E79DF87F00002848
:103D600072D10AAA20A9204600F052F90546002D7A
:103D700003DAA81C08B12846D9E7A81C00283DD1C1
:103D8000B9F1000F3AD06FA11AA8C069CDE90001BE
:103D900041F2A1126CA175A0209BE8F785FE04F109
:103DA000480212A92046FDF729FE8046B8F1000F0F
:103DB00001D04046BBE718A800F084FE9DF85F00E4
:103DC00000F5C060744941EA005040F008000890D6
:103DD00018A80123099008AA1AA92046FDF798FF00
:103DE000074618A800F053FE002F01DA38469EE778
:103DF000701C46B2032F00D19EE78AE0A81C002861
:103E000078D008A82B46654A0AA900902046FDF7FD
:103E1000DEFD0746002F01DA384688E708A800F0E3
:103E200036FE20A808990268914203D10999426898
:103E3000914207D008994268914206D109990268D7
:103E4000914202D1012101E05DE00021002958D119
:103E50003CA31AAADDE90810D269CDE90203CDE935
:103E6000002141F2CA1238A14DA0209BE8F71CFEA8
:103E700040F2FF3A1AA904F1300000F0CDFAA8B1DF
:103E8000206B01F088F982462EA11B98CDE901A193
:103E9000009041F2D5122CA151481A9BE8F704FE7C
:103EA000002240F2FF31204600F052F908A800F04D
:103EB00009FE234B20330FCBCDE90623CDE90401C6
:103EC00040F2FF30824503D0464840EA8A2000E0B5
:103ED000002008A902230791049004AA1AA92046E9
:103EE000FDF716FF074608A800F0D1FD002F02DA03
:103EF00038461CE706E0701C46B2032F00D11BE7D2
:103F000007E000BF00BF202212A91AA8DCF7B2FA0E
:103F100000BF20A800F0C6FD00283FF413AF00BF8B
:103F2000206B01F04EF9C0B20746314600F05AFD51
:103F3000404245B22946204600F02EF9F7E600003F
:103F400020FA0508000000002E2E5C2E2E5C4D6924
:103F500064646C6577617265735C6C6974746C65BC
:103F600066735C6C66732E630000000025733A254F
:103F7000643A64656275673A20466978696E6720BD
:103F80006F727068616E207B307825782C203078D5
:103F900025787D25730A000000FC0F0000FCFF7FE0
:103FA00025733A25643A64656275673A20466978F4
:103FB000696E672068616C662D6F727068616E2033
:103FC0007B307825782C20307825787D202D3E2078
:103FD0007B307825782C20307825787D25730A0071
:103FE000745606080000F04F70B505462846FFF7E6
:103FF00023FE04460CB1204670BD01212846FFF780
:104000008BFE04460CB12046F6E70020F4E70000E2
:104010002DE9F04188B006460F4614460020A06105
:104020000121E161804626E0B06E006AB8EB500FD6
:1040300004D36FF0530008B0BDE8F08108F1010827
:104040000596386806907968079105A80E49002200
:104050000E4BCDE90032CDE902100D4B04F11802F0
:1040600021463046FDF70EF905461DB1A81C08B1E2
:104070002846E0E700BF04F1180000F013FD002817
:10408000D2D06FF00100D6E7954004080800002068
:10409000FF03F07F2DE9F04786B006468A461446B6
:1040A00037463D68A046082204ABD8E900018DE8F8
:1040B0000B000392A86E2A4605F11001C369284639
:1040C000FCF758F98146B9F1000F03D0484606B015
:1040D000BDE8F08704A800F0DAFC391D04A800F060
:1040E000C1FC08B10120F2E70020F0E72DE9F04122
:1040F0000646884614460020A0610121E1610027A0
:104100001CE0B06E006AB7EB500F03D36FF05300A2
:10411000BDE8F0817F1C414604F1180000F0A2FCCC
:1041200008B90020F4E704F1180221463046FDF7F3
:1041300097F805460DB12846EAE700BF04F11800DC
:1041400000F0B0FC0028DCD06FF00100E0E70000D8
:1041500010B50F4C036B234040F2FF34A14203D053
:104160000C4C44EA812400E000242343036340F222
:10417000FF33994201D0136800E00023436340F20B
:10418000FF33994201D0546800E00024846310BDDD
:10419000FF0300800000F04F70B504460D46206B11
:1041A00001F00FF808B9002D00DB05E041F24C12D8
:1041B00008A111A0E8F7D0FC206B2844206304F18B
:1041C000300000F039F9216B60F3DF7121630020CA
:1041D00070BD00002E2E5C2E2E5C4D6964646C65F3
:1041E00077617265735C6C6974746C6566735C6C22
:1041F00066732E63000000006C66735F7461675F16
:1042000073697A65286C66732D3E67737461746593
:104210002E74616729203E2030207C7C206F7270D4
:1042200068616E73203E3D203000000038B50546C1
:104230000020009000236A460449284600F008F850
:1042400004460CB1204638BD0098FCE7F54304084D
:104250002DE9FF4F8DB007460D46164620226349D3
:1042600005A8DCF707F94FF0000A7BE0B86E006A9A
:10427000BAEB500F04D36FF0530011B0BDE8F08FCC
:104280000AF1010A4FF000080CE00BA850F82810C2
:104290003046A8478146B9F1000F01D04846ECE707
:1042A00008F10108B8F1020FEFDB0BAA05A93846A7
:1042B000FCF7D6FF04460CB12046DEE74FF00008BD
:1042C0004BE003A800904FF0005040EA882040F0F7
:1042D0000803474A05A93846FDF779FB8146B9F13D
:1042E000000F05DA09F1020000B932E04846C4E7E0
:1042F00003A8FCF7F4FA484600F073FF40F20221ED
:1043000088420CD104988DE861003A460021384675
:10431000039BFCF71EFB0446D4B12046ADE7109882
:10432000B0B1484600F05DFFB0F5007F10D14FF00E
:10433000000B0AE003A850F82B103046A8470446AB
:104340000CB1204699E70BF1010BBBF1020FF1DB39
:1043500000BF08F101001FFA80F8BDF828004045B1
:10436000AFDC00BF0BA800F09DFB00283FF47EAF40
:10437000BC6A37E0A079012800D032E0206B00F45D
:104380008030A0B1206B00F4801080B9E06A8DE825
:1043900061003A4604F140013846A36AFCF7D9FAB5
:1043A0008046B8F1000F01D0404666E700BF206BA1
:1043B00000F40030A0B1206B00F4801080B9606B75
:1043C0008DE861003A4604F140013846A36BFCF7E2
:1043D000C0FA8046B8F1000F01D040464DE700BF5B
:1043E00000BF2468002CC5D1002046E700FA05086C
:1043F00000FC0F7002460B4611460868401C08601E
:104400000020704710B50446206800F0E5FE08B1B2
:10441000012010BD0020FCE770B504460D46206861
:1044200000F0DAFE30B12946201D00F01BFB08B970
:10443000012070BD0020FCE710B50446206800F0A4
:10444000C0FE08B1012010BD0020FCE7024600219B
:1044500005E052F8210008B100207047491C0329EB
:10446000F7DB0120F9E710B50446206800F0C3FE31
:104470002060606800F0BFFE6060A06800F0BBFED6
:10448000A06010BD10B50246002007E052F82030B1
:1044900051F82040634042F82030401C0328F5DBEF
:1044A00010BD0000F0B589B004460D46A566002693
:1044B000A06E406900B105E040F646729CA1A5A03F
:1044C000E8F74AFBA06E806900B105E040F647724C
:1044D00097A1A7A0E8F740FBA06E806A00B105E0B5
:1044E00040F6487292A1A9A0E8F736FBA06E806A58
:1044F000A16E4969B0FBF1F201FB120000B905E0C1
:1045000040F64C728AA1A8A0E8F726FBA06E806A4C
:10451000A16E8969B0FBF1F201FB120000B905E060
:1045200040F64D7282A1ACA0E8F716FBA06EC06900
:10453000A16E896AB0FBF1F201FB120000B905E03F
:1045400040F64E727AA1B0A0E8F706FBA06EC069F3
:1045500008384FF0FF31B1FBF0F7384600F07BFA36
:104560008000A16EC969884200D805E040F651720A
:104570006FA1B248E8F7F0FAA06E406A00B105E01A
:1045800040F65A726AA1AEA0E8F7E6FAA06E006B98
:1045900018B1A06E006BE06009E0A16E886A00F0BF
:1045A00013FAE060E06810B96FF00B06BAE0A06E95
:1045B000406B18B1A06E416BE16109E0A16E886AA1
:1045C00000F002FAE061E06910B96FF00B06A9E0B3
:1045D00021462046FCF712F804F110012046FCF7B2
:1045E0000DF8A06EC06A00B105E040F6787250A1E7
:1045F0009AA0E8F7B1FAA06E90F82C0000F007003E
:1046000030B9A06E90F8380000F0030000B905E062
:1046100040F6797246A19948E8F79EFAA06E806B41
:1046200018B1A06E816B616609E0A16EC86A00F0E6
:10463000CBF96066606E10B96FF00B0672E0A06E89
:10464000C06BFF2800D805E040F6867238A18CA028
:10465000E8F782FAA06EC06BE066E06E08B9FF2052
:10466000E066A06E006CB0F1004F00D205E040F6AD
:104670008C722FA189A0E8F76FFAA06E006C2067FA
:10468000206F10B96FF000402067A06E406C40F2C0
:10469000FE31884200D805E040F6927224A188A03D
:1046A000E8F75AFAA06E406C6067606F10B940F28C
:1046B000FE306067A06E806CA16EC969884200D828
:1046C00005E040F698721AA184A0E8F745FA4FF089
:1046D000FF302062014661620020A062E062069025
:1046E00007908A4A089007CA06AB07C3C4E91012AC
:1046F000E063002003900490854A059007CA03AB4D
:1047000007C3C4E90D122063002000900190814A84
:10471000029007CA8DE80700C4E91312A0640020C4
:1047200009B0F0BD2046FCF769F93046F8E7000013
:104730002E2E5C2E2E5C4D6964646C65776172650B
:10474000735C6C6974746C6566735C6C66732E6301
:10475000000000006C66732D3E6366672D3E726537
:1047600061645F73697A6520213D2030000000009C
:104770006C66732D3E6366672D3E70726F675F7364
:10478000697A6520213D2030000000006C66732DA1
:104790003E6366672D3E63616368655F73697A6532
:1047A00020213D20300000006C66732D3E6366675B
:1047B0002D3E63616368655F73697A652025206CAF
:1047C00066732D3E6366672D3E726561645F736933
:1047D0007A65203D3D2030006C66732D3E63666730
:1047E0002D3E63616368655F73697A652025206C7F
:1047F00066732D3E6366672D3E70726F675F7369E7
:104800007A65203D3D2030006C66732D3E636667FF
:104810002D3E626C6F636B5F73697A652025206C37
:1048200066732D3E6366672D3E63616368655F73E3
:10483000697A65203D3D2030000000000C570608D5
:104840006C66732D3E6366672D3E626C6F636B5FB3
:104850006379636C657320213D2030006C66732D95
:104860003E6366672D3E6C6F6F6B61686561645F68
:1048700073697A65203E203000000000B8560608B3
:104880006C66732D3E6366672D3E6E616D655F6D70
:104890006178203C3D203235350000006C66732D78
:1048A0003E6366672D3E66696C655F6D6178203C8E
:1048B0003D2032313437343833363437000000008D
:1048C0006C66732D3E6366672D3E617474725F6D16
:1048D0006178203C3D203130323200006C66732D0F
:1048E0003E6366672D3E6D657461646174615F6DE2
:1048F0006178203C3D206C66732D3E6366672D3EDB
:10490000626C6F636B5F73697A65000078F9050804
:1049100084F9050890F9050810B596B02149224898
:1049200000F08BF80446B4B11E491F48FFF74EF95A
:1049300004461C491C4800F080F804465CB10BF0AA
:10494000A5FB18491848FFF741F9044615491648D0
:1049500000F073F804460020009040F2031313A205
:1049600001A91148FEF716FC04236A4601A90E4866
:10497000FEF7C6FF0098401C009001A90A48FFF707
:10498000C9F804236A4601A90748FFF7D1F80AA02D
:104990000099E8F789F801A90348FEF783F9002098
:1049A00016B010BD50FA0508F8D30124626F6F7479
:1049B0005F636F756E740000626F6F745F636F7515
:1049C0006E743A2025640A0010B504462146002082
:1049D00004F0B0FF10BD02468A4201D9104670476C
:1049E0000846FCE702468A4201D210467047084654
:1049F000FCE7826A0A608162704703B50A4669462D
:104A000005E00868904201D101200CBD09680868E2
:104A10000028F6D100BFF8E7024602F1280007E0BF
:104A200003688B4203D103681B68036003E00068DE
:104A30000368002BF4D100BF704770B505460E46E1
:104A400000240CB1204670BD3146284600F0BAF86B
:104A500004462046F7E70146481EB0FA80F0C0F150
:104A600020007047024610680B6898420DD05068CD
:104A70004B68984209D010684B68984205D050683E
:104A80000B68984201D0012070470020FCE710B568
:104A900004462068FFF7BFF820606068FFF7BBF8A6
:104AA000606010BD01460868401C10B14868401C99
:104AB00008B9012070470020FCE7016842680260E5
:104AC0004160704710B50446206800F094FB2060F8
:104AD000606800F090FB606010BD10B50446204691
:104AE000E8F706F810BD000070B596B004460E4613
:104AF000002531462046FFF7D5FC054615B128466E
:104B000016B070BDA26ED16A606EDBF7DBFC0020D0
:104B10006065A26E116AD26AD000FFF763FFA065DC
:104B20000021E1652046FBF721FA06A92046FBF7A4
:104B3000ACFF054605B13EE0182221496846DBF787
:104B400099FCA06EC0690190A06E006A0290E06EB0
:104B50000390206F0490606F0590684600F0F1FAB2
:104B600018221749183110A8DBF784FCCDF854D06F
:104B7000032310AA06A92046FBF7DCFF054605B172
:104B800019E000208DF82E0000231A4606A92046C1
:104B9000FBF7D0FF054605B10DE00949303103C9E7
:104BA000CDE90E010EAA06A92046FCF759FB0546E1
:104BB00005B100E000BF2046FBF720FF28469FE735
:104BC0009CF905082DE9F04794B004468A46514601
:104BD0002046FFF767FC06461EB1304614B0BDE81C
:104BE000F08720228B490CA8DBF744FC0027D1E09A
:104BF000A06E006AB7EB500F02D36FF0530603E1CB
:104C00007F1C844A2032D2E900109268CDE90A0262
:104C10000991099409A880490022804BCDE900320E
:104C2000CDE902107E4B12AA0CA92046FCF72AFB04
:104C30000546002D01DA2E46E6E0002D6DD028460F
:104C400000F0ADFA002868D10C9820620D996162DD
:104C500003A8744B724A0CA900902046FCF7B7FEDB
:104C60000546002D01DA2E46CEE003A800F04EFAEC
:104C70004FF6FF71039801EA104803981FFA80F974
:104C8000B8F1020F02D1B9F1000F0CDD66A0434666
:104C900041F2330265A1CDE900906DA0E7F704FF72
:104CA0006FF01506B0E0069898B10698E16E88425C
:104CB0000DD95DA1E06ECDE9000141F23C025BA19E
:104CC0006DA0069BE7F7F0FE6FF015069CE00698D6
:104CD000E066079898B10798216F88420DD952A1D4
:104CE000206FCDE9000141F2470250A16EA0079B61
:104CF000E7F7DAFE6FF0150686E007982067089858
:104D0000A8B10898616F88420FD947A1606FCDE9BB
:104D1000000141F2520245A100E031E06EA0089B83
:104D2000E7F7C2FE6FF015066EE008986067059819
:104D3000A16E096A88420ED03BA1A06E006ACDE93F
:104D4000000141F25C0239A16FA0059BE7F7ACFEC0
:104D50006FF0150658E00498A16EC96988420ED01C
:104D600031A1A06EC069CDE9000141F263022FA11B
:104D700071A0049BE7F798FE6FF0150644E000BFB2
:104D800004F130020CA92046FCF738FE064606B1B5
:104D90003AE000BF12A8FFF785FE00283FF428AFD5
:104DA00004F12000FFF77EFE10B16FF015062BE036
:104DB00004F13000FFF74AFB58B91BA2D4E90D01FA
:104DC0008DE8070041F2790218A167A0236BE7F78D
:104DD0006BFE206B00F0ECF980F00100216B0844C1
:104DE0002063D4E90D12206BC4E91012E063A16EB8
:104DF000E06A096AB0FBF1F201FB1200606520462F
:104E0000FBF7B8F80020E9E6204600F06BF93046E1
:104E1000E4E60000D4F905085D1904080800F00F65
:104E200000FCFF7F18001020000000002E2E5C2EDA
:104E30002E5C4D6964646C6577617265735C6C6946
:104E400074746C6566735C6C66732E63000000009E
:104E500025733A25643A6572726F723A20496E760C
:104E6000616C69642076657273696F6E2076256463
:104E70002E256425730A000025733A25643A65726D
:104E8000726F723A20556E737570706F72746564CC
:104E9000206E616D655F6D617820282575203E204C
:104EA00025752925730A000025733A25643A657231
:104EB000726F723A20556E737570706F727465649C
:104EC0002066696C655F6D617820282575203E201D
:104ED00025752925730A000025733A25643A657201
:104EE000726F723A20556E737570706F727465646C
:104EF00020617474725F6D617820282575203E20D2
:104F000025752925730A000025733A25643A6572D0
:104F1000726F723A20496E76616C696420626C6FC0
:104F2000636B20636F756E742028257520213D20EA
:104F300025752925730A000025733A25643A6572A0
:104F4000726F723A20496E76616C696420626C6F90
:104F5000636B2073697A652028257520213D202503
:104F6000752925730A00000025733A25643A6465A3
:104F70006275673A20466F756E642070656E64696D
:104F80006E672067737461746520307825303878D7
:104F9000253038782530387825730A002DE9F3411B
:104FA00098B005462846FFF71FF804461CB1204676
:104FB0001AB0BDE8F081002319AA0EA92846FCF713
:104FC000FFFB0646002E06DB304600F0E4F840F218
:104FD000FF31884206D1002E01DA3046E8E76FF053
:104FE0001500E5E7A86A0490304600F0FAF80228B8
:104FF0003BD1304600F0CFF84FF0005141EA80201D
:1050000040F0080802A84346344A0EA900902846FA
:10501000FCF7DDFC0746002F01DA3846C8E702A896
:10502000FFF735FD02AA06A92846FCF719F9044640
:105030000CB12046BCE7BDF82C00002802DC04A817
:10504000C07F10B16FF02600B2E701212846FFF7BC
:10505000A3F804460CB12046AAE700208DF81600FC
:10506000ADF8140004A8A86200BF002016901790A5
:10507000304600F090F81A4941EA8020012316904A
:1050800016AA0EA92846FBF755FD04461CB1049844
:10509000A86220468CE70498A862304600F0A1F888
:1050A000022819D1C11E2846FFF776F804460CB134
:1050B00020467DE70EAA06A92846FFF717F8044602
:1050C0000CB1204674E706AA0EA92846FCF796F80C
:1050D00004460CB120466BE7002069E700FC0F7026
:1050E0000000F04F10B504462046FBF787FC10BDCA
:1050F00070B505460E4600240CB1204670BD314601
:105100002846FFF74BFF04462046F7E710B5044654
:105110002068FEF780FD20606068FEF77CFD60601F
:10512000A068FEF778FDA060E068FEF774FDE0601F
:105130002069FEF770FD20616069FEF76CFD60611B
:1051400010BD10B50446206800F055F82060606876
:1051500000F051F86060A06800F04DF8A060E068D1
:1051600000F049F8E060206900F045F820616069CE
:1051700000F041F8606110BD0146C1F3075070476F
:1051800070B50446204600F00AF80519284600F0DC
:1051900018F8001D70BD0146C1F389207047014613
:1051A00041F30900401C08B9012070470020FCE7CA
:1051B0000146012000EBE17008B10120704700209A
:1051C000FCE70146C1F30900704710B504462046CC
:1051D000FFF7D2FF40B210BD014601F0E040000DE4
:1051E00070470146C1F30A50704710B50446204687
:1051F000FEF701FD10BD10B504462046FEF70BFD7D
:1052000010BD70B5054600240CB1204670BD28467F
:10521000FFF768FF04462046F8E700007FB5064622
:105220000D46E9F779FB04460E2D12D2DFE805F0B2
:1052300007121D2833393F5B6671808E949CE0789D
:10524000A178CDE900106378227850A13046E7F7C5
:105250003BFC98E0607C217CCDE90010E37BA27BE5
:105260004AA13046E7F730FC8DE0607B217BCDE939
:105270000010E37AA27A45A13046E7F725FC82E0E8
:10528000607D217DCDE90010E37CA27C3FA130460A
:10529000E7F71AFC77E040A241A13046E7F714FC9B
:1052A00071E000223FA13046E7F70EFC6BE0A07FE3
:1052B000012804D0022808D0042812D10BE00022D3
:1052C00038A13046E7F700FC0BE0012235A130465B
:1052D000E7F7FAFB05E0022232A13046E7F7F4FBDC
:1052E00000BF00BF4FE0607E217ECDE90010E37D6E
:1052F000A27D26A13046E7F7E7FB44E0607F217FEF
:10530000CDE90010E37EA27E20A13046E7F7DCFB6A
:1053100039E0607A217AE279A379CDE90032CDE9EA
:1053200002106379227920A13046E7F7CDFB2AE00D
:105330002220005D2121095DCDE900102020035DC0
:10534000E27F12A13046E7F7BFFB1CE015A1304613
:10535000626AE7F7B9FB16E094F82800421E11A133
:105360003046E7F7B1FB0EE02C20005D2B21095DF4
:10537000CDE900102A20035D94F8292003A13046CE
:10538000E7F7A2FB00BF00BF7FBD000025642E250C
:10539000642E25642E256400302E302E302E3000F1
:1053A0002573000025640000253032782D25303229
:1053B000782D253032782D253032782D25303278F1
:1053C0002D253032780000002DE9FF4704460F46B6
:1053D0004FF0000CE046BDF808109DF80A009DF85B
:1053E0000B209DF80D60F3199DF80C5001280BD08F
:1053F000032809D0052807D0072805D0082803D09E
:105400000A2801D00C282ED14FF01F0C4FF01E0897
:10541000032821D14FF4C87991FBF9FA09FB1A1935
:10542000B9F1000F13D04FEAE17901EB99794FEA16
:10543000A909A1EB8909B9F1000F0BD14FF064095B
:1054400091FBF9FA09FB1A19B9F1000F02D04FF0DC
:105450001D0801E04FF01C08082801D0012833D1B5
:105460004FF01F0830E0042805D0062803D0092893
:1054700001D00B2804D14FF01E0C4FF01F0823E081
:105480004FF01F084FF4C87991FBF9FA09FB1A197C
:10549000B9F1000F13D04FEAE17901EB99794FEAA6
:1054A000A909A1EB8909B9F1000F0BD14FF06409EB
:1054B00091FBF9FA09FB1A19B9F1000F02D04FF06C
:1054C0001D0C01E04FF01C0C182B0EDB183B521C7E
:1054D0006D1C072D00DD0125624506DDA2EB0C02E7
:1054E000401C0C2801DD0C38491C002B0DDA183348
:1054F000521E6D1E012D00DA0725012A05DA4246EB
:10550000401E012801DA0C20491E2180A070E270A3
:10551000257163719DF80E60A6719DF80F60E671AC
:10552000BDE8FF872DE9F0419CB004460025002628
:105530000027A846642103A8DAF7C4FFF2F716FA99
:10554000062084F830005648007A84F82A0054482F
:10555000417A2B2001555248817A2C200155504820
:10556000C17A2D2001554E48017B2E2001554C4813
:10557000417B2F20015540F2DC50208594F831000A
:1055800040F00E0084F8310000BF0CE0C5EB851040
:1055900000EBC510434901EBC002002329464248F5
:1055A000DEF744FF6D1C042DF0D3404803F02CFFC0
:1055B00034213F48DAF786FF21203D4908604FF447
:1055C000403048610020086103220021012018F0CA
:1055D00067FD3849086002200302224636490090E0
:1055E00036A00FF07DFE029037493848F0F790FF63
:1055F0003648F0F7C7FE3548F0F7A1FF4FF4FA60E0
:10560000EFF768F93148F0F785FE0646701D30B9AE
:10561000204605F0BEFA204605F09EFA1FE0022E55
:1056200006D0032E09D0042E0BD0052E11D10DE08B
:105630004FF400574FF4804810E000274FF48048A3
:105640000CE04FF400574FF0000807E00027B84681
:1056500004E04FF400574FF4804800BF00BF03A997
:105660001148DEF704FF0997CDF8208003A90E4802
:10567000DFF734FC0C48DFF77FFC204605F0C5FA65
:10568000204605F0A2FA02E011A0E7F70DFA1D4846
:105690000088F2F785FA0028F6D01CB0BDE8F0814A
:1056A000B0C503240002043008D30124C0FC05085F
:1056B00090C403245C030024617C03086574685F64
:1056C000746872656164000060030024C4C403242C
:1056D0004D4355D3EB504859D0BEC6ACCDA8D0C52C
:1056E000CAA7B0DCA3ACC7EBBCECB2E9B5E7C2B764
:1056F000BBF2D5DFD4B4C2EBA3A1A3A1A3A1A3A104
:105700000D0A00000C020024F0B58FB007460026F9
:10571000002002900025302103A8DAF7D3FE00BF55
:105720000CE0681C00EB400003A901EB800005EBD6
:10573000450103AA02EB810188606D1C032DF0D3A3
:1057400003A92748DEF77EFF002846D102A9244896
:10575000DEF7D8FF2248DEF727FEDDE90210002938
:1057600026DD00F01F0C0CEB0102034600BF00BF5A
:1057700000BFBFF34F8F00BF00BF00BF00BFDFF807
:1057800064C0CCF800302033203A002AF7DC00BF98
:1057900000BF00BFBFF34F8F00BF00BF00BF00BFFF
:1057A00000BF00BFBFF36F8F00BF00BF00BF00BFCF
:1057B00000BF0D4803F050FE044674B10B48206151
:1057C000029880B20399CDE90010029881B2234675
:1057D0004122002005F06CFC064630460FB0F0BDBB
:1057E00008D301245CEF00E0C0FC0508B5B604084E
:1057F0002DE9F0418CB080460E4600240027302170
:105800006846DAF75FFE354629E0042C04D36FF0D2
:105810000B000CB0BDE8F08104EB440168684DF862
:105820002100688904EB44016A4602EB810148606B
:1058300054B104EB4400694601EB8001601E00EBAB
:10584000400002EB80008160286830B9002004EB42
:1058500044016A4602EB81018860641C2D68002DBA
:10586000D3D1308904494860C1F808D014220348D4
:10587000DFF781FC3846CCE790C4032408D3012429
:105880002DE9F84F81460C4616464846F2F7AEFD24
:1058900007461FB94FF0FF30BDE8F88F00BF102E4C
:1058A00005D16078022802D104F0030088B100BF5E
:1058B0006FF00F00F0F71EFD804600BFB8F1000F3B
:1058C00002D01848C0F8008000BF00BF4FF0FF3082
:1058D000E2E700BF00BF60680090608800F0F9FA5E
:1058E000824600BF52466946386804F025F90546ED
:1058F00085B100BF2846F0F7FDFC804600BFB8F137
:10590000000F02D00748C0F8008000BF00BF4FF072
:10591000FF30C1E700BF002000BF00BF00BF00BFD5
:10592000BAE70000780300242DE9F04107464FF064
:1059300000083846F2F75AFD04461CB94FF0FF3014
:10594000BDE8F081206850B12068007800F0F000D8
:10595000102801D1012000E0002080460CE000BFAB
:10596000606840B100BF13A340F213321CA122A013
:10597000E7F79AF800BF00BF384602F0E3FD206861
:1059800004F086FB05466DB100BF2846F0F7B2FC77
:10599000064600BF0EB12248066000BF00BF4FF0B0
:1059A000FF30CDE741462046F2F70EFC00BF00BFB6
:1059B0000020C5E72E2E5C2E2E5C4D6964646C655C
:1059C00077617265735C6C7769705C7372635C613C
:1059D00070695C736F636B6574732E630000000005
:1059E000736F636B2D3E6C61737464617461203DF1
:1059F0003D204E554C4C0000417373657274696FC5
:105A00006E2022257322206661696C6564206174B2
:105A1000206C696E6520256420696E2025730A005C
:105A200078030024F0B587B004460020039004906A
:105A3000059006900027E8F7D9FF0646E8F76CFFC7
:105A400005462878A0746978E174A9782175E97809
:105A50006175A87AA075E97AE175297B2176697B61
:105A60006176A87BA076E97BE176297C2177697C49
:105A700061772879207269796172A979A172E979CF
:105A8000E172297A2173697A6173A87C84F8240011
:105A9000E97C25200155297D26200155697D272097
:105AA000015506A805A904AB03AACDE9001014A16D
:105AB00006F14400DAF7C2FD0746042F11D0802218
:105AC00006F144011148DAF751FD38B1802206F1A0
:105AD00044010E48DAF7CEFC0020E0710120A071ED
:105AE00009E00020A0710398A0730498E073059862
:105AF000207406986074D6F88400206207B0F0BD68
:105B000025642E25642E25642E2564001CC60324DE
:105B100010B586B00021084616F012FA9848FFF733
:105B200081FF9748807C01069548C07C41EA00418E
:105B30009348007D41EA00209149497D08430206CF
:105B40008F48807C01068E48C07C41EA00418C4829
:105B5000007D41EA00208A49497D084300F47F40E6
:105B600042EA00228648807C01068548C07C41EAE2
:105B700000418348007D41EA00208149497D084376
:105B800000F47F0042EA10227D48807C01067C48B8
:105B9000C07C41EA00417A48007D41EA0020784912
:105BA000497D084342EA106005907548807D0106F2
:105BB0007348C07D41EA00417148007E41EA0020FF
:105BC0006F49497E084302066D48807D01066C4896
:105BD000C07D41EA00416A48007E41EA00206849F0
:105BE000497E084300F47F4042EA00226448807DF9
:105BF00001066348C07D41EA00416148007E41EAF8
:105C000000205F49497E084300F47F0042EA1022E9
:105C10005B48807D01065A48C07D41EA00415848F2
:105C2000007E41EA00205649497E084342EA10605E
:105C300004905348807E01065148C07E41EA0041ED
:105C40004F48007F41EA00204D49497F0843020642
:105C50004B48807E01064A48C07E41EA00414848E0
:105C6000007F41EA00214648407F014301F47F4024
:105C700042EA00224248807E01064148C07E41EA55
:105C800000413F48007F41EA00203D49497F0843E9
:105C900000F47F0042EA10223948807E010638482D
:105CA000C07E41EA00413648007F41EA0020344985
:105CB000497F084342EA106003903148417B007BF2
:105CC0002F4AD27ACDE9002002912D48837A427A78
:105CD000017A2CA0E6F7E8FE2948407D009028488C
:105CE000037DC27C817C35A0E6F7DEFE2448407E41
:105CF00000902348037EC27D817D3CA0E6F7D4FE60
:105D00001F48407F00901E48037FC27E817E43A0D3
:105D1000E6F7CAFE4D484E49002203ABCDE900210B
:105D2000029004AA05A94B4804F0A4FC04462CB92F
:105D3000002013490870012006B010BD0120104951
:105D40000870444804F002FF17F054FB03204FF49E
:105D50008073404A4049009040A00FF0C1FA029081
:105D600017F098FB0020064981F82800F7F7B4FEE9
:105D7000F7F778F8F7F7E2FDEFF7B2FB0020DBE783
:105D8000B0C50324CDF8BFA8656EB5C44D4143B579
:105D9000D8D6B7CEAA3A2E2E2E2E2E2E2E2E2E2E20
:105DA0002E2E2E2E2E2E25642E25642E25642E2595
:105DB000642E25642E25640D0A000000BEB2CCAC12
:105DC0004950B5D8D6B72E2E2E2E2E2E2E2E2E2E54
:105DD0002E2E2E2E2E2E2E2E2E2E2E2E2E2E2564B6
:105DE0002E25642E25642E25640D0A00D7D3CDF808
:105DF000D1DAC2EB2E2E2E2E2E2E2E2E2E2E2E2E23
:105E00002E2E2E2E2E2E2E2E2E2E2E2E2E2E256485
:105E10002E25642E25642E25640D0A00C4ACC8CF3F
:105E2000CDF8B9D82E2E2E2E2E2E2E2E2E2E2E2EF4
:105E30002E2E2E2E2E2E2E2E2E2E2E2E2E2E256455
:105E40002E25642E25642E25640D0A0021C1050827
:105E5000B97B0308E0C50324815F04086574685FAB
:105E60006C696E6B000000002DE9F0410446254688
:105E7000686880470FF030F806460D4928680968C1
:105E80004718B81BB0F1004F01D3012000E00020FB
:105E900030B129688819224606490FF0F7FA04E064
:105EA0002246044938460FF0F1FABDE8F0810000BF
:105EB00030030024695E04080146080601F47F42AD
:105EC00040EA022001F47F0240EA122040EA116019
:105ED000704701460806000C40EA11207047000098
:105EE00008B50020009000BF6846804208D000BF7F
:105EF0000EA34FF4A972174917A0E6F7D5FD00BF0E
:105F000000BF00BF00BF0EF07FFD02F0E7FE03F010
:105F10006BFA04F077FD16F0FFFA10F07FFEF7F74A
:105F2000DBFDEFF7DDFA0FF04DFB08BD2E2E5C2EEA
:105F30002E5C4D6964646C6577617265735C6C7727
:105F400069705C7372635C636F72655C696E6974BF
:105F50002E63000064570608417373657274696F9D
:105F60006E2022257322206661696C65642061744D
:105F7000206C696E6520256420696E2025730A00F7
:105F800008B5044600200090264600253FE06B46F9
:105F9000012200211E48DEF748FF009800F00400AF
:105FA000C0B900201B4981F828006D1C022D00DBC0
:105FB0002DE000210220F9F793FE002015494870DA
:105FC0001348DFF782F8304604F0C6FD304604F08F
:105FD000E0FD16E000250F4890F8280088B901215F
:105FE0000220F9F77DFE01200A49487081F8280057
:105FF0000748DFF707F8304604F007FE304604F0A4
:10600000E4FDF9F775FD642017F032FC00BFBEE730
:1060100008D30124B0C5032470B506463446206871
:10602000406820B32068007800F0F000102812D0FB
:10603000202808D0402816D12268A168506808F0AE
:10604000D9F8054612E0A2892368A168586816F0BD
:10605000C9F905460AE0A2892368A16858680FF0CB
:1060600023FD054602E06FF0050500BF01E06FF07B
:106070000505257170BD000070B505462C462068E9
:1060800046782068406800285ED02068007800F0DC
:10609000F000102858D1207A032801D0022E53D0C6
:1060A000032E02D1F520207150E0012E02D1FB20F9
:1060B00020714BE0207A00F0010010B1206803F05D
:1060C000A8FD00BF2068406A40B100BF20A34FF484
:1060D000F8622AA130A0E6F7E7FC00BF00BF042069
:1060E00021684870206844620021206800F06EF842
:1060F000002828D000BF20684078042808D000BFBE
:1061000013A340F2C5722EA123A0E6F7CDFC00BF79
:1061100000BF2D480EF06EFE216801F10C00002139
:106120000EF012FB28480EF0A9FD00BF2068407851
:1061300040B100BF06A340F2C97221A116A0E6F744
:10614000B3FC00BF00BF70BDF520207100BFFAE7AF
:106150002E2E5C2E2E5C4D6964646C6577617265D1
:10616000735C6C7769705C7372635C6170695C61AD
:1061700070695F6D73672E6300000000616C72656B
:106180006164792077726974696E67206F72206329
:106190006C6F73696E670000417373657274696F29
:1061A0006E2022257322206661696C65642061740B
:1061B000206C696E6520256420696E2025730A00B5
:1061C0007374617465210000740200242DE9FC5F82
:1061D00004468B460020019000BF44B900BF8AA34B
:1061E00040F2A53293A197A0E6F75EFC00BF00BF86
:1061F00000BF207800F0F000102808D000BF82A374
:1062000040F2A63299A18FA0E6F74EFC00BF00BF76
:1062100000BF6078042808D000BF7BA340F2A732FB
:106220009AA188A0E6F740FC00BF00BF00BF6068ED
:1062300040B900BF74A34FF46A729DA181A0E6F734
:1062400033FC00BF00BF00BF606A40B900BF6EA34F
:1062500040F2A9329BA17BA0E6F726FC00BF00BF5D
:106260006768606A90F808A00AF001090AF002085D
:10627000BAF1030F01D1012517E0B9F1000F0AD0DF
:10628000387D052805D0387D062802D0387D0828BD
:1062900001D1012509E0B8F1000F05D0B87E00F06A
:1062A000100008B1012500E000251DB1002138468D
:1062B0000FF0F6FB387D012804D1002138460FF09D
:1062C00036FB1BE0B9F1000F07D00021384613F070
:1062D000C5FC002138460FF02AFBB8F1000F03D0AF
:1062E0000021384614F0E8F945B10022114638463D
:1062F00012F08EFC0021384610F078FA25B13846AD
:106300000FF092FD064605E042464946384614F035
:1063100038FA064616B9012001900EE0701C50B9FB
:10632000606A407A48B90120019035B138460FF0D3
:10633000F7FA002601E001200190019878B3606A25
:1063400000680C300090606A067100206062607026
:10635000E6B93DB16060A06A20B100220421204668
:10636000A36A9847B9F1000F06D0A06A20B10022B5
:1063700011462046A36A9847B8F1000F06D0A06ADC
:1063800020B1002202212046A36A9847BBF1000FEA
:1063900002D000980EF098FE0020BDE8FC9FFFE7B9
:1063A0000198002821D100BF387D012808D100BF05
:1063B00015A340F244424AA122A0E6F775FB00BFB4
:1063C00000BFB8F1000F03D04E49384614F074F9FD
:1063D00001224D49384612F01BFC4C49384610F05A
:1063E00005FA214638460FF05BFB00BF46B900BFF7
:1063F00005A34FF48A6246A112A0E6F755FB00BF41
:1064000000BF3046C9E700002E2E5C2E2E5C4D6981
:1064100064646C6577617265735C6C7769705C73DA
:1064200072635C6170695C6170695F6D73672E6334
:1064300000000000696E76616C696420636F6E6EA7
:1064400000000000417373657274696F6E2022252D
:106450007322206661696C6564206174206C696ECA
:106460006520256420696E2025730A0074686973AD
:1064700020697320666F7220746370206E65746388
:106480006F6E6E73206F6E6C79000000636F6E6EBE
:10649000206D75737420626520696E207374617459
:1064A00065204E4554434F4E4E5F434C4F5345007D
:1064B00070636220616C726561647920636C6F73D4
:1064C00065640000636F6E6E2D3E63757272656E5B
:1064D000745F6D736720213D204E554C4C000000C9
:1064E000436C6F73696E672061206C697374656EAD
:1064F00020706362206D6179206E6F74206661691F
:106500006C21000059FC040809C00408F560030868
:1065100065727220213D204552525F4F4B000000B2
:106520002DE9F041064634462068406810B96FF006
:106530000E058EE02068007800F0F000102812D0E0
:10654000202808D040287CD12268A168506807F034
:106550009BFE05467CE0A2892368A168586815F077
:106560009DFF054674E020684078032802D16FF053
:10657000080565E02068407810B16FF009055FE01C
:10658000206809F055FCA2892368A1685868324B3D
:106590000FF0D2FD0546002D52D1206890F8200062
:1065A000C0F3400703202168487000BF4FB100BF0F
:1065B000206890F8200040F00400216881F8200055
:1065C00009E000BF206890F8200000F0FB0021687F
:1065D00081F8200000BF00BF17B16FF004052EE066
:1065E0002068446200BF20684078032808D000BFBC
:1065F0001AA340F2735224A125A0E6F755FA00BF72
:1066000000BF2D480EF0F6FB216801F10C000021BF
:106610000EF09AF828480EF031FB00BF2068407851
:10662000032808D100BF0DA340F2775216A118A08D
:10663000E6F73AFA00BF00BFBDE8F08101E000BF15
:1066400006E000BF00BF6FF0050500BF00BF00BF40
:1066500000BF257100BFEFE7BD6604082E2E5C2E3B
:106660002E5C4D6964646C6577617265735C6C77F0
:1066700069705C7372635C6170695C6170695F6DA5
:1066800073672E630000000073746174652100005D
:10669000417373657274696F6E20222573222066C0
:1066A00061696C6564206174206C696E6520256485
:1066B00020696E2025730A00740200242DE9F0473A
:1066C0000646894690460027344614B9B81FBDE8EF
:1066D000F08700BF6078032808D000BF2FA340F2E6
:1066E000265239A140A0E6F7DFF900BF00BF00BF86
:1066F000606A00280ED194F8200000F00400002801
:1067000008D100BF25A340F2275241A136A0E6F7E9
:10671000CBF900BF00BF606A30B1606A80F80480C6
:10672000606A006800F10C07207800F0F000102883
:1067300005D1B8F1000F02D1204609F079FB94F899
:106740002000012121EA900500BF00BF94F820003D
:1067500000F0FB0084F8200000BF00BF00BF05B1BF
:1067600057B905B947B100BF0CA340F2335238A165
:106770001DA0E6F799F900BF00BF002060626070BD
:10678000A06A20B1002202212046A36A984715B1D1
:1067900038460EF099FC002099E700002E2E5C2E62
:1067A0002E5C4D6964646C6577617265735C6C77AF
:1067B00069705C7372635C6170695C6170695F6D64
:1067C00073672E6300000000636F6E6E2D3E73745E
:1067D000617465203D3D204E4554434F4E4E5F430E
:1067E0004F4E4E4543540000417373657274696F98
:1067F0006E2022257322206661696C6564206174B5
:10680000206C696E6520256420696E2025730A005E
:1068100028636F6E6E2D3E63757272656E745F6D68
:10682000736720213D204E554C4C29207C7C2063F1
:106830006F6E6E2D3E696E5F6E6F6E5F626C6F6322
:106840006B696E675F636F6E6E6563740000000056
:10685000626C6F636B696E6720636F6E6E656374E5
:10686000207374617465206572726F72000000009D
:1068700070B5064634462068457800BF002D0ED01E
:106880002068007800F0F000102808D000BF54A362
:1068900040F261425DA162A0E6F706F900BF00BFC9
:1068A0001DB1022D01D0032D07D1032D08D1206881
:1068B00090F8200000F0040010B9FB2020718DE05A
:1068C00000BF032D0ED1206890F8200000F00400D6
:1068D00040B900BF42A340F27D425BA150A0E6F761
:1068E000E3F800BF00BF00202071206803F091F999
:1068F00020684068002861D02068007800F0F0002F
:10690000102811D0202806D0402852D1216848688C
:1069100007F0B0FD4EE00020216849684862216818
:10692000486816F03DF945E000BF2068406A40B174
:1069300000BF2BA340F297424BA139A0E6F7B4F871
:1069400000BF00BF04202168487003202072206827
:10695000446200212068FFF739FC002828D000BFDE
:1069600020684078042808D000BF1DA340F29D4253
:1069700044A12BA0E6F798F800BF00BF43480EF0F3
:1069800039FA216801F10C0000210DF0DDFE3F48CD
:106990000EF074F900BF2068407840B100BF10A32A
:1069A00040F2A14237A11EA0E6F77EF800BF00BF6B
:1069B00070BD00BF00BF0020216848602068806A69
:1069C00020B1206800221146836A98472068806AB7
:1069D00020B1206800220221836A984700BFE7E7C0
:1069E0002E2E5C2E2E5C4D6964646C657761726539
:1069F000735C6C7769705C7372635C6170695C6115
:106A000070695F6D73672E63000000006E657463CC
:106A10006F6E6E207374617465206572726F7200A0
:106A2000417373657274696F6E202225732220662C
:106A300061696C6564206174206C696E65202564F1
:106A400020696E2025730A00626C6F636B696E6744
:106A500020636F6E6E65637420696E2070726F675D
:106A60007265737300000000616C72656164792067
:106A700077726974696E67206F7220636C6F7369D7
:106A80006E67000073746174652100007402002455
:106A900070B505462C4620684068002861D0207CEF
:106AA00028B1206840680068A168086004E0206898
:106AB00040684068A1680860002020712068007864
:106AC00000F0F000102825D020280CD040283BD121
:106AD000207C28B120684068017CE068018001E0EA
:106AE000F52020713CE0207C28B120684068418A74
:106AF000E06801800DE020684068007C00F0040040
:106B000010B9F520207104E020684068818AE068AF
:106B1000018025E0207C58B920684068007D20B1C4
:106B200020684068007D012802D1F52020710AE02C
:106B3000207C18B120684068C08A02E02068406864
:106B4000008BE16808800BE000BF00BF06A34FF494
:106B5000F06210A115A0E5F7A7FF00BF00BF00BFBE
:106B600001E0F520207170BD2E2E5C2E2E5C4D694B
:106B700064646C6577617265735C6C7769705C7373
:106B800072635C6170695C6170695F6D73672E63CD
:106B900000000000696E76616C6964206E65746344
:106BA0006F6E6E5F747970650000000041737365ED
:106BB0007274696F6E2022257322206661696C658C
:106BC00064206174206C696E6520256420696E20E4
:106BD00025730A0070B505462C46F5202071206803
:106BE0004068A8B12068007800F0F00020280DD19E
:106BF000607C28B9D4E90210F7F70AF8207107E0A1
:106C0000D4E90210F7F786F8207101E0FA2020712C
:106C100070BD70B50446254600202871286840687C
:106C200010B9284605F05AF870BD2DE9F041054627
:106C30002C460020207120684068C0B12068007890
:106C400000F0F000102812D1A66800BFB6F5803F12
:106C500002D34FF6FF7000E0304687B221684868E3
:106C6000394613F06BF8F61B002EEFD100BFBDE8DC
:106C7000F0812DE9F04105462C46206803F01AF812
:106C80000646002E41D12068406800283BD020688D
:106C9000007800F0F00020281AD040282FD1A068FA
:106CA000083018B1A068806800B107E0A2681168D8
:106CB0002268506807F000FC064608E0A36803F16C
:106CC000080219682368586807F0FFFB064619E0B8
:106CD000A068806800B107E0A26811682268506867
:106CE00015F086FF064609E0A768BB8907F1080290
:106CF00039682768786815F091FF064602E06FF062
:106D00000A0600BF01E06FF00A062671BDE8F081B7
:106D100070B505462C46206802F0CCFF0646002ED2
:106D200064D12068007800F0F00010285CD1206861
:106D3000407808B1761F59E020684068002850D09C
:106D400001202168487000BF2068406A40B100BF40
:106D500028A340F2267232A138A0E5F7A5FE00BFB5
:106D600000BF00BF606940B900BF22A340F2277294
:106D70003CA132A0E5F798FE00BF00BF2068446246
:106D80000021206800F07EF8002829D000BF20688C
:106D90004078012808D000BF16A340F22B7236A11C
:106DA00026A0E5F781FE00BF00BF35480EF022F8AF
:106DB000216801F10C0000210DF0C6FC30480DF0F7
:106DC0005DFF00BF20684078012808D100BF09A3FB
:106DD00040F22F7228A119A0E5F766FE00BF00BFA0
:106DE00070BD6FF00A0601E06FF00506267100BF66
:106DF000F6E700002E2E5C2E2E5C4D6964646C65F7
:106E000077617265735C6C7769705C7372635C61E7
:106E100070695C6170695F6D73672E6300000000CC
:106E2000616C72656164792077726974696E67203C
:106E30006F7220636C6F73696E67000041737365D6
:106E40007274696F6E2022257322206661696C65F9
:106E500064206174206C696E6520256420696E2051
:106E600025730A006D73672D3E6D73672E772E6C48
:106E7000656E20213D20300073746174652100002F
:106E8000740200242DE9F34F83B0044600200190E2
:106E900000BF44B900BFAEA340F27662B7A1BBA069
:106EA000E5F702FE00BF00BF00BF6078012808D0F0
:106EB00000BFA7A340F27762BEA1B4A0E5F7F4FD3E
:106EC00000BF00BF00BF606A40B900BFA0A34FF47D
:106ED000CF62C0A1ADA0E5F7E7FD00BF00BF00BFD6
:106EE000606840B900BF9AA340F27962C0A1A7A030
:106EF000E5F7DAFD00BF00BF00BF606AD0E9050119
:106F0000814208D300BF92A340F27A62BEA19FA043
:106F1000E5F7CAFD00BF00BF00BF606A8089002896
:106F200008DC00BF8AA340F27C62C7A197A0E5F706
:106F3000BBFD00BF00BF606A077F94F8200000F02F
:106F4000020010B907F0040008B1012000E00020A1
:106F5000814600BF606A80680168606A0069084411
:106F60000290606A80684168606A0069A1EB00086D
:106F7000B8F5803F04D34FF6FF7647F0020701E0F3
:106F80001FFA88F66068B0F864B0B3450FDA5E4661
:106F9000B9F1000F09D056B9606A806910B96FF075
:106FA000060000E0002005465EE047F0020700BF53
:106FB000606A00693044616A89684968884208D912
:106FC00000BF63A340F2A662A9A170A0E5F76CFD23
:106FD00000BF00BF4FF6FF70864202D1B8F5803F78
:106FE00007D21FFA88F0B04208D1606A8089012870
:106FF00004DD0120009047F0020701E0002000902E
:107000003B4632466068029914F040FA054615BBCB
:10701000606A80698119606A8161606A00698119AA
:10702000606A0161606A0069616A896849688842CA
:1070300011D1606A8089401E81B2606A8181606A74
:107040008089002807DD606A80680830616A88608E
:107050000021606A0161009810B1002D3FF47AAF01
:107060000DB1681C48BB00BFB9F1000F12D0606AB7
:10707000D0E9050181420DD2A06A20B1002203218E
:107080002046A36A984794F8200040F0100084F846
:10709000200012E06068B0F8640041F65E7188423A
:1070A00004DD6068B0F866002C2806DBA06A20B119
:1070B000002203212046A36A9847A5B9606AD0E957
:1070C0000501814202D0B9F1000F01D001200190E9
:1070D000606810F037FE82460AF1040010B9554688
:1070E000012001901CE0681CC0B9606810F02AFE05
:1070F00082460AF1040018B95546012001900CE0BF
:10710000B9F1000F09D0606A806910B96FF006000C
:1071100000E0002005460120019001E001200190DF
:10712000019870B1606A006800F10C0A606A05712C
:10713000002060626070049810B150460DF0C4FFEA
:1071400004E04FF0FF3005B0BDE8F08F0020FAE713
:107150002E2E5C2E2E5C4D6964646C6577617265C1
:10716000735C6C7769705C7372635C6170695C619D
:1071700070695F6D73672E6300000000636F6E6E51
:1071800020213D204E554C4C00000000417373659A
:107190007274696F6E2022257322206661696C65A6
:1071A00064206174206C696E6520256420696E20FE
:1071B00025730A00636F6E6E2D3E737461746520D3
:1071C0003D3D204E4554434F4E4E5F575249544526
:1071D00000000000636F6E6E2D3E63757272656E07
:1071E000745F6D736720213D204E554C4C000000AC
:1071F000636F6E6E2D3E7063622E74637020213D4E
:10720000204E554C4C000000636F6E6E2D3E637532
:107210007272656E745F6D73672D3E6D73672E7746
:107220002E6F6666736574203C20636F6E6E2D3E14
:1072300063757272656E745F6D73672D3E6D7367F3
:107240002E772E6C656E0000636F6E6E2D3E63753B
:107250007272656E745F6D73672D3E6D73672E7706
:107260002E766563746F725F636E74203E2030000B
:107270006C7769705F6E6574636F6E6E5F646F5F6D
:1072800077726974656D6F72653A20696E76616CAC
:107290006964206C656E67746821000010B504464F
:1072A00014F10F0F09D014F10E0F04D014F10D0FCB
:1072B00005D1094810BD0948FCE70948FAE700BFB5
:1072C0003CB100BF07A37D2211A115A0E5F7ECFB9F
:1072D00000BF00BF0020EDE7E8FA0508E9FA05085D
:1072E000EAFA05082E2E5C2E2E5C4D6964646C65EE
:1072F00077617265735C6C7769705C7372635C61F3
:1073000070695C6170695F6D73672E6300000000D7
:10731000756E68616E646C6564206572726F720070
:10732000417373657274696F6E2022257322206623
:1073300061696C6564206174206C696E65202564E8
:1073400020696E2025730A0070B505460C4600BF03
:107350003CB900BF0FA3852219A11CA0E5F7A4FB2F
:1073600000BF00BF2348854203D1F32020700120D5
:1073700070BD2148854203D1F22020700120F7E73B
:107380001E48854203D1F12020700120F0E7002043
:10739000EEE700002E2E5C2E2E5C4D6964646C6559
:1073A00077617265735C6C7769705C7372635C6142
:1073B00070695C6170695F6D73672E630000000027
:1073C00065727220213D204E554C4C00417373650F
:1073D0007274696F6E2022257322206661696C6564
:1073E00064206174206C696E6520256420696E20BC
:1073F00025730A00E8FA0508E9FA0508EAFA05081B
:10740000002003490870487088708880C8707047F1
:107410001CC7032404488088C0F57A6002490881AB
:1074200001200249087070471CC703248003002410
:107430002DE9F84304460D4600270026B046B14624
:107440000020009020780006617840EA0140A17891
:1074500040EA0120E17808430206207800066178BE
:1074600040EA0140A17840EA0120E178084300F4B5
:107470007F4042EA002220780006617840EA01411C
:10748000A07841EA0020E178084300F47F0042EA56
:10749000102220780106607841EA0041A07841EA94
:1074A0000020E178084342EA10600090684608B97D
:1074B000002000E000983749096808602878000635
:1074C000697840EA0140A97840EA0120E978084358
:1074D000020628780006697840EA0140A97840EA67
:1074E0000120E978084300F47F4042EA002228782E
:1074F0000006697840EA0141A87841EA0021E8786D
:10750000014301F47F0042EA1022287801066878DE
:1075100041EA0041A87841EA0020E978084342EABC
:1075200010600090684608B9002000E000981949F2
:10753000096848604FF420722021222003F014FCD7
:10754000064616B94FF0FF391EE07089318988422E
:1075500014D1306890B977682021384604F054FC83
:107560000C480268121D3146006806F0AEFF8046E6
:10757000B8F1000F02D06FF0010905E0304603F0CA
:10758000CBFF4846BDE8F883304603F0C5FF4846C8
:10759000F8E700007C03002470B5044601253C4850
:1075A0004078012870D13B48007820B1012810D0E4
:1075B000022854D14AE0214635481230FFF738FFFF
:1075C0000120344908704FF47A6088800020C87028
:1075D00045E03048C078012810D14FF4FA602D49B9
:1075E00088800020C870022008700020487008467B
:1075F0008078401C88700020C88008812648007868
:10760000012822D12348407820B922480089214905
:10761000C88009E01F4800891E49C988884203DBE9
:107620001C4800891B49C8804FF4FA6019498880BA
:107630000020C87002200870002088701649087069
:1076400014484078401C1349487008E01148C0783D
:10765000012803D100200F49C870087000BF00BF87
:107660000C488078042804DB00200A4988704870A0
:10767000451E08484078042808DB0020054988702A
:107680004870002502E0FFE76FF00105284670BD55
:10769000B0C503241CC70324800300240648808847
:1076A00048B105488088401E034988800846808884
:1076B00008B90120C87070471CC70324F0B5044600
:1076C0000D461646059F002117E0606900EBC102D8
:1076D0001068A84210D12EB1107900F0010008B155
:1076E0000120F0BD2BB1107900F0020008B101209B
:1076F000F7E70FB10120F4E7491CA0698842E4D8FC
:107700000020EEE72DE9FF4F83B004468B461F466D
:107710004FF0080A00260598B0F1004F01D20598F5
:1077200001E06FF00040804600BF44B900BF5EA397
:1077300040F29D3267A16BA0E5F7B6F900BF00BF2C
:1077400000BF2068007800F0F000102808D000BFCB
:1077500055A340F29E326DA162A0E5F7A5F900BFE6
:1077600000BF07F0080008B14AF0040A00BF6068D3
:1077700010B16068029031E0524602A9206802F020
:107780003AFE8146B9F1000F19D0002E00DD7AE0F3
:1077900000BF4846EEF7AEFD019000BF019810B162
:1077A00063490198086000BF00BF09F10F0018B9D4
:1077B000002007B0BDE8F08F4FF0FF30F9E700BFC1
:1077C000029840B900BF38A34FF4717259A145A087
:1077D000E5F76AF900BF00BF02986060029800896F
:1077E000404502DA0298058901E01FFA88F5701910
:1077F000B04203DA6FF00040801B85B20BEB06014C
:1078000000232A46029803F073FD2E4400BFA845CA
:1078100008DA00BF24A34FF4777249A131A0E5F73D
:1078200043F900BF00BFA8EB050807F001000028DE
:107830001ED100BF02980089A84208DA00BF1AA32F
:1078400040F2E23248A127A0E5F72EF900BF00BFC1
:1078500002980089401B002805DD2946029803F0A4
:1078600033FF606004E000206060029803F054FE83
:107870004AF0140AB8F1000F04DD07F001000028F7
:107880003FF475AF00BF002E06DD07F0010018B908
:107890003146206802F0F0FD00BF002000BF00BFAD
:1078A00000BF304685E700002E2E5C2E2E5C4D6911
:1078B00064646C6577617265735C6C7769705C7326
:1078C00072635C6170695C736F636B6574732E6364
:1078D000000000006E6F20736F636B657420676932
:1078E00076656E00417373657274696F6E20222530
:1078F0007322206661696C6564206174206C696E16
:107900006520256420696E2025730A0074686973F8
:107910002073686F756C6420626520636865636BB3
:10792000656420696E7465726E616C6C790000002C
:10793000780300247020213D204E554C4C0000005F
:10794000696E76616C696420636F70796C656E2C0A
:10795000206C656E20776F756C6420756E6465723F
:10796000666C6F7700000000696E76616C69642058
:10797000636F70796C656E002DE9FE4304460D4619
:1079800016469946DDE90A7814B90020BDE8FE8361
:1079900095B18EB1002302AA01A9206802F05AFA1B
:1079A0004DB146B100962B46BDF8082001A92068CC
:1079B00000F0D8FCEAE700BF0020E7E72DE9FF4F21
:1079C0008BB006468A461546DDE918B43046F0F716
:1079D0000DFD074627B94FF0FF300FB0BDE8F08F1F
:1079E0003868007800F0F000102810D12A4651467F
:1079F00038460E9BFFF786FE80462DA32246594649
:107A00003846CDE90068FFF7B7FF4046E5E70020BC
:107A10000A90CDF820A0099505900690079008A837
:107A2000039001200490CDF804B00CB1206800E070
:107A3000002002900AAB01AA009638460E9900F089
:107A400041F88146B9F1000F0FD000BF4846EEF76C
:107A500051FC009000BF009810B1194900980860CF
:107A600000BF00BF4FF0FF30B7E7BDF828008542E8
:107A700001D2284601E0BDF828006FF0004188429D
:107A800008D2BDF82800854201D2284604E0BDF89E
:107A9000280001E06FF0004080460CB102982060A1
:107AA00000BF00BF002000BF00BF00BF404694E7FA
:107AB0006C7769705F7265637666726F6D00000047
:107AC000780300242DE9FF5F0546894614469A464F
:107AD00000BFA06838B9E068002804DD6FF00F002F
:107AE00004B0BDE8F09F00BF09F0080010B14FF0EE
:107AF000040B01E04FF0000B686803900398002826
:107B000018D15A4603A9286802F08AFC029002980C
:107B100008B10298E4E700BF039840B900BF30A362
:107B200040F25D4239A13CA0E4F7BEFF00BF00BFB8
:107B30000398686003980068B0F808800027002662
:107B400020E0A8EB070080B20090A06800EBC60020
:107B500041680098814202D90098019005E0A06830
:107B600000EBC600808880B20190A26852F83610FF
:107B7000039A3B461068019A03F0BAFB0198384417
:107B800087B2761CE068B04201DD4745D9DB20684A
:107B900070B1606860B1206850B1606840B1201D6C
:107BA0000090236803998A890831286800F0DAFB7D
:107BB0000020A061206920B1002008B90021616186
:107BC00000BF09F0010020B900206860039801F0AF
:107BD000CCFEBAF1000F01D0AAF8008000207FE7A8
:107BE0002E2E5C2E2E5C4D6964646C657761726527
:107BF000735C6C7769705C7372635C6170695C73F1
:107C00006F636B6574732E630000000062756620FD
:107C1000213D204E554C4C00417373657274696F61
:107C20006E2022257322206661696C656420617470
:107C3000206C696E6520256420696E2025730A001A
:107C40002DE9FE4F81468A4693461C464846F0F78A
:107C5000CDFB05461DB94FF0FF30BDE8FE8F28680B
:107C6000007800F0F000102809D000200090234692
:107C70005A4651460190484600F032F8EDE704F0CC
:107C8000100008B1022000E0002040F0010004F0E4
:107C9000080109B1042100E0002140EA01070020A9
:107CA000029002A800903B465A465146286802F0CE
:107CB00013FC064600BF3046EEF71CFB804600BFB3
:107CC000B8F1000F02D00548C0F8008000BF00BF27
:107CD0000EB90298C1E74FF0FF30BEE778030024E9
:107CE0002DE9FF4F85B01746DDE912490598F0F7F9
:107CF0007DFB8046B8F1000F04D14FF0FF3009B092
:107D0000BDE8F08FD8F80000007800F0F0001028EF
:107D100006D13A46089BDDE90501FFF791FFEEE742
:107D2000B7F5803F0AD300BF5A2000BF5A21304A1E
:107D3000116000BF00BF4FF0FF30E0E71FFA87FA85
:107D400000BF14B9B9F1000F1BD0B9F1100F06D163
:107D50002CB16078022802D104F0030088B100BF82
:107D60006FF00F00EEF7C6FA834600BFBBF1000FBD
:107D700002D01F48C0F800B000BF00BF4FF0FF3076
:107D8000BDE700BF0020029001903CB100BF6068D9
:107D900003906088FEF79DF8064602E0002600206A
:107DA0000390ADF81060524601A8069901F0FDFD60
:107DB00005462DB901A9D8F8000002F047FB054699
:107DC00001A801F0E2FD00BF2846EEF793FA8346D2
:107DD00000BFBBF1000F02D00548C0F800B000BFE3
:107DE00000BF0DB950468AE74FF0FF3087E700002B
:107DF000780300242DE9F84F06460F4690461C46AE
:107E0000DDF8289000253046F0F7F0FA8246BAF106
:107E1000000F02D1681EBDE8F88F54B900BF0E20D4
:107E200000BF0E21114A116000BF00BF4FF0FF30AC
:107E3000F1E70F480CF022FF234642463946304610
:107E4000CDF8009000F016F8054609480CF0D2FF76
:107E500000BF284600BF08B10449086000BF00BF4A
:107E600015B14FF0FF30D6E70020D4E778030024A7
:107E7000740200242DE9FE4F8246894617461D46AE
:107E80000C9E00200290504614F088FA044614B963
:107E90000920BDE8FE8FB9F1000F6FD0B9F1060FD0
:107EA0006DD0B9F1FF0F6BD0A9F6FF70002868D133
:107EB00041F20601781A8F423AD004DC082F08D02C
:107EC000202F70D104E0042851D00528F9D183E097
:107ED00000BF202F07D12068007800F0F000202894
:107EE00001D05C20D5E7384600F0D8FB074600BF3C
:107EF00000BF042E01D21620CBE700BF206810B1CE
:107F00002068406808B91620C3E700BF286838B168
:107F100020684068407A384321684968487206E022
:107F200020684068407AB8432168496848729DE0FB
:107F300000BF00BF082E01D21620AAE700BF2068AC
:107F400008B91620A5E700BF4FF47A72686890FB65
:107F5000F2F02A6802EB4203C3EBC21200EBC2014B
:107F6000002901DA162094E72068C1617EE000BF95
:107F700000BF00BF042E05D216208AE778E05DE13D
:107F8000A4E1A9E100BF206810B12068406808B9E9
:107F900016207EE700BF2068007800F0F00020285F
:107FA00002D05C2075E75EE000BF286848B100BFE2
:107FB00020684068007C40F001002168496808742E
:107FC00009E000BF20684068007C00F0FE002168E6
:107FD0004968087400BF49E04FF0000B00BF00BFC4
:107FE000062E01D2162054E700BF206808B91620DB
:107FF0004FE700BFA846454698F8000040B140460C
:1080000002F0C2FC8346BBF1000F01D1132040E710
:108010002068007800F0F000102804D0202808D054
:10802000402812D10BE02168486859460DF094FDB4
:1080300017E021684868594614F026FA11E02168D3
:108040004868594606F0E3F80BE000BF00BFA5A35F
:1080500040F68352AEA1B9A0E4F726FD00BF00BFF1
:1080600000BF00BF02E05C20029000BF00BF36E10D
:10807000082F70D2DFE807F0DD1804999A2C4969BF
:1080800000BF00BF042E01D2162002E700BF206807
:1080900010B12068406808B91620FAE600BF2878B9
:1080A00021684968C872C7E000BF00BF042E01D232
:1080B0001620EEE600BF206810B12068406808B9BD
:1080C0001620E6E600BF2878216849688872B3E088
:1080D00000BF00BF00BF0EB91620DAE600BF20685F
:1080E00010B12068406808B91620D2E600BF2068A9
:1080F000007800F0F000202801D05C20C9E600BF25
:10810000287821684968487796E000BF00BF00BF23
:10811000042E01D21620BCE600BF206810B12068F2
:10812000406808B91620B4E600BF2068007800F067
:10813000F000202801D05C20ABE600BF2868019049
:10814000019821684968886176E000BF00BF00BFE0
:1081500016B916209DE66CE000BF206810B12068BB
:10816000406808B9162094E600BF2068007800F047
:10817000F000202801D05C208BE600BF287848B1B1
:1081800000BF20684068007C40F008002168496812
:10819000087409E000BF20684068007C00F0F70028
:1081A00021684968087400BF46E000BFAB4600BFC5
:1081B00000BF00BF082E01D216206AE600BF20686B
:1081C00010B12068406808B9162062E600BF206838
:1081D000007800F0F000202801D05C2059E600BFB4
:1081E000DBF804000190DBF800000090032F10D1B1
:1081F0006A4601A9504600F0E1F920B90C2002902E
:108200004FF000080FE0694601A8F5F701FD804630
:1082100009E0694601A8F5F77DFD80466A4601A997
:10822000504600F0FBF9B8F1000F01D06320029036
:1082300002E05C20029000BF00BF50E000BF00BF22
:1082400000BF042E01D2162023E600BF206810B123
:108250002068406808B916201BE600BF2068007837
:1082600000F0F000102801D05C2012E600BF20686A
:108270004068007D012801D116200AE6012F02D0B6
:10828000022F1ED117E0286848B100BF206840685F
:10829000408B40F040002168496848830AE000BFF5
:1082A00020684068408B4FF6BF71084021684968DC
:1082B000488300BF08E0286821684968C1F8900039
:1082C00002E05C20029000BF00BF08E000BF5C201D
:1082D000029000BF00BF02E05C20029000BF00BF20
:1082E0000298D6E52E2E5C2E2E5C4D6964646C657A
:1082F00077617265735C6C7769705C7372635C61E3
:1083000070695C736F636B6574732E6300000000AB
:10831000556E68616E646C6564206E6574636F6E23
:108320006E207479706520696E20534F5F42494E0C
:1083300044544F444556494345000000417373651A
:108340007274696F6E2022257322206661696C65E4
:1083500064206174206C696E6520256420696E203C
:1083600025730A002DE9FF4781460D4617461E4634
:108370000C9C4FF0000800BF45B900BF25A340F298
:1083800006422FA133A0E4F78FFB00BF00BF00BF60
:1083900046B900BF1FA340F2074238A12DA0E4F761
:1083A00083FB00BF00BF00BF44B900BF19A34FF457
:1083B000816236A127A0E4F777FB00BF00BF00BFB2
:1083C00010208DF8000002208DF801003846FDF7DE
:1083D00080FDADF802002868019000200290039013
:1083E00000BF9DF800102068884202D24FF00108BB
:1083F00007E09DF800102068884202D99DF800002F
:108400002060694630462268D8F734F8404604B008
:10841000BDE8F0872E2E5C2E2E5C4D6964646C6581
:1084200077617265735C6C7769705C7372635C61B1
:1084300070695C736F636B6574732E63000000007A
:1084400066726F6D6164647220213D204E554C4C04
:1084500000000000417373657274696F6E202225FD
:108460007322206661696C6564206174206C696E9A
:108470006520256420696E2025730A0066726F6D81
:1084800020213D204E554C4C0000000066726F6D5F
:108490006C656E20213D204E554C4C002DE9F0417D
:1084A00080460F461646012F16D0022F08D0032F04
:1084B00019D1F1B2214A402001F01AFD04461BE017
:1084C000882E01D1212100E0202108461B4A0021ED
:1084D00001F00EFD04460FE0184A0021102001F0C3
:1084E00007FD044608E000BF16201549086000BFDC
:1084F0004FF0FF30BDE8F08100BF3CB900BF6920FC
:108500000F49086000BF4FF0FF30F3E7002120461D
:10851000E5F79CFF0546681C50B9204601F06AFB50
:1085200000BF17200649086000BF4FF0FF30E1E7A9
:10853000A56100BF00BF2846DCE70000A17C03085E
:10854000780300247CB506463046EFF74FFF05461A
:1085500005B97CBD00242AE004EB4400164951F81B
:108560002000A84222D104EB440001EB8000806887
:10857000019004EB440001EB800040680090002073
:1085800004EB44010C4A42F8210004EB440102EBE5
:108590008101486004EB440102EB81018860012302
:1085A0006A4601A9286801F07FFC00BF641C042C06
:1085B000D2DB00BFCDE7000080E402242DE9F041CA
:1085C00080460D4616464046EFF710FF074617B99E
:1085D0000020BDE8F081002419E004EB44000E49BE
:1085E00051F8200090B904EB440041F8207004EBEE
:1085F0004401094A02EB81012868486004EB440108
:1086000002EB8101306888600120E2E7641C042CE1
:10861000E3DB0020DDE7000080E402242DE9F041E7
:1086200080460D4616464046EFF7E0FE07460FB976
:10863000BDE8F081002429E004EB4400164951F81C
:108640002000B84221D104EB440001EB80004068D7
:108650002968884219D104EB44000F4901EB8000DE
:1086600080683168884210D1002004EB44010A4A36
:1086700042F8210004EB440102EB8101486004EB65
:10868000440102EB8101886002E0641C042CD3DB0E
:1086900000BF00BFCCE7000080E4022410B5044610
:1086A000042C06D0082C02D0202C04D110BD0820A8
:1086B000FCE70420FAE700BF00BF05A340F63F3205
:1086C0000EA114A0E4F7F0F900BF00BF0020EDE711
:1086D0002E2E5C2E2E5C4D6964646C65776172652C
:1086E000735C6C7769705C7372635C6170695C73F6
:1086F0006F636B6574732E6300000000556E6B6EC4
:108700006F776E20736F636B6574206F7074696F21
:108710006E000000417373657274696F6E202225CC
:108720007322206661696C6564206174206C696ED7
:108730006520256420696E2025730A00F8B505467A
:108740000A462B4600200090002103F0010636B1B6
:10875000002A04DD13F8010B8DF80100521E1C469F
:1087600003E034F8027B3944921E012AF9DC002A26
:1087700002DD20788DF80000BDF80000014488B2C9
:1087800000EB114188B200EB114126B1C8B2C1F330
:10879000072747EA002188B2F8BD000008B57A48EB
:1087A000007808B9FDF7B4F97748007801287CD142
:1087B0007548FDF737F97448407D00907248037D95
:1087C000C27C817C71A0E4F76FF96F48807C010660
:1087D0006D48C07C41EA00416B48007D41EA0020C1
:1087E0006949497D084302066748807C010666485E
:1087F000C07C41EA00416448007D41EA00206249B2
:10880000497D084300F47F4042EA00225E48807CB4
:1088100001065D48C07C41EA00415B48007D41EAB9
:1088200000205949497D084300F47F0042EA1022A4
:108830005548807C01065448C07C41EA00415248BA
:10884000007D41EA00205049497D084342EA10601A
:10885000544948604C48807D01064B48C07D41EA40
:1088600000414948007E41EA00204749497E0843CB
:1088700002064548807D01064348C07D41EA00412B
:108880004148007E41EA00203F49497E084300F408
:108890007F4042EA00223C48807D01063A48C07D84
:1088A00041EA00413848007E00E06BE041EA0020E8
:1088B0003549497E084300F47F0042EA10223248DD
:1088C000807D01063048C07D41EA00412E48007E8F
:1088D00041EA00202C49497E084342EA10603149B0
:1088E00088602948807E01062748C07E41EA004111
:1088F0002548007F41EA00202349497F08430206BA
:108900002148807E01062048C07E41EA00411E4881
:10891000007F41EA00211C48407F014301F47F4071
:1089200042EA00221848807E01061748C07E41EACC
:1089300000411548007F41EA00201349497F084360
:1089400000F47F0042EA10220F48807E01060E48A4
:10895000C07E41EA00410C48007F41EA00210A48FC
:10896000407F014342EA11600E49C8600E48DCF7BF
:1089700049FB0C4802F049F90A4802F026F90120A7
:108980000149487008BD0000B0C503240AB1BEBB50
:10899000FA49503A2025642E25642E25642E25643C
:1089A0000A000000E0C5032408D3012410B50A48DA
:1089B000007801280FD10848407801280BD1002009
:1089C000054948700548DCF780FB054802F0C4F80B
:1089D000034802F0DEF810BDB0C5032408D301241B
:1089E000E0C50324F0B503460C4600BF13F8011B95
:1089F00014F8015BA9420FD041F02006612E08DB7C
:108A00007A2E06DC45F02007BE4201D00120F0BDE1
:108A100001E00120FBE700BF521E0AB10029E5D1A9
:108A20000020F4E770B586B004460025002600203B
:108A30000290039004900590E5F7D8FF054605A83D
:108A400004A903AB02AACDE9001015A105F1440069
:108A5000D7F7F4FD0646042E11D00120A071802224
:108A600005F144011148D7F781FD98B1802205F145
:108A700044010E48D7F7FEFC0020E0710AE0002018
:108A8000E071A0710298A0730398E07304982074B9
:108A900005986074D5F88400206206B070BD0000AF
:108AA00025642E25642E25642E2564009CC603248F
:108AB00010B50CF039FE04A0E3F7F6FF0BF01EFB37
:108AC0000BF0DAFC002010BD72756E20322E2E2EB7
:108AD0000A00000070B5054605B970BD05F0030039
:108AE000002813D000BF00BF3DA340F2732246A16F
:108AF0004EA0E3F7D9FF00BF00BF00BF0BF01EFE82
:108B0000064630460BF0B0FE00BFE6E7A5F10804CC
:108B100050480068844205D305F10C004E490968AD
:108B2000884213D900BF00BF2DA340F27F224BA182
:108B30003EA0E3F7B9FF00BF00BF00BF0BF0FEFD92
:108B4000064630460BF090FE00BFC6E74A480CF0E0
:108B500095F82079002816D100BF00BF20A34FF45C
:108B6000237246A131A0E3F79FFF00BF00BF424838
:108B70000CF040F900BF0BF0E1FD064630460BF06B
:108B800073FE00BFA9E7204600F01EF9002816D1A9
:108B900000BF00BF12A340F2952242A123A0E3F739
:108BA00083FF00BF00BF34480CF024F900BF0BF076
:108BB000C5FD064630460BF057FE00BF8DE700208E
:108BC000207145480068844201D243480460204631
:108BD00003F032F928480CF00DF900BF7DE70000E2
:108BE0002E2E5C2E2E5C4D6964646C657761726517
:108BF000735C6C7769705C7372635C636F72655CE5
:108C00006D656D2E630000006D656D5F6672656554
:108C10003A2073616E69747920636865636B2061C3
:108C20006C69676E6D656E7400000000417373655A
:108C30007274696F6E2022257322206661696C65EB
:108C400064206174206C696E6520256420696E2043
:108C500025730A0084020024880200246D656D5F7C
:108C6000667265653A20696C6C6567616C206D653C
:108C70006D6F7279000000008C0200246D656D5FDD
:108C8000667265653A20696C6C6567616C206D651C
:108C90006D6F72793A20646F75626C6520667265DB
:108CA000650000006D656D5F667265653A20696CF0
:108CB0006C6567616C206D656D6F72793A206E6FBF
:108CC0006E2D6C696E6B65643A20646F75626C65BD
:108CD00020667265650000009002002410B500BF98
:108CE00000BF194820F003001849086008460468CE
:108CF0004FF4A04020800020608020714FF4A040FD
:108D000005F080F9124908600120096808714FF4E4
:108D1000A0400F49096808800D49096848800B4840
:108D200000680C4908600C480CF01CF800280AD0B8
:108D300000BF00BF09A340F21F2212A118A0E3F751
:108D4000B3FE00BF00BF10BD8BE9022484020024E3
:108D500088020024900200248C0200242E2E5C2E17
:108D60002E5C4D6964646C6577617265735C6C77C9
:108D700069705C7372635C636F72655C6D656D2EA8
:108D8000630000006661696C656420746F20637223
:108D900065617465206D656D5F6D75746578000043
:108DA000417373657274696F6E2022257322206689
:108DB00061696C6564206174206C696E652025644E
:108DC00020696E2025730A002DE9F04104462046F3
:108DD00000F080F90546208805F014F90646608801
:108DE00005F010F907462088B0F5A04F10D860882C
:108DF000B0F5A04F0CD86088A84202D03888A842AD
:108E000006D106480068864205D07088A84202D084
:108E10000020BDE8F0810120FBE70000880200246B
:108E20002DE9F0478146B9F1000F02D10020BDE8DD
:108E3000F08709F1030020F0030085B20C2D00D269
:108E40000C25B5F5A04F01D84D4501DA0020EEE71D
:108E50005C480BF013FF5C48006800F03BF90646E5
:108E6000A6E0304605F0CEF80446207900287CD1F3
:108E7000218806F10800081AA84276D3218806F155
:108E80000800091A05F11400814229D306F10800EF
:108E900028441FFA80F800BFB8F5A04F08D100BFE2
:108EA0004AA340F2873253A157A0E3F7FDFD00BF6C
:108EB00000BF404605F0A6F8074600213971218819
:108EC00039807E80A4F80080012020713888B0F5B8
:108ED000A04F07D0388805F095F8A0F8028001E08F
:108EE0000120207138480068844227D13648D0F8E4
:108EF00000A004E0BAF8000005F084F882469AF871
:108F0000040018B14A4800688245F3D12E48C0F8E1
:108F100000A000BF00684649096888420CD02A4872
:108F20000068007940B100BF28A340F2B53241A1EA
:108F300035A0E3F7B9FD00BF00BF00BF21480BF02B
:108F400059FF00BF04F108002844394909688842E4
:108F500008D900BF1DA340F2B9323DA12AA0E3F712
:108F6000A3FD00BF00BF00BF00E01DE004F0030050
:108F700040B100BF15A340F2BB3241A122A0E3F7EC
:108F800093FD00BF00BF00BF04F0030040B100BF6D
:108F90000EA340F2BD3246A11BA0E3F785FD00BF42
:108FA00000BF04F1080042E7304605F02BF80688C0
:108FB000C5F5A040B0423FF654AF02480BF01AFF8F
:108FC000002034E78C020024900200242E2E5C2E18
:108FD0002E5C4D6964646C6577617265735C6C7757
:108FE00069705C7372635C636F72655C6D656D2E36
:108FF00063000000696E76616C6964206E65787448
:109000002070747200000000417373657274696FA0
:109010006E2022257322206661696C65642061746C
:10902000206C696E6520256420696E2025730A0016
:10903000880200246D656D5F6D616C6C6F633A2012
:10904000216C667265652D3E7573656400000000D5
:109050006D656D5F6D616C6C6F633A20616C6C6FF8
:109060006361746564206D656D6F7279206E6F74D5
:109070002061626F76652072616D5F656E642E009F
:109080006D656D5F6D616C6C6F633A20616C6C6FC8
:109090006361746564206D656D6F72792070726FA5
:1090A0007065726C7920616C69676E65642E000072
:1090B0006D656D5F6D616C6C6F633A2073616E6995
:1090C000747920636865636B20616C69676E6D6598
:1090D0006E740000014602480088081A80B270478A
:1090E000840200242DE9F84F81468B460BF10300E2
:1090F00020F0030085B20C2D00D20C25B5F5A04F51
:1091000001D85D4502DA0020BDE8F88F00BF5C4859
:109110000068814503D35B480068814508D300BFE0
:1091200059A340F2D12262A167A0E3F7BDFC00BFC2
:1091300000BF53480068814503D352480068814509
:1091400009D300BF0BF0FAFA009000980BF08CFBEB
:1091500000BF4846D8E7A9F108063046FFF7BAFF36
:1091600007463188C81B08381FFA80FA00BF5545EA
:1091700008DD00BF44A34FF439725DA152A0E3F7AC
:1091800093FC00BF00BF554501DD0020BCE75545FD
:1091900001D14846B8E75E480BF070FD308804F016
:1091A00031FF04462079002833D100BF3088B0F564
:1091B000A04F08D100BF34A340F2F52255A142A030
:1091C000E3F772FC00BF00BF2088009007F10800A1
:1091D00028441FFA80F854480068A04204D1404651
:1091E00004F010FF50490860404604F00BFF0446AD
:1091F00000202071009820806780A6F800802088D9
:10920000B0F5A04F04D0208804F0FCFEA0F8028046
:1092100031E005F1140050452DD807F1080028442D
:109220001FFA80F800BF3088B0F5A04F08D100BF0A
:1092300015A340F2163237A123A0E3F735FC00BF97
:1092400000BF404604F0DEFE044637480068844212
:1092500001D235480460002020713088208067806A
:10926000A6F800802088B0F5A04F04D0208804F034
:10927000C9FEA0F8028026480BF0BCFD484643E733
:1092800084020024880200242E2E5C2E2E5C4D6960
:1092900064646C6577617265735C6C7769705C732C
:1092A00072635C636F72655C6D656D2E63000000B8
:1092B0006D656D5F7472696D3A206C6567616C20D5
:1092C0006D656D6F72790000417373657274696FBB
:1092D0006E2022257322206661696C6564206174AA
:1092E000206C696E6520256420696E2025730A0054
:1092F0006D656D5F7472696D2063616E206F6E6C59
:109300007920736872696E6B206D656D6F7279007C
:109310008C020024696E76616C6964206E657874D5
:1093200020707472000000009002002470B50446A2
:109330000D4600BF102C00DB70BD00BF05B9FBE778
:10934000034951F824002946ECF73CFB00BFF3E742
:10935000F0FB050870B504460D4600BF44B900BFD8
:1093600008A340F2951211A115A0E3F79DFB00BFE1
:1093700000BF04B105B970BD29462046ECF722FBB9
:1093800000BFF8E72E2E5C2E2E5C4D6964646C6580
:1093900077617265735C6C7769705C7372635C6330
:1093A0006F72655C6D656D702E630000696E76612D
:1093B0006C696420706F6F6C2064657363000000DB
:1093C000417373657274696F6E2022257322206663
:1093D00061696C6564206174206C696E6520256428
:1093E00020696E2025730A0010B5002406E00549A7
:1093F00051F8240000F008F8601C84B2102CF6D359
:1094000010BD0000F0FB050810B500238468236040
:109410004368DB1C23F00301002207E083681B681C
:109420000B608368196003881944521C4388934277
:10943000F4DC10BD70B5044600BF102C01DB002029
:1094400070BD00BF034951F82400ECF715FB054639
:109450002846F5E7F0FB050810B5044600BF44B9FF
:1094600000BF08A34FF49E7210A115A0E3F71CFBE8
:1094700000BF00BF0CB9002010BD2046ECF7FCFA7D
:10948000FAE700002E2E5C2E2E5C4D6964646C653C
:1094900077617265735C6C7769705C7372635C632F
:1094A0006F72655C6D656D702E630000696E76612C
:1094B0006C696420706F6F6C2064657363000000DA
:1094C000417373657274696F6E2022257322206662
:1094D00061696C6564206174206C696E6520256427
:1094E00020696E2025730A001FB501200323CDE9F2
:1094F000003002900023024610210390400700F044
:109500004EF8002001210323CDE900310346022259
:10951000CDE902101221480600F041F80120002296
:109520000323CDE901200093039013460322122167
:10953000100700F034F800200323CDE9003002903A
:10954000034604220F2103904FF0605000F027F8EB
:1095500000200323CDE900300290034605221921A3
:1095600003904FF0C04000F01AF8012000220323BE
:10957000CDE9012000930390134606221821C80666
:1095800000F00DF800200323CDE900300290012304
:1095900007221B210390C80700F001F81FBD2DE929
:1095A000FF5F04460D4616461F46DDE910ABDDE9B8
:1095B0000E89DCF74FFA01208DF80000F0B28DF82B
:1095C000010001948DF80C70E8B28DF808000020BD
:1095D0008DF809008DF80A008DF80B808DF80D903C
:1095E0008DF80EA08DF80FB06846DCF705FA042060
:1095F000DCF746FA002004B0BDE8F09F70B50446E1
:109600000D462046D6F79DFF86B225B97B202070F7
:109610000020607004E07D20A0550021701C2154C2
:10962000002070BD70B505460C4624B905A128463A
:10963000D6F753FF03E006A12846D6F74EFF0020D9
:1096400070BD00002264617461223A7B000000005A
:109650007D00000070B505460C4624B905A12846DA
:10966000D6F73BFF03E006A12846D6F736FF0020D9
:1096700070BD000022696E666F223A7B0000000018
:109680007D2C0000F0B5A1B007460C4615461E46DD
:10969000802101A8D6F716FF012E06D12B462246BF
:1096A00008A101A8E3F710FA05E02B46224608A11D
:1096B00001A8E3F709FA01A93846D6F70EFF002002
:1096C00021B0F0BD222573223A25642C0000000051
:1096D000222573223A256400F0B5A1B007460C4656
:1096E00015461E46802101A8D6F7ECFE012E06D1B4
:1096F0002B46224608A101A8E3F7E6F905E02B4630
:10970000224608A101A8E3F7DFF901A93846D6F7F8
:10971000E4FE002021B0F0BD222573223A222573F9
:10972000222C0000222573223A22257322000000F9
:109730002DE9F04104460E461548005D38B914483D
:1097400010380168204688470120BDE8F0811148A3
:1097500050F82400B04219D90F4850F82400B6FB45
:10976000F0F10B48001F50F8240050F8212000258C
:1097700008E000230648001F50F824004F1940F865
:1097800027306D1C9542F4DB0020DEE70220DCE789
:1097900060020024E4FA0508E0FA050810B5044662
:1097A000074951F824108A00064951F82400002185
:1097B00000F07EF801210348001D015510BD000096
:1097C000DCFA05085C0200242DE9F04704460F4648
:1097D0000025A9462348005D20B9224810380168B9
:1097E000204688471FB94FF0FF30BDE8F0871E487C
:1097F00050F82400B7FBF0F61B4850F82400B7FBE4
:10980000F0F100FB117000B1761C184850F82400EC
:10981000451E22E01348001F50F8240050F8250090
:1098200010B909F1010901E04FF00009B14513D168
:109830004FF0000809E00B48001F50F8240005EB2A
:10984000080140F8216008F10108B045F3D306484B
:1098500050F824006843C8E76D1E002DDADA4FF097
:10986000FF30C2E760020024E0FA0508DCFA0508D0
:1098700010B501460023002207E00B4850F82100F4
:1098800050F8220000B15B1C521C084850F821001F
:109890009042F2D84FF47A705843044C54F8214067
:1098A000B0FBF4F080B210BD5C020024DCFA0508C5
:1098B00030B5034601E003F8011B141EA2F10102BA
:1098C000F9D130BD70B5044625460A4623460878CE
:1098D00008B9204670BD0DE00A461D4601E06D1C2A
:1098E000521C28781678B042F9D0107808B918467A
:1098F000F0E75B1C18780028EED100BFEAE7000013
:1099000070B505460C4604B970BD054850F82500F1
:10991000261A31462846FFF70BFF00BFF4E7000088
:109920005802002410B5044621460020FFF7E8FF46
:1099300010BD000070B504460E4631462046FFF7C4
:1099400043FF0546681C08B9002070BD024850F866
:1099500024002844F9E700005802002410B504460A
:1099600021460020FFF7E6FF10BD10B504465CB1AC
:10997000206828B1206801F0CFFD002060602060E1
:1099800021460720FFF7D2FC10BD10B5044600BFEA
:1099900004B910BD00BF206810B1206801F0BCFD03
:1099A00000206060206000BFF3E770B504460D46FC
:1099B000164600BF14B96FF00F0070BD00BF2068DD
:1099C00010B1206801F0A8FD41220021362001F0ED
:1099D000CBF92060206818B900206060401EECE7D9
:1099E00020684560206806812068468120686060A4
:1099F0000020E2E72DE9F04106460F464FF000084F
:109A00000820FFF717FD044614B90020BDE8F081D7
:109A1000002020722670606006F0F000102807D049
:109A2000202803D0402805D100250FE006250DE0B1
:109A300006250BE000BF00BF17A34FF43A7221A127
:109A40002AA0E3F731F800BF00BF1FE000BF29469E
:109A500004F110000BF038F800B117E0002104F118
:109A60000C000BF09FFA20B104F110000AF0D2FFB5
:109A70000CE0002060616070401EA061A7620020C1
:109A80006062E06184F820802046BFE7214608201C
:109A9000FFF74CFC0020B9E72E2E5C2E2E5C4D69A2
:109AA00064646C6577617265735C6C7769705C7314
:109AB00072635C6170695C6170695F6D73672E636E
:109AC000000000006E6574636F6E6E5F616C6C6F9A
:109AD000633A20756E646566696E6564206E6574B0
:109AE000636F6E6E5F74797065000000417373651B
:109AF0007274696F6E2022257322206661696C651D
:109B000064206174206C696E6520256420696E2074
:109B100025730A0070B506460C46206800F10C0259
:109B20002146304612F014FB054615B994F904009D
:109B300070BD2846FCE70000F0B589B004460D462C
:109B4000164600BF1CB96FF00F0009B0F0BD00BF92
:109B500005B9064D01940395ADF8106001A90448BC
:109B6000FFF7D8FF07463846EFE70000ACFC0508D2
:109B70001960040810B504460321204600F002F8DD
:109B800010BD000070B588B004460D4600BF1CB97A
:109B90006FF00F0008B070BD00BF00948DF8085042
:109BA00029218DF8091069460248FFF7B3FF0646E0
:109BB0003046EFE779600408F0B589B004460D46F9
:109BC000164600BF1CB96FF00F0009B0F0BD00BF12
:109BD00005B9064D01940395ADF8106001A904483C
:109BE000FFF798FF07463846EFE70000ACFC050892
:109BF0002165040870B505460DB9002070BD2846E2
:109C000000F046FA044614B9284600F065F82046EC
:109C1000F4E77CB5044604F1100008B32069F8B1FC
:109C200010E0207800F0F000102808D16946019873
:109C3000FDF78AFB10B9019801F06EFC02E0019873
:109C4000FFF793FE01A904F110000AF0FBFC401C91
:109C50000028E6D104F110000AF0DCFE00202061AB
:109C600004F1140028B3606918B314E06946019840
:109C7000FDF76AFB70B9019D2846FFF7CAFF6868C7
:109C800020B168680BF04CFE00206860284600F0A8
:109C900023F800BF00BF01A904F114000AF0D2FCB0
:109CA000401C0028E2D104F114000AF0B3FE0020A9
:109CB00060617CBD70B504460CB9002070BD0AF02F
:109CC0003DFD064694F908500020207230460AF007
:109CD000CBFD2846F2E7000010B5044600BF6068DF
:109CE000002808D000BF1CA340F21F3225A131A0DC
:109CF000E2F7DAFE00BF00BF00BF04F11000002849
:109D00000BD02069002808D000BF13A340F22632F0
:109D100032A128A0E2F7C8FE00BF00BF00BF04F1D7
:109D2000140000280BD06069002808D000BF0AA3E7
:109D300040F2293238A11FA0E2F7B6FE00BF00BFF3
:109D400004F10C000BF0D4F80020E060214608205C
:109D5000FFF7ECFA10BD00002E2E5C2E2E5C4D6934
:109D600064646C6577617265735C6C7769705C7351
:109D700072635C6170695C6170695F6D73672E63AB
:109D800000000000504342206D757374206265200E
:109D90006465616C6C6F6361746564206F75747366
:109DA00069646520746869732066756E6374696F91
:109DB0006E000000417373657274696F6E20222516
:109DC0007322206661696C6564206174206C696E21
:109DD0006520256420696E2025730A00726563760C
:109DE0006D626F78206D75737420626520646561A3
:109DF0006C6C6F6361746564206265666F72652068
:109E000063616C6C696E6720746869732066756E37
:109E10006374696F6E0000006163636570746D62E6
:109E20006F78206D757374206265206465616C6C59
:109E30006F6361746564206265666F72652063613B
:109E40006C6C696E6720746869732066756E6374E4
:109E5000696F6E002DE9F04188B004460D46164644
:109E60001F4600BF24B96FF00F0008B0BDE8F081B5
:109E700000BF00BF15B96FF00F00F6E700BF00BFCD
:109E800016B96FF00F00F0E700BF00948DF8107066
:109E90000295039669460348FFF73CFE804640461C
:109EA000E3E70000916A04082DE9F04188B0044618
:109EB0000D4616461F4600BF24B96FF00F0008B0CC
:109EC000BDE8F08100BF05B9074D06B9064E009404
:109ED000029503968DF8117069460448FFF71AFE43
:109EE00080464046EBE70000ACFC0508D56B040853
:109EF0002DE9F04188B007460D46164631463846F2
:109F0000FFF778FD0446002C56D08DF808500094D9
:109F100069462A48FFF7FEFD8046B8F1000F4AD097
:109F200000BF6068002807D000BF25A3A3222FA18F
:109F300037A0E2F7B9FD00BF00BF00BF04F1100079
:109F400008B1206938B900BF1DA3A4223AA130A0EE
:109F5000E2F7AAFD00BF00BF00BF04F11400002813
:109F600009D0606938B100BF15A3A62238A128A086
:109F7000E2F79AFD00BF00BF00BF04F10C0008B17A
:109F8000E06838B900BF0EA3A9223AA120A0E2F7E9
:109F90008BFD00BF00BF04F10C000AF0A9FF04F123
:109FA00010000AF037FD21460820FFF7BFF9002016
:109FB00008B0BDE8F08100BF2046F9E7136C040843
:109FC0002E2E5C2E2E5C4D6964646C657761726523
:109FD000735C6C7769705C7372635C6170695C61FF
:109FE00070695F6C69622E630000000066726565CF
:109FF000696E6720636F6E6E20776974686F757421
:10A000002066726565696E672070636200000000FB
:10A01000417373657274696F6E2022257322206606
:10A0200061696C6564206174206C696E65202564CB
:10A0300020696E2025730A00636F6E6E206861735D
:10A04000206E6F20726563766D626F78000000008D
:10A05000636F6E6E2D3E6163636570746D626F78C1
:10A060002073686F756C646E2774206578697374EB
:10A0700000000000636F6E6E20686173206E6F20B9
:10A080006F705F636F6D706C6574656400000000D5
:10A0900030B589B0044614B9002009B030BD019430
:10A0A00029218DF80D1001A90448FFF733FD05465D
:10A0B0000DB12846F1E70020EFE7000071680408C1
:10A0C000F8B506460D46002400BF15B96FF00F0025
:10A0D000F8BD00BF0020286000BF16B96FF00F0068
:10A0E000F6E700BF307800F0F00010282CD10020F7
:10A0F00000900720FFF79EF9044614B94FF0FF3097
:10A10000E6E700226946304600F012F907462FB113
:10A1100021460720FFF70AF93846D9E700BF009823
:10A1200040B900BF0BA340F2793215A117A0E2F7A6
:10A13000BBFC00BF00BF009820600098606000205A
:10A14000A081A0602C60C3E700222946304600F0C1
:10A1500031F8BDE72E2E5C2E2E5C4D6964646C6573
:10A1600077617265735C6C7769705C7372635C6154
:10A1700070695C6170695F6C69622E630000000049
:10A180007020213D204E554C4C00000041737365FA
:10A190007274696F6E2022257322206661696C6576
:10A1A00064206174206C696E6520256420696E20CE
:10A1B00025730A002DE9FC4104460D461746002090
:10A1C000019000BF1DB96FF00F00BDE8FC8100BF1A
:10A1D0000020286000BF14B96FF00F00F5E700BF42
:10A1E00004F1100008B1206958B92046FFF762FD5C
:10A1F0008046B8F1000F01D04046E6E76FF00A0054
:10A20000E3E794F8200000F0020048B907F00400EA
:10A2100030B994F8200000F0010008B9207AD8B1D4
:10A2200001A904F110000AF00DFA401C98B920466B
:10A23000FFF740FD8046B8F1000F01D04046C4E76B
:10A2400094F8200000F0010010B16FF00A00BCE7A4
:10A250006FF00600B9E70AE001A904F11000E26915
:10A260000AF05AF9401C10B96FF00200ADE72078EF
:10A2700000F0F000102810D169460198FDF764F84D
:10A2800040B19DF900000F3008B900209DE79DF90D
:10A2900000009AE7019806890FE000BF019840B9D5
:10A2A00000BF0BA340F2912214A117A0E2F7FCFB20
:10A2B00000BF00BF019800680689A06A20B132463D
:10A2C00001212046A36A98470198286000207CE776
:10A2D0002E2E5C2E2E5C4D6964646C657761726510
:10A2E000735C6C7769705C7372635C6170695C61EC
:10A2F00070695F6C69622E63000000006275662001
:10A30000213D204E554C4C00417373657274696F4A
:10A310006E2022257322206661696C656420617459
:10A32000206C696E6520256420696E2025730A0003
:10A330002DE9F04389B004468846174604F1100021
:10A3400008B1206920B96FF00A0009B0BDE8F083B8
:10A3500094F8200000F0800040B100BF94F8200085
:10A3600000F07F0084F8200000BF28E03A46414614
:10A370002046FFF71FFF05460DB12846E5E7D8F850
:10A38000006007F0080050B90EB1308900E00120EC
:10A39000814601AA4946204600F086F800BF46BB28
:10A3A00007F0100050B100BF94F8200040F080008A
:10A3B00084F8200000BF6FF00600C6E700BFA06A67
:10A3C00020B1002201212046A36A9847606848B95D
:10A3D0002046FFF76FFC05460DB12846B5E76FF044
:10A3E0000D00B2E701212046FFF7CCFB6FF00E0015
:10A3F000ABE72846A9E770B504460D46164600BFF0
:10A4000024B1207800F0F000102802D06FF00F0087
:10A4100070BD00BF324629462046FFF789FFF7E7A7
:10A4200070B504460D46164600BF24B1207800F0F2
:10A43000F000102802D16FF00F0070BD00BF32464F
:10A4400029462046FFF7B6FEF7E7000070B588B052
:10A4500004460D4600BF1CB96FF00F0008B070BD78
:10A4600000BF0094029569460248FFF753FB064679
:10A470003046F3E7736C040870B588B004460D46A7
:10A4800000BF24B1207800F0F000102803D06FF056
:10A490000F0008B070BD00BF6A462946204600F094
:10A4A00003F806463046F4E770B504460E461546F6
:10A4B00000BF24B1207800F0F000102802D06FF027
:10A4C0000F0070BD00BF2C60AE6029460148FFF749
:10A4D00021FBF6E72B6C04082DE9FE4306460C46EB
:10A4E00015461F46DDF82880019402953B4601225F
:10A4F00001A93046CDF8008000F002F8BDE8FE83E7
:10A500002DE9F04F89B005460F4691469A46DDF891
:10A51000488000BF25B96FF00F0009B0BDE8F08F8B
:10A5200000BF00BF287800F0F000102802D06FF0C4
:10A530000500F2E700BF95F8200000F0020010B916
:10A540000AF0040008B1012000E00020009000980B
:10A5500028B1B8F1000F02D16FF00500DDE700244B
:10A5600000260CE007EBC6004068044407EBC60079
:10A570004068A04202D96FF00500CEE7761C4E4538
:10A58000F0DB0CB90020C8E7B4F1004F09D3B8F1F3
:10A59000000F02D16FF00500BFE76FF000410C46DD
:10A5A00000BF01950397ADF81090002105918DF83B
:10A5B00020A00694079101A90F48FFF7ABFA834644
:10A5C000BBF1000F15D1B8F1000F02D00798C8F801
:10A5D0000000009868B900BF0798A04208D000BFEB
:10A5E00006A34FF4866210A118A0E2F75DFA00BF3F
:10A5F00000BF584691E70000116D04082E2E5C2E16
:10A600002E5C4D6964646C6577617265735C6C7710
:10A6100069705C7372635C6170695C6170695F6CC6
:10A6200069622E6300000000646F5F777269746571
:10A63000206661696C656420746F20777269746547
:10A6400020616C6C206279746573000041737365DE
:10A650007274696F6E2022257322206661696C65B1
:10A6600064206174206C696E6520256420696E2009
:10A6700025730A002DE9F05F04460E4617469846FA
:10A68000DDE90AB900BF14B90020BDE8F09F00BFA2
:10A6900000BFB9F1000F01D10020F6E700BF06B9F5
:10A6A0003F4E07B93E4FB8F1000F01D1DFF8F080FF
:10A6B00000206060A060E0603A4860610020208572
:10A6C00084F831006062E061A063C4F820B03648CD
:10A6D000007884F834000C98206143463A463146AD
:10A6E000204600F003FA2046C84708B10020CCE716
:10A6F00000BF94F83400FF2802D1002084F8340011
:10A700004FF0000A2948056829E000BFA54208D19A
:10A7100000BF27A34FF4C7722FA134A0E2F7C4F9FA
:10A7200000BF00BF0AF1010A00BFBAF1FF0F08DD48
:10A7300000BF1FA34FF4C87236A12CA0E2F7B4F9F2
:10A7400000BF00BF95F8340094F83410884205D15A
:10A7500094F83400401C84F8340002E02D68002D89
:10A76000D3D100BF002DC4D194F83400FE2803D10A
:10A7700000200D49087004E094F83400401C0A4998
:10A7800008700A48006820600848046094F83100A6
:10A7900000F0200010B12046F3F7A8FC204674E733
:10A7A000ACFC0508E5AA0408DC020024D40200245D
:10A7B0002E2E5C2E2E5C4D6964646C65776172652B
:10A7C000735C6C7769705C7372635C636F72655CF9
:10A7D0006E657469662E63006E6574696620616CCF
:10A7E00072656164792061646465640041737365B6
:10A7F0007274696F6E2022257322206661696C6510
:10A8000064206174206C696E6520256420696E2067
:10A8100025730A00746F6F206D616E79206E657408
:10A820006966732C206D61782E20737570706F725D
:10A83000746564206E756D626572206973203235AF
:10A840003500000070B504460D46294620460DF03F
:10A850005BF92946204612F041F92946204603F0CB
:10A86000CDFD70BD10B503460868DC68A04201D17B
:10A87000012000E0002030B909B9002000E008689C
:10A88000D860012010BD0020FCE70000F8B50546A7
:10A890000C46164600BF44B900BF19A34FF4E77237
:10A8A00021A125A0E2F700F900BF00BF00BF46B913
:10A8B00000BF13A340F2CF121BA11FA0E2F7F4F8D0
:10A8C00000BF00BF20686968884201D1012000E014
:10A8D000002090B920680090686830606946304672
:10A8E000FFF7B0FF0CB9002000E02068686001218C
:10A8F000284600F089F80120F8BD0020FCE70000A0
:10A900002E2E5C2E2E5C4D6964646C6577617265D9
:10A91000735C6C7769705C7372635C636F72655CA7
:10A920006E657469662E6300696E76616C69642079
:10A93000706F696E74657200417373657274696FCC
:10A940006E2022257322206661696C656420617423
:10A95000206C696E6520256420696E2025730A00CD
:10A9600010B5034608689C68A04201D1012000E0B0
:10A97000002030B909B9002000E008689860012083
:10A9800010BD0020FCE7000070B505460DB90020A1
:10A9900070BDA81CD5F7BCFFC6B226B9A878302870
:10A9A00001D00020F4E70C48046810E094F834006B
:10A9B000B0420BD1287894F83210884206D16978D9
:10A9C0003320005D814201D12046E1E72468002C5C
:10A9D000ECD10020DCE70000D402002402466AB17A
:10A9E0000748016808E091F83400401CC0B290426A
:10A9F00001D10846704709680029F4D10020F9E721
:10AA0000D40200247047000070B504460D4600BF14
:10AA1000002C08D100BF16A34FF45C721EA127A022
:10AA2000E2F742F800BF00BF94F8310000F00400E4
:10AA300020B194F8310000F0010000B970BD05F0BC
:10AA4000010090B1606880B194F8310000F0080016
:10AA500018B1211D2046ECF74FFE94F8310000F0AC
:10AA6000200010B12046F3F799FA00BFE6E7000096
:10AA70002E2E5C2E2E5C4D6964646C657761726568
:10AA8000735C6C7769705C7372635C636F72655C36
:10AA90006E657469662E63006E657469665F6973BE
:10AAA0007375655F7265706F7274733A20696E7644
:10AAB000616C6964206E657469660000417373653A
:10AAC0007274696F6E2022257322206661696C653D
:10AAD00064206174206C696E6520256420696E2095
:10AAE00025730A0003466FF00B0070472DE9F84FFD
:10AAF00080460C4615461E464FF00009CA4604B96A
:10AB0000114C05B9104D06B90F4E0CB1206808B9AB
:10AB1000012000E00020074627B16A462146404652
:10AB2000FFF7B4FE4A4629464046FFF719FF524652
:10AB300031464046FFF796FE27B96A462146404611
:10AB4000FFF7A4FEBDE8F88FACFC050801490860DA
:10AB500070470000D802002410B5044600BF04B9B5
:10AB600010BD00BF94F8310000F0010078B100BFC3
:10AB700094F8310000F0FE0084F8310000BF94F832
:10AB8000310000F0080010B12046EBF7C3FF00BF12
:10AB9000E6E710B5044600BF04B910BD00BF94F845
:10ABA000310000F0040070B100BF94F8310000F0F3
:10ABB000FB0084F8310000BF00BFE06910B12046FF
:10ABC000E169884700BF00BFE7E710B5044600BF52
:10ABD00004B910BD00BF94F8310000F0040090B932
:10ABE00000BF94F8310040F0040084F8310000BF49
:10ABF00003212046FFF708FF00BFE06910B120469F
:10AC0000E169884700BF00BFE3E710B5044600BF15
:10AC100004B910BD00BF94F8310000F0010058B92C
:10AC200000BF94F8310040F0010084F8310000BF0B
:10AC300003212046FFF7E8FE00BFEAE770B50546AE
:10AC40000C462046E9F7A0FE0646012E05D1064A2D
:10AC500006A12846E1F738FF04E0054A03A128468B
:10AC6000E1F732FF70BD0000FC53060825730000B9
:10AC70000054060870B504460D46002229462046B9
:10AC800000F002F870BD00002DE9F04704460D46C3
:10AC9000904600BF44B900BF1CA340F2DF1225A1BB
:10ACA00027A0E1F701FF00BF00BF14B1B5F5803F59
:10ACB00002D30120BDE8F0870DB90020FAE7AEB25B
:10ACC0002089304480B2B04201DA0120F2E794F8E2
:10ACD0000C9009F0800038B16068471B04F1100047
:10ACE000874209D20120E5E7B8F1000F02D0606881
:10ACF000471B01E00120DDE7676060893044608127
:10AD00002089304420810020D4E700002E2E5C2EC4
:10AD10002E5C4D6964646C6577617265735C6C77F9
:10AD200069705C7372635C636F72655C7062756698
:10AD30002E6300007020213D204E554C4C00000039
:10AD4000417373657274696F6E20222573222066C9
:10AD500061696C6564206174206C696E652025648E
:10AD600020696E2025730A002DE9FE4F82460E46AB
:10AD700090465746B8F1010F0AD0B8F1410F06D0FE
:10AD8000B8F5C17F0BD0B8F5207F7DD169E000BF59
:10AD900042463146002000F031F90446ADE000247F
:10ADA00000200290B14600BF0F20FEF743FB05468E
:10ADB00035B914B1204600F0AFFB0020BDE8FE8F8E
:10ADC000F81C20F0030040F2EC51081A80B248450C
:10ADD00001DD484606E0F81C20F0030040F2EC518B
:10ADE000081A80B283460020CDE9008005F11000EA
:10ADF0003844C01C20F003015B464A46284600F058
:10AE00009DFC00BF287900F0030040B100BF3CA3C7
:10AE10004FF4807244A150A0E1F746FE00BF00BF8E
:10AE200000BFF81C20F0030040F2EC51081A08D1D2
:10AE300000BF33A34FF4817251A147A0E1F734FE64
:10AE400000BF00BF0CB92C4601E0029805600295D6
:10AE5000A9EB0B001FFA80F90027B9F1000FA3DC62
:10AE60004BE0F81C20F00301F01C20F00300084424
:10AE700085B205F110001FFA80F9F01C20F00300E4
:10AE8000A84206D8F01C00E02AE020F00300484564
:10AE900001D9002092E74846FDF7C2FF04460CB9ED
:10AEA00000208BE70020CDE9008004F11000384439
:10AEB000C01C20F0030133463246204600F03EFC21
:10AEC00000BF207900F0030040B100BF0CA34FF495
:10AED000917238A120A0E1F7E7FD00BF00BF0CE0B0
:10AEE00000BF00BF06A340F227123DA11AA0E1F760
:10AEF000DBFD00BF00BF002060E700BF20465DE72C
:10AF00002E2E5C2E2E5C4D6964646C6577617265D3
:10AF1000735C6C7769705C7372635C636F72655CA1
:10AF2000706275662E630000706275665F616C6C9E
:10AF30006F633A207062756620712D3E7061796C86
:10AF40006F61642070726F7065726C7920616C69DA
:10AF5000676E656400000000417373657274696F09
:10AF60006E2022257322206661696C6564206174FD
:10AF7000206C696E6520256420696E2025730A00A7
:10AF8000504255465F504F4F4C5F42554653495AC9
:10AF900045206D757374206265206269676765720C
:10AFA000207468616E204D454D5F414C49474E4DC0
:10AFB000454E5400706275665F616C6C6F633A2039
:10AFC000706275662D3E7061796C6F61642070727D
:10AFD0006F7065726C7920616C69676E65640000E2
:10AFE000706275665F616C6C6F633A206572726F38
:10AFF0006E656F7573207479706500002DE9FC41F2
:10B0000007460D46144600BF412C0AD0012C08D03B
:10B0100000BF0EA34FF4A57216A11BA0E1F744FDDB
:10B0200000BF00BF0E20FEF705FA064616B9002045
:10B03000BDE8FC8100202B462A463946CDE9004078
:10B04000304600F07BFB3046F2E700002E2E5C2EEF
:10B050002E5C4D6964646C6577617265735C6C77B6
:10B0600069705C7372635C636F72655C7062756655
:10B070002E630000696E76616C696420706275668B
:10B080005F74797065000000417373657274696F55
:10B090006E2022257322206661696C6564206174CC
:10B0A000206C696E6520256420696E2025730A0076
:10B0B0002DE9FC5F05460C4617469846DDE90C9BDA
:10B0C000AA460AF1030020F003002044584502D9A3
:10B0D0000020BDE8FC9FB9F1000F06D00AF1030083
:10B0E00020F0030000EB090600E0002602202346C2
:10B0F00022463146CDE90070404600F01FFB404635
:10B10000E7E7000070B506460D4600BF06B105B979
:10B1100070BD00BF344604E020892989084420819D
:10B12000246820680028F7D100BF208961898842FF
:10B1300008D000BF0EA340F2623217A122A0E1F7AF
:10B14000B3FC00BF00BF00BF206840B100BF08A330
:10B1500040F2633226A11CA0E1F7A6FC00BF00BFAD
:10B160002089298908442081256000BFD0E700009C
:10B170002E2E5C2E2E5C4D6964646C657761726561
:10B18000735C6C7769705C7372635C636F72655C2F
:10B19000706275662E630000702D3E746F745F6C74
:10B1A000656E203D3D20702D3E6C656E20286F66DB
:10B1B000206C617374207062756620696E2063680C
:10B1C00061696E2900000000417373657274696FD4
:10B1D0006E2022257322206661696C65642061748B
:10B1E000206C696E6520256420696E2025730A0035
:10B1F000702D3E6E657874203D3D204E554C4C00C0
:10B2000070B505460C4621462846FFF77BFF2046D1
:10B2100000F066FB70BD0146002002E0421C90B2C7
:10B2200009680029FAD170472DE9F04180460E46A1
:10B230001446218932464046FFF796FD074617B966
:10B240000020BDE8F0812146384600F041F805466F
:10B2500000BF45B100BF05A340F246520DA112A0A8
:10B26000E1F722FC00BF00BF3846EAE72E2E5C2E35
:10B270002E5C4D6964646C6577617265735C6C7794
:10B2800069705C7372635C636F72655C7062756633
:10B290002E630000706275665F636F70792066616F
:10B2A000696C656400000000417373657274696FB6
:10B2B0006E2022257322206661696C6564206174AA
:10B2C000206C696E6520256420696E2025730A0054
:10B2D00070B505460C4600BF14B96FF00F0070BD85
:10B2E00000BF228900232146284600F041F8F6E7F6
:10B2F0002DE9F05F8046894616461D464FF0000A4C
:10B30000D34600BFB8F1000F02D10020BDE8F09F86
:10B3100000BF00BFB9F1000F01D10020F6E700BF68
:10B32000444620E035B16089A84203DC6089281AD0
:10B3300085B217E06089401B87B2B74200DD37460F
:10B340006268511909EB0A003A46D5F793F80BEBFE
:10B3500007001FFA80FB0AEB07001FFA80FAF01BB8
:10B3600086B2002524680EB1002CDBD15846CDE70B
:10B370002DE9F05F04460D4616469A4657464FF0B3
:10B38000000800BF15B12889B04203DA6FF00F0042
:10B39000BDE8F09F00BF00BF24B120890AEB060181
:10B3A000884202DA6FF00F00F2E700BF00BF608949
:10B3B000C01B6989A1EB0801884203D36889A0EB0F
:10B3C000080B02E06089A0EB070B5E4501D2304616
:10B3D00000E058461FFA80F96A6802EB08016268CB
:10B3E000D0194A46D5F746F84F44C844A6EB0900A1
:10B3F00086B200BF6089B84208D200BF25A340F2E0
:10B40000FA322EA133A0E1F74FFB00BF00BF00BF0F
:10B410006889404508D200BF1EA340F2FB3237A125
:10B420002CA0E1F741FB00BF00BF6889404509D867
:10B430004FF000082D6800BF1DB916B16FF00F0066
:10B44000A6E700BF6089B84208D10027246800BF82
:10B450001CB916B16FF00F009AE700BF55B16889AB
:10B460002989884206D100BF286810B16FF0050015
:10B470008EE700BF54B160892189884206D100BFA0
:10B48000206810B16FF0050082E700BF002E8ED15A
:10B4900000207DE72E2E5C2E2E5C4D6964646C6569
:10B4A00077617265735C6C7769705C7372635C63FF
:10B4B0006F72655C706275662E6300006F666673FE
:10B4C00065745F746F203C3D20705F746F2D3E6C1F
:10B4D000656E0000417373657274696F6E2022257A
:10B4E0007322206661696C6564206174206C696EEA
:10B4F0006520256420696E2025730A006F666673D7
:10B5000065745F66726F6D203C3D20705F66726F80
:10B510006D2D3E6C656E00002DE9F047044674B950
:10B5200000BF44B900BF38A34FF4377240A143A015
:10B53000E1F7BAFA00BF00BF0020BDE8F08700269F
:10B540005DE009F0FBF8824600BFA07B002808DC24
:10B5500000BF2DA340F2F12242A138A0E1F7A4FAE6
:10B5600000BF00BFA07B401E00F0FF0884F80E80E3
:10B57000504609F079F9B8F1000F3ED12768207BD9
:10B5800000F00F05607B00F00200002813D0A146F8
:10B5900000BFD9F8100040B900BF1BA340F2FF2242
:10B5A00036A126A0E1F780FA00BF00BF2046D9F8F7
:10B5B000101088471DE0022D04D121460F20FDF711
:10B5C000B5FE16E0012D04D121460E20FDF7AEFE9A
:10B5D0000FE01DB92046FDF77DFA0AE000BF00BF6D
:10B5E00009A340F20F322EA114A0E1F75DFA00BFCB
:10B5F00000BF701CC6B23C4600E0002400BF002C17
:10B600009FD1304699E700002E2E5C2E2E5C4D69AE
:10B6100064646C6577617265735C6C7769705C7388
:10B6200072635C636F72655C706275662E630000A6
:10B630007020213D204E554C4C0000004173736535
:10B640007274696F6E2022257322206661696C65B1
:10B6500064206174206C696E6520256420696E2009
:10B6600025730A00706275665F667265653A2070C0
:10B670002D3E726566203E203000000070632D3E36
:10B68000637573746F6D5F667265655F66756E6313
:10B6900074696F6E20213D204E554C4C0000000017
:10B6A000696E76616C696420706275662074797069
:10B6B0006500000070B50446254629460148FDF79F
:10B6C00049FE70BDC0FC05082DE9F04107468846DB
:10B6D0003C46454612E06089A8420ADC264660895D
:10B6E000281A85B22468002030603046FFF714FF26
:10B6F00004E02946204600F043F900250DB1002C56
:10B70000E9D12046BDE8F08170B504460D4601221E
:10B710002946204600F001F870BD70B505460C467C
:10B720001646002C04DA6142284600F029F970BD63
:10B73000324621462846FFF7A7FAF8E770B5DDE95B
:10B74000044500260660416002814381047345730D
:10B75000012686730026C67370BDF8B506460F46EF
:10B7600015466A463946304600F066F9044644B14B
:10B770006089BDF80010884203DDBDF800106068E4
:10B780004554F8BD2DE9F04106460F4600BF46B9C5
:10B7900000BF2CA34FF4CC7234A13AA0E1F784F996
:10B7A00000BF00BF3089B84201DCBDE8F0813089BC
:10B7B000C01B1FFA80F83D46344613E06089281A02
:10B7C00085B22089A0EB08002081246800BF44B91D
:10B7D00000BF1CA340F2AF1234A12AA0E1F764F924
:10B7E00000BF00BF6089A842E8DB207B00F00F00AB
:10B7F00000281BD16089A84218D0607B00F00200AD
:10B80000002813D1A088001B284481B22046FDF7F0
:10B8100069FC044600BF44B900BF0AA340F2BD1250
:10B8200028A118A0E1F740F900BF00BF6581608939
:10B830002081206810B12068FFF76EFE0020206094
:10B8400000BFB2E72E2E5C2E2E5C4D6964646C65E1
:10B8500077617265735C6C7769705C7372635C634B
:10B860006F72655C706275662E630000706275664B
:10B870005F7265616C6C6F633A207020213D204ED1
:10B88000554C4C00417373657274696F6E202225AC
:10B890007322206661696C6564206174206C696E36
:10B8A0006520256420696E2025730A007062756624
:10B8B0005F7265616C6C6F633A207120213D204E90
:10B8C000554C4C006D656D5F7472696D20726574C6
:10B8D00075726E65642071203D3D204E554C4C00C4
:10B8E00070B50446002C18D000BF08F027FF0546AD
:10B8F000A07B401CA073284608F0B6FF00BF00BF25
:10B90000A07B002808DC00BF04A340F242320DA156
:10B9100011A0E1F7C9F800BF00BF70BD2E2E5C2E4C
:10B920002E5C4D6964646C6577617265735C6C77DD
:10B9300069705C7372635C636F72655C706275667C
:10B940002E6300007062756620726566206F7665F2
:10B9500072666C6F77000000417373657274696F73
:10B960006E2022257322206661696C6564206174F3
:10B97000206C696E6520256420696E2025730A009D
:10B980002DE9F04104460D4600BF44B900BF13A3A2
:10B9900040F24B221BA11EA0E1F786F800BF00BFBA
:10B9A00014B1B5F5803F02D30120BDE8F0810DB997
:10B9B0000020FAE7AEB200BF6089B04201DA012090
:10B9C000F3E700BF67686068284460606089801B97
:10B9D00060812089801B20810020E6E72E2E5C2ECE
:10B9E0002E5C4D6964646C6577617265735C6C771D
:10B9F00069705C7372635C636F72655C70627566BC
:10BA00002E6300007020213D204E554C4C0000005C
:10BA1000417373657274696F6E20222573222066EC
:10BA200061696C6564206174206C696E65202564B1
:10BA300020696E2025730A002DE9F04104460D4669
:10BA4000164632462946204600F004F80746384696
:10BA5000BDE8F08130B503460C462146184603E0A8
:10BA600045894D1BA9B2006810B145898D42F7DDAB
:10BA700002B1118030BD00002DE9F0470446884630
:10BA8000164637464FF0000A00BF1CB96FF00F0092
:10BA9000BDE8F08700BF00BFB8F1000F02D16FF022
:10BAA0000F00F5E700BF00BF2089B04202DA4FF077
:10BAB000FF30EDE700BF2CB1B8F1000F02D02089B4
:10BAC000B04202DA6FF00F00E2E725461BE000BF4C
:10BAD00045B900BF15A340F2DF421EA123A0E0F745
:10BAE000E3FF00BF00BFB9466889484501D2B5F8F9
:10BAF0000A9008EB0A014A466868D4F7BBFCA7EB3A
:10BB00000907CA442D68002FE1D100BF0FB9B24523
:10BB100008D000BF05A340F2EA421EA113A0E0F73F
:10BB2000C3FF00BF00BF0020B2E700002E2E5C2E36
:10BB30002E5C4D6964646C6577617265735C6C77CB
:10BB400069705C7372635C636F72655C706275666A
:10BB50002E630000706275665F74616B653A2069E0
:10BB60006E76616C696420706275660041737365FE
:10BB70007274696F6E2022257322206661696C657C
:10BB800064206174206C696E6520256420696E20D4
:10BB900025730A00646964206E6F7420636F707986
:10BBA00020616C6C20646174610000002DE9F84F25
:10BBB00083468846154699466A4649465846FFF7E1
:10BBC0003BFF0446002C3AD02089BDF800102944E0
:10BBD000884234DB2F46C24600BF6089BDF80010A2
:10BBE000884208DC00BF17A340F205521FA125A020
:10BBF000E0F75AFF00BF00BF6089BDF80010401A8F
:10BC0000A84204DA6089BDF80010401A00E0284616
:10BC100086B2BDF800206168881832464146D4F7E4
:10BC200029FCB81B87B2B244002F06DD3A465146C4
:10BC30002068FFF721FFBDE8F88F0020FBE74FF0F9
:10BC4000FF30F8E72E2E5C2E2E5C4D6964646C6527
:10BC500077617265735C6C7769705C7372635C6347
:10BC60006F72655C706275662E6300006368656361
:10BC70006B20706275665F736B6970207265737597
:10BC80006C740000417373657274696F6E202225B5
:10BC90007322206661696C6564206174206C696E32
:10BCA0006520256420696E2025730A00F8B50546D5
:10BCB0000E466A4631462846FFF7CCFE04464CB194
:10BCC0006089BDF80010884204DDBDF8001060688E
:10BCD000405CF8BD4FF0FF30FBE7000070B5044654
:10BCE000002500BF20684068002808D000BF27A3B7
:10BCF00040F2652230A138A0E0F7D6FE00BF00BFB9
:10BD00002068007800F0F000102828D0202810D0FB
:10BD1000402830D1217A284602F0A0FB21684860F3
:10BD20002068406820B122683549506802F09FFBC6
:10BD300024E0284610F0F9FE216848602068406839
:10BD400060B120680078222803D101202168496869
:10BD5000087422682B49506810F01AFF0EE028463C
:10BD60000BF061FF216848602068406810B12068CE
:10BD700004F05EF802E0FA20207170BD00BF206878
:10BD8000406808B9FF20207100BFF6E72E2E5C2E18
:10BD90002E5C4D6964646C6577617265735C6C7769
:10BDA00069705C7372635C6170695C6170695F6D1E
:10BDB00073672E63000000007063625F6E65773A00
:10BDC0002070636220616C726561647920616C6CC3
:10BDD0006F63617465640000417373657274696FA9
:10BDE0006E2022257322206661696C65642061746F
:10BDF000206C696E6520256420696E2025730A0019
:10BE000045E7040879E9040830B50A46A2F10803B9
:10BE1000082404700024447044800124848048F283
:10BE20001844C480002104E0012501F108040555EF
:10BE3000491C9942F8D330BD2DE9F041044600BFBA
:10BE40003B480068844208D200BF3AA340F2DF12A8
:10BE500042A148A0E0F728FE00BF00BF00BF4F4846
:10BE60000068844208D300BF32A34FF4F0724CA1A3
:10BE700040A0E0F719FE00BF00BF00BF207940B12D
:10BE800000BF2CA340F2E1124CA13AA0E0F70CFE57
:10BE900000BF00BF00BF2088B0F5A04F08D900BF89
:10BEA00024A34FF4F2724CA132A0E0F7FDFD00BFD5
:10BEB00000BF208802F0A6F80546AC4219D02879C8
:10BEC000B8B936480068854213D04E480068A84289
:10BED00001D14C480460288820802888B0F5A04F04
:10BEE00007D02046FDF7F6F80746288802F08AF8C2
:10BEF0004780608802F086F80646A64215D0307961
:10BF000098B940480068A04201D13E4806602088A8
:10BF100030802088B0F5A04F07D03046FDF7DAF822
:10BF20000746208802F06EF84780BDE8F0810000E7
:10BF3000840200242E2E5C2E2E5C4D6964646C6598
:10BF400077617265735C6C7769705C7372635C6354
:10BF50006F72655C6D656D2E63000000706C7567B7
:10BF60005F686F6C65733A206D656D203E3D207291
:10BF7000616D0000417373657274696F6E202225D4
:10BF80007322206661696C6564206174206C696E3F
:10BF90006520256420696E2025730A00880200242C
:10BFA000706C75675F686F6C65733A206D656D20A6
:10BFB0003C2072616D5F656E64000000706C756797
:10BFC0005F686F6C65733A206D656D2D3E757365A6
:10BFD00064203D3D20300000706C75675F686F6CB9
:10BFE00065733A206D656D2D3E6E657874203C3D1D
:10BFF000204D454D5F53495A455F414C49474E4599
:10C00000440000009002002470B505460E462C4600
:10C0100000BF44B900BF23A34FF4B5722CA130A0D8
:10C02000E0F742FD00BF00BF6078012804D1012184
:10C030002046FAF727FF11E0607804280ED1606AE5
:10C0400040B1606A407A28B1606A407A401EC1B24D
:10C05000606A417201212046FAF7B8F894F820008E
:10C0600000F01000E0B16068D0B16068B0F8640022
:10C0700041F65E71884213DD6068B0F866002C28D6
:10C080000EDA00BF94F8200000F0EF0084F82000E2
:10C0900000BFA06A20B1002202212046A36A98476F
:10C0A000002070BD2E2E5C2E2E5C4D6964646C6584
:10C0B00077617265735C6C7769705C7372635C61E5
:10C0C00070695C6170695F6D73672E6300000000CA
:10C0D000636F6E6E20213D204E554C4C00000000D9
:10C0E000417373657274696F6E2022257322206616
:10C0F00061696C6564206174206C696E65202564DB
:10C1000020696E2025730A0010B5E2F7FDFB044696
:10C1100000F004FC00284CD12748406B50B927A1FF
:10C1200025483E30D4F714FA20B901202549087378
:10C13000002010BD2048406B2168884208D022A111
:10C140001D483E30D4F704FA10B14FF0FF30F0E74D
:10C150001DA119483E30D4F7FBF908B901F00CF8DD
:10C160001548406B2168884223D11AA112483E30FD
:10C17000D4F7EEF918B901211248417319E017A15B
:10C180000D483E30D4F7E4F910B901F02DF810E075
:10C1900016A109483E30D4F7DBF910B900F082F857
:10C1A00007E015A104483E30D4F7D2F908B901F0F0
:10C1B0004BF80020BDE70000686A012473656172D6
:10C1C00063680000446C01247570646174655F6D80
:10C1D00061630000696E71756972790075706461E0
:10C1E00074655F72656C6179000000007570646150
:10C1F00074655F69700000007570646174655F6EDE
:10C200007000000070B5A2B006460025802102A88B
:10C21000D4F758F93246202102A8E6F74DFB05462F
:10C22000002410E002A951F8242004EBC401134BB0
:10C23000C81813A1E0F748FC202104EBC400083023
:10C240000E4A1154641CAC42ECD36DB10B4805EBA3
:10C25000C5030D4900900DA2086A0E49E0F724FCC1
:10C260000DA0E0F721FC06E00749486AE0F71CFC56
:10C2700009A0E0F719FC22B070BD00007B14052472
:10C280002530386C78000000485406082E61786626
:10C2900000000000181405240D0A000001460020CB
:10C2A0007047000030B585B0E2F736FB0446002049
:10C2B0000090019002903D48807920703B48C07901
:10C2C00060703A48007AA0703848407AE0700020E8
:10C2D0008DF800003548807AA0723448C17AE17246
:10C2E000017B2173417B617300208DF801002F4891
:10C2F000807BA0732D48C17BE173017C2174417C5C
:10C30000617400208DF802002848807C8DF80C00B4
:10C310002648C07C8DF80D002448007D8DF80E0065
:10C320002248407D8DF80F0000208DF803001F4843
:10C33000807D8DF810001D48C07D8DF811001B48D0
:10C34000007E8DF812001948407E8DF81300002001
:10C350008DF8040003A8E2F797FE002207E01046DC
:10C36000FFF79CFF511D0DF80100501CC2B2062AB8
:10C37000F5DB002009E01DF90010002902DA4FF07A
:10C38000FF3500E00025411CC8B20B28F3DB25B9BE
:10C390000121032000F08EFC03E00021032000F0C7
:10C3A00089FCEAF793FA05B030BD0000686A012401
:10C3B00010B53548007B012812D10020324908739E
:10C3C0004FF400713148D4F77DF800231A46304904
:10C3D0002E4800F077FC2E4801882C4810F080FA97
:10C3E0002948407B012810D10021274841734FF490
:10C3F00000712648D4F766F82549244800F04AF829
:10C4000023480188214810F06BFA1F48407C01281E
:10C4100038D100211C484174007906282BD2DFE86E
:10C4200000F02A030B121A221748437901221849F7
:10C43000164800F047FC1FE013484279144913489E
:10C4400000F074FB18E010484379032210490F48AC
:10C4500000F038FC10E00C48437904220C490B48EA
:10C4600000F030FC08E008484379052208490748F5
:10C4700000F028FC00E000BF00BF05480188034829
:10C4800010F02EFA10BD0000446C0124586C0124F9
:10C490005C010024F0B52DED028B8FB005460C46F3
:10C4A000E2F732FA0646342102A8D4F70BF800204E
:10C4B0000090019000BF00212846FDF79FF8002161
:10C4C0002846FDF7C7F8342102A8D3F7FBFFE9A1FE
:10C4D00002A83268E0F7F8FA012302AAE6A128468A
:10C4E000FDF7FAF80220E2F785FA074600233A46FC
:10C4F000E2A12846FDF7F0F801212846FDF7AAF849
:10C5000000212846FDF78EF80123DEA2DFA1284690
:10C51000FDF7E2F80020E8F707FBB0EE408ABCEE3A
:10C52000C80A10EE100A80B2ADF80000BDF8000095
:10C530006421484300EE100AB8EEC00ADFEDD50AC8
:10C5400018EE200ABCEEC00A10EE100A80B2ADF858
:10C550000200342102A8D3F7B5FFBDF80230BDF8C0
:10C560000020CDA102A8E0F7AFFA012302AACCA1D6
:10C570002846FDF7B1F80220E8F7D6FAB0EE408A77
:10C58000BCEEC80A10EE100A80B2ADF80400BDF887
:10C5900004006421484300EE100AB8EEC00ADFED43
:10C5A000BD0A18EE200ABCEEC00A10EE100A80B2D6
:10C5B000ADF80600342102A8D3F784FFBDF8063099
:10C5C000BDF80420B4A102A8E0F77EFA012302AA74
:10C5D000B5A12846FDF780F8342102A8D3F772FFF1
:10C5E0000020E8F7DDF9B0EE408ABCEEC80A10EE94
:10C5F000100A80B2ADF80000BDF800006421484385
:10C6000000EE100AB8EEC00ADFEDA20A18EE200A0A
:10C61000BCEEC00A10EE100A80B2ADF80200BDF800
:10C620000230BDF800209CA102A8E0F74DFA0123DA
:10C6300002AA9EA12846FDF74FF8342102A8D3F79D
:10C6400041FF0020E8F7B4F9B0EE408AB5EEC08AA9
:10C65000F1EE10FA28D29FED970A30EE480AB0EEBC
:10C66000408ABCEEC80A10EE100A80B2ADF8040091
:10C67000BDF804006421484300EE100AB8EEC00A79
:10C68000DFED840A18EE200ABCEEC00A10EE100A94
:10C6900080B2ADF80600BDF80630BDF8042086A1D2
:10C6A00002A8E0F711FA21E0BCEEC80A10EE100A69
:10C6B00080B2ADF80400BDF804006421484300EEE8
:10C6C000100AB8EEC00ADFED730A18EE200ABCEEBD
:10C6D000C00A10EE100A80B2ADF80600BDF80630B0
:10C6E000BDF804206CA102A8E0F7EEF9012302AA2C
:10C6F00074A12846FCF7F0FF342102A8D3F7E2FE2C
:10C700000020E8F741F907463A4670A102A8E0F791
:10C71000DBF9012302AA6FA12846FCF7DDFF3421D3
:10C7200002A8D3F7CFFEE8F723F907463A466BA1F4
:10C7300002A8E0F7C9F9012302AA69A12846FCF77B
:10C74000CBFF342102A8D3F7BDFE0020EDF772F92C
:10C7500007463A4661A102A8E0F7B6F9012302AA0A
:10C7600061A12846FCF7B8FF342102A8D3F7AAFE3E
:10C770000120EDF75FF907463A4654A102A8E0F719
:10C78000A3F9012302AA59A12846FCF7A5FFEDF75A
:10C790004DF9074601233A4656A12846FCF79CFF6F
:10C7A000342102A8D3F78EFE0020E7F797FA074658
:10C7B0003A4646A102A8E0F787F9012302AA4FA151
:10C7C0002846FCF789FF342102A8D3F77BFE00201E
:10C7D00002F0EAF907463A463CA102A8E0F774F9EC
:10C7E000012302AA46A12846FCF776FF012002F0A9
:10C7F000DBF907463A4635A102A8E0F765F90123BF
:10C8000002AA40A12846FCF767FF022002F0CCF9FB
:10C8100007463A462DA102A8E0F756F9012302AADD
:10C8200039A12846FCF758FF032002F0BDF907465E
:10C830003A4626A102A8E0F747F9012302AA33A14C
:10C840002846FCF749FF002331A232A12846FCF715
:10C8500043FF01212846FCF7E5FE01212846FCF7AD
:10C86000CDFE2846D3F76DFE20800FB0BDEC028BC5
:10C87000F0BD0000255800007469640064617465AF
:10C8800000000000696E71756972790074797065D5
:10C89000730000000000C84225642E253032640079
:10C8A000766F6C74000000006375720068756D69C6
:10C8B00000000000000000002D25642E25303264A9
:10C8C0000000000074656D700000000025303164C8
:10C8D00000000000646F6F7200000000256400001B
:10C8E000616E676C65000000637371007769726543
:10C8F0000000000063636964000000006C616E006A
:10C900007061310070613200706133007061340019
:10C91000313030006572726F7200000070B590B0F7
:10C92000002518210AA8D3F7CDFD0026142105A85B
:10C93000D3F7C8FD6248007801286FD14FF4EE713B
:10C940006048D3F7BFFD00205D4908705EA15F48D5
:10C95000D3F7CFFD061E11D05DA13046D3F7C9FD38
:10C96000064605AA5BA13046D3F768FE10220021D7
:10C9700005A8D3F795FF5349486303E04FF0FF3014
:10C9800010B070BD57A15148D3F7B3FD061E0BD0B0
:10C990004FA13046D3F7ADFD06464A4A3E324DA17F
:10C9A0003046D3F74BFE02E06FF00100E8E74FA1FD
:10C9B0004648D3F79EFD061E31D0142105A8D3F7B3
:10C9C00081FD43A13046D3F794FD064605AA41A157
:10C9D0003046D3F733FE0FA80EA90DAA0CABCDE954
:10C9E0000032CDE902100BAB0AAA41A105A8D3F78A
:10C9F00025FE45B2062D0ED132490A9808700B98D3
:10CA000048700C9888700D98C8700E9808710F982F
:10CA10004871002503E06FF00200B1E74DE03AA154
:10CA20002A48D3F766FD061E0AD029A13046D3F75F
:10CA300060FD0646234A4D3226A13046D3F7FEFD5F
:10CA400034A12248D3F755FD061E0AD020A1304656
:10CA5000D3F74FFD06461B4A94321EA13046D3F74A
:10CA6000EDFD002425E02E4800EB84011748D3F7A4
:10CA700040FD061E1BD0142105A8D3F723FD14A1E9
:10CA80003046D3F736FD064605AA12A13046D3F745
:10CA9000D5FD0AAA23A105A8D3F7D0FD45B2012DE3
:10CAA00005D10A98C1B20748383001550025601CED
:10CAB000C4B2062CD7DB002062E74FF0FF305FE7FF
:10CAC000446C0124686A0124746964006868012464
:10CAD0003A000000252A5B5E225D22255B5E225D16
:10CAE0000000000074797065730000006D616300E0
:10CAF0002532783A2532783A2532783A2532783A12
:10CB00002532783A2532780070617373776F7264DA
:10CB100000000000757365726E616D6500000000B5
:10CB20004301002425303164000000002DE9FE435C
:10CB300006460C461546E1F7E7FE07460020009042
:10CB40000190029000213046FCF758FD002130464C
:10CB5000FCF780FD00200090019002903FA1684604
:10CB60003A68DFF7B1FF01236A463DA13046FCF782
:10CB7000B3FD0220E1F73EFF80460023424639A183
:10CB80003046FCF7A9FD01213046FCF763FD00218A
:10CB90003046FCF747FD012334A238A13046FCF7AC
:10CBA0009BFD012D06D1012336A238A13046FCF7AA
:10CBB00093FD05E0012337A234A13046FCF78CFD3C
:10CBC000002000900190029001F0EEFF8046424666
:10CBD00032A16846DFF778FF01236A4631A130466B
:10CBE000FCF77AFD012001F0DFFF804642462BA1D1
:10CBF0006846DFF769FF01236A462BA13046FCF740
:10CC00006BFD022001F0D0FF8046424623A168461A
:10CC1000DFF75AFF01236A4624A13046FCF75CFD8A
:10CC2000032001F0C1FF804642461CA16846DFF7A1
:10CC30004BFF01236A461EA13046FCF74DFD012142
:10CC40003046FCF7EFFC01213046FCF7D7FC3046BC
:10CC5000D3F777FC2080BDE8FE8300002558000054
:10CC6000746964006461746500000000757064613B
:10CC700074655F72656C617900000000747970659D
:10CC80007300000073756363657373007265737579
:10CC90006C7400006661756C7400000025303164AE
:10CCA000000000007061310070613200706133007B
:10CCB00070613400024A107151710123537470473E
:10CCC000446C01242DE9F04F8DB082468946174609
:10CCD0001D46E1F719FE8046E1F71EFE0446E1F726
:10CCE00085FE0646202105A8D3F7ECFB002150461F
:10CCF000FCF784FC00215046FCF7ACFC202105A881
:10CD0000D3F7E0FBBDA105A8D8F80020DFF7DCFED3
:10CD1000012305AABAA15046FCF7DEFC0220E1F788
:10CD200069FE834600235A46B6A15046FCF7D4FC60
:10CD300001215046FCF78EFC00215046FCF772FCA6
:10CD4000062F63D2DFE807F0030A6220364C012386
:10CD5000AEA2B0A15046FCF7BFFC58E00123AFA241
:10CD6000ACA15046FCF7B8FC012D06D10123AEA2C0
:10CD7000AFA15046FCF7B0FC05E00123AEA2ACA188
:10CD80005046FCF7A9FC42E00123ADA2A1A1504608
:10CD9000FCF7A2FC012D06D10123A3A2A4A15046B9
:10CDA000FCF79AFC05E00123A3A2A1A15046FCF7E1
:10CDB00093FC2CE00123A5A296A15046FCF78CFC25
:10CDC000012D06D1012398A299A15046FCF784FCBD
:10CDD00005E0012398A296A15046FCF77DFC16E0E1
:10CDE00001239EA28BA15046FCF776FC012D06D1B3
:10CDF00001238DA28EA15046FCF76EFC05E00123B5
:10CE00008DA28BA15046FCF767FC00E000BF00BF7D
:10CE1000012395A297A15046FCF75EFC202105A8AE
:10CE2000D3F750FB05A807F025FA012305AA93A123
:10CE30005046FCF751FC012391A294A15046FCF707
:10CE40004BFC012392A296A15046FCF745FC202101
:10CE500005A8D3F737FB607A217AE279A379CDE987
:10CE60000032CDE90210637922798EA105A8DFF79F
:10CE70002BFE012305AA93A15046FCF72DFC20218F
:10CE800005A8D3F71FFBE078A178CDE900106378FF
:10CE900022788DA105A8DFF717FE012305AA8DA131
:10CEA0005046FCF719FC202105A8D3F70BFB607B4B
:10CEB000217BCDE90010E37AA27A83A105A8DFF7F0
:10CEC00003FE012305AA84A15046FCF705FC20219E
:10CED00005A8D3F7F7FA607C217CCDE90010E37B4D
:10CEE000A27B79A105A8DFF7EFFD012305AA7BA1AD
:10CEF0005046FCF7F1FB202105A8D3F7E3FA607E4A
:10CF0000217ECDE90010E37DA27D6FA105A8DFF7AA
:10CF1000DBFD012305AA72A15046FCF7DDFB2021B1
:10CF200005A8D3F7CFFA607F217FCDE90010E37E1B
:10CF3000A27E65A105A8DFF7C7FD012305AA6AA1A6
:10CF40005046FCF7C9FB202105A8D3F7BBFA06F130
:10CF5000440267A105A8D6F88430DFF7B5FD0123A8
:10CF600005AA65A15046FCF7B7FB202105A8D3F719
:10CF7000A9FA32465EA105A8336CDFF7A5FD0123AF
:10CF800005AA5FA15046FCF7A7FBECF74FFD8346CF
:10CF900001235A465CA15046FCF79EFB202105A8C0
:10CFA000D3F790FA08F1040259A105A8DFF78CFD28
:10CFB000012305AA57A15046FCF78EFB202105A8A6
:10CFC000D3F780FA08F1380251A105A8DFF77CFDFC
:10CFD000012305AA51A15046FCF77EFB01215046D2
:10CFE000FCF720FB01215046FCF708FB5046D3F725
:10CFF000A8FAA9F800000DB0BDE8F08F2558000090
:10D000007469640064617465000000007365617296
:10D010006368000074797065730000007570646166
:10D0200074655F6D6163000073756363657373009E
:10D03000726573756C7400006661756C7400000035
:10D040007570646174655F6970000000757064617B
:10D0500074655F7365727665720000007570646157
:10D0600074655F6E70000000464E56494D545F4A2D
:10D0700059000000746E616D000000006D63750062
:10D08000464E2D4A5454592D505900006D6F64007E
:10D09000312E302E302E32303235313231330000E5
:10D0A00073760000253032782D253032782D2530EA
:10D0B00032782D253032782D253032782D253032BA
:10D0C000780000006D61630025642E25642E2564C0
:10D0D0002E256400697000006E6D00006777000007
:10D0E0006D697031000000006D6970320000000051
:10D0F00025733A2564000000696E69700000000025
:10D100006F757469700000006963636964000000F2
:10D11000257300006E616D6500000000706173731F
:10D12000776F72640000000070B504460D46002061
:10D13000074908704FF400710648D3F7C3F92A462F
:10D1400021460448D3F796F901200149087070BDC3
:10D15000446C01246868012410B5044600F001F80D
:10D1600010BD08E0FEF7D0FF00F064F8F2F7C0FC55
:10D17000642010F07DFBF5E770B5E1F7CDFB0446C8
:10D18000E1F7C2FB05461648406B2860144800785A
:10D1900020711348417861718178A171C178E17182
:10D1A000017921724179617201210846FFF782FD00
:10D1B00004232A460B490846E7F748FB0623221DAD
:10D1C000084940310748E7F741FB0420E1F7E2FF57
:10D1D0000120E1F7DFFF642010F04AFB70BD000082
:10D1E000686A012400001E0810B500241CE01048E5
:10D1F000005D012802D0022812D108E0012120465A
:10D2000001F07EFC01210220FFF754FD09E000211E
:10D21000204601F075FC01210220FFF74BFD00E0E4
:10D2200000BF00BF601CC4B2062CE0DB10BD0000D4
:10D23000A06A012410B5E9F7ABF9022800D010BDAF
:10D24000FFF7B6F800BFFAE700B591B040220A49EF
:10D250000A48D3F70FF94022084928396846D3F71E
:10D2600009F9064838380FC8E1F70EFE01210520FC
:10D27000FFF720FD11B000BDB56A0124906E0124B6
:10D280002DE9F04105460E46294807680020294946
:10D29000096881F8610027480068001D10F04EF809
:10D2A00050B92448006890F82C1001208840224989
:10D2B0000968814320480160681CD8B9D6B11F496C
:10D2C00048681C49096888601A4982680968CA6008
:10D2D00018490968091D8268516016490968091DC5
:10D2E0008160164A134909684A6111460968491C58
:10D2F00011601AE07C190F4800684460BC4207D2F4
:10D300000C480168091D0E48006810F04DF80CE04B
:10D3100008480168091D0B48006810F045F80A48E4
:10D320000068844201D208480460BDE8F081000032
:10D330009C04002488040024A0040024DCD30324DB
:10D34000900400248C040024B804002410B5044682
:10D3500010F050F831480068401C304908603048EF
:10D36000006840B92E4804600846006801280DD1C5
:10D3700000F032FA0AE02B48006838B92848006803
:10D38000C06AE16A884201D82548046026480068DE
:10D39000401C2549086008460068A06494F82C10D9
:10D3A0000120884021490968084320490860E16A52
:10D3B00001EB81011E4A02EB81014868A06082688E
:10D3C000E260211D826851608160E16A01EB8101A8
:10D3D000174A02EB81026261E16A01EB8101144AA2
:10D3E00052F82110491CE26A02EB8202104B43F80A
:10D3F000221010F04FF80B48006868B10848006828
:10D40000C06AE16A884207D24FF08050094908603B
:10D41000BFF34F8FBFF36F8F10BD0000980400243F
:10D4200088040024A4040024B4040024A0040024DC
:10D430000CD1032404ED00E010B50FF0DBFF104821
:10D440000068D0B90F480FF09FFF0F480FF09CFF06
:10D450000C480E4908600C480D4908600022102154
:10D46000052010F01DFE064908600846006820B13E
:10D4700008A10348006810F029F910F00BF810BD5E
:10D48000D8040024F0D3032404D40324D0040024BB
:10D49000D4040024546D72510000000010B516E051
:10D4A0000FF0A8FF0C48C068C468201D0FF046FFAD
:10D4B0000A480068401E0949086009480068401E83
:10D4C000074908600FF0E6FF204600F05FF80448C7
:10D4D00000680028E4D110BDC8D3032498040024B8
:10D4E0009404002470B504460D46206C70B1216C84
:10D4F000E0680144E160D4E90210884201D3216868
:10D50000E1602846226CE168D2F7B4FF70BD2DE9D6
:10D51000F04104460F4615464FF00008A66B206CFC
:10D5200048B9206800282CD1A06811F0C3FB8046C0
:10D530000020A06025E07DB93946226C6068D2F7F2
:10D5400099FF216C606808446060D4E90101884259
:10D5500017D32068606014E03946226CE068D2F787
:10D5600089FF216CE068411AE1602168E068884227
:10D5700003D2216CA068411AE160022D01D106B1ED
:10D58000761E701CA0634046BDE8F08110B50446CD
:10D59000206B0FF0C1FF20460FF0BEFF10BD01460B
:10D5A0004A6A22B10A6B1268C2F1200000E0002032
:10D5B000704700000146084A126812680AB9012241
:10D5C00000E000220A600A6822B9034A1268D268A1
:10D5D000106800E000207047D004002430B54FF4FC
:10D5E000A033174800F007042CB1C01D20F007003D
:10D5F000134C041B1B1B0246124C22600024114DCD
:10D600006C60D018083820F007000F4C2060002410
:10D610000D4D2D686C600C4D2D682C601146441A20
:10D620004C60094C24680C60084D4C682C60084D17
:10D630004C682C604FF00044064D2C6030BD00005B
:10D6400018D40324F0040024F80400240005002466
:10D65000FC0400240C05002400BFFFF71FFF064850
:10D6600000680128F9D94FF0805004490860BFF3E1
:10D670004F8FBFF36F8FF0E70CD1032404ED00E070
:10D6800010B5044654B10020A06020600021E16084
:10D6900000231A461946204610F0C8FD10BD2DE99A
:10D6A000F04106460D4617469846069C0DB9246083
:10D6B00000E02760E66325640121204610F038FD74
:10D6C00084F850800020A064BDE8F0812DE9F05F6F
:10D6D00082460F4690469B460A9E0C9C4FEA880164
:10D6E000A522206BD2F7E7FEA8F10100216B01EB28
:10D6F000800929F0070909F0070008B9012000E0B6
:10D70000002028B940F2623226A12FA0DFF7CCF921
:10D71000C4F8448087B1002507E0795D04F1340046
:10D720004155785D00B902E06D1C102DF5D300BFA6
:10D7300000214320015502E0002084F83400202E0F
:10D7400001D2012000E0002028B940F2993215A151
:10D750001DA0DFF7A9F9202E00D31F26E66226655B
:10D7600000206065201D0FF01CFE04F118000FF072
:10D7700018FE2461C6F12000A06164620020A0654B
:10D78000E06584F8600084F861005A4651464846D6
:10D7900000F01AFD20600B9808B10B980460BDE8FA
:10D7A000F09F00002E2E5C2E2E5C4D6964646C652B
:10D7B00077617265735C4672656552544F535C7451
:10D7C00061736B732E6300004572726F723A20258D
:10D7D000732C2025640D0A0010B5002407E004EB2B
:10D7E00084010F4A02EB81000FF0CEFD641C202C57
:10D7F000F5D30C480FF0C8FD0B480FF0C5FD0B48E2
:10D800000FF0C2FD0A480FF0BFFD0A480FF0BCFD43
:10D8100004480949086004480849086010BD000030
:10D820000CD103248CD30324A0D30324B4D3032426
:10D83000C8D30324DCD303248C04002490040024E4
:10D8400010B50146164800E0006803688B42FBD320
:10D850000246436813448B4204D143684C68234416
:10D86000436001460A464B6813440468A34211D141
:10D870000C4C03682468A34208D04B6804686468B1
:10D8800023444B6003681B680B6005E0054B1B6875
:10D890000B6001E003680B60884200D0016010BD9E
:10D8A000F0040024F80400242DE9F04104460D465C
:10D8B00016461F464FF0000865602461B5420CD83B
:10D8C000F01BA169884202D34FF0010811E0211D2D
:10D8D000094800680FF068FD0BE0BE4204D2BD426B
:10D8E00002D34FF0010804E0211D044800680FF046
:10D8F0005BFD4046BDE8F081D4040024D004002440
:10D9000070B505460FF076FDA86B08B9012400E05C
:10D9100000240FF0BFFD204670BD70B505460FF026
:10D9200069FDA86BE96B884201D1012400E0002465
:10D930000FF0B0FD204670BDF1B50098846C002654
:10D940002CB940F6D53220A128A0DFF7ADF8A06BA6
:10D95000E16B884201D2012000E0002028B940F6A6
:10D96000D63219A121A0DFF79FF8A06BE16B8842A6
:10D9700027D294F94550002269462046FFF7C7FD9B
:10D980000646681C60B9606A08B9012000E0002002
:10D99000B0B904F1240011F08BFA88B101260FE030
:10D9A0007F2D01D0012000E0002028B940F6F6329A
:10D9B00005A10EA0DFF778F8681C40B284F8450096
:10D9C00000BF3046F8BD00002E2E5C2E2E5C4D6947
:10D9D00064646C6577617265735C46726565525408
:10D9E0004F535C71756575652E6300004572726FEB
:10D9F000723A2025732C2025640D0A0070B5054667
:10DA00000E460E480068C068C468201D0FF096FCE2
:10DA100094F8280000F0040028B132462946204638
:10DA200000F0FEF805E094F8280000F0FE0084F80D
:10DA300028002046216A884770BD0000D0040024D9
:10DA400070B586B08AE0029800280CDA03AE2EB9D1
:10DA500040F2063247A150A0DFF726F8D6E90020B1
:10DA6000B168904700BF0298002877DB049C60698A
:10DA700008B9012000E0002010B9201D0FF05EFC65
:10DA800001A800F0F9F8054602980A2864D2DFE8F8
:10DA900000F06305072E365306082F3700BF00BF7E
:10DAA00000BF94F8280040F0010084F82800039893
:10DAB000A269811803462A462046FFF7F5FEA8B161
:10DAC00094F8280000F0040038B10398A269811886
:10DAD0002A46204600F0A4F805E094F8280000F05B
:10DAE000FE0084F828002046216A884735E000BF00
:10DAF00094F8280000F0FE0084F828002DE000BF14
:10DB000094F8280040F0010084F828000398A061F0
:10DB1000A06908B1012000E0002028B940F2593284
:10DB200014A11DA0DEF7C0FFA06941192B462A46AB
:10DB30002046FFF7B9FE10E094F8280000F002003C
:10DB400018B920460FF0E8FC05E094F8280000F032
:10DB5000FE0084F8280000E000BF00BF002202A9F8
:10DB60001148006810F022FD00287FF46CAF06B069
:10DB700070BD00002E2E5C2E2E5C4D6964646C65B9
:10DB800077617265735C4672656552544F535C747D
:10DB9000696D6572732E63004572726F723A20254B
:10DBA000732C2025640D0A00D8040024F8B505461E
:10DBB0000C4610F0D1F8684600F05EF80646009872
:10DBC00020BB44B9B54206D811F018FA31462846B0
:10DBD000FFF714FF1CE03CB10E480068006808B96C
:10DBE000012000E000200446A91B22460A480068E4
:10DBF0000FF018FE11F002FA50B94FF080500749AB
:10DC00000860BFF34F8FBFF36F8F01E011F0F6F99B
:10DC1000F8BD0000D4040024D804002404ED00E082
:10DC200070B504460D46164604E0A069054420463A
:10DC3000216A8847A06941192B4632462046FFF7E2
:10DC400033FE0028F1D170BD09480068006808B9AA
:10DC5000012000E0002020B14FF0FF3005490860AE
:10DC600005E003480068C068006802490860704722
:10DC70008C040024B804002470B5044610F020FF82
:10DC8000054607480068854204D200F00BF80120E1
:10DC9000206001E00020206001480560284670BD3A
:10DCA000E004002470B508E00D480068C06804680E
:10DCB0004FF0FF312046FFF7A1FE094800680068D9
:10DCC00008B9012000E000200028EDD004480568D4
:10DCD00004480068024908600248056070BD000001
:10DCE000D0040024D40400240C480068401C08B967
:10DCF000012000E0002020B9E32209A118A0DEF7EE
:10DD0000D3FE00BF102072B680F31188BFF34F8F8F
:10DD1000BFF36F8F62B600BF00BFFEE7E4040024CC
:10DD20002E2E5C2E2E5C4D6964646C657761726585
:10DD3000735C4672656552544F535C706F727461C8
:10DD4000626C655C525644535C41524D5F434D37A3
:10DD50005C723070315C706F72742E630000000072
:10DD60004572726F723A2025732C2025640D0A00CB
:10DD700008B500BF6846FFF71DFC04462046009921
:10DD8000FFF714FFFFF75CFEF4E770B504460FF0F1
:10DD900031FB94F9455019E0A06C30B12046FFF7F3
:10DDA000CBFD88B10FF044FE0EE0606A08B9012097
:10DDB00000E0002038B904F1240011F079F818B11E
:10DDC0000FF036FE00E003E0681E45B2002DE3DCF4
:10DDD00000BFFF2084F845000FF05CFB0FF00AFB4A
:10DDE00094F9445010E0206908B9012000E00020B7
:10DDF00048B904F1100011F05BF808B10FF018FEFB
:10DE0000681E45B200E001E0002DECDC00BFFF2001
:10DE100084F844000FF03EFB70BD00002DE9F04196
:10DE20000446884617461E46754DA06908B9BDE8E8
:10DE3000F081474505D0A6601FB1A07840F00200F0
:10DE4000A070002F64D0A07800F0010068BB3046BD
:10DE5000A168E8F74BF9A1690988884224DBE08AC8
:10DE6000002811DD30462169E8F740F9A1690989E8
:10DE7000884209DBE07800F0040018B10221204656
:10DE8000AA6990470020E082E6600020A082A07886
:10DE900040F00100A070E07800F0010018B100210E
:10DEA0002046AA6990476660A7E00FE0A16949890A
:10DEB000E0680844E060A08A401CA082E07800F09E
:10DEC000080018B103212046AA699047A06940893B
:10DED000002807DD3046E168E8F708F9A1694989BB
:10DEE0008842E3DAE08A0028DEDD30466168E8F740
:10DEF000FDF8A169C98888427FDDE07800F0040060
:10DF000018B102212046AA6990470020E08274E0FF
:10DF1000A07800F00100002851D03046A168E8F751
:10DF2000E5F8A1694988884267DBA07820F0010004
:10DF3000A070E07800F0020018B101212046AA6923
:10DF4000904730466168E8F7D1F8A169898888422E
:10DF50000CDB30466168E8F7C9F8A169C9888842D6
:10DF600004DCE08A401CE082266114E0E08A00289C
:10DF70000FDD30466168E8F7B9F8A1698988884201
:10DF800007DAE07800F0040018B102212046AA69FF
:10DF900090470020E082E08A00280EDDE08AA16937
:10DFA0008989884209D1E07800F0040018B1022183
:10DFB0002046AA6990470020E08266601DE0E08A62
:10DFC000002812DD30462169E8F790F8A169098937
:10DFD000884212DBE07800F0040018B102212046EC
:10DFE000AA6990470020E08207E0A07800F00200D4
:10DFF00018B1A07820F00200A07000BF17E7000061
:10E0000090D301240146024800680844704700008C
:10E01000840200242DE9F04104464FF000080FF07F
:10E020009BFE4948006808B9FFF7D8FA47480068DE
:10E030002040002875D1002C23D004F10800A04214
:10E040001FD9083404F0070000281BD004F0070093
:10E05000C0F108002044A04211D904F00700C0F12B
:10E060000800044404F0070008B9012000E0002083
:10E0700040B99C2236A144A0DEF716FD02E0002440
:10E0800000E00024002C4CD043480068844248D86B
:10E09000424E3046056801E02E462D686868A04271
:10E0A00002D228680028F7D127480068854238D076
:10E0B000306800F10808286830606868001B102884
:10E0C00013D92F1907F0070008B9012000E000203C
:10E0D00020B9CF221EA12CA0DEF7E6FC6868001B49
:10E0E00078606C603846FFF7ABFB2B4968680968BD
:10E0F000081A2949086008460068294909688842C1
:10E1000003D22548006826490860104968680968F4
:10E11000084368600020286022480068401C2149AC
:10E12000086010F06BFF08F0070008B9012000E05C
:10E13000002028B94FF4887205A113A0DEF7B4FCC3
:10E140004046BDE8F0810000F80400240C050024DE
:10E150002E2E5C2E2E5C4D6964646C657761726551
:10E16000735C4672656552544F535C706F72746194
:10E17000626C655C4D656D4D616E675C6865617074
:10E180005F342E63000000004572726F723A2025E2
:10E19000732C2025640D0A00FC040024F0040024E4
:10E1A00000050024040500240648006830B1054934
:10E1B000096801F15400496D491C0160014800687B
:10E1C0007047000088040024001F4FF08073036034
:10E1D000001F21F001030360001F054B036014388A
:10E1E0000260001F6FF002030360203870470000D8
:10E1F000E9DC0408024602B111B96FF0050070476E
:10E2000009B9002000E0086810600020F7E721B19C
:10E2100091F83420521C027201E000220272704711
:10E22000F0B591B006460F4615461C4628891C28B5
:10E2300014DB0C480068401C0A490860E078A178AB
:10E24000CDE900106378227807A107A8DEF73CFC2F
:10E25000044809A1026802A8DEF736FC002011B0CC
:10E26000F0BD00008403002449503A25642E256443
:10E270002E25642E2564000050696E672074696D38
:10E2800065733A256C640000024602B111B96FF063
:10E290000500704709B9002000E00868506000BF21
:10E2A000507C40F00100507400BF0020F1E70000F6
:10E2B0002DE9F05F05464FF00008284A11685069C3
:10E2C000F0F712F981466868477A00262448046806
:10E2D0003FE0207CB8423AD14946204600F06CF835
:10E2E000002834D0607C00F0010020B11B49606838
:10E2F000096988422BD16069002828D0D5F804B07C
:10E300004FF00208154B10332A462146D4E905C0C8
:10E31000E0478246BAF1000F0BD0002536B1E06825
:10E32000F0600F480068E0600D4804600120BDE81F
:10E33000F09F00BF6868584507D000BF09A3C022FE
:10E34000124913A0DEF7B0FB00BF00BF00BF264696
:10E35000E468002CBDD14046E9E7000070E90224E2
:10E36000E00200242E2E5C2E2E5C4D6964646C65E8
:10E3700077617265735C6C7769705C7372635C6300
:10E380006F72655C7261772E63000000A857060803
:10E39000417373657274696F6E2022257322206643
:10E3A00061696C6564206174206C696E6520256408
:10E3B00020696E2025730A000246107A50B1137A44
:10E3C0000D48406890F83400401CC0B2834201D030
:10E3D0000020704721B10AB1106858B90120F8E750
:10E3E00032B1106820B1044B10685B69984201D1CA
:10E3F0000120EEE70020ECE770E9022410B50246A8
:10E4000082B1136873B169B10B685BB1064B1868D0
:10E4100006E003681468A34201D10B680360C0687A
:10E420000028F6D110BD0000E002002470B50546BA
:10E430000020FAF7FFFF044664B11C212046D2F702
:10E4400041F82574FF20E072E07403480068E06042
:10E4500001480460204670BDE002002470B5064605
:10E460000C462046FFF7E2FF0546284670BD416195
:10E470008261704770B505460E480068A84205D114
:10E480000C480068C0680B4908600EE00948046841
:10E4900008E0E06828B1E068A84202D1E868E060DE
:10E4A00002E0E468002CF4D100BF29460020FAF70E
:10E4B0003DFF70BDE002002470B504460D46221DEC
:10E4C0002946204600F001F870BD2DE9F8430446C6
:10E4D000884616460CB106B103E06FF00500BDE8B2
:10E4E000F883207A20B1207AFCF778FA05460EE00E
:10E4F0000025307800F0F000E02803D1A07CFCF784
:10E500006DFA05461DB93046F0F736FD054615B9DA
:10E510006FF00300E3E734B1206820B1207800F009
:10E52000F000E02805D10DB1281D00E000200746CD
:10E5300000E027462B46324641462046009700F031
:10E5400001F8CCE72DE9FF5F04460D4617469846D3
:10E55000DDF838B044B13FB1B8F1000F04D0BBF1E1
:10E56000000F01D000BF04E06FF0050004B0BDE86B
:10E57000F09F4FF01409607C00F0020090B16889B0
:10E58000484502DA6FF00500F0E7002000900346EE
:10E5900002465946CDE901082846F0F72BFA824693
:10E5A0005046E3E72889484480B22989884202DA44
:10E5B0004FF0FF30DAE749462846FCF75BFB90B1A5
:10E5C0004FF4207200212220FCF7CEFB064616B93C
:10E5D0004FF0FF30CAE72889002818D02946304676
:10E5E000FCF70EFE13E02E4649463046FDF7C8F90B
:10E5F00068B100BF00BF1AA34FF4F17222A12CA092
:10E60000DEF752FA00BF00BF4FF0FF30AEE7607C8C
:10E6100000F0040040B1387800F0F000E02803D1A9
:10E62000707B40F004007073387800F0F000E02850
:10E6300001D1E07C00E0E07A0390207CA17ACDE972
:10E64000010800913A4659463046039BF0F7D2F94B
:10E650008246AE4202D03046FCF75EFF504685E768
:10E660002E2E5C2E2E5C4D6964646C65776172653C
:10E67000735C6C7769705C7372635C636F72655C0A
:10E680007261772E6300000043616E27742072650B
:10E6900073746F72652068656164657220776520A8
:10E6A0006A7573742072656D6F7665642100000071
:10E6B000417373657274696F6E2022257322206620
:10E6C00061696C6564206174206C696E65202564E5
:10E6D00020696E2025730A002DE9F04704008A4660
:10E6E00016D054F8047CD4F800903E1F564500D94B
:10E6F00056462046DEF782FA0546884632462146CF
:10E700005046EFF7C9FE40B1C0F80090BDE8F08771
:10E71000BDE8F0470846DEF733BC44E9017955B15E
:10E7200029686A18211F8A4202D9611B091F2960C2
:10E73000C5F80480EAE7024AC2F80080E6E7000074
:10E74000380500242DE9F05F0746884692469B462F
:10E750003D46002D35D005F11000002831D0286944
:10E7600078B352464FF420710020FCF75DFD064659
:10E770003EB30720FAF75EFE04462CB93046FCF79C
:10E78000CBFE0020BDE8F09F266066600E48006961
:10E79000A06098F81000A081B6F80890214605F115
:10E7A000100006F0F1F920B12046FBF7DEF800205A
:10E7B000E8E7A86A20B14A4600212846AB6A984794
:10E7C00000BF0020DEE7000070E902242DE9F047D9
:10E7D00006460F4615469A4600BF002F08D100BFD7
:10E7E00030A34FF496723AA142A0DEF75DF900BF64
:10E7F00000BF00BF002E08D100BF2AA340F22D1297
:10E8000046A13CA0DEF750F900BF00BF00BFBAF13F
:10E81000000F08D000BF23A34FF4977247A135A083
:10E82000DEF742F900BF00BF34461CB96FF00500A7
:10E83000BDE8F08700BF6068B84208D000BF19A3E8
:10E8400040F2351243A12BA0DEF72EF900BF00BF26
:10E8500004F1100008B1206948B935B1298938465A
:10E860000BF06CFA2846FCF757FE0020E0E71DB1DC
:10E87000A846B5F8089003E0DFF8F8804FF00009EB
:10E88000414604F1100006F07FF910B14FF0FF305F
:10E89000CEE7A06A20B14A4600212046A36A9847E5
:10E8A0000020C5E72E2E5C2E2E5C4D6964646C65DD
:10E8B00077617265735C6C7769705C7372635C61BD
:10E8C00070695C6170695F6D73672E6300000000A2
:10E8D000726563765F746370206D75737420686110
:10E8E000766520612070636220617267756D656E68
:10E8F00074000000417373657274696F6E20222585
:10E900007322206661696C6564206174206C696E95
:10E910006520256420696E2025730A007265637680
:10E920005F746370206D7573742068617665206113
:10E930006E20617267756D656E740000657272207D
:10E94000213D204552525F4F4B20756E68616E64C9
:10E950006C656400726563765F7463703A207265FB
:10E96000637620666F722077726F6E6720706362C5
:10E9700021000000EAFA05082DE9F05F0746884605
:10E9800016469946DDF828B000BFB8F1000F07D150
:10E9900000BF2DA3E52237A13FA0DEF785F800BF19
:10E9A00000BF00BF002F07D100BF27A3E62244A16C
:10E9B00039A0DEF779F800BF00BF3C4624B93046E5
:10E9C000FCF7AAFDBDE8F09F00BF6068404507D096
:10E9D00000BF1DA3EE2242A12FA0DEF765F800BF05
:10E9E00000BF04F1100008B1206918B93046FCF7E7
:10E9F00093FDE7E70720FAF71DFD05461DB93046F0
:10EA0000FCF78AFDDEE72E606E60B9F1000F01D1E0
:10EA1000002001E0D9F80000A860A5F80CB0B6F815
:10EA200008A0294604F1100006F0AEF818B12846F7
:10EA3000FAF79BFFC6E7A06A20B1524600212046A4
:10EA4000A36A984700BFBDE72E2E5C2E2E5C4D6951
:10EA500064646C6577617265735C6C7769705C7314
:10EA600072635C6170695C6170695F6D73672E636E
:10EA700000000000726563765F756470206D7573C9
:10EA8000742068617665206120706362206172671E
:10EA9000756D656E74000000417373657274696F03
:10EAA0006E2022257322206661696C656420617482
:10EAB000206C696E6520256420696E2025730A002C
:10EAC000726563765F756470206D7573742068611C
:10EAD000766520616E20617267756D656E740000E9
:10EAE000726563765F7564703A207265637620663E
:10EAF0006F722077726F6E67207063622100000072
:10EB000070B505460C4635B1012D13D0022D20D02D
:10EB1000032D3DD12CE0204804702CB1002210219F
:10EB20001E48D6F773FE04E0012210211B48D6F7D9
:10EB30006DFE2EE0184844702CB1002220211748A9
:10EB4000D6F764FE04E0012220211448D6F75EFEC9
:10EB50001FE0114884702CB1002202211048D6F722
:10EB600055FE04E0012202210D48D6F74FFE10E0C9
:10EB70000948C47034B100224FF400610948D6F747
:10EB800045FE04E00122D1020648D6F73FFE00E030
:10EB900000BF00BF70BD0000D60100240000025875
:10EBA000000402580010025801460148405C7047BA
:10EBB000D601002410B500BF00224FF400711148A7
:10EBC000D6F724FE00BFEFF71DFB00BF01221102A4
:10EBD0000D48D6F71BFE00BFEFF714FB00BF002265
:10EBE0004FF480710848D6F711FE00BFEFF70AFB1B
:10EBF00000BF012251020348D6F708FE00BFEFF71D
:10EC000001FB10BD000802580000025810B500BFFB
:10EC1000012251020C48D6F7F9FD00BFEFF7F2FAD6
:10EC200000BF012211020948D6F7F0FD00BFEFF73F
:10EC3000E9FA00BF00224FF480710448D6F7E6FDE0
:10EC400000BFEFF7DFFA10BD0008025800000258BD
:10EC500070B50546002400261EE06006040E00BFC5
:10EC6000012211021148D6F7D1FD00BFEFF7CAFA11
:10EC70004FF400710E48D6F7B7FD08B1601CC4B25E
:10EC800000BF00224FF480710848D6F7BFFD00BFD7
:10EC9000EFF7B8FA701CC6B2082EDEDB15B9FFF725
:10ECA000B5FF01E0FFF786FF204670BD0000025867
:10ECB0000008025870B50446002526E000BFE009B0
:10ECC00028B1012251021648D6F7A0FD05E0002226
:10ECD0004FF400711248D6F799FD00BFEFF792FA92
:10ECE00000BF012211020F48D6F790FD00BFEFF7D9
:10ECF00089FA00BF00224FF480710A48D6F786FDDA
:10ED000000BF6006040E681CC5B2082DD6DB00BF2C
:10ED1000012251020248D6F779FD00BF70BD000004
:10ED2000000802580000025810B500BF012251022D
:10ED30001048D6F76BFD00BF00BF012211020E483C
:10ED4000D6F764FD00BFEFF75DFA00BF00224FF475
:10ED500000710848D6F75AFD00BFEFF753FA00BF1D
:10ED600000224FF480710448D6F750FD00BFEFF742
:10ED700049FA10BD000802580000025810B500BF43
:10ED800000224FF400710C48D6F740FD00BFEFF7AA
:10ED900039FA00BF012211020848D6F737FD00BF3B
:10EDA000EFF730FA00BF012251020348D6F72EFDDB
:10EDB00000BFEFF727FA10BD000802580000025804
:10EDC00070B50024002500BF012251021548D6F776
:10EDD0001DFD00BFEFF716FA00BF01221102124815
:10EDE000D6F714FD00BFEFF70DFA07E0601CC4B2C0
:10EDF000FA2C03DDFFF7C2FF012506E04FF4007196
:10EE00000848D6F7F1FC0028F0D100BF00BF00226F
:10EE10004FF480710448D6F7F9FC00BFEFF7F2F920
:10EE2000284670BD000802580000025810B500BF07
:10EE300000224FF400511148D6F7E8FC00BFEFF76D
:10EE4000E6F900BF012211030C48D6F7DFFC00BF32
:10EE5000EFF7DDF900BF00224FF480510748D6F7E5
:10EE6000D5FC00BFEFF7D3F900BF012251030348DF
:10EE7000D6F7CCFC00BFEFF7CAF910BD000C025862
:10EE800010B500BF012251030C48D6F7BFFC00BFEC
:10EE9000EFF7BDF900BF012211030848D6F7B6FC11
:10EEA00000BFEFF7B4F900BF00224FF480510348D0
:10EEB000D6F7ACFC00BFEFF7AAF910BD000C025862
:10EEC00070B50546002400261EE06006040E00BF53
:10EED000012211031148D6F799FC00BFEFF797F90B
:10EEE0004FF400510D48D6F77FFC08B1601CC4B246
:10EEF00000BF00224FF480510848D6F787FC00BFBE
:10EF0000EFF785F9701CC6B2082EDEDB15B9FFF7E6
:10EF1000B7FF01E0FFF78AFF204670BD000C0258E2
:10EF200070B50446002526E000BFE00928B10122A3
:10EF300051031648D6F76AFC05E000224FF4005151
:10EF40001248D6F763FC00BFEFF761F900BF01225A
:10EF500011030E48D6F75AFC00BFEFF758F900BF6F
:10EF600000224FF480510948D6F750FC00BF6006DC
:10EF7000040E681CC5B2082DD6DB00BF0122510368
:10EF80000248D6F743FC00BF70BD0000000C0258D9
:10EF900010B500BF012251031048D6F737FC00BF5F
:10EFA00000BF012211030D48D6F730FC00BFEFF778
:10EFB0002EF900BF00224FF400510848D6F726FC76
:10EFC00000BFEFF724F900BF00224FF4805103483F
:10EFD000D6F71CFC00BFEFF71AF910BD000C025861
:10EFE00010B500BF00224FF400510C48D6F70EFCBC
:10EFF00000BFEFF70CF900BF012211030748D6F755
:10F0000005FC00BFEFF703F900BF012251030348DD
:10F01000D6F7FCFB00BFEFF7FAF810BD000C025862
:10F0200070B50024002500BF012251031548D6F712
:10F03000EDFB00BFEFF7EBF800BF01221103114811
:10F04000D6F7E4FB00BFEFF7E2F807E0601CC4B2BC
:10F05000FA2C03DDFFF7C4FF012506E04FF4005151
:10F060000848D6F7C1FB0028F0D100BF00BF00223E
:10F070004FF480510348D6F7C9FB00BFEFF7C7F83C
:10F08000284670BD000C025870B504460025214684
:10F090000248D8F7A5FC0546284670BD9483012494
:10F0A00070B504460D46D6F79DFD2A462146024816
:10F0B000D8F79EFC70BD00009483012410B504466F
:10F0C000002C18D113A11748F6F712F816A115480D
:10F0D000F6F70EF817A11348F6F70AF818A1114829
:10F0E000F6F706F81AA10F48F6F702F81DA10D4829
:10F0F000F5F7FEFF0CE0012C04D106A10948F5F755
:10F10000F7FF05E0022C03D119A10648F5F7F0FF3F
:10F1100010BD00006E6574776F726B5F6E616D6518
:10F1200000000000F8D3012472656D6F74655F6E96
:10F13000616D65006465766963655F6E616D65002C
:10F14000636F6D706172616D6574657200000000BF
:10F150007468726573686F6C645F706172616D73FF
:10F1600000000000485454505F4F5441000000001C
:10F17000757066696C65696E666F722E62696E0085
:10F1800010B5F5F7C9FB10BD70B596B00446002563
:10F190000026542101A8D1F795F9032311A201A952
:10F1A0001248F3F7F7FF06468EB901A90F48F4F7A6
:10F1B000B1FC06468C23224601A90C48F4F7A0FBBB
:10F1C000064601A90948F3F76DFD064607E020460B
:10F1D00000F046F8204600F015FB4FF0FF352846BA
:10F1E00016B070BD6261636B75707300F8D3012453
:10F1F00070B596B0044600250026542101A8D1F729
:10F2000061F9032311A201A91448F3F7C3FF0646CD
:10F210008EB901A91148F4F77DFC06461423224655
:10F2200001A90E48F4F76CFB064601A90B48F3F759
:10F2300039FD064607E0204600F038F8204600F089
:10F2400019FB4FF0FF35284616B070BD636F6D7027
:10F250006172616D6574657200000000F8D301246D
:10F2600010B504464021201DD1F72CF90BA1201D1B
:10F27000D1F789F941F2D6716164402104F1480067
:10F28000D1F720F905A104F14800D1F77CF941F24A
:10F29000D671C4F888100020207010BD7465737496
:10F2A000312E666E776C772E6E65740005490160AD
:10F2B0004900416044F6206181604910C160C82165
:10F2C00001747047905F010038B504460422694616
:10F2D0001248E3F745F912490098884201D2009894
:10F2E00010B90320206001E000982060012322462D
:10F2F0000A490846E5F7AAFA3421201DD1F7E2F8B9
:10F30000142104F13800D1F7DDF806A104F138002A
:10F31000D1F739F9012084F84C0038BD00001E08EF
:10F32000FFFF0F0038383838383838380000000010
:10F33000002101602F2101706821417062218170DC
:10F34000D621C17042F21D31416070477CB5044640
:10F350000025002000900190002638480568C02054
:10F360002070A82060700120A0701E20E07006228E
:10F3700069463348E3F7F4F8002007E01DF8001071
:10F38000FF2901D1711CCEB2411CC8B20628F5DBA1
:10F39000062E0AD10220207100216171A171290C71
:10F3A000E171290A2172657211E09DF80000207157
:10F3B0009DF8011061719DF80210A1719DF8031074
:10F3C000E1719DF8041021729DF805106172062309
:10F3D000221D1B491A484038E5F738FAFF20A07271
:10F3E000FF21E172217300216173C020A073A82165
:10F3F000E1730121217461747220A0747221E1749F
:10F40000217561750420A077EF20E077FF2120208F
:10F41000015521200155F921222001554FF6E850D0
:10F4200060620020C4F81600C4F81A00012084F8B5
:10F4300028000020C4F829007CBD000044050024F9
:10F4400040001E0810B5044640212046D1F73AF886
:10F450000AA12046D1F797F841F27C702064402140
:10F4600004F14400D1F72EF804A104F14400D1F7CF
:10F470008AF841F27C70C4F8840010BD34372E3114
:10F4800030342E3235302E323235000010B504467D
:10F4900041F284012046D1F715F810BD002101800A
:10F4A0004180818014218171502141720A21817231
:10F4B0003C21C17101210172192181814121817396
:10F4C0001E21C1737047000070B596B00446002538
:10F4D0000026542101A8D0F7F5FF032311A201A9AA
:10F4E0001348F3F757FE06468EB901A91048F4F702
:10F4F00011FB06465023224601A90D48F4F700FAF5
:10F50000064601A90A48F3F7CDFB064607E0204668
:10F51000FFF7DAFE204600F03BF94FF0FF352846B2
:10F5200016B070BD6465766963655F6E616D650078
:10F53000F8D3012470B596B0044600250026542166
:10F5400001A8D0F7BFFF032311A201A91348F3F7C5
:10F5500021FE06468EB901A91048F4F7DBFA0646EB
:10F560000823224601A90D48F4F7CAF9064601A965
:10F570000A48F3F797FB064607E02046FFF7D8FE58
:10F58000204600F0B3F94FF0FF35284616B070BDA5
:10F59000485454505F4F544100000000F8D30124F8
:10F5A00070B596B0044600250026542101A8D0F776
:10F5B00089FF032311A201A91448F3F7EBFD0646C6
:10F5C0008EB901A91148F4F7A5FA06463023224660
:10F5D00001A90E48F4F794F9064601A90B48F3F780
:10F5E00061FB064607E02046FFF7B0FE204600F02C
:10F5F000B7F94FF0FF35284616B070BD6E657477C9
:10F600006F726B5F6E616D6500000000F8D30124BE
:10F6100070B596B0044600250026542101A8D0F705
:10F6200051FF032311A201A91348F3F7B3FD0646C6
:10F630008EB901A91048F4F76DFA064688232246D0
:10F6400001A90D48F4F75CF9064601A90A48F3F749
:10F6500029FB064607E02046FFF7F4FE204600F0AF
:10F66000BBF94FF0FF35284616B070BD72656D6F5F
:10F6700074655F6E616D6500F8D3012470B5ADF5FA
:10F68000885D044600250026542141F2AC00684400
:10F69000D0F718FF03231BA241F2AC0169441E48B6
:10F6A000F3F778FD0646C6B941F2AC0169441A4841
:10F6B000F4F730FA064641F28403224641F2AC01E7
:10F6C00069441548F4F71CF9064641F2AC01694457
:10F6D0001148F3F7E7FA06460FE02046FFF7D6FE9B
:10F6E00041F2740204F110016846D0F7C3FE94E8B9
:10F6F0000F0000F0ABF94FF0FF3528460DF5885D9F
:10F7000070BD000073696E676C655F6C65645F62F5
:10F710006C696E6400000000F8D3012470B596B0E7
:10F72000044600250026542101A8D0F7CBFE032370
:10F7300011A201A91548F3F72DFD06468EB901A9BE
:10F740001248F4F7E7F906461023224601A90F48AC
:10F75000F4F7D6F8064601A90C48F3F7A3FA0646D3
:10F7600007E02046FFF79AFE204600F0B3F94FF07D
:10F77000FF35284616B070BD7468726573686F6C8B
:10F78000645F706172616D7300000000F8D3012442
:10F7900070B596B0044600260025542101A8D0F784
:10F7A00091FE40F2031313A201A91548F3F7F2FCEE
:10F7B0000546ADB901A91248F4F7ACF90546502346
:10F7C000224601A90E48F4F7B3F90546502D09D099
:10F7D0005023224601A90A48F4F7AAF9054601E098
:10F7E0004FF0FF3601A90648F3F75CFA05463046AC
:10F7F00016B070BD6465766963655F6E616D6500A6
:10F80000F8D3012470B596B0044600260025542193
:10F8100001A8D0F757FE40F2031313A201A9144820
:10F82000F3F7B8FC0546ADB901A91148F4F772F930
:10F8300005468C23224601A90D48F4F779F90546BF
:10F840008C2D09D08C23224601A90948F4F770F9C0
:10F85000054601E04FF0FF3601A90548F3F722FA0B
:10F860000546304616B070BD6261636B75707300FB
:10F87000F8D3012470B596B0044600260025542123
:10F8800001A8D0F71FFE40F2031313A201A91648E6
:10F89000F3F780FC0546ADB901A91348F4F73AF92E
:10F8A00005461423224601A90F48F4F741F90546FD
:10F8B000142D09D01423224601A90B48F4F738F976
:10F8C000054601E04FF0FF3601A90748F3F7EAF9D2
:10F8D0000546304616B070BD636F6D706172616D24
:10F8E0006574657200000000F8D3012470B596B00D
:10F8F000044600260025542101A8D0F7E3FD40F27C
:10F90000031313A201A91548F3F744FC0546ADB94A
:10F9100001A91248F4F7FEF805460823224601A97A
:10F920000E48F4F705F90546082D09D008232246AC
:10F9300001A90A48F4F7FCF8054601E04FF0FF364C
:10F9400001A90648F3F7AEF90546304616B070BD7A
:10F95000485454505F4F544100000000F8D3012434
:10F9600070B596B0044600260025542101A8D0F7B2
:10F97000A9FD40F2031313A201A91648F3F70AFCEC
:10F980000546ADB901A91348F4F7C4F8054630237C
:10F99000224601A90F48F4F7CBF80546302D09D0CF
:10F9A0003023224601A90B48F4F7C2F8054601E0CE
:10F9B0004FF0FF3601A90748F3F774F905463046C2
:10F9C00016B070BD6E6574776F726B5F6E616D653A
:10F9D00000000000F8D3012470B596B0044600265C
:10F9E0000025542101A8D0F76DFD40F2031313A2A6
:10F9F00001A91548F3F7CEFB0546ADB901A9124898
:10FA0000F4F788F805468823224601A90E48F4F742
:10FA10008FF80546882D09D08823224601A90A4877
:10FA2000F4F786F8054601E04FF0FF3601A90648D5
:10FA3000F3F738F90546304616B070BD72656D6F44
:10FA400074655F6E616D6500F8D301240FB430B545
:10FA500095B00025002454216846D0F733FD40F2CC
:10FA6000031316A269461A48F3F794FB0446C4B977
:10FA700069461748F4F74EF8044641F2840318AA81
:10FA800069461348F4F754F8044641F2840084426E
:10FA900009D0034618AA69460D48F4F749F8044608
:10FAA00001E04FF0FF3569460948F3F7FBF80446DB
:10FAB000284615B030BC5DF814FB000073696E6712
:10FAC0006C655F6C65645F626C696E640000000069
:10FAD000F8D3012470B596B00446002600255421C1
:10FAE00001A8D0F7EFFC40F2031313A201A91748B5
:10FAF000F3F750FB0546ADB901A91448F4F70AF82D
:10FB000005461023224601A91048F4F711F80546CE
:10FB1000102D09D01023224601A90C48F4F708F84B
:10FB2000054601E04FF0FF3601A90848F3F7BAF89F
:10FB30000546304616B070BD7468726573686F6CA8
:10FB4000645F706172616D7300000000F8D301247E
:10FB50002DE9F84304460E46174698463D48056889
:10FB600073E0E86900286FD18146686948B13B4677
:10FB7000324621462846CDF80080F7F79FFD8146A2
:10FB800058E0CEB1A968B9B12146042910DA21465E
:10FB900000290DD42046C11700EB5171C910AA6885
:10FBA000515C224602F0070301229A40114000E016
:10FBB000002109B14FF00109E7B1B9F1000F19D1E6
:10FBC000E968B9B12146042910DA214600290DD48B
:10FBD0002046C11700EB5171C910EA68515C2246FA
:10FBE00002F0070301229A40114000E0002109B110
:10FBF0004FF00109B8F1000F1CD0B9F1000F19D175
:10FC00002969B9B12146042910DA214600290DD409
:10FC10002046C11700EB5171C9102A69515C224678
:10FC200002F0070301229A40114000E0002109B1CF
:10FC30004FF00109B9F1000F05D00120E86105F18D
:10FC4000200005F041FA00BF2D68002D89D1BDE8E4
:10FC5000F8830000640200242DE9F04105460F46B8
:10FC600016462C4600BF44B900BF1CA340F29312B5
:10FC700025A129A0DCF718FF00BF00BF5CB36078A6
:10FC8000012804D101212046F7F7FCF806E060784E
:10FC9000042803D101212046F6F798FA6068D0B114
:10FCA0006068B0F8640041F65E71884213DD6068F8
:10FCB000B0F866002C280EDA00BF94F8200000F09F
:10FCC000EF0084F8200000BFA06A20B13246022174
:10FCD0002046A36A98470020BDE8F0812E2E5C2EB6
:10FCE0002E5C4D6964646C6577617265735C6C77DA
:10FCF00069705C7372635C6170695C6170695F6D8F
:10FD000073672E6300000000636F6E6E20213D203C
:10FD10004E554C4C00000000417373657274696F5E
:10FD20006E2022257322206661696C6564206174EF
:10FD3000206C696E6520256420696E2025730A0099
:10FD400070B504460D46084804804FF49671074884
:10FD5000D0F7B8FB2846D0F7F4FB064632462946D2
:10FD60000248D0F787FB70BDE8030024A0CF03242E
:10FD70002DE9F04105460E46144655F8240020A111
:10FD8000D0F7E6FB50B956F82400D0F7C1FDC7B252
:10FD900039460020FEF7B4FEBDE8F08155F8240096
:10FDA0001AA1D0F7D5FB48B956F82400D0F7B0FD1A
:10FDB000C7B239460120FEF7A3FEEDE755F824004F
:10FDC00015A1D0F7C5FB48B956F82400D0F7A0FD1F
:10FDD000C7B239460220FEF793FEDDE755F824004E
:10FDE00010A1D0F7B5FB48B956F82400D0F790FD24
:10FDF000C7B239460320FEF783FECDE700BFCBE74D
:10FE00007377315F73776974636800007377325F6B
:10FE100073776974636800007377335F737769740D
:10FE2000636800007377345F7377697463680000F8
:10FE300070B5044665682146284605F031FE09493B
:10FE4000284609F00BFF084928460AF035FC022233
:10FE50000649284608F0DCFE0549284606F0C6FC9F
:10FE600070BD0000CDE7040859FC040809C004086F
:10FE7000F56003082DE9F05F07460D46164616B9F2
:10FE80000120BDE8F09F3E484069A84201D800200B
:10FE9000F7E73B48008BB04201DA0020F1E7324639
:10FEA0002946384800F06CFA324639463548D0F7D2
:10FEB0005DFB08B90120E4E74FF0000A32463946FD
:10FEC000304800F039F908B14FF0010A2C48008B96
:10FED000401E25EA00082A48008BB0420BD10024BE
:10FEE00004E0385D27490855601C84B22448008B23
:10FEF000A042F6DC10E02248028B4146214800F087
:10FF00003FFA1F48008B401E284084B21D49081943
:10FF100032463946D0F7AEFA4FF0000B00242AE003
:10FF2000BAF1010F02D1404600F0CEF81448028B1E
:10FF30004146144800F014F932463946284600F08C
:10FF400023F810B94FF0010B17E032463946284626
:10FF500000F01AF810B94FF0010B0EE04FF0000955
:10FF600003E009F101001FFA80F942F210708145A7
:10FF7000F7DB601C84B2032CD2DB00BF584680E75D
:10FF800040C001245CC001242DE9F04705460E461F
:10FF90001746E81939494969884202D90120BDE864
:10FFA000F0870FB90020FAE7002000F001FB0020E5
:10FFB000334908600321324802680068401C304B16
:10FFC000186030488154C5F307411846026800683C
:10FFD000401C18602B488154C5F30722184601685D
:10FFE0000068401C186027484254184602680068A0
:10FFF000401C186023488554E2F7B2FB4FF000091B
:020000040805ED
:1000000017E04FF480501E490860E2F7A9FB002476
:1000100008E016F8011B1C48005D814200D027E073
:10002000601C84B2B4F5805FF3DB09F101001FFAB4
:1000300080F9B9EB173FE4D3C7F30B08B8F1000F11
:1000400011DD0F48C0F80080E2F78AFB002408E0C9
:1000500016F8011B0C48005D814200D008E0601CCE
:1000600084B24445F4DB012000F0A2FA002096E7B8
:10007000012000F09DFA012091E7000040C001241A
:10008000EC01002440A0012440B0012410B500F090
:1000900083FB002000F08CFA002009490860C7218A
:1000A000074802680068401C054B186005488154E9
:1000B000E2F756FB012000F07BFA00F091FA10BD48
:1000C000EC01002440A0012410B5044600F064FBBC
:1000D000002000F06DFA0020154908602021144826
:1000E00002680068401C124B186012488154C4F327
:1000F0000742184601680068401C18600D484254C9
:10010000C4F30722184601680068401C18600948BB
:100110004254184601680068401C18600548445461
:10012000E2F71EFB012000F043FA00F059FA10BD7F
:10013000EC01002440A0012470B5034600240BE02C
:1001400013F8015BE843C5B211F8010B284008B170
:10015000012070BD601C84B29442F1DB0020F8E7FE
:100160002DE9F04104460E46154681480068814954
:1001700088427DD1022D08DA284605EBD07149105E
:10018000A5EB410109B1BDE8F08100F005FB0020BD
:1001900000F00EFA002078490860AD217648026828
:1001A0000068401C744B186074488154C6F30741C2
:1001B000184602680068401C186070488154C6F3F5
:1001C0000721184602680068401C18606B4881547B
:1001D000184602680068401C18606848865414F885
:1001E000011B184602680068401C1860634881546F
:1001F00014F8011B184602680068401C18605F482C
:100200008154E2F7ADFA012000F0D2F900F0E8F9EC
:10021000A81E85B2002728E0002000F0C9F90020C0
:1002200055490860AD21544802680068401C524B93
:1002300018605248815414F8011B1846026800687F
:10024000401C18604D48815414F8011B1846026880
:100250000068401C186049488154E2F781FA012087
:1002600000F0A6F900F0BCF97F1C05EBD57100E0A9
:1002700019E0B7EB610FCFD3002000F099F900200F
:100280003D49086004213C4802680068401C3A4B24
:1002900018603A488154E2F763FA012000F088F9C7
:1002A00000F09EF962E04FF0000843E000F074FABD
:1002B000002000F07DF900202F49086002212E481F
:1002C00002680068401C2C4B18602C488154C6F30F
:1002D0000741184602680068401C1860274881548E
:1002E000C6F30721184602680068401C18602348BE
:1002F0008154184602680068401C18601F488654E4
:1003000000270AE014F8011B1B4802680068401C23
:10031000194B1860194881547F1CFF2FF2D9E2F75E
:100320001FFA012000F044F900F05AF906F5807632
:1003300008F10108E91705EB1161B8EB212FB5D3DE
:10034000002000F035F900200B49086004210A481C
:1003500002680068401C084B186008488154E2F7A6
:10036000FFF9012000F024F900F03AF900BF0AE794
:1003700040C001244125BF00EC01002440A001241D
:100380002DE9F04180460C46154625B160192B49F0
:100390004969884201D9BDE8F081002000F008F9E0
:1003A0000020274908600321254802680068401C96
:1003B000234B186023488154C4F307411846026850
:1003C0000068401C18601F488154C4F30722184677
:1003D00001680068401C18601A48425418460268B8
:1003E0000068401C186017488454E2F7B9F90027E8
:1003F0000FE04FF4805012490860E2F7B1F94FF472
:10040000805211494046D0F735F808F58058781CDD
:1004100087B2B7EB153FECD3C5F30B06002E08DD12
:1004200007480660E2F79CF9324607494046D0F794
:1004300021F8012000F0BCF800BFACE740C0012467
:10044000EC01002440A0012440B001242DE9F0413A
:10045000002000F0ADF800200C4908609F200C49F6
:100460000870042009490860E2F77AF909484578DC
:100470008678C778012000F09BF8280440EA06201F
:1004800040EA07042046BDE8F0810000EC010024AA
:1004900040A0012440B0012410B5FFF7D7FF304938
:1004A0000860084600682F4A811A90423DD007DC58
:1004B0002D49084448B12D490844002841D110E095
:1004C00001291AD002293CD123E029A12448001D8A
:1004D000D0F759F84FF400102149486140120883C1
:1004E0003BE026A11E48001DD0F74DF84FF4001048
:1004F0001B494861401208832FE023A11848001DC2
:10050000D0F741F84FF4000015494861C012088344
:1005100023E01FA11248001DD0F735F84FF080707E
:100520000F4948610013088317E01BA10C48001D08
:10053000D0F729F84FF480000949486180120883F8
:100540000BE017A10648001DD0F71DF84FF400106E
:10055000034948614012088300BF00BF10BD00007E
:1005600040C001241640EF00BFDA40FF2C05FDFF1C
:100570005353543235564630313642004D58323599
:100580004C31363036450000573235513634000094
:10059000573235513132380057323551333200003D
:1005A000556E6B6E6F7720466C61736800000000BB
:1005B00010B5044664B9E1F7E9FF002211464FF097
:1005C0008050E0F7BFFB4FF400000449086004E0EE
:1005D000802002490860E1F7DFFF10BD180C0258C7
:1005E00010B50020FFF7E4FF052013490870022032
:1005F00012490860E2F7B4F80120FFF7D9FF17E0CD
:10060000EFF776FA0020FFF7D3FF05200A490870BC
:1006100000204870022009490860E2F7A1F8012093
:10062000FFF7C6FF0648407800F0010000B900E07F
:10063000E6E700BF10BD000040A00124EC0100244B
:1006400040B001242DE9F05F07460E4615464FF0F5
:100650000009C846C2460024A3464E48008BB6FB9C
:10066000F0F100FB116A4B48008BA0EB0A044948EB
:10067000008BB5FBF0F94748008BB5FBF0F100FBB0
:100680001158BAF1000F29D1B9F1000F08D1AAB25F
:1006900031463846FFF7EEFB002878D1BDE8F09FE1
:1006A0000EE03C48028B31463846FFF7E3FB08B9C1
:1006B0000020F3E73748008B06443648008B074498
:1006C000B9F10000A9F10109EBD11FFA88F2314616
:1006D0003846FFF7CFFB002859D1DFE7B9F1000F0B
:1006E0001ED1A04514D9A8EB040BA2B2314638465E
:1006F000FFF7C0FB08B90020D0E7264427441FFAC3
:100700008BF231463846FFF7B5FB00283FD1C5E7ED
:10071000AAB231463846FFF7ADFBB8BB0020BDE7B3
:100720002D1B1C48008BB5FBF0F91A48008BB5FB5C
:10073000F0F100FB1158A2B231463846FFF79AFBA0
:1007400008B90020AAE7264427440EE01148028B8E
:1007500031463846FFF78EFB08B900209EE70D486A
:10076000008B06440B48008B0744B9F10000A9F147
:100770000109EBD1B8F1000F09D01FFA88F2314618
:100780003846FFF777FB08B9002087E7FFE701202D
:1007900084E7000040C0012410B50020FFF708FFE7
:1007A0000020084908600621064802680068401CCD
:1007B000044B186004488154E1F7D2FF0120FFF791
:1007C000F7FE10BDEC01002440A00124F0B5002488
:1007D00080E000207AE0002174E000226EE0002337
:1007E00068E0002562E000EB4017664E06EB8716D6
:1007F00001EB411706EB071602EB421706EBC706A3
:1008000003EB430706EBC70606EBC50656F8246064
:10081000EEB300EB40165C4F07EB861601EB411779
:1008200006EB071602EB421706EBC70603EB43077E
:1008300006EBC70606EBC50606EB8406D6ED000AF6
:1008400000EB40174F4E06EB871601EB411706EB06
:10085000071602EB421706EBC70603EB430706EB4E
:10086000C70606EBC50656F8246000EE106AB8EE1F
:10087000400A80EE801A04EB4416444F07EB8616BC
:1008800000EB401706EB071601EB411700E00BE009
:1008900006EBC70602EB420706EBC70606EBC306EC
:1008A00006EB850686ED001A6E1CF5B2032D9ADB69
:1008B0005E1CF3B20B2B94DB561CF2B2022A8EDBC9
:1008C0004E1CF1B2042988DB461CF0B2022882DB00
:1008D000661CF4B2022CFFF67CAF00244EE0002030
:1008E00048E0002142E000223CE0002336E0002501
:1008F00030E09FED270A00EB4016234F07EB8616EA
:1009000001EB411706EB071602EB421706EBC70691
:1009100003EB430706EBC70606EBC50606EB8406AA
:1009200086ED000A002700EB401C164E06EB8C16E5
:1009300001EB411C06EB0C1602EB421C06EBCC064D
:1009400003EB430C06EBCC0606EBC50646F8247019
:100950006E1CF5B2032DCCDB5E1CF3B20B2BC6DB99
:10096000561CF2B2022AC0DB4E1CF1B20429BADBDB
:10097000461CF0B20228B4DB661CF4B2022CAEDBDB
:10098000F0BD0000C89800244888002448CA00240C
:10099000000000002DE9F04F2DED028B85B0804660
:1009A0009FEDD50AB0EE408A9FEDD30AF0EE408A63
:1009B0004FF0000AD346DFF75DFC04904FF0FF09CB
:1009C00000200290039000258AE1002683E10027A1
:1009D0007CE1002475E14FF0000AD346C74850F887
:1009E000250050F8260050F8270050F82400006831
:1009F0000068006828B3C14850F8250050F8260068
:100A000050F8270050F82400006800684068C0B122
:100A1000BA4850F8250050F8260050F8270050F842
:100A2000240000680068006890ED000AB0EE408A7B
:100A3000B2EE040AB4EEC08AF1EE10FA01DB4FF018
:100A4000010AAE4850F8250050F8260050F827005B
:100A500050F8240080680068006828B3A74850F860
:100A6000250050F8260050F8270050F82400806830
:100A700000684068C0B1A14850F8250050F8260031
:100A800050F8270050F8240080680068006890ED56
:100A9000000AF0EE408AB2EE040AF4EEC08AF1EEEB
:100AA00010FA01DB4FF0010B944850F8250050F884
:100AB000260050F8270050F824008068006840683D
:100AC000E8B38E4850F8250050F8260050F827006B
:100AD00050F8240080680068406890F8009005EBAA
:100AE0004510874901EB401006EB461100EBC100B1
:100AF00007EB471100EB810004EB440110F82100E3
:100B0000FF283BD005EB45107D4901EB401006EB7B
:100B1000461100EBC10007EB471100EB810004EB2D
:100B2000440110F82100484528D0DFF7A3FB05EB6E
:100B30004511734A02EB411106EB461200E02EE02C
:100B400001EBC20107EB471201EB820104EB440207
:100B500001EB82014860012005EB4511684A02EB78
:100B6000411106EB461201EBC20107EB471201EB04
:100B7000820104EB440201EB8201087205EB45108F
:100B80005F4901EB401006EB461100EBC10007EB9B
:100B9000471100EB810004EB440100F8219005EBC4
:100BA0004510574901EB401006EB461100EBC10020
:100BB00007EB471100EB810004EB440100EB8100DF
:100BC000007A48B305EB45104D4901EB401006EBA8
:100BD000461100EBC10007EB471100EB810004EB6D
:100BE000440100EB810041680498401AB0F5966F0B
:100BF00012D9002005EB4511414A02EB411106EBE9
:100C0000461201EBC20107EB471201EB820104EB34
:100C1000440201EB82010872BAF1000F46D0BBF129
:100C2000000F43D005EB4510354901EB401006EBB2
:100C3000461100EBC10007EB471100EB810004EB0C
:100C4000440100EB8100007A78BB00203B4632462D
:100C50002946CDE900400220DAF7FCF808208DF89B
:100C600008009DF809000121A9400843C0B28DF891
:100C700009009DF80A000121B1400843C0B28DF877
:100C80000A009DF80B100120B8400143C8B28DF84E
:100C90000B00BDF80C100120A040014388B2ADF854
:100CA0000C0000208DF80E0009E0FFE700203B4615
:100CB00032462946CDE900400220DAF7A4F8601C4C
:100CC000C4B20B2CFFF687AE781CC7B2022FFFF61A
:100CD00080AE701CC6B2042EFFF679AE681CC5B299
:100CE000022DFFF672AEDDE90201C8E9000105B090
:100CF000BDEC028BBDE8F08F0000000078000024FE
:100D0000881401242DE9F04F2DED028B87B0824627
:100D10000120069000200590039004900024ABE091
:100D20000025A4E04FF0010900200590002664E0B2
:100D3000002759E04FF000084DE06D4850F82400BE
:100D400050F8250050F8260050F8270050F82800E9
:100D500000684068D8B3664850F8240050F8250071
:100D600050F8260050F8270050F828000068006866
:100D700068B3012005905E4850F8240050F8250023
:100D800050F8260050F8270050F828000068406806
:100D900090F800B0564850F8240050F8250050F85C
:100DA000260050F8270050F828000068006890EDF1
:100DB000008ABBF1000F0AD1B2EE040AB4EEC08A79
:100DC000F1EE10FA03DD4FF000090020069008F163
:100DD000010000F0FF08B8F1030FAEDBB9F1000F1E
:100DE00000D103E0781CC7B20B2FA3DB00BFB9F121
:100DF000000F00D103E0701CC6B2022E98DB00BFCA
:100E0000B9F1000F28D0059830B3002000900346B8
:100E10002A46214601900120DAF71CF89DF80C00C3
:100E200040F004008DF80C009DF80D000121A14058
:100E30000843C0B28DF80D009DF80E000121A940B5
:100E40000843C0B28DF80E0000208DF80F00ADF8F9
:100E500010008DF8120008E00020009003462A469A
:100E6000214601900120D9F7CEFF681CC5B2042DA0
:100E7000FFF658AF601CC4B2022CFFF651AF0698C3
:100E800020B39DF80C0040F002008DF80C0000200B
:100E900000900346024601460190FF20D9F7DAFF91
:100EA000002410E000250AE00020009003462A46B6
:100EB000214601900120D9F7A6FF681CC5B2042D78
:100EC000F2DB601CC4B2022CECDB08E000200090D6
:100ED0000346024601460190FF20D9F794FFDDE961
:100EE0000301CAE9000107B0BDEC028BBDE8F08F39
:100EF000780000242DE9F14F2DED028B8CB04FF0DE
:100F0000000BDFF7B7F9814600200B9009900A909B
:100F1000FE4903C9CDE90701FDA000680690002045
:100F2000DDF734FE8DF818000120DDF72FFE8DF877
:100F3000190000200390049005900026FCE3002790
:100F4000FBE34FF00008F9E30024F8E30025F7E3A2
:100F5000F04850F8260050F8270050F8280050F8C4
:100F6000240050F8250000684068D8B1E94850F8DE
:100F7000260050F8270050F8280050F8240050F8B8
:100F800025000068006868B1E24850F8260050F873
:100F9000270050F8280050F8240050F82500006879
:100FA000806800B9CEE2DB4850F8260050F82700F0
:100FB00050F8280050F8240050F8250000684068D8
:100FC00090F800A0D34850F8260050F8270050F8B9
:100FD000280050F8240050F825000068006890EDC3
:100FE000008ACC4850F8260050F8270050F8280016
:100FF00050F8240050F825000068806890F800B090
:1010000006EB461000EBC000C34901EB401007EBB4
:10101000471101EBC10100EBC10008EB481101EBE6
:10102000C10100EB810004EBC40101EB410100EBC5
:10103000810005EBC50100EB8100007DE8BBBBF141
:10104000010F40D1DFF716F906EB461101EBC101A4
:10105000B14A02EB411107EB471202EBC20201EB6E
:10106000C20108EB481202EBC20201EB820104EB61
:10107000C40202EB420201EB820105EBC50201EB67
:1010800082018861012106EB461000EBC000A24AF4
:1010900002EB401007EB471202EBC20200EBC2006A
:1010A00008EB481202EBC20200EB820004EBC40220
:1010B00002EB420200EB820000E004E005EBC50217
:1010C00000EB8200017706EB461000EBC00092496E
:1010D00001EB401007EB471101EBC10100EBC10030
:1010E00008EB481101EBC10100EB810004EBC401E6
:1010F00001EB410100EB810005EBC50100EB810034
:1011000080F814B006EB461000EBC000824901EBFA
:10111000401007EB471101EBC10100EBC10008EBE8
:10112000481101EBC10100EB810004EBC40101EBAC
:10113000410100EB810005EBC50100EB8100007F60
:10114000F0B3DFF797F88146CDF80C9006EB461028
:1011500000EBC000704901EB401007EB471101EBB9
:10116000C10100EBC10008EB481101EBC10100EB2C
:10117000810004EBC40101EB410100EB810005EBB0
:10118000C50100EB81008069A9EB000040F6B83191
:10119000884200D296E3012006EB461101EBC10123
:1011A0005D4A02EB411107EB471202EBC20201EB71
:1011B000C20108EB481202EBC20201EB820100E01F
:1011C0002BE004EBC40202EB420201EB820105EBCF
:1011D000C50201EB820181F82000002106EB4610D8
:1011E00000EBC0004C4A02EB401007EB471202EB49
:1011F000C20200EBC20008EB481202EBC20200EB95
:10120000820004EBC40202EB420200EB820005EB19
:10121000C50200EB8200017753E306EB461000EBBA
:10122000C0003D4901EB401007EB471101EBC10144
:1012300000EBC10008EB481101EBC10100EB81009C
:1012400004EBC40101EB410100EB810005EBC5019A
:1012500010F82100504558D006EB461000EBC000B6
:101260002D4901EB401007EB471101EBC10100EBE9
:10127000C10008EB481101EBC10100EB810004EB58
:10128000C40101EB410100EB810005EBC50110F841
:101290002100C8BBBAF1010F49D1DEF7EBFF06EB25
:1012A000461101EBC1011C4A02EB411107EB471249
:1012B00002EBC20201EBC20108EB481202EBC202D0
:1012C00001EB820104EBC40202EB420201EB82015A
:1012D00005EBC50201EB8201C860012006EB461157
:1012E00001EBC1010C4A02EB411107EB471202EB83
:1012F000C20201EBC20108EB481202EBC20201EB91
:10130000820104EBC40209E011E08EE0F4F205086A
:10131000233C000078000024C81C012402EB420298
:1013200001EB820105EBC50201EB8201087406EBBB
:10133000461000EBC000FE4901EB401007EB4711DF
:1013400001EBC10100EBC10008EB481101EBC10149
:1013500000EB810004EBC40101EB410100EB8100D3
:1013600005EBC50110F82100012841D1BAF1000FA9
:101370003ED1DEF77FFF06EB461101EBC101EC4ADF
:1013800002EB411107EB471202EBC20201EBC20173
:1013900008EB481202EBC20201EB820104EBC4022B
:1013A00002EB420201EB820105EBC50201EB820177
:1013B0004860012006EB461101EBC101DC4A02EB5B
:1013C000411107EB471202EBC20201EBC20108EB2D
:1013D000481202EBC20201EB820104EBC40202EBF1
:1013E000420201EB820105EBC50201EB82010872AA
:1013F00006EB461000EBC000CD4901EB401007EBB7
:10140000471101EBC10100EBC10008EB481101EBF2
:10141000C10100EB810004EBC40101EB410100EBD1
:10142000810005EBC50100F821A006EB461000EB9A
:10143000C000BF4901EB401007EB471101EBC101B0
:1014400000EBC10008EB481101EBC10100EB81008A
:1014500004EBC40101EB410100EB810005EBC50188
:1014600000EB8100007C01286DD1DEF703FF81468F
:1014700006EB461000EBC000AD4901EB401007EB56
:10148000471101EBC10100EBC10008EB481101EB72
:10149000C10100EB810004EBC40101EB410100EB51
:1014A000810005EBC50100EB8100C068A9EB0000DD
:1014B0000B90CDF8109040F2DC510B98884241D34C
:1014C000BAF1010F3ED1002006EB461101EBC1013C
:1014D000974A02EB411107EB471202EBC20201EB04
:1014E000C20108EB481202EBC20201EB820104EBDD
:1014F000C40202EB420201EB820105EBC50201EBE3
:10150000820181F8200006EB461101EBC101884AF7
:1015100002EB411107EB471202EBC20201EBC201E1
:1015200008EB481202EBC20201EB820104EBC40299
:1015300002EB420201EB820105EBC50201EB8201E5
:10154000087400E0BEE106EB461000EBC0007849ED
:1015500001EB401007EB471101EBC10100EBC100AB
:1015600008EB481101EBC10100EB810004EBC40161
:1015700001EB410100EB810005EBC50100EB8100AF
:10158000007A01284CD1DEF775FE8146CDF8149023
:1015900006EB461000EBC000654901EB401007EB7D
:1015A000471101EBC10100EBC10008EB481101EB51
:1015B000C10100EB810004EBC40101EB410100EB30
:1015C000810005EBC50100EB81004068A9EB00003C
:1015D00040F2DC51884222D3BAF1000F1FD1002023
:1015E00006EB461101EBC101514A02EB411107EB39
:1015F000471202EBC20201EBC20108EB481202EBF8
:10160000C20201EB820104EBC40202EB420201EBD5
:10161000820105EBC50201EB8201087251E151E143
:10162000BAF1000FFAD106EB4610424901EB8010E7
:1016300007EB471100EB011008EB481100EBC1006C
:1016400004EB440100EBC10000EBC50006EB4611C2
:1016500001EBC101364A02EB411107EB471202EBE5
:10166000C20201EBC20108EB481202EBC20201EB1D
:10167000820104EBC40202EB420201EB820105EBA2
:10168000C50201EB820191F8201000EB810090ED82
:10169000000A06EB461000EBC000254901EB4010A4
:1016A00007EB471101EBC10100EBC10008EB48114A
:1016B00001EBC10100EB810004EBC40101EB41012E
:1016C00000EB810005EBC50100EB810090F82000E4
:1016D00007A901EB800080ED000A06EB461000EB45
:1016E000C000134901EB401007EB471101EBC101AA
:1016F00000EBC10008EB481101EBC10100EB8100D8
:1017000004EBC40101EB410100EB810005EBC501D5
:1017100000EB810090F8200007A901EB8000D0EDDC
:10172000000A9DF8180000EE100AB8EE400A08E022
:10173000C81C012448CA0024DDE0D7E0D0E0C8E09E
:10174000C2E060EE800A9FED721A80EE810AB4EE6C
:10175000C80AF1EE10FA37DB9DF8240040F01000C3
:101760008DF824009DF825100120B0400143C8B237
:101770008DF825009DF826100120B8400143C8B21D
:101780008DF826009DF82710012000FA08F001438B
:10179000C8B28DF82700BDF828000121A1400843F8
:1017A00080B2ADF828009DF82A000121A940084325
:1017B000C0B28DF82A0043463A4631460320CDE9AF
:1017C0000045D9F747FB7CE006EB461000EBC00074
:1017D000504901EB401007EB471101EBC10100EB51
:1017E000C10008EB481101EBC10100EB810004EBE3
:1017F000C40101EB410100EB810005EBC50100EBE9
:10180000810090F8200007A901EB8000D0ED000ACC
:101810009DF8190000EE100AB8EE400A60EE800A4A
:101820009FED3B1A80EE810AB4EEC80AF1EE10FA81
:1018300037DB9DF8240040F020008DF824009DF84F
:1018400025100120B0400143C8B28DF825009DF855
:1018500026100120B8400143C8B28DF826009DF83B
:101860002710012000FA08F00143C8B28DF82700C4
:10187000BDF828000121A140084380B2ADF828003E
:101880009DF82A000121A9400843C0B28DF82A0022
:1018900043463A4631460420CDE90045D9F7DAFA05
:1018A0000FE043463A4631460320CDE90045D9F7DB
:1018B000AAFA43463A4631460420CDE90045D9F715
:1018C000A2FA00BF681CC5B2032DFFF641AB601C35
:1018D000C4B20B2CFFF63AAB08F1010000F0FF0890
:1018E000B8F1020FFFF630AB781CC7B2042FFFF639
:1018F00028AB701CC6B2022EFFF621ABDDE909123F
:101900000E9806C00CB0BDEC028BBDE8F88F00004D
:101910000000C842C81C012410B541F284010348EC
:10192000CEF7D0FD01F0D8FC10BD0000804E0024A1
:1019300010B542F644110348CEF7C4FD01F0CCFCCB
:1019400010BD0000045F0024F0B50020FDE0002180
:10195000F6E00022EFE00023E8E00024E1E00025CB
:1019600000EB401606EB86067A4F07EB461601EBB6
:10197000411707EB870706EBC70602EB421707EB99
:10198000870706EB8706C3EB031706EB870604EB16
:10199000840706F8275000EB401606EB86066D4FCD
:1019A00007EB461601EB411707EB870706EBC70667
:1019B00002EB421707EB870706EB8706C3EB03171B
:1019C00006EB870604EB840706EB8706757000EBD1
:1019D000401606EB86065F4F07EB461601EB4117F4
:1019E00007EB870706EBC70602EB421707EB8707F3
:1019F00006EB8706C3EB031706EB870604EB8407A9
:101A000006EB8706756000EB401606EB8606514F25
:101A100007EB461601EB411707EB870706EBC706F6
:101A200002EB421707EB870706EB8706C3EB0317AA
:101A300006EB870604EB840706EB8706357200EB9E
:101A4000401606EB8606434F07EB461601EB41179F
:101A500007EB870706EBC70602EB421707EB870782
:101A600006EB8706C3EB031706EB870604EB840738
:101A700006EB8706F56000EB401606EB8606354F51
:101A800007EB461601EB411707EB870706EBC70686
:101A900002EB421707EB870706EB8706C3EB03173A
:101AA00006EB870604EB840706EB8706357400EB2C
:101AB000401606EB8606274F07EB461601EB41174B
:101AC00007EB870706EBC70602EB421707EB870712
:101AD00006EB8706C3EB031706EB870604EB8407C8
:101AE00006EB8706757400EB401606EB8606194F69
:101AF00007EB461601EB411707EB870706EBC70616
:101B000002EB421707EB870706EB8706C3EB0317C9
:101B100006EB870604EB840706EB8706B574651CA5
:101B2000ECB2032CFFF61BAF5D1CEBB20B2BFFF6E8
:101B300014AF551CEAB2022AFFF60DAF4D1CE9B2F4
:101B40000429FFF606AF451CE8B20228FFF6FFAEF7
:101B5000F0BD000048EB002410B52E48007830B1ED
:101B6000012816D0022835D003284FD13FE00021AC
:101B7000294800680CF0DAFD012809D1DEF77AFB6C
:101B80002649086000202649088001202149087064
:101B90003DE0DEF76FFB23490860084600681F49F7
:101BA0000968401A4FF47A71B0FBF1F01C490880C3
:101BB00000F02EFB01F0C0FD19480088B0F5167F3B
:101BC00007DB1748018818A0DAF76EFF02201149D9
:101BD00008701CE0FEF7FAFD01F0F0FBDDF716F9E6
:101BE00000201649088003200A4908700FE01348B6
:101BF0000088401C1149088008460088642804DBDE
:101C0000DDF7FCF800200349087000E000BF00BFCA
:101C100010BD0000C600002468000024C800002495
:101C2000D0000024CC0000246465746563745F7484
:101C3000696D653A2025640A00000000D200002486
:101C400008B5002000900F480088401C0D4908800E
:101C500008460088B0F5966F12DB002008806946C0
:101C6000094800680CF0D4FB00BF009838B14FF071
:101C7000805006490860BFF34F8FBFF36F8F00BFDE
:101C800008BD0000C40000246800002404ED00E04A
:101C900010B5002021E000211BE09FED1B0AC0EBE6
:101CA00040121A4B03EB8202121D02EB810282EDFD
:101CB000000A0023C0EB4012144C04EB8202643291
:101CC0005354C0EB401204EB8202703253544A1C4E
:101CD000D1B20C29E1DB421CD0B20428DBDB0020AE
:101CE0000EE0002108E0002200EB4003084C04EB6A
:101CF00083035A544A1CD1B20C29F4DB421CD0B2E3
:101D00000428EEDB10BD00000000000000000030E1
:101D1000002000302DE9F041044600260025002770
:101D20002D4830F8140000F40040002845D02A481F
:101D300010F81450294800EB04200078F0283AD11C
:101D4000264800EB04204078F02834D1052D30DB04
:101D5000691F224A02EB0422901CE0F79BFD064615
:101D60001E4800EB0421E81E085CB0421FD11B484E
:101D700000EB04208078C4EB4411194A02F82100DA
:101D8000164800EB0420C078C4EB441102EB81013B
:101D90004870124A02EB0422111DC4EB4412104B8E
:101DA00003EB8202101D7822CEF764FB06E00327C6
:101DB00004E0042702E0022700E001270020064992
:101DC00021F81400054901EB04208021CEF77AFBAD
:101DD0003846BDE8F08100006E000024E0150024C4
:101DE000000000307FB50020029003900024002501
:101DF00000266846FEF786FFDDE90001CDE9020115
:101E00009DF808005849097888420BD19DF80900CF
:101E100055494978884205D19DF80A005249897888
:101E2000884200D00124CCB100249DF8080000F0C5
:101E3000020028B1DCF762FF4CA0DAF735FE0DE0B6
:101E40009DF8080000F0040040B1DCF757FF9DF852
:101E50000A209DF8091049A0DAF726FE4248DDE97C
:101E6000021206C06846FEF795FDDDE90001CDE9E6
:101E700002019DF8090048494978884211D19DF82E
:101E80000A004549897888420BD19DF80B004249E8
:101E9000C978884205D1BDF80C003F49898888423D
:101EA00000D001259DB100259DF8080000F0080034
:101EB00068B1DCF723FFBDF80C0000909DF80B30F3
:101EC0009DF80A209DF8091034A0DAF7EDFD32489C
:101ED000DDE9021206C06846FFF70CF8DDE90001F3
:101EE000CDE902019DF808003749097888421DD1E3
:101EF0009DF8090034494978884217D19DF80A00B5
:101F000031498978884211D19DF80B002E49C97852
:101F100088420BD1BDF80C002B498988884205D135
:101F20009DF80E0028498979884200D00126B6B173
:101F300000269DF8080000F0100080B1DCF7DEFEFE
:101F40009DF80E00BDF80C10CDE900109DF80B3087
:101F50009DF80A209DF809101CA0DAF7A5FD1A4883
:101F6000DDE9021206C07FBDD40000246C65645F09
:101F7000616C6C5F6F66660A000000006C65645FF0
:101F80006469725F6F66663A2030782532782E2E4B
:101F90002E30782532780A00DC00002472675F73E7
:101FA000696D3A203078253032782E2E2E30782503
:101FB0003032782E2E2E3078253032782E2E2E305C
:101FC00078253032780A0000E400002473696E67D7
:101FD0006C655F6E6F5F6C696768743A2030782556
:101FE0003032782E2E2E3078253032782E2E2E302C
:101FF00078253032782E2E2E3078253032782E2EDD
:102000002E3078253032780A0000000070B50020AC
:102010009CE0504D05EB00154F4E46F82050002136
:102020008FE04E4D05EB401505EBC1054A4E56F8C5
:10203000206046F8215000227EE000EB400505EBD1
:10204000C005474E06EB451501EB410606EBC10600
:1020500005EBC60502EB420606EBC20605EB86055C
:102060003D4E56F8206056F8216046F82250002375
:102070005EE000EB40153B4E06EB451501EB4116CB
:1020800005EBC60502EB421605EB860503EB43069E
:1020900005EB8605304E56F8206056F8216056F85C
:1020A000226046F8235000243EE000EB40152E4EFF
:1020B00006EB451501EB411605EBC60502EB421692
:1020C00005EB860503EB430605EB860505EB84056A
:1020D000214E56F8206056F8216056F8226056F8D6
:1020E000236046F8245000EB4015204E06EBC51542
:1020F00001EB411605EB461502EB421605EB061502
:1021000003EB430605EB061505EB0415124E56F8D6
:10211000206056F8216056F8226056F8236056F881
:1021200024603560651CECB2032CBEDB5D1CEBB299
:102130000B2B9EDB551CEAB2022AFFF67EAF4D1C2C
:10214000E9B20429FFF66DAF451CE8B20228FFF69C
:1021500060AF70BD604E002478000024204E002443
:10216000604B002420430024E03A0024E0190024BE
:1021700010B5002047E0002141E0FF2200EB4013B2
:10218000224C04EB431301EB410404EBC10403EBC9
:10219000C4035A7000EB40131C4C04EB431301EBD7
:1021A000410404EBC10403F83420002200EB401387
:1021B000164C04EB431301EB410404EBC10403EBA5
:1021C000C40383F8542000EB4013104C04EB43137A
:1021D00001EB410404EBC10403EBC40383F8552075
:1021E00000EB4013094C04EB431301EB410404EBF7
:1021F000C10403EBC40383F856204A1CD1B20C2956
:10220000BBDB421CD0B20428B5DB10BDC8DA002409
:1022100070B500240025002600BFBDE10025B6E111
:10222000C4EB4410DE4901EB80006430405D04EBF8
:102230004411DC4A02EB411105EB450202EBC502F9
:1022400001EBC201487004EB4410D64901EB401089
:1022500005EB450101EBC50100EBC100407804EB43
:102260004411D04A02EB411105EB450202EBC502D5
:1022700011F8321088427DD004EB4410C94901EBBB
:10228000401005EB450101EBC50100EBC1004078B2
:10229000E8BB04EB4410C34901EB401005EB4501DA
:1022A00001EBC50100EBC10090F855000A2839DAAE
:1022B000DDF7E0FF04EB4411BA4A02EB411105EBF4
:1022C000450202EBC50201EBC201091D04EB4412F9
:1022D000B44B03EB421205EB450303EBC50302EBE2
:1022E000C30292F8552041F8220004EB4410AD4996
:1022F00001EB401005EB450101EBC50100EBC1000E
:1023000090F85500401C04EB4411A64A00E00AE096
:1023100002EB411105EB450202EBC50201EBC201E4
:1023200081F8550064E004EB44109E4901EB401035
:1023300005EB450101EBC50100EBC1004078012828
:1023400056D104EB4410974901EB401005EB4501D1
:1023500001EBC50100EBC10090F854000A2839DAFE
:10236000DDF788FF04EB44118E4A02EB411105EBC7
:10237000450200E054E002EBC50201EBC2012C3142
:1023800004EB4412874B03EB421205EB450303EBCE
:10239000C50302EBC30292F8542041F8220004EB7B
:1023A0004410804901EB401005EB450101EBC501EC
:1023B00000EBC10090F85400401C04EB4411794A32
:1023C00002EB411105EB450202EBC50201EBC20134
:1023D00081F85400002004EB4411724A02EB4111D1
:1023E00005EB450202EBC50201EBC20181F8560084
:1023F00004EB44106B4901EB401005EB450101EB88
:10240000C50100EBC100407804EB4411654A02EBC2
:10241000411105EB450202EBC50201F83200B4E0C0
:1024200004EB44105F4901EB401005EB450101EB63
:10243000C50100EBC10090F8550000287DDD04EBDC
:102440004410584901EB401005EB450101EBC50173
:1024500000EBC10090F8540000286EDD04EB44103E
:10246000504901EB401005EB450101EBC50100EBC4
:10247000C1004078012860D104EB4410494901EBC8
:10248000401005EB450101EBC50100EBC10090F8E0
:102490005600401C04EB4411424A02EB411105EB8B
:1024A000450202EBC50201EBC20181F8560004EBC4
:1024B00044103C4901EB401005EB450101EBC5011F
:1024C00000EBC10090F856000F285EDB04EB4410CF
:1024D000344901EB401005EB450101EBC50100EB70
:1024E000C1002C3004EB44112E4A02EB411105EBE4
:1024F000450202EBC50201EBC20191F85410491EDE
:1025000050F8210004EB4411264A02EB411105EB7F
:10251000450202EBC50201EBC2014968461A06F109
:10252000C8004FF47A71B0FBF1F004EB44011E4A8D
:1025300002EB81014855002000E026E004EB441145
:10254000184A02EB411105EB450202EBC50201EB13
:10255000C20181F8560004EB4411124A02EB41110A
:1025600005EB450202EBC50201EBC20181F8540004
:1025700004EB44110B4A02EB411105EB450202EB5F
:10258000C50201EBC20181F85500681CC5B20C2DD3
:10259000FFF646AE601CC4B2042CFFF63FAE70BD21
:1025A00000000030C8DA0024002000307FB5144855
:1025B000FDF764F8D8B9002512E01148001D00EBC2
:1025C000C504E079A17962792379CDE90032CDE9BA
:1025D0000210E378A27861782078D8F7E3F96D1CCF
:1025E00007480068A842E8D8002004B070BD41F256
:1025F00084010348CDF766FF4FF0FF30F5E7000098
:10260000804E00242DE9F04F80460C4609AD95E838
:10261000E0104FF00009B8F1000F50D100201AE08F
:10262000DFF850A10AEBC00191F800A0BAF1000F49
:1026300010D191F801A0A2450CD191F802A09245C9
:1026400008D1CB700D714E718F7181F807C04FF0BA
:10265000010905E0401C4749091F09688142DFD88C
:1026600000BFB9F1000F58D1002022E0DFF804A12B
:102670000AEBC00191F800A0BAF1000F18D191F84F
:1026800003A09A4514D191F804A0AA4510D191F85D
:1026900005A0B2450CD191F806A0BA4508D191F831
:1026A00007A0E24504D14C708A704FF0010905E0A3
:1026B000401C3049091F09688142D7D82DE0B8F184
:1026C000010F2AD1002022E0DFF8A8A00AEBC00108
:1026D00091F800A0BAF1010F18D191F803A09A4522
:1026E00014D191F804A0AA4510D191F805A0B245E3
:1026F0000CD191F806A0BA4508D191F807A0E2459F
:1027000004D14C708A704FF0010905E0401C194952
:10271000091F09688142D7D800BFB9F1000F26D13F
:102720001449091F0968B1F5047F20D2DFF844A0DD
:10273000AAF1040ADAF800B0DFF838A00AEBCB01FE
:1027400081F800804C708A70CB700D714E718F7162
:1027500081F807C0AAF1040ADAF800A00AF1010A18
:10276000DFF810B0ABF1040BCBF800A000BFBDE860
:10277000F08F0000844E002470B505460C462246BA
:1027800029460648CDF776FE44F400400449088007
:1027900021462846CDF796FE70BD0000E0150024C6
:1027A0006E00002470B505460C46224629460648B0
:1027B000CDF760FE44F40040044948802146284695
:1027C000CDF780FE70BD0000E01600246E000024EE
:1027D00070B505460C46224629460648CDF74AFE06
:1027E00044F400400449888021462846CDF76AFE1B
:1027F00070BD0000E01700246E00002470B505468F
:102800000C46224629460648CDF734FE44F40040E3
:102810000449C88021462846CDF754FE70BD00000B
:10282000E01800246E0000242DE9F04FA7B0044604
:102830000F46DCF769F826900025002025902490AB
:10284000402114A8CDF73EFEA846232229466D1C40
:10285000625429466D1C6254302229466D1C625414
:1028600029466D1C625429466D1C625429466D1C14
:102870006254402114A8CDF725FE9EA114A8DAF7D2
:1028800023F914A92046CDF728FE402114A8CDF73E
:1028900019FE269899A1026814A8DAF715F914A967
:1028A0002046CDF71AFE402114A8CDF70BFE1122C9
:1028B00094A114A8DAF708F914A92046CDF70DFE63
:1028C000402114A8CDF7FEFDE62291A114A8DAF765
:1028D000FBF814A92046CDF700FE90A12046CDF7C5
:1028E000FCFD402114A8CDF7EDFD0020DCF782F8B7
:1028F000064632468BA114A8DAF7E6F814A920465A
:10290000CDF7EBFD402114A8CDF7DCFD874888A169
:10291000026814A8DAF7D8F814A92046CDF7DDFD2F
:1029200000269FE08148001D00EBC60103C9CDE9E8
:1029300012019DF8480011909DF8490010909DF8F3
:102940004A000F909DF84B000E909DF84C000D90A2
:102950009DF84D000C909DF84E909DF84F000B9007
:102960000E9808B9412000E042200A904FF0410A39
:102970000D9830B1012807D0022808D003280CD1C7
:1029800008E04FF0410A08E04FF0420A05E04FF03E
:10299000430A02E04FF0440A00BF00BF0C9808B998
:1029A000412000E0422009904FF0410BB9F10B0F9C
:1029B00028D2DFE809F006090C0F1215181B1E219A
:1029C00024004FF0410B1DE04FF0420B1AE04FF096
:1029D000430B17E04FF0440B14E04FF0450B11E0B0
:1029E0004FF0460B0EE04FF0470B0BE04FF0480B5B
:1029F00008E04FF0490B05E04FF04A0B02E04FF0C2
:102A00004B0B00BF00BF412008900B9820B101285C
:102A100005D0022809D105E04120089005E04220B8
:102A2000089002E04320089000BF00BF402114A896
:102A3000CDF748FDDDE90801CDE9041BCDF80CA078
:102A40000690DDE90F210A98CDE900120290721C70
:102A500039A114A8119BDAF737F814A92046CDF74D
:102A60003CFD761C31480068B0423FF65BAF38A1B0
:102A70002046CDF732FD2046CDF763FD80B225908C
:102A80002598821F33A114A8DAF71EF89DF850008C
:102A9000A0709DF85100E0709DF8520020719DF8E3
:102AA000530060712AA12046CDF723FD8046B8F17E
:102AB000000F02D10020388019E04046CDF741FDDB
:102AC000064631464046DFF7E5FE2490402114A833
:102AD000CDF7F8FC21A114A8249AD9F7F5FF14A981
:102AE0002046CDF7FAFC2046CDF72BFD388027B0E5
:102AF000BDE8F08F514E3D303B0000005449443D4D
:102B000025643B005645523D253032783B0000009D
:102B1000434D443D253032783B00000043503D2674
:102B20002600000044543D25733B0000804E0024E5
:102B3000434E3D25643B0000434625643D25642506
:102B4000642564256325632563256325633B0000B5
:102B5000262600002530346400000000253032783D
:102B6000232300002DE9F04FA9B004468A46DBF785
:102B7000CBFE28904FF0000900202790269040219E
:102B800016A8CDF79FFC002015902322494609F195
:102B900001096254494609F101096254302249464B
:102BA00009F101096254494609F101096254494693
:102BB00009F101096254494609F1010962544021B1
:102BC00016A8CDF77FFCCAA116A8D9F77DFF16A9D4
:102BD0002046CDF782FC402116A8CDF773FC28983B
:102BE000C5A1026816A8D9F76FFF16A92046CDF730
:102BF00074FC402116A8CDF765FC1122C0A116A8CF
:102C0000D9F762FF16A92046CDF767FC402116A828
:102C1000CDF758FCE522BDA116A8D9F755FF16A996
:102C20002046CDF75AFCBCA12046CDF756FC4021EA
:102C300016A8CDF747FC0020DBF7DCFE05462A4648
:102C4000B7A116A8D9F740FF16A92046CDF745FC35
:102C50004FF0000B01E1B44800EBCB0003C8CDE915
:102C600013019DF84C0000B1F5E09DF84F609DF810
:102C700050709DF851809DF852500EB9412000E0EF
:102C8000422012904120119037B1012F07D0022F1E
:102C900008D0032F0CD108E04120119008E0422019
:102CA000119005E04320119002E04420119000BFF4
:102CB00000BFB8F1000F01D1412000E04220109088
:102CC00041200F900B2D28D2DFE805F006090C0FEC
:102CD0001215181B1E21240041200F901DE04220D8
:102CE0000F901AE043200F9017E044200F9014E05B
:102CF00045200F9011E046200F900EE047200F90E6
:102D00000BE048200F9008E049200F9005E04A2092
:102D10000F9002E04B200F9000BF00BF402116A88B
:102D2000CDF7D0FB06EB4610804901EB801007EB96
:102D3000471100EB011008EB481100EBC10005EB57
:102D4000450100EBC10090ED050AB7EEC00A8DED1C
:102D50000C0B06EB4610754901EB801007EB471191
:102D600000EB011008EB481100EBC10005EB450139
:102D700000EBC10090ED040AB7EEC00A8DED0A0B1E
:102D800006EB4610694901EB801007EB471100EB99
:102D9000011008EB481100EBC10005EB450100EB09
:102DA000C10090ED030AB7EEC00A8DED080B06EBEB
:102DB00046105E4901EB801007EB471100EB011054
:102DC00008EB481100EBC10005EB450100EBC10029
:102DD00090ED020AB7EEC00A8DED060B06EB461029
:102DE000524901EB801007EB471100EB011008EB93
:102DF000481100EBC10005EB450100EBC10090ED6F
:102E0000010AB7EEC00A8DED040B06EB46104749E8
:102E100001EB801007EB471100EB011008EB4811A4
:102E200000EBC10005EB450100EBC10090ED000A8D
:102E3000B7EEC00A8DED020BDDE90F10CDE9000100
:102E40003BA116A8DDE91132D9F73EFE16A92046AE
:102E5000CDF743FB00BF0BF1010B3348001F0068A7
:102E600058453FF6F8AE3CA12046CDF736FB20464C
:102E7000CDF767FB80B227902798821F37A116A84D
:102E8000D9F722FE9DF85800A0709DF85900E07017
:102E90009DF85A0020719DF85B0060712EA12046BC
:102EA000CDF727FB1590159818B90020AAF8000057
:102EB0001AE01598CDF745FB054629461598DFF72A
:102EC000E9FC2690402116A8CDF7FCFA25A116A80A
:102ED000269AD9F7F9FD16A92046CDF7FEFA204625
:102EE000CDF72FFBAAF8000029B0BDE8F08F000055
:102EF000514E3D303B0000005449443D25643B00A9
:102F00005645523D253032783B000000434D443D4C
:102F1000253032783B00000043503D26260000005B
:102F200044543D25733B0000844E002448CA0024CD
:102F300025632563256325633D252E32662C252ECA
:102F400032662C252E32662C252E32662C252E320A
:102F5000662C252E32663B00262600002530346480
:102F60000000000025303278232300002DE9F04FC7
:102F7000A1B004468B46DBF7C7FC2090002500205B
:102F80001F901E9040210EA8CDF79CFA00200D90B6
:102F9000232229466D1C625429466D1C625430223E
:102FA00029466D1C625429466D1C625429466D1CCD
:102FB000625429466D1C625440210EA8CDF782FA56
:102FC000ABA10EA8D9F780FD0EA92046CDF785FA52
:102FD00040210EA8CDF776FA2098A7A102680EA886
:102FE000D9F772FD0EA92046CDF777FA40210EA839
:102FF000CDF768FA1122A2A10EA8D9F765FD0EA996
:103000002046CDF76AFA40210EA8CDF75BFAE422FC
:103010009EA10EA8D9F758FD0EA92046CDF75DFA5E
:103020009DA12046CDF759FA40210EA8CDF74AFAC6
:103030000020DBF7DFFC0646324699A10EA8D9F73F
:1030400043FD0EA92046CDF748FA0026C5E0002032
:103050000C90B9E094480C9900EBC10103C9CDE98B
:103060000A019DF82B809DF82C909DF82DA09DF8CD
:103070002E70B8F1000F01D1412000E042200990EC
:1030800041200890B9F1000F09D0B9F1010F09D022
:10309000B9F1020F09D0B9F1030F0CD108E04120BA
:1030A000089008E04220089005E04320089002E0E4
:1030B0004420089000BF00BFBAF1000F01D14120A9
:1030C00000E042200790412006900B2F28D2DFE835
:1030D00007F006090C0F1215181B1E2124004120B1
:1030E00006901DE0422006901AE04320069017E06B
:1030F0004420069014E04520069011E046200690FA
:103100000EE0472006900BE04820069008E049209A
:10311000069005E04A20069002E04B20069000BF92
:1031200000BF40210EA8CDF7CDF906EB46115F4850
:1031300000EB011008EB481100EBC10009EB49114D
:1031400000EB41000AEB4A11084407EB4701084431
:10315000807806EB4612554901EB021108EB481244
:1031600001EBC20109EB491201EB42010AEB4A12E1
:10317000114407EB47021144497806EB46134B4ACA
:1031800002EB031208EB481302EBC30209EB4913ED
:1031900002EB43020AEB4A131A4407EB4703D25CE3
:1031A000069BCDE90132CDE903100798009040A1BC
:1031B0000EA8DDE90832D9F787FC0EA92046CDF725
:1031C0008CF90C98401C0C903748001F01680C9833
:1031D00081423FF63FAF701CC6B23448001F006802
:1031E000B0423FF634AF37A12046CDF776F92046FE
:1031F000CDF7A7F980B21F901F98821F32A10EA8A9
:10320000D9F762FC9DF83800A0709DF83900E07095
:103210009DF83A0020719DF83B00607129A120467D
:10322000CDF767F90D900D9818B90020ABF80000A4
:103230001AE00D98CDF785F9064631460D98DFF76F
:1032400029FB1E9040210EA8CDF73CF920A10EA825
:103250001E9AD9F739FC0EA92046CDF73EF9204633
:10326000CDF76FF9ABF8000021B0BDE8F08F00009A
:10327000514E3D303B0000005449443D25643B0025
:103280005645523D253032783B000000434D443DC9
:10329000253032783B00000043503D2626000000D8
:1032A00044543D25733B0000844E0024085F0024F5
:1032B00025632563256325633D25642C25642C2522
:1032C000643B000026260000253034640000000026
:1032D000253032782323000010B5ADF5845D41F22E
:1032E000740208496846CDF7C5F8064810380FC87B
:1032F000FCF7ACFB18B900200DF5845D10BD4FF054
:10330000FF30F9E7904E002410B5044600F002F8B3
:1033100010BD000022A0D9F7C7FB0025FEF776FEFE
:10332000FEF7B6FCFEF724FFFEF70EFBFFF73EF9B3
:103330000322002101200AF0B3FE1C49086000238B
:103340001A461946194800680AF070FF27E0002461
:1033500004E02046FEF7DEFC601CC4B2042CF8DB5F
:10336000DCF788FF12490860FEF7F6FB681C85B29F
:10337000B5F5167F03DB4FF41675FEF733FDDCF76A
:1033800079FF0C4908600846006809490968401A35
:1033900009490860ECF7ACFB64200AF069FAD6E74B
:1033A00072756E2073696E676C650A006800002490
:1033B000880000248C000024900000242DE9F043B4
:1033C00000250026D7E006EB4619DFF8648308EBFA
:1033D000091898F80080B8F1000F7CD00125002072
:1033E000BEE0DFF8508358F82080B8F1000F73D0AA
:1033F0000021ABE0DFF83C8358F8208058F82180AA
:10340000B8F1000F69D0002296E0DFF8288358F861
:10341000208058F8218058F82280B8F1000F73D02E
:1034200000237FE0DFF80C8358F8208058F82180D3
:1034300058F8228058F82380B8F1000F6ED000248D
:1034400067E0DFF8F08258F8208058F8218058F8BB
:10345000228058F8238058F82480B8F1000F54D007
:10346000DFF8D08258F8208058F8218058F8228060
:1034700058F8238058F82480D8F80080B8F1000F5D
:1034800043D0DFF8B08258F8208058F8218058F8EF
:10349000228058F8238058F82480D8F80080D8F883
:1034A0000C80B8F1000F30D0DFF8888258F8208007
:1034B00058F8218058F8228058F8238058F8248042
:1034C000D8F80080D8F80C8098F800C006EB4619B0
:1034D000DFF85C8202E04AE03EE033E008EB0918E6
:1034E00000EB401908EBC90801EB411908EB49084A
:1034F00002EB4219C84403EB4309C84418F804809E
:10350000E04502D0002506E012E004F1010808F0D1
:10351000FF04032C95DB00BF05B906E003F10108A9
:1035200008F0FF030B2BFFF67DAF00BF05B906E0E7
:1035300002F1010808F0FF02022AFFF666AF00BFA1
:1035400005B906E001F1010808F0FF010429FFF6C2
:1035500051AF00BF05B906E000F1010808F0FF0017
:103560000228FFF63EAF00BF0DB1BDE8F08306F1C3
:10357000010808F0FF06DFF8B881A8F10408D8F8C0
:103580000080B0453FF61FAFDFF8A481A8F1040822
:10359000D8F80080B8F1140F00D3E6E7DFF8908187
:1035A000A8F1040898F80070142F7DDA0020ACE030
:1035B000DFF8808158F82080B8F1000F75D0002125
:1035C0009CE0DFF8708158F8208058F82180B8F12D
:1035D000000F6BD000228AE0DFF8588158F8208075
:1035E00058F8218058F82280B8F1000F7BD00023D2
:1035F00077E0DFF8408158F8208058F8218058F8AB
:10360000228058F82380B8F1000F66D0002462E0D1
:10361000DFF8208158F8208058F8218058F822805F
:1036200058F8238058F82480B8F1000F4FD0DFF805
:10363000048158F8208058F8218058F8228058F8E2
:10364000238058F82480D8F80080B8F1000F3ED0CD
:10365000DFF8E08058F8208058F8218058F8228060
:1036600058F8238058F82480D8F80080D8F80C80C7
:10367000B8F1000F2BD0DFF8BC8058F8208058F844
:10368000218058F8228058F8238058F82480D8F8F0
:103690000080D8F80C8098F800C007EB4719DFF8D5
:1036A000908008EB091802E040E02AE022E000EBFD
:1036B000401908EBC90801EB411908EB490802EB76
:1036C0004219C84403EB4309C84408F804C004F194
:1036D000010808F0FF04032C9ADB03F1010808F04D
:1036E000FF030B2B85DB02F1010808F0FF02022A21
:1036F000FFF672AF01F1010808F0FF010429FFF69F
:1037000060AF00F1010808F0FF000228FFF650AF9B
:10371000DFF81C80A8F10408D8F8008008F101083F
:10372000DFF80C90A9F10409C9F8008000BF1CE77C
:10373000085F0024780000242DE9F05F2DED028B56
:103740000024FAE30025F9E30026F8E30027F7E375
:103750004FF00008F5E3FE4850F8240050F825002B
:1037600050F8260050F8270050F8280000684068FC
:1037700000287DD0F64850F8240050F8250050F875
:10378000260050F8270050F82800006840680078AC
:1037900000286DD104EB441101EB8101ED4A02EBED
:1037A000411105EB451202EB820201EBC20106EB6F
:1037B000461202EB820201EB8201C7EB071201EB1A
:1037C000820108EB880201EB82014870E04850F862
:1037D000240050F8250050F8260050F8270050F833
:1037E00028000068006800287DD0D94850F82400DF
:1037F00050F8250050F8260050F8270050F828000F
:103800000068006890ED008AD14850F8240050F814
:10381000250050F8260050F8270050F828000068CE
:10382000806800287ED0CA4850F8240050F825004F
:1038300050F8260050F8270050F8280000688068EB
:1038400090F8009004EB441000EB8000C14901EBBC
:10385000401005EB451101EB810100EBC10006EBC7
:10386000461101EB810100EB8100C7EB071100E07D
:1038700068E300EB810008EB880100EB8100807CAD
:1038800090BBB9F1010F3DD1DCF7F4FC04EB44111E
:1038900001EB8101AF4A02EB411105EB451202EB4E
:1038A000820201EBC20106EB461202EB820201EB3F
:1038B0008201C7EB071201EB820108EB880201EBE2
:1038C00082014860012004EB441101EB8101A14A0F
:1038D00002EB411105EB451202EB820201EBC20142
:1038E00006EB461201E02DE20CE002EB820201EB56
:1038F0008201C7EB071201EB820108EB880201EBA2
:103900008201087204EB441000EB8000914901EB46
:10391000401005EB451101EB810100EBC10006EB06
:10392000461100E00DE001EB810100EB8100C7EBE7
:10393000071100EB810008EB880100EB810080F8A3
:10394000129004EB441000EB8000824901EB401020
:1039500005EB451101EB810100EBC10006EB4611BF
:1039600001EB810100EB8100C7EB071100EB810047
:1039700008EB880100EB8100007A00287DD0DCF79D
:1039800079FC824604EB441000EB8000714901EBA6
:10399000401005EB451101EB810100EBC10006EB86
:1039A000461101EB810100EB8100C7EB071100EB31
:1039B000810008EB880100EB81004068AAEB000B56
:1039C00040F6B830834575D3012004EB441101EB78
:1039D0008101604A02EB411105EB451202EB8202C4
:1039E00001EBC20106EB461202EB820201EB8201FF
:1039F000C7EB071201EB820108EB880201F82200F5
:103A0000002004EB441101EB8101524A02EB411109
:103A100005EB451202EB820201EBC20106EB4612F6
:103A200002EB820201EB8201C7EB071201EB82017C
:103A300008EB880201EB82010872DCF71BFC04EB47
:103A4000441101EB8101434A02EB411105EB4512A0
:103A500002EB820201EBC20106EB461202EB82028C
:103A600001EB8201C7EB071201EB820108EB880230
:103A700001EB8201C860012000E01CE004EB44116E
:103A800001EB8101334A02EB411105EB451202EBD8
:103A9000820201EBC20106EB461202EB820201EB4D
:103AA0008201C7EB071201EB820108EB880201EBF0
:103AB00082010874C1E204EB441000EB8000254948
:103AC00001EB401005EB451101EB810100EBC1005A
:103AD00006EB461101EB810100EB8100C7EB0711FA
:103AE00000EB810008EB880100EB8100007C0028DE
:103AF0007ED0DCF7BFFB824604EB441000EB800075
:103B0000144901EB401005EB451101EB810100EB7D
:103B1000C10006EB461101EB810100EB8100C7EB10
:103B2000071100EB810008EB880100EB8100C06801
:103B3000AAEB000BBBF57A6F7DD804EB4410064965
:103B400001EB801005EB451100EB011006E00000D1
:103B50007800002448EB002448A9002406EB461115
:103B600000EBC10007EB470100EBC10000EBC80010
:103B700004EB441101EB8101FE4A02EB411105EB1C
:103B8000451202EB820201EBC20106EB461202EB88
:103B9000820201EB8201C7EB071201EB820108EB05
:103BA000880211F8221000EB810080ED008A04EBFE
:103BB0004410F14901EB801005EB451100EB0110B9
:103BC00006EB461100EBC10007EB470100EBC1001B
:103BD00000EBC80004EB441101EB8101E54A02EB64
:103BE000411105EB451202EB820201EBC20100E03C
:103BF000A9E006EB461202EB820201EB8201C7EB61
:103C0000071201EB820108EB880211F8221000EB89
:103C1000810090ED000A30EE080A04EB4410D6490A
:103C200001EB801005EB451100EB011006EB46118E
:103C300000EBC10000E085E007EB470100EBC100AD
:103C400000EBC80004EB441101EB8101C94A02EB0F
:103C5000411105EB451202EB820201EBC20106EBBA
:103C6000461202EB820201EB8201C7EB071201EB65
:103C7000820108EB880211F8221000EB810080ED30
:103C8000000A04EB4411BD4800EB811005EB45111F
:103C900000EB011006EB461100EBC10007EB4701FA
:103CA00000EBC10000EBC80004EB441101EB810103
:103CB000B04A02EB411105EB451202EB820201EB27
:103CC000C20106EB461202EB820201EB8201C7EB56
:103CD000071201EB820108EB880211F8221050F85C
:103CE0002100401C04EB4412A44901EB821105EBB6
:103CF000451201EB021106EB461201EBC20107EB84
:103D0000470201EBC20101EBC80104EB441202EBD4
:103D10008202984B03EB421205EB451303EB83033E
:103D200002EBC30206EB461303EB830302EB8302B1
:103D3000C7EB071302EB830208EB880312F823207A
:103D400041F8220079E104EB44108D4901EB801029
:103D500005EB451100EB011006EB461100EBC1002D
:103D600007EB470100EBC10000EBC80004EB441176
:103D700001EB81017F4A02EB411105EB451202EB99
:103D8000820201EBC20106EB461202EB820201EB5A
:103D90008201C7EB071201EB820108EB880211F8E0
:103DA000221000EB810080ED008A04EB4410724980
:103DB00001EB801005EB451100EB011006EB4611FD
:103DC00000EBC10007EB470100EBC10000EBC800AE
:103DD00004EB441101EB8101664A02EB411105EB52
:103DE000451202EB820201EBC20106EB461202EB26
:103DF000820201EB8201C7EB071201EB820108EBA3
:103E0000880211F8221000EB810090ED000A30EEDC
:103E1000080A04EB4410584901EB801005EB4511EA
:103E200000EB011006EB461100EBC10007EB470168
:103E300000EBC10000EBC80004EB441101EB810171
:103E40004C4A02EB411105EB451202EB820201EBF9
:103E5000C20106EB461202EB820201EB8201C7EBC4
:103E6000071201EB820108EB880211F8221000EB27
:103E7000810080ED000A04EB4411404800EB811002
:103E800005EB451100EB011006EB461100EBC100FC
:103E900007EB470100EBC10000EBC80004EB441145
:103EA00001EB8101334A02EB411105EB451202EBB4
:103EB000820201EBC20106EB461202EB820201EB29
:103EC0008201C7EB071201EB820108EB880211F8AF
:103ED000221050F82100401C04EB4412274901EB4A
:103EE000821105EB451201EB021106EB461201EBC4
:103EF000C20107EB470201EBC20101EBC80104EB71
:103F0000441202EB82021B4B03EB421205EB4513FA
:103F100003EB830302EBC30206EB461303EB8303BD
:103F200002EB8302C7EB071302EB830208EB880363
:103F300012F8232041F822007FE097E091E08BE027
:103F400085E07EE004EB441000EB8000094901EBC2
:103F5000401005EB451101EB810100EBC10006EBC0
:103F6000461101EB810100EB8100C7EB071100EB6B
:103F7000810007E048EB002448880024C89800240A
:103F800048A9002408EB880100EB810040780C2848
:103F900053DB002004EB441101EB8101374A02EBB3
:103FA000411105EB451202EB820201EBC20106EB67
:103FB000461202EB820201EB8201C7EB071201EB12
:103FC000820108EB880201F8220004EB441101EBA6
:103FD00081012A4A02EB411105EB451202EB8202F4
:103FE00001EBC20106EB461202EB820201EB8201F9
:103FF000C7EB071201EB820108EB880201EB82019B
:10400000487004EB441101EB81011C4A02EB4111A1
:1040100005EB451202EB820201EBC20106EB4612F0
:1040200002EB820201EB8201C7EB071201EB820176
:1040300008EB880201EB8201087408F1010000F02E
:10404000FF08B8F1030FFFF686AB781CC7B20B2F41
:10405000FFF67EAB701CC6B2022EFFF677AB681C73
:10406000C5B2042DFFF670AB601CC4B2022CFFF683
:1040700069ABBDEC028BBDE8F09F000048EB00246B
:1040800010B504462046D5F7BBF910BD7047704700
:1040900000B541EC100B2DED028B83B0B1EEC08B5F
:1040A00018EE100A18EE901A8DED008B002818BF3C
:1040B0000120084320F00040C0F17F6000F1E040A3
:1040C000C00F14D010EE101A10EE900A8DED000BF8
:1040D000002918BF0121084320F00040C0F17F6093
:1040E00000F1E040C00F04BF0120D8F797FF51EC6A
:1040F000180B03B0BDEC028B00BD00001CB54FF4E3
:10410000C8610520EBF7F5FC00F0A2F80020F5F7F8
:1041100045FB37480090374801906846DEF756FB6C
:10412000DEF7D6F8DCF7CEFADCF7A0FCDCF7C6F950
:10413000E1F7C0FDDCF764FC4FF4E130DDF730FB64
:104140004FF4E130DCF71AFD4FF4E130DDF73EFECD
:104150004FF4E130DCF74CFF4FF41650DDF776FFFB
:104160004FF4E130DDF7A4F84FF4E130DCF704FB65
:10417000EBF7BEFC204800682049B0FBF1F4214673
:104180001FA0D8F791FC2AA0D8F78EFC00230222AA
:104190004FF47A71C806DCF739FE002302224FF48F
:1041A0007A712748DCF732FE0023022201212548DC
:1041B000DCF72CFE0023022201212348DCF726FE37
:1041C0000023022201212148DCF720FE0120E5F72F
:1041D00013FED9F7A6FCD9F7C4FBDBF7ADFCDBF780
:1041E00099FEDCF7A1FDDCF7FBFCEBF781FC1CBDC5
:1041F0005D990408259904080000002440420F003E
:104200000D0A435055203A2053544D333248373429
:1042100033584948362C204247413234302C20D67E
:10422000F7C6B53A2025644D487A0D0A0000000013
:104230006D61696E2072756E2E2E2E0A00000000D0
:104240000004004000080040000C00400010004046
:1042500008B5064800900098006805490860009875
:104260004068486000988068886008BD00E8F11FD9
:104270004405002438B50446054880680090044889
:10428000436804A102682046D8F71EFC38BD000030
:10429000440500242530345825303458253034580E
:1042A000000000007CB5044600BFFAF769FFDFF7A5
:1042B0000FFDDAF731FCDAF77FFCF1F729FC68B182
:1042C00036A0D8F7F1FB4FF4FA70E0F703FB38A003
:1042D000D8F7EAFB4FF4FA70E0F7FCFA39A0D8F708
:1042E000E3FBEBF705FC09F085F839480A210023C8
:1042F0004FF40072CDE9001036A139480AF09AFB5C
:104300003848052100234FF40062CDE9001036A1A2
:1043100038480AF08FFB384808210023CA01CDE94C
:10432000001036A138480AF085FB384804210023E4
:10433000CA01CDE9001036A138480AF07BFB3848A5
:1043400008210023CA01CDE9001036A138480AF03F
:1043500071FB3848022100230A02CDE9001036A182
:1043600038480AF067FB3848092100234FF40062FF
:10437000CDE9001035A138480AF05CFBEBF7B8FB3B
:1043800009F0A6FD0546294634A0D8F78DFB39482B
:10439000006809F0AFFA09F07DF87CBD6C774950F0
:1043A00020496E6974206661696C656421210A0088
:1043B0005265747279696E672E2E2E20202020207F
:1043C00020200A0072756E206865726521210A003E
:1043D00010000024616C61726D5F7461736B00008A
:1043E00019E40208140000246170705F7461736B3B
:1043F0000000000091F50208180000246574685F51
:104400007461736B000000003D6903081C00002408
:104410006465745F7461736B00000000614D030894
:104420002000002467736D5F7461736B00000000EF
:10443000C19B0308240000247072696E745F74616C
:10444000736B000059D104082800002473696E675B
:104450006C655F7461736B000933050846726565AE
:1044600020686561703A2025642062797465730A5A
:10447000000000000C0000241CB5064802210023A7
:104480000A02CDE9001004A106480AF0D3FA09F0A7
:10449000FBFB1CBD0C00002473746172745F7461BB
:1044A000736B0000A54205080246012020EA1210A5
:1044B000054B187018460078012802D101F1480018
:1044C00070470846FCE70000230500242DE9F04171
:1044D00005460E4690463046CCF733F8074617B9E6
:1044E0002846BDE8F0812C460CE0207831788842DF
:1044F00007D13A4631462046CCF74EF808B9204657
:10450000EFE7641C207820B1E01905EB0801884230
:10451000EBD90020E5E700002DE9F84305460E46FB
:10452000174600BF45B900BF24A340F287122DA152
:1045300030A0D8F7B9FA00BF00BF00BF286840B963
:1045400000BF1EA34FF4C47234A12AA0D8F7ACFA5E
:1045500000BF00BF06B96E46002F12D17A1E314649
:1045600028680AF023F8044600BF012C08D000BFD9
:1045700012A340F291122EA11EA0D8F795FA00BF07
:104580001AE0B8464246314628680AF00FF8044659
:1045900024B900203060401EBDE8F88300BF012C24
:1045A00008D000BF05A34FF4CD7221A111A0D8F708
:1045B0007BFA00BF00BF00BF0120EDE72E2E5C2E6E
:1045C0002E5C4D6964646C6577617265735C6C77B1
:1045D00069705C617263685C7379735F6172636850
:1045E0002E6300006D626F7820213D204E554C4CAB
:1045F00000000000417373657274696F6E2022259C
:104600007322206661696C6564206174206C696E38
:104610006520256420696E2025730A006D626F781D
:104620002D3E6D627820213D204E554C4C000000FF
:104630006D626F78206665746368206661696C6579
:1046400064000000F8B504460E4600BF44B900BF40
:1046500018A34FF4D47221A124A0D8F725FA00BFE3
:1046600000BF00BF206840B900BF12A340F2A912EA
:1046700028A11EA0D8F718FA00BF00BF06B96E46E1
:1046800000223146206809F091FF05461DB900203F
:104690003060401EF8BD00BF012D08D000BF05A34B
:1046A0004FF4DA7220A111A0D8F7FEF900BF00BFC5
:1046B0000120EFE72E2E5C2E2E5C4D6964646C6544
:1046C00077617265735C6C7769705C617263685C5A
:1046D0007379735F617263682E6300006D626F7837
:1046E00020213D204E554C4C000000004173736565
:1046F0007274696F6E2022257322206661696C6571
:1047000064206174206C696E6520256420696E20C8
:1047100025730A006D626F782D3E6D627820213D11
:10472000204E554C4C0000006D626F782066657419
:104730006368206661696C656400000010B508F06C
:1047400059FE012010BD00002DE9F04105460E463E
:1047500000BF45B900BF22A34FF490722AA12DA03B
:10476000D8F7A2F900BF00BF00BF286840B900BF5A
:104770001BA340F2211231A126A0D8F795F900BF62
:1047800000BF002E11D1711E286809F0CFFF04462A
:1047900000BF012C08D000BF11A34FF493722CA1CD
:1047A0001CA0D8F781F900BF18E0374639462868C1
:1047B00009F0BCFF04461CB94FF0FF30BDE8F081A2
:1047C00000BF012C08D000BF05A34FF4977220A1B1
:1047D00010A0D8F769F900BF00BF00BF0120EDE7C6
:1047E0002E2E5C2E2E5C4D6964646C65776172655B
:1047F000735C6C7769705C617263685C7379735F1A
:10480000617263682E63000073656D20213D204E48
:10481000554C4C00417373657274696F6E2022258C
:104820007322206661696C6564206174206C696E16
:104830006520256420696E2025730A0073656D2D3F
:104840003E73656D20213D204E554C4C000000000C
:1048500074616B696E672073656D6170686F7265F6
:10486000206661696C65640010B5044608F012FEAC
:1048700010BD000010B500BF4C48006800F40030C7
:1048800000B139E000BF00BF00BFBFF34F8F00BFD2
:1048900000BF00BF00BF00BF00BFBFF36F8F00BFEE
:1048A00000BF00BF00204249086000BF00BF00BF3A
:1048B000BFF34F8F00BF00BF00BF00BF00BF00BFEE
:1048C000BFF36F8F00BF00BF00BF3848006840F4DF
:1048D00000303649086000BF00BF00BFBFF34F8FF4
:1048E00000BF00BF00BF00BF00BF00BFBFF36F8F9E
:1048F00000BF00BF00BF00BF00BF2C4B1B6803F40C
:10490000803303B148E00023284C7034236000BF9B
:1049100000BF00BFBFF34F8F00BF00BF00BF231F0A
:104920001868C0F34E3100BFC0F3C90200BF43F6A0
:10493000E07303EA41134FF0404404EA82742343D6
:104940001B4C1034236000BF00BF131EA2F10102F4
:10495000EDD10B1EA1F10101E6D100BF00BF00BFE8
:10496000BFF34F8F00BF00BF00BF104B1B6843F465
:1049700080330E4C236000BF00BF00BFBFF34F8FDA
:1049800000BF00BF00BF00BF00BF00BFBFF36F8FFD
:1049900000BF00BF00BF00BF05484C30006840F0BA
:1049A000040003494C31086010BD000014ED00E024
:1049B00050EF00E02DE9F04100F08EFA074600BF0D
:1049C0000F4804680CB9BDE8F0816068381AB0F18E
:1049D000004F01D3012000E0002000B1F3E70849B7
:1049E00020680860A568E668064960680860214696
:1049F0000C20F4F79BFC0DB13046A847E0E700001F
:104A00002C03002430030024704772B6704762B64E
:104A10007047000010B5044600BF44B900BF0DA3A5
:104A200040F2BF1215A119A0D8F73EF800BF00BF91
:104A300000BF206840B900BF06A34FF4E0721DA17B
:104A400012A0D8F731F800BF00BF206808F084FE3C
:104A500010BD00002E2E5C2E2E5C4D6964646C65CA
:104A600077617265735C6C7769705C617263685CB6
:104A70007379735F617263682E6300006D626F7893
:104A800020213D204E554C4C0000000041737365C1
:104A90007274696F6E2022257322206661696C65CD
:104AA00064206174206C696E6520256420696E2025
:104AB00025730A006D626F782D3E6D627820213D6E
:104AC000204E554C4C00000070B504460D4600BF0A
:104AD00044B900BF11A340F245121AA11DA0D7F797
:104AE000E3FF00BF00BF00BF002D08DC00BF0BA329
:104AF0004FF4A37221A117A0D7F7D6FF00BF00BFC4
:104B000000220421284609F0CBFA2060206810B961
:104B10004FF0FF3070BD0020FCE700002E2E5C2E11
:104B20002E5C4D6964646C6577617265735C6C774B
:104B300069705C617263685C7379735F61726368EA
:104B40002E6300006D626F7820213D204E554C4C45
:104B500000000000417373657274696F6E20222536
:104B60007322206661696C6564206174206C696ED3
:104B70006520256420696E2025730A0073697A65B3
:104B8000203E20300000000073B5044600BF44B949
:104B900000BF18A34FF4B07220A124A0D7F784FF60
:104BA00000BF00BF00BF206840B900BF11A340F2A2
:104BB000611228A11DA0D7F777FF00BF00BF002317
:104BC0001A4601A9206809F031FB0546012D01D1E3
:104BD00000207CBD00BF45B100BF06A340F26712B4
:104BE00021A112A0D7F760FF00BF00BF4FF0FF3038
:104BF000EFE700002E2E5C2E2E5C4D6964646C6520
:104C000077617265735C6C7769705C617263685C14
:104C10007379735F617263682E6300006D626F78F1
:104C200020213D204E554C4C00000000417373651F
:104C30007274696F6E2022257322206661696C652B
:104C400064206174206C696E6520256420696E2083
:104C500025730A006D626F782D3E6D627820213DCC
:104C6000204E554C4C0000006D626F7820747279B4
:104C7000706F7374206661696C65640070B504467A
:104C800000BF3CB900BF13A3DB221CA11FA0D7F7B4
:104C90000BFF00BF00BF00BF206838B900BF0DA3E5
:104CA000DC2224A119A0D7F7FFFE00BF00BF4FF000
:104CB000FF31206809F01CFE054600BF012D07D01A
:104CC00000BF04A3DF2220A110A0D7F7EDFE00BF94
:104CD00000BF70BD2E2E5C2E2E5C4D6964646C6529
:104CE00077617265735C6C7769705C617263685C34
:104CF0007379735F617263682E6300006D7574650C
:104D00007820213D204E554C4C00000041737365C6
:104D10007274696F6E2022257322206661696C654A
:104D200064206174206C696E6520256420696E20A2
:104D300025730A006D757465782D3E6D757420219C
:104D40003D204E554C4C00006661696C65642074D2
:104D50006F2074616B6520746865206D757465786B
:104D60000000000010B5044600BF3CB900BF09A315
:104D7000CC2212A115A0D7F797FE00BF00BF0420D8
:104D800009F07CF92060206810B94FF0FF3010BDA9
:104D90000020FCE72E2E5C2E2E5C4D6964646C6551
:104DA00077617265735C6C7769705C617263685C73
:104DB0007379735F617263682E6300006D7574654B
:104DC0007820213D204E554C4C0000004173736506
:104DD0007274696F6E2022257322206661696C658A
:104DE00064206174206C696E6520256420696E20E2
:104DF00025730A0070B5044600BF3CB900BF12A37A
:104E0000E6221BA11EA0D7F74FFE00BF00BF00BFC8
:104E1000206838B900BF0CA3E72223A118A0D7F758
:104E200043FE00BF00BF206809F086FB054600BFB7
:104E3000012D07D000BF04A3EA2220A110A0D7F7BC
:104E400033FE00BF00BF70BD2E2E5C2E2E5C4D6960
:104E500064646C6577617265735C6C7769705C61C2
:104E60007263685C7379735F617263682E630000BC
:104E70006D7574657820213D204E554C4C00000026
:104E8000417373657274696F6E20222573222066E8
:104E900061696C6564206174206C696E65202564AD
:104EA00020696E2025730A006D757465782D3E6D3E
:104EB000757420213D204E554C4C00006661696C94
:104EC000656420746F206769766520746865206D5D
:104ED000757465780000000010B509F0F1FD10BD93
:104EE0004A0A52020243014B1A60704708ED00E083
:104EF00010B5044600BF44B900BF0EA34FF49D7225
:104F000016A119A0D7F7D0FD00BF00BF00BF2068D1
:104F100040B900BF07A340F23B121DA112A0D7F772
:104F2000C3FD00BF00BF206808F016FC0020206011
:104F300010BD00002E2E5C2E2E5C4D6964646C65E5
:104F400077617265735C6C7769705C617263685CD1
:104F50007379735F617263682E63000073656D20FF
:104F6000213D204E554C4C00417373657274696F3E
:104F70006E2022257322206661696C65642061744D
:104F8000206C696E6520256420696E2025730A00F7
:104F900073656D2D3E73656D20213D204E554C4C43
:104FA0000000000070B504460D4600BF3CB900BFCC
:104FB0001CA3FD2225A128A0D7F776FD00BF00BFC6
:104FC00000BF002D09D0012D07D000BF15A3FE2280
:104FD0002BA121A0D7F768FD00BF00BF032200214D
:104FE000012009F05DF82060206810B94FF0FF3013
:104FF00070BD012D14D100231A461946206809F00E
:1050000015F9064600BF012E08D000BF05A34FF4D6
:10501000857224A110A0D7F747FD00BF00BF00BFD5
:105020000020E5E72E2E5C2E2E5C4D6964646C65D5
:1050300077617265735C6C7769705C617263685CE0
:105040007379735F617263682E63000073656D200E
:10505000213D204E554C4C00417373657274696F4D
:105060006E2022257322206661696C65642061745C
:10507000206C696E6520256420696E2025730A0006
:10508000696E697469616C5F636F756E7420696EB7
:1050900076616C696420286E6F742030206F7220F6
:1050A000312900007379735F73656D5F6E65773AC0
:1050B00020696E697469616C206769766520666134
:1050C000696C65640000000070B5044600BF44B917
:1050D00000BF16A340F213121EA121A0D7F7E4FCD3
:1050E00000BF00BF00BF206840B900BF0FA34FF44E
:1050F0008A7225A11AA0D7F7D7FC00BF00BF0023F2
:105100001A461946206809F091F8054600BF012D9E
:105110000AD0002D08D000BF04A34FF48C721FA149
:105120000FA0D7F7C1FC00BF00BF70BD2E2E5C2EB4
:105130002E5C4D6964646C6577617265735C6C7735
:1051400069705C617263685C7379735F61726368D4
:105150002E63000073656D20213D204E554C4C00A0
:10516000417373657274696F6E2022257322206605
:1051700061696C6564206174206C696E65202564CA
:1051800020696E2025730A0073656D2D3E73656D71
:1051900020213D204E554C4C000000007379735F78
:1051A00073656D5F7369676E616C3A2073616E65DC
:1051B0002072657475726E2076616C7565000000F2
:1051C0002DE9F0419CB080460C4615461E4600274E
:1051D0004048006820F004003E49086000BF0020FD
:1051E00000903D48006820F001003B4908600846F7
:1051F000006800F00100009036480C30006840F470
:10520000404034490C3108600846006800F44040D2
:10521000009000BF00BF00BF2E480C30006800F4B3
:105220000050B0F5005FF7D1212001904FF480309D
:1052300002900020049008900120079002200A901C
:1052400002210B91CDF834800C940E950F9600211D
:105250001291082111910021139101A8D1F7B0FFFB
:1052600007461FB101201CB0BDE8F0813F2014901B
:1052700003201590002016900820179040201990C8
:1052800000011A90402018901B90042114A8D1F717
:10529000A7FC07460FB10120E5E7D0F799FC0F48BE
:1052A000006840F080000D49086000BF0B48F430F2
:1052B000006840F002000949F431086008460068BF
:1052C00000F00200009000BF00BFCFF7FFFF0020FA
:1052D000C9E700000C4802582C040058004402584A
:1052E0002DE9FF4706460F4690461C46DDF830A0E4
:1052F00000BF002C08DC00BF13A34FF4ED721CA10B
:1053000020A0D7F7D1FB00BF00BFA14603A81FFA1A
:1053100089F243463146CDE900A0384609F08AFBC0
:10532000054600BF012D08D000BF07A34FF4F2725D
:105330001EA114A0D7F7B8FB00BF00BF03980290CE
:10534000029804B0BDE8F0872E2E5C2E2E5C4D69CD
:1053500064646C6577617265735C6C7769705C61BD
:105360007263685C7379735F617263682E630000B7
:10537000696E76616C696420737461636B73697ABA
:1053800065000000417373657274696F6E20222599
:105390007322206661696C6564206174206C696E9B
:1053A0006520256420696E2025730A007461736B83
:1053B000206372656174696F6E206661696C6564F3
:1053C000000000002DE9F04104460E46174600BFDC
:1053D000B4F1804F08D300BF09A340F2291213A1F2
:1053E00020A0D7F761FB00BF00BFFFF775FD0519CF
:1053F0003A463146284600F049F8BDE8F081000001
:105400002E2E5C2E2E5C4D6964646C65776172652E
:10541000735C6C7769705C7372635C636F72655CFC
:1054200074696D656F7574732E63000054696D65E2
:105430006F75742074696D6520746F6F206C6F6E6A
:10544000672C206D6178206973204C5749505F5557
:10545000494E5433325F4D41582F34206D7365638C
:1054600073000000417373657274696F6E202225AA
:105470007322206661696C6564206174206C696EBA
:105480006520256420696E2025730A002DE9F0410E
:1054900006460F4690460C20F3F7CCFF0446002C3E
:1054A0000CD100BF07D100BF20A3BE222AA13AA081
:1054B000D7F7FAFA00BF00BFBDE8F08100202060F6
:1054C000A760C4F80C8066603D48006810B93C488D
:1054D0000460F1E73A49606809684968401AB0F128
:1054E000004F01D3012000E0002028B134480068BB
:1054F00020603348046017E03148056811E02868EF
:1055000050B1606829684968401AB0F1004F01D372
:10551000012000E0002018B1286820602C6002E023
:105520002D68002DEBD100BF00BFC5E72E2E5C2EED
:105530002E5C4D6964646C6577617265735C6C7731
:1055400069705C7372635C636F72655C74696D65CE
:105550006F7574732E6300007379735F74696D6582
:105560006F75743A2074696D656F757420213D20E4
:105570004E554C4C2C20706F6F6C204D454D505F3C
:105580005359535F54494D454F5554206973206515
:105590006D70747900000000417373657274696FF7
:1055A0006E2022257322206661696C656420617417
:1055B000206C696E6520256420696E2025730A00C1
:1055C0002C03002410B5012408E0064901EBC402B5
:1055D00051F834000449FFF7F5FE641C052CF4D3A0
:1055E00010BD000080FC0508695E040870B5154810
:1055F000006810B94FF0FF3070BDFFF76DFC044636
:10560000104800684068001BB0F1004F01D3012032
:1056100000E0002008B10020EEE70A48006840687A
:10562000051B00BFB5F1004F08D300BF06A34FF420
:10563000DC7210A114A0D7F737FA00BF00BF2846CC
:10564000DAE700002C0300242E2E5C2E2E5C4D6920
:1056500064646C6577617265735C6C7769705C73A8
:1056600072635C636F72655C74696D656F7574738A
:105670002E630000696E76616C696420736C6565E9
:105680007074696D65000000417373657274696FB1
:105690006E2022257322206661696C656420617426
:1056A000206C696E6520256420696E2025730A00D0
:1056B00038B505460C4624B1012C0DD0022C17D16B
:1056C00010E00C48806800900A4843680AA102680C
:1056D0002846D7F7F9F90BE00BA20FA12846D7F718
:1056E000F3F905E00DA20CA12846D7F7EDF900BFAC
:1056F00000BF38BD440500242530345825303458C7
:105700002530345800000000312E302E302E32303B
:10571000323531323133000025730000464E2D4AB8
:105720005454592D5059000010B54FF400318802DF
:10573000FFF7D6FB00BF04200E49086000BFF3F757
:10574000D3FEFFF797F8D0F7FBF8042302220521D8
:10575000C020FFF735FD4FF4F070DFF79FF84FF4EE
:10576000E130DCF761F904A203A105A0DDF7BAFA84
:1057700010BD00009CEF00E056312E302E300000AE
:10578000436D4261636B7472616365002DE9FF5F75
:1057900004460E4600BF0CB9BDE8FF9F00BF00BF26
:1057A000207D012808D100BF38A34FF4107241A119
:1057B0004DA0D7F779F900BF00BF207D0A2807D197
:1057C0002146534803F056F9204601F0AFF85AE05D
:1057D0004FF0000AD346276DD4F82480D4F88C50BB
:1057E000D4F81090207DE8B9E08A38B300BF49486A
:1057F0000068A04205D147480068C0684549086074
:105800000DE04449086806E0C168A14202D1E168A0
:10581000C16002E0C0680028F6D100BF00BF0020D0
:10582000E0600BE0B246B4F816B000BF21463A483B
:1058300003F020F901203949087000BF206F10B132
:10584000206F04F024FEE06E10B1E06E04F01FFE45
:10585000BAF1000F0AD0208B211D23464246CDE924
:10586000001B02903946204604F074FD207D039011
:10587000204601F05BF800BF1DB16FF00C014846F7
:10588000A84700BF00BF00BF86E700002E2E5C2E99
:105890002E5C4D6964646C6577617265735C6C77CE
:1058A00069705C7372635C636F72655C7463702EA5
:1058B00063000000646F6E27742063616C6C207459
:1058C00063705F61626F72742F7463705F61626195
:1058D0006E646F6E20666F72206C697374656E2DD6
:1058E0007063627300000000417373657274696FC6
:1058F0006E2022257322206661696C6564206174C4
:10590000206C696E6520256420696E2025730A006D
:10591000F8020024EC020024F4020024FC0200241B
:1059200010B5044601212046FFF730FF10BD28B115
:10593000027D012A02D10246916100BF704700003A
:1059400070B505460C46164600BF002C08D100BFB6
:1059500007A34FF4447210A117A0D7F7A5F800BF12
:1059600000BF2046FFF7DCFF6FF00C0070BD0000A9
:105970002E2E5C2E2E5C4D6964646C6577617265B9
:10598000735C6C7769705C7372635C636F72655C87
:105990007463702E630000007463705F61636365FD
:1059A00070745F6E756C6C3A20696E76616C6964B8
:1059B0002070636200000000417373657274696F48
:1059C0006E2022257322206661696C6564206174F3
:1059D000206C696E6520256420696E2025730A009D
:1059E00070B505460220F3F725FD04461CBB01F007
:1059F000FBF801F097FE0220F3F71CFD0446CCB93A
:105A0000092001F02BFE0220F3F714FD044684B9AF
:105A1000082001F023FE0220F3F70CFD04463CB9F8
:105A2000284601F0E7FD0220F3F704FD044600BF1D
:105A300000BF00BF00BF44B398212046CAF742FD13
:105A40001434657043F6BC60A4F8500040F668302A
:105A5000E082A082FF2004F8090C4FF40670E08376
:105A60000620A0856085C01FA0830120A08608486D
:105A70000068E06007480078A07243F6BC60E086EA
:105A80000548E0660548E067143C204670BD00000C
:105A9000E8020024FE020024019D050800DD6D00DF
:105AA00000B10161704700002DE9F04705460C4642
:105AB00017464FF0040904B9244C00BF1DB96FF01C
:105AC0000F00BDE8F08700BF00BF287D10B16FF068
:105AD0000500F6E700BF37B902F0AEF807460FBB86
:105AE0006FF00100EDE74FF0000819E0184850F89A
:105AF0002800066810E0F08AB8420CD146B1306840
:105B000030B12CB1206818B130682168884202D1C8
:105B10006FF00700D5E7F668002EECD108F1010818
:105B2000C845E3DB34B1206820B10CB9002000E0A7
:105B300020682860EF8200BF06480068E8600548DA
:105B4000056005F045FB00BF0020BAE7ACFC050886
:105B500070FC0508EC02002421B191F83420521C9D
:105B6000027201E000220272704700001CB507F0CB
:105B700041FC0748082100238A01CDE9001005A156
:105B8000084808F057FF07F085FC20461CBD0000C0
:105B9000980300247463705F636C69656E745F744E
:105BA00061736B00115C050810B50020024981F893
:105BB0002A00FFF7DBFF10BDB0C5032410B500209D
:105BC000104981F82A0001210220EAF789F80D48DE
:105BD0008078022803D10C480068F3F7CBFF0A480D
:105BE0000068F4F707F80020074908600549887045
:105BF00007F000FC0548006807F07CFE07F04AFC4F
:105C000010BD0000B0C503248803002498030024BD
:105C10002DE9F84380460027F0E07A488078012893
:105C200072D17848008C784908807648807B0106DC
:105C30007448C07B41EA00417248007C41EA002080
:105C40007049497C084302066E48807B01066D4816
:105C5000C07B41EA00416B48007C41EA0020694971
:105C6000497C084300F47F4042EA00226548807B7B
:105C700001066448C07B41EA00416248007C41EA79
:105C800000206049497C084300F47F0042EA10226A
:105C90005C48807B01065B48C07B41EA0041594873
:105CA000007C41EA00205749497C084342EA1060E1
:105CB00056490860002211461020F4F719F954499A
:105CC00008600846006810B9E0F700FE97E04E480B
:105CD00002884E494E480068F3F76EFF0646A6B1AB
:105CE0004B480068F3F786FF002049490860781C9C
:105CF000C7B2052F74DD00204249887000274FF499
:105D00007A70D9F735FC7AE017E002203D498870B7
:105D10000020D9F7CDF802210846E9F7E1FF0A2073
:105D20003B490968C86101233A4A3B493848006841
:105D3000F4F790F8D9F752F852E032488078022808
:105D40004ED13648008800F40040B0F5004F17D11E
:105D50000020009031480088C0F30D020123304834
:105D600001682B480068F4F7B7FB064616B104201B
:105D7000D9F746FA2948008820F4004027490880CE
:105D8000284923480068F4F79BF9051E19D107F04C
:105D900031FB24480068046807E06089002803DDBF
:105DA00061896068DEF75CFC2468002CF5D107F09F
:105DB00071FB1C480068F3F7D8FD00201949086002
:105DC0000EE005F10F0058B911480068F3F7D2FE54
:105DD0000F480068F3F70EFF00200A49887000277B
:105DE000084890F82A00012805D10020054981F8CB
:105DF0002A00FFF7E3FE0A2007F03AFD0DE700BF97
:105E0000BDE8F883B0C50324A40300249C03002448
:105E100088030024A6030024A00300248C0300248C
:105E2000900300249403002410B5044600BF14B965
:105E30006FF00F0010BD00BF207D012805D000BF0E
:105E4000608B40F01000608300BF0121204600F00D
:105E500001F8EFE73EB504460D4600BF002C08D11F
:105E600000BF55A34FF4AF725DA165A0D6F71CFE2D
:105E700000BF00BF002D57D0207D042802D0207D18
:105E8000072851D1606F20B9208D40F668318842D3
:105E90004AD000BFA07E00F0100040B900BF46A36A
:105EA0004FF4B27260A156A0D6F7FEFD00BF00BF4E
:105EB000208BE18A221DCDE9002102902346204655
:105EC000626A216D04F046FA204602F0ADFD00BF83
:105ED00000BF5C480068A04205D15A480068C0680D
:105EE000584908600DE05749086806E0C168A142BA
:105EF00002D1E168C16002E0C0680028F6D100BFAD
:105F000000BF0020E06000BF01204F49087000BFC3
:105F10004E480068A04202D105F026FA02E0204671
:105F200000F004FD00203EBD207D20B1012824D0DA
:105F300002283AD12CE0E08AD8B100BF444800687A
:105F4000A04205D142480068C068414908600DE0A0
:105F50003F49086806E0C168A14202D1E168C1601A
:105F600002E0C0680028F6D100BF00BF0020E0605A
:105F700000BF204600F0DAFC1BE0204601F0F0FBF9
:105F80002146344802F076FD204600F0BFFD10E0C7
:105F900000BF21462B4802F06DFD01202A49087000
:105FA00000BF204600F0C2FC03E0204600F054F899
:105FB000B9E700BF0020B6E72E2E5C2E2E5C4D699F
:105FC00064646C6577617265735C6C7769705C732F
:105FD00072635C636F72655C7463702E63000000B3
:105FE0007463705F636C6F73655F73687574646FFF
:105FF000776E3A20696E76616C6964207063620026
:10600000417373657274696F6E2022257322206656
:1060100061696C6564206174206C696E652025641B
:1060200020696E2025730A007063622D3E666C61E4
:10603000677320262054465F5258434C4F534544C3
:1060400000000000F4020024FC02002428030024C5
:10605000EC020024F002002470B5054600BF45B9EB
:1060600000BF1EA34FF4CE7226A129A0D6F71CFDB7
:1060700000BF00BF287D032804D004280AD00728C9
:1060800018D10FE0284604F0ABFA04460CB90520FD
:10609000287511E0284604F0A3FA04460CB905203F
:1060A000287509E0284604F09BFA04460CB909203B
:1060B000287501E0002070BD00BF1CB9284601F022
:1060C00041FE09E0601C38B900BF688B40F0080051
:1060D000688300BF0020EEE72046ECE72E2E5C2E02
:1060E0002E5C4D6964646C6577617265735C6C7776
:1060F00069705C7372635C636F72655C7463702E4D
:106100006300000070636220213D204E554C4C001E
:10611000417373657274696F6E2022257322206645
:1061200061696C6564206174206C696E652025640A
:1061300020696E2025730A002DE9F05F04460E46A3
:1061400091469A46002700BF1CB96FF00F00BDE8CA
:10615000F09F00BF00BF16B96FF00F00F7E700BF58
:1061600000BF207D10B16FF00900F0E700BF0EB94D
:10617000002000E030686060A4F81890207A20B118
:10618000207AF4F72BFC074603E0201DE8F7F4FE25
:10619000074617B96FF00300D9E70CB1206858B96A
:1061A0000FB1381D00E00020014611B96FF0030067
:1061B000CDE70868206000BFB4F816B0E08A38B9AF
:1061C00001F03AFDE082E08A10B96FF00100BEE70D
:1061D000204601F065FD0546002060622565681EC9
:1061E0006064A065E06540F6683060852085606A7F
:1061F000E06240F66830A4F860004FF406706086F4
:10620000608E221D394600F02FF960860120A4F827
:106210004800C4F884A00221204600F08BF9804693
:10622000B8F1000F31D102202075BBF1000F1BD057
:1062300000BF17480068A04205D115480068C06833
:10624000134908600DE01249086806E0C168A142E0
:1062500002D1E168C16002E0C0680028F6D100BF49
:1062600000BF0020E06000BF00BF00BF0948006819
:10627000E0600848046004F0ABFF00BF012006495D
:10628000087000BF204601F05DFD40465FE700005A
:10629000EC020024F4020024FC0200242DE9F05F4B
:1062A00080460D4691469A460A9F00BFB8F1000FFE
:1062B00007D100BF40A3A3224AA152A0D6F7F4FB06
:1062C00000BF00BF00BF002D07D100BF3AA3A4222A
:1062D00056A14CA0D6F7E8FB00BF00BF07F00100B5
:1062E00008B1042000E0002007F0020109B10021FC
:1062F00000E00021084407F0080109B1002100E096
:106300000021084407F0100109B1002100E000213C
:1063100046180420F3F78EF8041E05D12846F5F739
:10632000FBF80020BDE8F09FA772002020606560A8
:1063300000BF2889B04207DA00BF1FA3B02244A1E2
:1063400030A0D6F7B1FB00BF00BF2889801B208199
:1063500014212846F4F78EFC20B1204604F08AF878
:106360000020DFE760684068E060B8F81600EFF7EB
:10637000B0FDE1680880B8F81800EFF7AAFDE16801
:1063800048805046EFF798FDE1684860B346F11742
:1063900006EB91718910491D4FF6FF7202EA013137
:1063A00041EA0900EFF795FDE16888810020E16886
:1063B00048822046B6E700002E2E5C2E2E5C4D69EA
:1063C00064646C6577617265735C6C7769705C732B
:1063D00072635C636F72655C7463705F6F75742E5B
:1063E000630000007463705F6372656174655F735E
:1063F00065676D656E743A20696E76616C696420BC
:1064000070636200417373657274696F6E20222538
:106410007322206661696C6564206174206C696E0A
:106420006520256420696E2025730A007463705FFF
:106430006372656174655F7365676D656E743A203C
:10644000696E76616C696420706275660000000098
:10645000702D3E746F745F6C656E203E3D206F70D2
:10646000746C656E000000002DE9F04106460D4693
:10647000174600BF002F08D100BF10A340F6C90285
:1064800018A122A0D6F710FB00BF00BF15B93046F7
:10649000BDE8F0812C8D74B12820844202DD211AE0
:1064A00089B200E000218846464501DA314600E025
:1064B00041460E4600BF3046EAE700002E2E5C2E15
:1064C0002E5C4D6964646C6577617265735C6C7792
:1064D00069705C7372635C636F72655C7463702E69
:1064E000630000007463705F6566665F73656E6469
:1064F0005F6D73735F6E657469663A20696E76616D
:106500006C6964206473745F697000004173736523
:106510007274696F6E2022257322206661696C6532
:1065200064206174206C696E6520256420696E208A
:1065300025730A002DE9F84304460D460027B946A5
:1065400000BF05F0030040B900BF60A340F2124253
:1065500069496AA0D6F7A8FA00BF00BF00BF002CA7
:1065600008D100BF59A340F214426EA163A0D6F730
:106570009BFA00BF00BF05F0020000B1012707F041
:10658000010008B1042000E0002007F0020109B179
:10659000002100E00021084407F0080109B10021B2
:1065A00000E00021084407F0100109B1002100E0DB
:1065B000002100EB01094FF4207249463620F4F720
:1065C000D3FBB0F1000809D100BF608B40F0800020
:1065D000608300BF4FF0FF30BDE8F88300BFB8F81C
:1065E0000A00484508DA00BF38A340F23A4255A1F4
:1065F00042A0D6F759FA00BF00BF00972A4641468D
:106600002046E36DFFF74AFE061E07D100BF608BF0
:1066100040F08000608300BF701EDDE700BF307B6C
:1066200000F0030040B100BF28A340F2434254A150
:1066300032A0D6F739FA00BF00BF00BF308940B1A1
:1066400000BF22A340F2444253A12CA0D6F72CFA5B
:1066500000BF00BFE06E08B9E66607E0E06E00E04C
:10666000006801680029FBD1066000BF0020A4F883
:10667000680005F0020010B905F0010010B1E06DEE
:10668000401CE06505F0010028B100BF608B40F0C0
:106690002000608300BF7068F4F7BDFD34F8661F0A
:1066A0000844208034F8660970B100BF206F50B9EB
:1066B000E06E40B900BF05A340F2664241A10FA0C1
:1066C000D6F7F2F900BF00BF002085E72E2E5C2E22
:1066D0002E5C4D6964646C6577617265735C6C7780
:1066E00069705C7372635C636F72655C7463705F26
:1066F0006F75742E630000006C5806084173736553
:106700007274696F6E2022257322206661696C6540
:1067100064206174206C696E6520256420696E2098
:1067200025730A007463705F656E71756575655FCA
:10673000666C6167733A20696E76616C696420707B
:10674000636200007463705F656E71756575655F87
:10675000666C6167733A20636865636B2074686177
:106760007420666972737420706275662063616E4E
:1067700020686F6C64206F70746C656E00000000A0
:106780007365672D3E746370686472206E6F742049
:10679000616C69676E6564007463705F656E7175C6
:1067A0006575655F666C6167733A20696E76616CCA
:1067B0006964207365676D656E74206C656E6774BF
:1067C000680000007463705F656E71756575655F64
:1067D000666C6167733A20696E76616C69642071DA
:1067E00075657565206C656E6774680070B50446E4
:1067F0000D46002C0FD000BF207D012808D100BF1E
:1068000005A34FF401620EA117A0D6F74DF900BF02
:1068100000BFC4F88C5070BD2E2E5C2E2E5C4D69CE
:1068200064646C6577617265735C6C7769705C73C6
:1068300072635C636F72655C7463702E630000004A
:10684000696E76616C696420736F636B6574207325
:106850007461746520666F72206572722063616C6A
:106860006C6261636B000000417373657274696FE1
:106870006E2022257322206661696C656420617434
:10688000206C696E6520256420696E2025730A00DE
:1068900070B523480078401C2149087000BF21488A
:1068A000046839E0A07F1E490978884233D01C482B
:1068B0000078A077A07E00F0010078B100BF608B67
:1068C00040F00200608300BF204601F03BFA00BFA9
:1068D000608B4FF6FC710840608300BFA07E00F023
:1068E000080048B100BF608B4FF6F7710840608325
:1068F00000BF2046FFF7B0FBE568606F48B100209D
:1069000009490870204602F073FD0748007800B17D
:10691000C5E72C4600E0E468002CC3D170BD000040
:10692000FE020024F4020024FC02002410B50446F8
:1069300000BF207D012807D100BF06A3D4220FA1EC
:1069400013A0D6F7B1F800BF00BF21460220F2F72E
:10695000EDFC10BD2E2E5C2E2E5C4D6964646C65C2
:1069600077617265735C6C7769705C7372635C638A
:106970006F72655C7463702E630000007463705FF7
:10698000667265653A204C495354454E000000003C
:10699000417373657274696F6E20222573222066BD
:1069A00061696C6564206174206C696E6520256482
:1069B00020696E2025730A002DE9F04705460C4634
:1069C0009146984635E0264624687068F4F723FC23
:1069D000074600BFB5F86600B84208DA00BF22A338
:1069E0004FF48B622BA135A0D6F75EF800BF00BF35
:1069F00035F8660FC01B288030893A490988084459
:106A000038490880304603F035FD35F8660900281E
:106A10000FD000BF002C0BD1B8F1000F08D100BF80
:106A200011A340F2624230A124A0D6F73DF800BF86
:106A300000BFB4B1E1684868EFF73EFA8246E1680A
:106A40008889EFF746FA00F0030008B1012000E062
:106A500000202189084450442B490968401A002825
:106A6000B1DD2046BDE8F0872E2E5C2E2E5C4D69F0
:106A700064646C6577617265735C6C7769705C7374
:106A800072635C636F72655C7463705F696E2E63C2
:106A9000000000007063622D3E736E645F71756567
:106AA00075656C656E203E3D20706275665F636C37
:106AB000656E286E6578742D3E702900417373658C
:106AC0007274696F6E2022257322206661696C657D
:106AD00064206174206C696E6520256420696E20D5
:106AE00025730A001C0300247463705F726563657C
:106AF0006976653A2076616C6964207175657565A3
:106B0000206C656E677468001803002410B5044695
:106B100000BF207D012807D100BF06A3DF220FA1FF
:106B200015A0D5F7C1FF00BF00BF21460320F2F733
:106B3000FDFB10BD2E2E5C2E2E5C4D6964646C65D1
:106B400077617265735C6C7769705C7372635C63A8
:106B50006F72655C7463702E630000007463705F15
:106B6000667265655F6C697374656E3A20214C4985
:106B70005354454E00000000417373657274696F91
:106B80006E2022257322206661696C656420617421
:106B9000206C696E6520256420696E2025730A00CB
:106BA0000D4801880088401C0B4A10800B48006883
:106BB00018B10B480088814205DA0A48006800F1E4
:106BC0001402505C704706480078081AC2B20348A5
:106BD0000068805CF6E70000100300240C0300242A
:106BE0000A0300240403002470B50B48046810E075
:106BF000E568A07E00F0080048B100BF608B4FF64A
:106C0000F7710840608300BF2046FFF725FA2C4645
:106C100000BF002CECD170BDF402002410B5C9F700
:106C200017FCC0F30D0000F540400149088010BD7D
:106C3000E40200242DE9FE4F05468B4600BF002DDF
:106C400007D100BFE2A38322ECA1F2A0D5F72CFF6D
:106C500000BF00BFF949686808606889142800DA35
:106C6000C3E3F74A11685069E7F73EFC28B9F448D6
:106C7000007D00F0F000E02800D1B6E3EF4909689C
:106C80008889EFF726F900138700142F02DB288983
:106C9000B84200DAA9E3A7F11400EA49088000200D
:106CA000E94908606889B84208DBE6480088E74996
:106CB000088039462846F4F763FE4AE000BF28689A
:106CC00038B900BFC2A3C222E1A1D2A0D5F7ECFE21
:106CD00000BF00BF14212846F4F752FE6889DB4943
:106CE0000880D84800880988401A1FFA80FAD748D7
:106CF00001882846F4F744FE28684089504500DAA8
:106D000073E328684068D049086051462868F4F762
:106D100037FE2889A0EB0A00288100BF688938B1B6
:106D200000BFABA3DF22CEA1BAA0D5F7BDFE00BF46
:106D300000BF00BF288929680989884207D000BFA1
:106D4000A3A3E022C9A1B3A0D5F7AEFE00BF00BF48
:106D500000BFBA4909680888EFF7BBF8B749096866
:106D60000880B64909684888EFF7B3F8B34909685D
:106D70004880B24909684868EFF79EF8AF4909684A
:106D80004860C2490860AD4909688868EFF794F81F
:106D9000AA4909688860BE490860A8490968C88985
:106DA000EFF797F8A5490968C881A4490968888957
:106DB000EFF78FF800F03F00B64908702889B64910
:106DC0000880B448007800F0030040B1084600880D
:106DD000401C088028890988884200DD05E34FF0BF
:106DE0000009AE48046873E000BF207D38B900BFD9
:106DF00077A3FB22AAA187A0D5F756FE00BF00BF4C
:106E000000BF207D0A2807D100BF71A3FC22AEA1DC
:106E100080A0D5F749FE00BF00BF00BF207D01283C
:106E200007D100BF6AA3FD22B2A17AA0D5F73CFE2C
:106E300000BF00BF207A50B1217A8148406890F8A5
:106E40003400401CC0B2814201D0A1463FE0208BFB
:106E50007A4909680988884237D1E08A7749096800
:106E60004988884231D176496068096988422CD1C5
:106E7000734920684969884227D100BFE068A04271
:106E800008D100BF52A340F20D12A4A161A0D5F712
:106E90000BFE00BF00BFB9F1000F07D0E068C9F8D2
:106EA0000C007E480068E0607C48046000BFE06839
:106EB000A04208D100BF46A340F21512A2A155A0DE
:106EC000D5F7F2FD00BF00BF04E0A14600BFE468B3
:106ED000002C89D100BF002C78D1A648046839E085
:106EE00000BF207D0A2808D000BF39A340F21F123E
:106EF000A1A148A0D5F7D8FD00BF00BF207A48B1B6
:106F0000217A4F48406890F83400401CC0B281425A
:106F100000D01EE0208B494909680988884217D1B2
:106F2000E08A464909684988884211D14449606825
:106F3000096988420CD1424920684969884207D1D1
:106F4000204604F061F92846F4F7E6FABDE8FE8F22
:106F500000BFE468002CC3D1A146934806681FE037
:106F6000307A50B1317A3648406890F83400401C8D
:106F7000C0B2814201D0B14611E0F08A2F490968C0
:106F80004988884209D12E4930684969884200D130
:106F900008E00EB1306800B904E0B14600BFF66801
:106FA000002EDDD100BF8EB1B9F1000F07D0F0681F
:106FB000C9F80C007C480068F0607B4806603046E9
:106FC00000F034FC2846F4F7A7FABFE7EEE0000033
:106FD0002E2E5C2E2E5C4D6964646C657761726543
:106FE000735C6C7769705C7372635C636F72655C11
:106FF0007463705F696E2E63000000007463705FDD
:10700000696E7075743A20696E76616C696420707F
:1070100062756600417373657274696F6E20222514
:107020007322206661696C6564206174206C696EEE
:107030006520256420696E2025730A00040300245E
:1070400070E90224080300240C0300240A0300242E
:10705000702D3E6E65787420213D204E554C4C00BD
:10706000702D3E6C656E203D3D203000702D3E74CD
:107070006F745F6C656E203D3D20702D3E6E6578AF
:10708000742D3E746F745F6C656E000014030024F1
:1070900018030024200300241E030024F40200240B
:1070A0007463705F696E7075743A20616374697699
:1070B00065207063622D3E737461746520213D20EC
:1070C000434C4F53454400007463705F696E7075A4
:1070D000743A20616374697665207063622D3E7333
:1070E0007461746520213D2054494D452D57414917
:1070F000540000007463705F696E7075743A2061AB
:107100006374697665207063622D3E737461746583
:1071100020213D204C495354454E00007463705F5C
:10712000696E7075743A207063622D3E6E65787476
:1071300020213D2070636220286265666F726520A1
:1071400063616368652900007463705F696E7075C0
:10715000743A207063622D3E6E65787420213D2064
:10716000706362202861667465722063616368657C
:1071700029000000F80200247463705F696E707566
:10718000743A2054494D452D57414954207063624B
:107190002D3E7374617465203D3D2054494D452D4D
:1071A0005741495400000000F0020024002C71D027
:1071B00000209049086028890881084645608E486B
:1071C0000068C86000208D4908608D4908708D49AD
:1071D00008808D48007800F0080018B1687B40F006
:1071E00001006873606F80B1204602F001F90D3034
:1071F00028B1606F48B185480088002805DD608DA2
:1072000010B9204603F050F9BBE0814804602046E5
:1072100001F052FD804608F10D00002816D0784894
:10722000007800F0080090B100BFD4F88C0028B1BD
:107230006FF00D01D4F88C202069904700BF2146E3
:10724000744801F017FC2046FFF770FB98E04FF000
:1072500000086C480088002817DD6A48B0F800A0D4
:1072600000BFE06F30B152462146E36F2069984776
:10727000804601E04FF0000800BF08F10D0000B9A2
:107280007FE000205F49088000BF204600F0D8F86A
:1072900008B176E085E059480068A8B300BF606F88
:1072A00050B100BFAFF2D8234FF4F3725AA1AFF23E
:1072B0009C20D5F7F9FB00BF00BFA07E00F01000B6
:1072C00038B14E480068F4F727F92046FEF728FB4E
:1072D00057E000BFD4F8800048B100234749D4F8F4
:1072E00080C020690A682146E047804607E0002305
:1072F000424821460268184602F002FD804600BF5F
:1073000008F10D0008B93CE005E0B8F1000F02D02B
:107310003A48006860673A48007800F0200020B3DF
:10732000606F30B1606F407B40F02000616F487348
:107330001BE0208D40F66831884202D0208D401C31
:10734000208500BFD4F8800040B100231A462146B2
:10735000D4F880C02069E047804601E04FF0000883
:1073600000BF08F10D0000B90BE0002028490860BB
:10737000204600F065F800B103E0204600F0E2FC92
:1073800000BF0020224908601C4908601948406875
:1073900040B318494868F4F7BFF800201549486021
:1073A00020E0154909688889EEF793FD00F0040094
:1073B000A8B91148006800880F49096849881D4A22
:1073C000CDE9002102901C48006810490988421844
:1073D000184B1B1D19480168002002F0BBFF28460E
:1073E000F4F79AF800BF00BFB0E52846F4F794F828
:1073F00000BFABE580C3032404030024240300245E
:10740000210300241C030024200300241E03002465
:1074100028030024F40200247063622D3E72656626
:10742000757365645F64617461203D3D204E554C09
:107430004C00000080E902241403002418030024F7
:1074400010B5044600BF002C08D100BF13A340F2C2
:107450005A221DA126A0D5F727FB00BF00BF2E484A
:10746000007800F01000B8B1A07E00F0100050B914
:1074700000BFD4F88C0028B16FF00E01D4F88C2036
:107480002069904700BF2146244801F0F3FA2046C6
:10749000FFF74CFA012010BD0020FCE72E2E5C2ED9
:1074A0002E5C4D6964646C6577617265735C6C77A2
:1074B00069705C7372635C636F72655C7463705F48
:1074C000696E2E63000000007463705F696E7075F2
:1074D000745F64656C617965645F636C6F73653A52
:1074E00020696E76616C6964207063620000000040
:1074F000417373657274696F6E2022257322206652
:1075000061696C6564206174206C696E6520256416
:1075100020696E2025730A0021030024F402002450
:107520002DE9F0410446002600BF002C08D100BF21
:1075300014A340F625021EA124A0D5F7B5FA00BF7A
:1075400000BF216D481EEEF7B7FC8046434600227F
:107550003146204600F0A4FD05461DB94FF0FF302E
:10756000BDE8F08100231A462946204600F00AFFB4
:10757000231D22462946204600F08AFE074638464B
:10758000EEE700002E2E5C2E2E5C4D6964646C6567
:1075900077617265735C6C7769705C7372635C634E
:1075A0006F72655C7463705F6F75742E63000000AA
:1075B0007463705F6B656570616C6976653A2069AC
:1075C0006E76616C6964207063620000417373655C
:1075D0007274696F6E2022257322206661696C6562
:1075E00064206174206C696E6520256420696E20BA
:1075F00025730A002DE9F04107467F2F01DD7F202A
:1076000000E0384606460EB9BDE8F081701EC6B2ED
:107610004FF0000800250F48046813E0607DB04279
:1076200008DB607DB0420CD10B49206A0968081A5A
:10763000404506D30849206A0968A1EB00082546A1
:10764000667DE468002CE9D115B12846FEF768F99B
:1076500000BFD9E7F4020024E80200242DE9F0413C
:10766000054600BF082D0AD0092D08D000BF13A37E
:1076700040F2DE621BA11FA0D5F716FA00BF00BFC3
:1076800000270026254804680EE0207DA8420AD184
:107690002349206A0968081AB84204D32049206A9D
:1076A00009680F1A2646E468002CEED11EB10021AD
:1076B0003046FEF76BF8BDE8F08100002E2E5C2E00
:1076C0002E5C4D6964646C6577617265735C6C7780
:1076D00069705C7372635C636F72655C7463702E57
:1076E00063000000696E76616C6964207374617474
:1076F00065000000417373657274696F6E20222506
:107700007322206661696C6564206174206C696E07
:107710006520256420696E2025730A00F402002488
:10772000E802002470B5002600250B4804680BE031
:107730000A49206A0968081AB04204D30749206A36
:1077400009680E1A2546E468002CF1D115B12846C7
:10775000FEF7E6F870BD0000F8020024E8020024FD
:1077600070B5044600BF44B900BF12A340F2111225
:107770001AA11DA0D5F798F900BF00BF00BF207D5A
:10778000012808D000BF0BA34FF4897220A116A0D6
:10779000D5F78AF900BF00BF012507E0224951F85B
:1077A00025100868214602F03FFB6D1C042DF5D31F
:1077B00070BD00002E2E5C2E2E5C4D6964646C65DD
:1077C00077617265735C6C7769705C7372635C631C
:1077D0006F72655C7463702E6300000070636220DA
:1077E000213D204E554C4C00417373657274696F96
:1077F0006E2022257322206661696C6564206174A5
:10780000206C696E6520256420696E2025730A004E
:107810007063622D3E7374617465203D3D204C4958
:107820005354454E0000000070FC05082DE9FE434E
:1078300005465448007800F0040008B1BDE8FE8316
:1078400000BF002D08D100BF4FA340F2812259A1F3
:1078500060A0D5F729F900BF00BF4A48007800F0C2
:107860001000B0B16548006800886449096849881B
:10787000634ACDE9002102906248006862490988A4
:1078800042185F4B1B1D61480168284602F062FDEB
:1078900075E03C48007800F0020000286FD0687D59
:1078A000FEF79EF8044674B900BFA86938B14FF0DE
:1078B000FF320021AB6928699847804601E06FF0EC
:1078C0000F0800BFBAE74E481038406920604C48A6
:1078D000103800696060E88AE082484800680088E3
:1078E00020830320207547480068401C6062606A5E
:1078F000E062204600F0D4F90646A6652665666477
:10790000E66540480068401E606528692061A567FB
:10791000687A00F00C006072287A207200BF00BF05
:107920003B480068E0603A48046003F051FC00BF47
:1079300001203849087000BF204600F029FF2F4879
:107940000068C08924F8600F20886080603C201D9A
:10795000E7F712FB8046608E221D4146FEF784FD4C
:10796000608612212046FEF7E5FD074627B100217B
:107970002046FDF70BFF61E7204600F0E3F900BF6A
:107980005CE70000200300242E2E5C2E2E5C4D6947
:1079900064646C6577617265735C6C7769705C7345
:1079A00072635C636F72655C7463705F696E2E6393
:1079B000000000007463705F6C697374656E5F69CA
:1079C0006E7075743A20696E76616C6964207063BC
:1079D00062000000417373657274696F6E20222526
:1079E0007322206661696C6564206174206C696E25
:1079F0006520256420696E2025730A000403002495
:107A000080E90224140300241E0300241803002428
:107A1000F4020024FC02002470B504460D46002246
:107A20002946204600F002F870BD00002DE9F04123
:107A3000044688461746002500BF14B96FF00F06AC
:107A400056E000BF00BF207D10B16FF00E064FE082
:107A500000BF207D012803D125466FF0080647E0CE
:107A60000320F1F7E7FC054615B94FF0FF363FE07C
:107A700020692861E08AE88201202875607D6875A8
:107A8000607A6872207A2872E07AE872A07AA87226
:107A900020682860E08AD8B100BF18480068A0427A
:107AA00005D116480068C068144908600DE0134904
:107AB000086806E0C168A14202D1E168C16002E045
:107AC000C0680028F6D100BF00BF0020E06000BF02
:107AD0002046FEF72BFF0A48A86100BF094800684E
:107AE000E8600848056003F073FB00BF002600BF94
:107AF00007B13E702846BDE8F0810000EC0200248A
:107B000041590508F002002470B506460D46D6B16D
:107B10003068C0B10C480168304600F01BF80B48D3
:107B20000168304600F016F86DB1286858B1084871
:107B3000046806E020683168884201D12868206026
:107B4000E468002CF6D170BDF4020024EC0200249D
:107B5000F00200242DE9F04105460E46344600BFF0
:107B6000002D08D100BF0CA340F6041214A121A0DF
:107B7000D4F79AFF00BF00BF0AE020682968884256
:107B800005D1E7682046FDF7CBFE3C4600E0E468FF
:107B9000002CF2D1BDE8F0812E2E5C2E2E5C4D69BA
:107BA00064646C6577617265735C6C7769705C7333
:107BB00072635C636F72655C7463702E63000000B7
:107BC0007463705F6E657469665F69705F61646439
:107BD000725F6368616E6765645F7063626C69732E
:107BE000743A20696E76616C6964206F6C645F61C1
:107BF00064647200417373657274696F6E2022252C
:107C00007322206661696C6564206174206C696E02
:107C10006520256420696E2025730A0010B5402078
:107C2000FDF7DEFE10BD70B505464020FDF7D8FE1D
:107C30000446204670BD000010B5002300BF164862
:107C40000088401C144C2080204600884FF6FF74AA
:107C5000A04203D14FF440400F4C2080002116E099
:107C60000E4850F8210002680DE0D08A0A4C2488A2
:107C7000A04207D1581C83B2B3F5804F01DB00202E
:107C800010BDDCE7D268002AEFD1481CC1B204293C
:107C9000E6DB01480088F3E7E402002470FC0508F5
:107CA00010B5044600BF44B900BF09A340F6B302B3
:107CB00011A118A0D4F7F8FE00BF00BF1F4800684C
:107CC0001F49096808441D4908600846006810BD3E
:107CD0002E2E5C2E2E5C4D6964646C657761726536
:107CE000735C6C7769705C7372635C636F72655C04
:107CF0007463702E630000007463705F6E65787447
:107D00005F6973733A20696E76616C696420706391
:107D100062000000417373657274696F6E202225E2
:107D20007322206661696C6564206174206C696EE1
:107D30006520256420696E2025730A000003002455
:107D4000E80200242DE9F84F044600BF002C08D1BA
:107D500000BFA7A340F2E242B0A1B6A0D4F7A4FEB0
:107D600000BF00BF00BF207D012808D100BFA0A335
:107D700040F2E442B9A1AFA0D4F796FE00BF00BF25
:107D8000C0480068A04202D10020BDE8F88FB4F8D6
:107D90006000B4F84810884202DAB4F8600001E0EC
:107DA000B4F848008146E56E45B9A07E00F00200B7
:107DB00018B1204602F078FBE7E710E1221D2146CA
:107DC000204602F0B7FA074617B96FF00300DCE768
:107DD0000CB1206858B90FB1381D00E000200146F1
:107DE00011B96FF00300D0E70868206000BFE968B0
:107DF0004868EEF761F8616C401A298908444845E3
:107E000019D9B4F8600048450CD1206F50B994F8E6
:107E1000950038B9002004F8940F0120607000200C
:107E2000A070943CA07E00F0020018B1204602F041
:107E30003BFBAAE7D3E0002084F89500266F26B12B
:107E400000E0366830680028FBD1B5E000BFE96883
:107E50008889EEF73EF800F0040040B100BF64A34B
:107E600040F2375288A173A0D4F71EFE00BF00BFB6
:107E7000206FA0B1A07E00F0440080B9E06E38B160
:107E8000E06E006858B9E06E0089618E884206DABB
:107E9000B4F8640018B1B4F86600582801DB01207A
:107EA00000E0002020B9A07E00F0A00000B98FE023
:107EB000207D022807D01020EEF70BF8E9688989A9
:107EC0000843E96888813A462146284600F0E8FAE6
:107ED0000090009838B100BF608B40F08000608354
:107EE00000BF009851E72868E066207D022806D090
:107EF00000BF608B4FF6FC710840608300BFE968EB
:107F00004868EDF7D9FF8046E9688889EDF7E1FF19
:107F100000F0030008B1012000E000202989084496
:107F200008EB000A206DB0EB0A0001D5C4F850A0A0
:107F3000E9688889EDF7CDFF00F0030008B1012062
:107F400000E000202989084488B300202860206FC1
:107F500010B925672E462EE0E9684868EDF7ACFFBA
:107F60008046F1684868EDF7A7FFB8EB00001BD525
:107F700004F1700801E0D8F80080D8F8000068B17A
:107F8000D8F80010C9684868EDF796FF8346E9689D
:107F90004868EDF791FFBBEB0000ECD4D8F8000087
:107FA0002860C8F8005006E03560366803E0FFE757
:107FB000284602F05FFAE56E55B1E9684868EDF7CA
:107FC0007BFF616C401A2989084448457FF63EAF23
:107FD00000BFE06E10B90020A4F8680000BF00BF29
:107FE000608B4FF67F710840608300BF0020CCE6B5
:107FF0002E2E5C2E2E5C4D6964646C657761726513
:10800000735C6C7769705C7372635C636F72655CE0
:108010007463705F6F75742E630000007463705F2B
:108020006F75747075743A20696E76616C6964203E
:1080300070636200417373657274696F6E202225EC
:108040007322206661696C6564206174206C696EBE
:108050006520256420696E2025730A00646F6E27F1
:10806000742063616C6C207463705F6F75747075DD
:108070007420666F72206C697374656E2D70636214
:108080007300000028030024525354206E6F7420A4
:1080900065787065637465642068657265210000A9
:1080A0002DE9FF4104460E461746984600BF002CB6
:1080B00008D100BF10A340F243721AA123A0D4F745
:1080C000F3FC00BF00BF608D1023218BE28ACDE955
:1080D00001130092039043463A463146606A00F02D
:1080E00049F805461DB1618D606A0844E062284682
:1080F00004B0BDE8F08100002E2E5C2E2E5C4D6990
:1081000064646C6577617265735C6C7769705C73CD
:1081100072635C636F72655C7463705F6F75742EFD
:10812000630000007463705F6F75747075745F61D5
:108130006C6C6F635F6865616465723A20696E7626
:10814000616C6964207063620000000041737365B4
:108150007274696F6E2022257322206661696C65D6
:1081600064206174206C696E6520256420696E202E
:1081700025730A002DE9F05F82460D4617469846A2
:10818000DDF830B005F11400384481B24FF42072AC
:108190002220F2F7E9FD0646002E34D000BF718997
:1081A00005F11400814208DA00BF18A340F22472DE
:1081B00021A12DA0D4F778FC00BF00BF74680A98F5
:1081C000EDF787FE20800B98EDF783FE6080C4F802
:1081D00004805046EDF770FEA060A946E91705EB54
:1081E00091718910491D4FF6FF7202EA013141EA8F
:1081F0000B00EDF76EFEA0810D98EDF76AFEE081B1
:108200000020208260823046BDE8F09F2E2E5C2E3A
:108210002E5C4D6964646C6577617265735C6C7724
:1082200069705C7372635C636F72655C7463705FCA
:108230006F75742E63000000636865636B2074685B
:108240006174206669727374207062756620636160
:108250006E20686F6C64207374727563742074632D
:10826000705F686472000000417373657274696FB7
:108270006E2022257322206661696C65642061741A
:10828000206C696E6520256420696E2025730A00C4
:108290002DE9FE4F04460E4692469B4600BF002E37
:1082A00008D100BF17A34FF4F16221A12BA0D4F78E
:1082B000FBFB00BF00BF5A465146204602F03AF889
:1082C000054615B96FF0030715E024B194F80B804B
:1082D00094F80A9003E04FF0FF084FF000090620E1
:1082E00043465A465146CDE9009002953046E6F79E
:1082F00081FB074600BF3046F3F70EF93846BDE86C
:10830000FE8F00002E2E5C2E2E5C4D6964646C6521
:1083100077617265735C6C7769705C7372635C63C0
:108320006F72655C7463705F6F75742E630000001C
:108330007463705F6F75747075745F636F6E747261
:108340006F6C5F7365676D656E743A20696E7661F8
:108350006C6964207062756600000000417373658B
:108360007274696F6E2022257322206661696C65C4
:1083700064206174206C696E6520256420696E201C
:1083800025730A002DE9F04781460D4614469A46AA
:108390004FF0000800BF002D08D100BF1CA340F221
:1083A000577226A12FA0D4F77FFB00BF00BF6E68D5
:1083B00006F1140700BF384600EB880004F0010105
:1083C00009B1042100E00021084404F0020109B1D0
:1083D000002100E00021084404F0080109B1002157
:1083E00000E00021084404F0100109B1002100E080
:1083F00000210844B84208D000BF05A340F27672BD
:1084000022A118A0D4F750FB00BF00BFBDE8F08741
:108410002E2E5C2E2E5C4D6964646C6577617265EE
:10842000735C6C7769705C7372635C636F72655CBC
:108430007463705F6F75742E630000007463705F07
:108440006F75747075745F66696C6C5F6F7074695A
:108450006F6E733A20696E76616C69642070627524
:1084600066000000417373657274696F6E20222587
:108470007322206661696C6564206174206C696E8A
:108480006520256420696E2025730A006F70746969
:108490006F6E73206E6F742066696C6C656400008B
:1084A0002DE9FE4F04460D46164600BF002C08D1AC
:1084B00000BF58A340F2B95261A169A0D4F7F4FA01
:1084C00000BF00BF00BF002D08D100BF51A340F284
:1084D000BA526DA162A0D4F7E7FA00BF00BF00BF97
:1084E000002E08D100BF4BA340F2BB526EA15CA08E
:1084F000D4F7DAFA00BF00BF204600F0F3F810B15D
:108500000020BDE8FE8F686AEDF7D6FCE168886060
:10851000688DEDF7DEFCE168C881698D686A084402
:10852000E862E06800F11407A07A00F0010068B189
:108530002A1D314640F2B450FDF796FF82464AF0BC
:108540000170EDF7B9FC38603F1D00BFB5F9300090
:10855000002801DA00202886686B38B95B4800687B
:108560006863E1684868EDF7A7FCA863A0896168C3
:108570008988401A1FFA80F860684089A0EB0800DB
:108580006168488160680089A0EB08006168088123
:108590006168E06848600020E168088200BFE06828
:1085A0001430A17A01F0010109B1042100E0002199
:1085B0000844A17A01F0020109B1002100E0002184
:1085C0000844A17A01F0080109B1002100E000216E
:1085D0000844A17A01F0100109B1002100E0002156
:1085E0000844B84208D000BF0AA340F21D6238A177
:1085F0001BA0D4F759FA00BF00BF0621A87A8DE866
:108600004300EB7A2A1D29466068E6F7F3F98146B4
:10861000484676E72E2E5C2E2E5C4D6964646C65B0
:1086200077617265735C6C7769705C7372635C63AD
:108630006F72655C7463705F6F75742E6300000009
:108640007463705F6F75747075745F7365676D6563
:108650006E743A20696E76616C6964207365670098
:10866000417373657274696F6E20222573222066D0
:1086700061696C6564206174206C696E6520256495
:1086800020696E2025730A007463705F6F757470C3
:1086900075745F7365676D656E743A20696E766197
:1086A0006C696420706362007463705F6F757470CE
:1086B00075745F7365676D656E743A20696E766177
:1086C0006C6964206E65746966000000E80200242D
:1086D0006F7074696F6E73206E6F742066696C6C56
:1086E0006564000010B5044600BF002C08D100BF2F
:1086F00008A340F29B5212A11BA0D4F7D5F900BFEA
:1087000000BF6068807B012801D0012010BD0020DF
:10871000FCE700002E2E5C2E2E5C4D6964646C65B7
:1087200077617265735C6C7769705C7372635C63AC
:108730006F72655C7463705F6F75742E6300000008
:108740007463705F6F75747075745F7365676D6562
:108750006E745F627573793A20696E76616C6964D4
:108760002073656700000000417373657274696F60
:108770006E2022257322206661696C656420617415
:10878000206C696E6520256420696E2025730A00BF
:108790002DE9F041054600BF002D08D100BF28A3F8
:1087A00040F27E7231A138A0D4F77EF900BF00BF3D
:1087B0003F480088002841D000203E49088037E02B
:1087C000FEF7EEF9074627B1012F04D0022F20D182
:1087D00002E0BDE8F08129E0FEF7E2F9042806D1C5
:1087E00034480088801C32490988884200DDF0E75F
:1087F000FEF7D6F90602FEF7D3F9064340F2B4506D
:10880000864200DC16B940F2B45000E0304668867B
:108810000CE0FEF7C5F90446022C00DAD9E7A01EE9
:108820002449098808442349088000BF00BF00BFCD
:10883000204800881E4909888842C1DB00BFC8E77C
:108840002E2E5C2E2E5C4D6964646C6577617265BA
:10885000735C6C7769705C7372635C636F72655C88
:108860007463705F696E2E63000000007463705F54
:1088700070617273656F70743A20696E76616C69AD
:108880006420706362000000417373657274696FE5
:108890006E2022257322206661696C6564206174F4
:1088A000206C696E6520256420696E2025730A009E
:1088B00008030024100300242DE9F84F81460C46DC
:1088C00017469846DDE90BAB0A9E009400BFB8F14D
:1088D000000F07D100BF29A3E82233A13BA0D4F7A2
:1088E000E3F800BF00BF00BF002E07D100BF23A3E5
:1088F000E92240A135A0D4F7D7F800BF00BFBC42A1
:108900001BDA0AF0020050B9B07E00F04000A0B9B6
:10891000BBF1000F03D0F06E08B9306F68B104F2FC
:10892000B75020F00300B84201D9384603E004F202
:10893000B75020F0030080B200904FF420724846F8
:108940000099F2F711FA054615B90020BDE8F88F35
:1089500000BF286840B100BF08A340F20B122DA150
:108960001AA0D4F7A1F800BF00BF6889001BA8F8BF
:1089700000002C816C812846E8E700002E2E5C2E3A
:108980002E5C4D6964646C6577617265735C6C77AD
:1089900069705C7372635C636F72655C7463705F53
:1089A0006F75742E630000007463705F706275668B
:1089B0005F707265616C6C6F633A20696E76616C92
:1089C0006964206F76657273697A650041737365B7
:1089D0007274696F6E2022257322206661696C654E
:1089E00064206174206C696E6520256420696E20A6
:1089F00025730A007463705F706275665F707265DC
:108A0000616C6C6F633A20696E76616C696420708A
:108A1000636200006E65656420756E636861696EEF
:108A2000656420706275660010B5044600BF04B925
:108A300010BD00BF207DD0B1207D0A2817D0207D39
:108A4000012814D0606F20B1606FF2F765FD00203F
:108A500060674FF0FF302086E06E01F018FD206F58
:108A600001F015FD0020E0662067A4F8680000BF53
:108A7000DEE7000070B505460C4600BF002C08D1AB
:108A800000BF33A340F687023BA142A0D4F70CF805
:108A900000BF00BF00BF002D08D100BF2CA340F6CF
:108AA000880246A13BA0D3F7FFFF00BF00BF00BF75
:108AB0002868A04203D12868C06828600CE02868B4
:108AC00006E0C168A14202D1E168C16002E0C0686D
:108AD0000028F6D100BF00BF0020E06000BF2046A4
:108AE000FFF7A2FF207D0A280FD0207D01280CD09F
:108AF000A07E00F0010040B100BF608B40F002009A
:108B0000608300BF2046FFF71DF9207D012819D0A2
:108B100000BFE06E40B100BF0DA340F697022FA149
:108B20001CA0D3F7C1FF00BF00BF00BF206F40B142
:108B300000BF07A340F698022EA116A0D3F7B4FFFA
:108B400000BF00BF00202075E08200BF00BF70BDE5
:108B50002E2E5C2E2E5C4D6964646C6577617265A7
:108B6000735C6C7769705C7372635C636F72655C75
:108B70007463702E630000007463705F7063625FE3
:108B800072656D6F76653A20696E76616C696420F6
:108B900070636200417373657274696F6E20222581
:108BA0007322206661696C6564206174206C696E53
:108BB0006520256420696E2025730A007463705F48
:108BC0007063625F72656D6F76653A20696E76617B
:108BD0006C6964207063626C69737400756E736590
:108BE0006E74207365676D656E7473206C65616B60
:108BF000696E6700756E61636B6564207365676D90
:108C0000656E7473206C65616B696E6700000000AF
:108C100070B504460E46154600BF04B970BD00BFCE
:108C200000BF207D012808D100BF07A340F6420203
:108C30000FA117A0D3F738FF00BF00BFC4F88860AA
:108C4000657700BFEAE700002E2E5C2E2E5C4D6992
:108C500064646C6577617265735C6C7769705C7372
:108C600072635C636F72655C7463702E63000000F6
:108C7000696E76616C696420736F636B65742073D1
:108C80007461746520666F7220706F6C6C000000F8
:108C9000417373657274696F6E202225732220669A
:108CA00061696C6564206174206C696E652025645F
:108CB00020696E2025730A002DE9FE430446002733
:108CC000002600BF002C08D100BFE5A34FF4477277
:108CD000EEA1F5A0D3F7E8FE00BF00BFFC48007886
:108CE00000F00400002845D0207D022806D1F94973
:108CF000206D096888421BD1012719E0F649606A96
:108D00000968884201D1012712E0F349606A0968C5
:108D1000081A0DD4218D606A0844EF490968081AC1
:108D2000002805DC00BF608B40F00200608300BFBC
:108D3000002F1DD000BF207D40B900BFC8A34FF455
:108D40004E72E6A1D8A0D3F7AFFE00BF00BFEB483C
:108D5000007840F00800E949087000BF608B4FF6CA
:108D6000FE710840608300BF6FF00D00BDE8FE8318
:108D70000020FBE7D648007800F0020068B1207DB3
:108D800002280AD0207D032807D000BF608B40F066
:108D90000200608300BF0020E8E7A07E00F0100022
:108DA00010B9D74800682062002084F8970084F842
:108DB00096002046FFF7ECFC207D801E082875D227
:108DC000DFE800F004CDF4F3F2F1F0EFC0480078F2
:108DD00000F0100000286AD0BD48007800F00200C2
:108DE0000028F8D0606C401CBA49096888425ED1FE
:108DF000B9480068401C6062606AE062B54800687B
:108E00006064C0480068C089A4F86000B4F86000DD
:108E1000A4F86200B0480068401E60650420207518
:108E2000201DE6F7A9F88046608E221D4146FDF719
:108E30001BFB6086608E8100400041F21C12904254
:108E400002D9608E400001E041F21C10814202D242
:108E5000608E80000AE0608E400041F21C11884262
:108E600002D9608E400001E041F21C10A4F84800D5
:108E700000BFB4F86600002808DC00BF78A340F209
:108E80006D32A1A188A0D3F70FFE00BF00BFB4F8D8
:108E90006600401EA4F86600256F95B9E56E00BF18
:108EA0005DB900BF6EA340F2753201E087E231E0A8
:108EB0009BA17DA0D3F7F8FD00BF00BF2868E06646
:108EC00001E028682067284601F0D4FA206F18B91D
:108ED0004FF0FF30208603E00020208684F8420017
:108EE00000BFD4F8840038B100222146D4F8843081
:108EF00020699847064600E0002600BF06F10D00F5
:108F000010B96FF00C0031E700BF608B40F0020039
:108F1000608323E06E48007800F01000F0B17948DB
:108F200000680088774909684988824ACDE90021AC
:108F30000290694800688049098842187D4B1B1DD2
:108F400064480168204601F005FA94F842000628BA
:108F500004DA00202086204601F0BCF830E25C48AC
:108F6000007800F01000002877D0606C401C594950
:108F70000968081A72D45749206D0968081A002830
:108F80006CDC04202075A06F10B96FF0050623E09B
:108F900000BFA06F806978B900BF31A340F2A93249
:108FA00005E0F6E1B6E101E176E111E1FFE063A160
:108FB0003DA0D3F779FD00BF00BF00BFA06F80695F
:108FC00038B1A16F206900228B6921469847064677
:108FD00001E06FF00F0600BF46B106F10D0010B1C1
:108FE0002046FCF79DFC6FF00C00BFE6204600F029
:108FF00051FA5A48008820B158480088401E574905
:109000000880608E8100400041F21C12904202D91B
:10901000608E400001E041F21C10814202D2608E5D
:1090200080000AE0608E400041F21C11884202D9A3
:10903000608E400001E041F21C10A4F848002F4867
:10904000007800F0200050B100BF608B40F00200BB
:10905000608300BF07202075A7E098E080E0A4E0CF
:109060002E2E5C2E2E5C4D6964646C657761726592
:10907000735C6C7769705C7372635C636F72655C60
:109080007463705F696E2E63000000007463705F2C
:1090900070726F636573733A20696E76616C696490
:1090A0002070636200000000417373657274696F21
:1090B0006E2022257322206661696C6564206174CC
:1090C000206C696E6520256420696E2025730A0076
:1090D0002003002418030024140300247463705F29
:1090E000696E7075743A207063622D3E737461749A
:1090F0006520213D20434C4F53454400210300246B
:10910000E8020024040300247063622D3E736E6441
:109110005F71756575656C656E203E2030000000DE
:109120006E6F207365676D656E7420746F20667254
:109130006565000080E902241E0300247063622D2F
:109140003E6C697374656E65722D3E616363657014
:109150007420213D204E554C4C0000001C0300247F
:10916000994800680188984800684088974ACDE986
:109170000020029196480068964909884218934B4E
:109180001B1D95480168204601F0E4F80DE0934866
:10919000007800F0020040B1606A401E8C49096806
:1091A000884202D1204600F095FE09E100BF20462A
:1091B00000F070F98A48007800F0200038B100BF54
:1091C000608B40F00200608300BF07202075F7E04D
:1091D000204600F05FF98248007800F02000E8B3F4
:1091E0007E48007800F01000C8B37B49206D096804
:1091F000884239D1E06E90BB00BF608B40F0020026
:10920000608300BF2046FFF70FFC00BF00BF75481A
:109210000068A04205D173480068C06871490860C1
:109220000DE07049086806E0C168A14202D1E1681A
:10923000C16002E0C0680028F6D100BF00BF002076
:10924000E06000BF01206849087000BF0A20207557
:1092500000BF66480068E060644801E00DE003E09C
:10926000046001F0B5FF16E000BF608B40F0020023
:10927000608300BF082020750DE05848007800F09A
:10928000100040B15449206D0968884203D1E06E56
:1092900008B90620207593E0204600F0FBF85048FE
:1092A000007800F02000A0B300BF608B40F0020007
:1092B000608300BF2046FFF7B7FB00BF00BF4948EF
:1092C0000068A04205D147480068C0684549086069
:1092D0000DE04449086806E0C168A14202D1E16896
:1092E000C16002E0C0680028F6D100BF00BF0020C6
:1092F000E06000BF01203C49087000BF0A202075D3
:1093000000BF3A480068E0603848046001F060FF40
:1093100000BF55E0204600F0BDF83048007800F06E
:109320001000A8B32C49206D0968884230D1E06E46
:1093300070BB2046FFF778FB00BF00BF29480068DC
:10934000A04205D127480068C068264908600DE0A2
:109350002449086806E0C168A14202D1E168C16001
:1093600002E0C0680028F6D100BF00BF0020E06026
:1093700000BF01201C49087000BF0A20207500BFF3
:109380001A480068E0601948046001F021FF00BF3E
:1093900016E0204600F07EF81048007800F010003B
:1093A00060B10D49206D0968884207D1E06E28B987
:1093B0000B48007840F010000949087000E000BF39
:1093C00000BF0020D2E400000403002480E902244E
:1093D000140300241E030024180300242003002487
:1093E00021030024F4020024FC020024F8020024DB
:1093F0002DE9F041044600BF1CB96FF00F00BDE835
:10940000F08100BF606F477B666F0020606700BF20
:10941000D4F8800040B1002332462146D4F880C001
:109420002069E047054606E00023324621461846FB
:1094300000F066FC054600BFFDB907F0200030B320
:10944000208D40F66831884202D0208D401C208556
:1094500000BFD4F8800040B100231A462146D4F85A
:1094600080C02069E047054600E0002500BF05F107
:109470000D0060B96FF00C00C1E705F10D0010B9E7
:109480006FF00C00BBE766676FF00400B7E70020E1
:10949000B5E700002DE9F05F04464FF0000A00BF79
:1094A000002C08D100BFE7A340F27C42F0A1F7A056
:1094B000D3F7FAFA00BF00BF00BF207D042808DA06
:1094C00000BFE0A340F27D42FAA1F0A0D3F7ECFA8E
:1094D00000BF00BFFE48007800F01000002870D0E8
:1094E000B4F86000A16D00EB0108FA49606D0968ED
:1094F000401A15D4F749606D0968884204D1F649CD
:10950000A06D0968401A0BD4F349A06D0968884220
:109510001AD1F2480068C089B4F86010884213D9A3
:10952000EE480068C08924F8600F608834F860193C
:10953000884203DAB4F86000A4F86200E5480068E5
:109540006065E5480068A065E349606C0968081A31
:1095500000284ADCE248008890BBB4F86010A06D97
:10956000084440453AD1B4F93000002836DBDA49E6
:10957000606C0968884231D14FF0010A94F84300C9
:10958000401CC0B294F84310884204DD94F84300B4
:10959000401C84F8430094F84300032817DD00BF03
:1095A000B4F84800618E084480B2B4F8481088428C
:1095B00008DBB4F84800618E0844A4F8480005E0D0
:1095C0000CE02AE14FF6FF70A4F8480000BF94F8C1
:1095D0004300032802DB204600F0FAFCBAF1000F3A
:1095E00002D1002084F84300EBE0606C401CBA49D3
:1095F0000968081A7ED4B849206D0968081A00283D
:1096000078DCA07E00F0040060B100BF608B4FF6F4
:10961000FB710840608300BF4834608820800020D0
:109620006084483C00202434A077608BB4F9181083
:1096300000EBE10000B2A083208CA7490988081A3A
:1096400085B20020E077A4480068206214F8100C6E
:10965000243C042865DBB4F84800B4F84A1088427A
:1096600027DA628B02F400620AB1012200E00222D2
:109670001146628E4A4392B2AA4201DD2A4602E0B6
:10968000628E4A4392B2104600BFB4F848200244AA
:1096900092B2B4F848309A4205DBB4F8482002444C
:1096A000A4F8482003E04FF6FF72A4F8482000BF5A
:1096B00037E000BFB4F86A00284480B2B4F86A10FA
:1096C000884205DBB4F86A002844A4F86A0003E085
:1096D0004FF6FF70A4F86A0000BFB4F86A00B4F84F
:1096E000481088421DDB4834608C2188401A608411
:1096F000483C00E062E000BFB4F84800618E0844D6
:1097000080B2B4F84810884206DBB4F84800618E95
:109710000844A4F8480003E04FF6FF70A4F848009E
:1097200000BF70A22046D4E91B31FDF745F9206740
:109730006EA22046D4E91B13FDF73EF9E066206FC8
:1097400018B94FF0FF30208601E00020208600206D
:109750002077E06E10B90020A4F86800B4F8640027
:10976000644909880844A4F86400608B00F4006030
:1097700018B3206F88B9E06E40B1E16EC9684868DF
:10978000ECF79AFBE16C081A002816DC00BF608B2E
:109790004FF2FF71084060830FE0216FC96848688D
:1097A000ECF78AFBE16C081A002806DC00BF608B2E
:1097B0004FF2FF710840608300BF02E0204600F0D6
:1097C00073FE606B48B34449A06B0968401A24D506
:1097D000A08E49490988081A06B2B4F93C00A6EBE4
:1097E000E00006B2A08F304400B2A087002E01DA5C
:1097F000704206B2B4F93E00A6EBA00006B2E08FBC
:10980000304400B2E087E08FB4F93C1000EBE10097
:1098100000B2A4F8400000206063314800880028AE
:109820006CDD207D072869DA2A48616A0068401CDF
:10983000081A78D42748616A0068294A12881044B7
:10984000401E5CE02E2E5C2E2E5C4D6964646C65BF
:1098500077617265735C6C7769705C7372635C636B
:109860006F72655C7463705F696E2E630000000048
:109870007463705F726563656976653A20696E76B8
:10988000616C69642070636200000000417373655D
:109890007274696F6E2022257322206661696C657F
:1098A00064206174206C696E6520256420696E20D7
:1098B00025730A007463705F726563656976653A43
:1098C0002077726F6E67207374617465000000000A
:1098D000200300241403002418030024040300249C
:1098E0001E030024756E61636B656400756E73659D
:1098F0006E7400001C030024E802002449E1081AE9
:1099000000285FDCAE484768AE49606A0968A0EB92
:10991000010900BFAA48406860B900BFAFF2DC038C
:1099200040F2955200E04DE0A7A1AFF2A000D3F7BE
:10993000BBF800BF00BF00BF4FF6FF7081450AD3E0
:1099400000BFAFF2001340F29652A3A1AFF2C400E1
:10995000D3F7AAF800BF00BF1FFA89F500BF9848E7
:1099600040680089A8420ADA00BFAFF228134FF41A
:10997000B3629DA1AFF2EC00D3F796F800BF00BF31
:109980008F480089401B8E4908810846406800893D
:10999000401B1FFA80FB07E07889281A85B2A7F8D8
:1099A00008B0002078813F687889A842F4DB294616
:1099B0003846F1F7E5FF8349606A08608049C96865
:1099C00048600AE07F49606A0968081A05D500BF47
:1099D000608B40F00200608300BF7A49606A0968CA
:1099E000081A7DD4218D606A0844401E75490968B3
:1099F000081A002874DC7349606A0968884270D1CB
:109A00006F49C9688889ECF764FA00F0030008B16F
:109A1000012000E000206A4909890844764908804D
:109A2000208D0988884256DA6549C9688889ECF72B
:109A300050FA00F0010098B16149C9688889ECF7D3
:109A400048FA00F03E052846ECF743FA5C49C9683D
:109A500089894CF2FF02114008435949C96888813D
:109A6000208D57490881C9688889ECF732FA00F0DF
:109A7000020020B152480089401E51490881504AD5
:109A800011895068F1F77EFE4D49C9688889ECF765
:109A900020FA00F0030008B1012000E0002048494E
:109AA000098908445449088000BF218D606A014437
:109AB00044480068504A1288104481420AD000BFCE
:109AC000AFF2802340F2CC524CA1AFF24020D2F74B
:109AD000EBFF00BF00BF3B4800684749098801E031
:109AE00053E04EE00844606200BF208D424909887F
:109AF00088420ADA00BFAFF2B4234FF4C1624DA12D
:109B0000AFF27820D2F7D0FF00BF00BF208D3A49D6
:109B10000988401A2085204601F030FC284840681A
:109B20000089002806DD264840684A490860002070
:109B3000234948602249C9688889ECF7CAF900F0CE
:109B4000010028B14448007840F0200042490870E4
:109B500000BFA07E00F0010060B100BF608B4FF637
:109B6000FE710840608300BF00BF608B40F00200C0
:109B7000608305E000BF608B40F00100608300BFA0
:109B80001BE0204600F090FC17E0204600F08CFC23
:109B900013E00C49606A0968081A08D4218D606ACC
:109BA0000844401E07490968081A002805DD00BF5F
:109BB000608B40F00200608300BFBDE8F09F0000B2
:109BC00080C3032414030024696E7365672E70201C
:109BD000213D204E554C4C00696E73616E65206FBF
:109BE00066667365742100007062756620746F6F1D
:109BF0002073686F727421001E0300247463705F09
:109C0000726563656976653A207365676D656E7424
:109C1000206E6F74207472696D6D656420636F725D
:109C2000726563746C7920746F207263765F776EEF
:109C3000640A00007463705F726563656976653AF3
:109C4000207463706C656E203E207263765F776E61
:109C5000640A0000240300242103002470B5044694
:109C60000D46002C0FD000BF207D012808D100BF79
:109C700005A340F2E2720EA117A0D2F715FF00BFB4
:109C800000BFC4F8805070BD2E2E5C2E2E5C4D6936
:109C900064646C6577617265735C6C7769705C7322
:109CA00072635C636F72655C7463702E63000000A6
:109CB000696E76616C696420736F636B6574207381
:109CC0007461746520666F722072656376206361CB
:109CD0006C6C6261636B0000417373657274696FD1
:109CE0006E2022257322206661696C656420617490
:109CF000206C696E6520256420696E2025730A003A
:109D00002DE9F04107460D4614461E4600BF1DB919
:109D10006FF00F00BDE8F08100BF3CB121892846FB
:109D200000F00CF82046F1F7F7FB04E01EB92846D6
:109D3000FCF77AF8EEE70020ECE700002DE9F041AF
:109D400004460F4600BF0CB9BDE8F08100BF00BF5C
:109D5000207D012808D100BF15A340F2D3321EA1F7
:109D600027A0D2F7A1FE00BF00BF208D384485B2E6
:109D700040F66830854202DC208DA84203DD40F6C3
:109D80006830208500E02585204601F0F7FA064678
:109D900040F2DA20864208D300BF608B40F0020018
:109DA000608300BF2046FDF7CDFF00BFCCE7000079
:109DB0002E2E5C2E2E5C4D6964646C657761726535
:109DC000735C6C7769705C7372635C636F72655C03
:109DD0007463702E63000000646F6E2774206361EB
:109DE0006C6C207463705F72656376656420666F67
:109DF00072206C697374656E2D706362730000006D
:109E0000417373657274696F6E2022257322206618
:109E100061696C6564206174206C696E65202564DD
:109E200020696E2025730A0070B506460D4600BFF6
:109E3000002D07D100BF09A3FF2212A11BA0D2F75A
:109E400033FE00BF00BF344605E0A06FA84201D139
:109E50000020A067E468002CF7D170BD2E2E5C2E88
:109E60002E5C4D6964646C6577617265735C6C77B8
:109E700069705C7372635C636F72655C7463702E8F
:109E8000630000007463705F72656D6F76655F6C70
:109E9000697374656E65723A20696E76616C696487
:109EA000206C697374656E657200000041737365A0
:109EB0007274696F6E2022257322206661696C6559
:109EC00064206174206C696E6520256420696E20B1
:109ED00025730A002DE9F041044600BF002C08D18B
:109EE00000BF20A340F2C26229A12FA0D2F7DCFD5F
:109EF00000BF00BF206F18B96FF00500BDE8F0810A
:109F0000256F2846FEF7EEFB10B16FF00500F5E770
:109F10002868206704F16C0600E03668306858B1A4
:109F20003168C9684868EBF7C7FF0746E9684868C1
:109F3000EBF7C2FF381AF0D4306828603560286823
:109F400010B90020A4F8680094F84200FF2804DA51
:109F500094F84200401C84F842000020606300BF77
:109F6000CCE700002E2E5C2E2E5C4D6964646C657F
:109F700077617265735C6C7769705C7372635C6344
:109F80006F72655C7463705F6F75742E63000000A0
:109F90007463705F7265786D69743A20696E76617A
:109FA0006C69642070636200417373657274696FD9
:109FB0006E2022257322206661696C6564206174BD
:109FC000206C696E6520256420696E2025730A0067
:109FD00010B5044600BF002C08D100BF20A340F2FA
:109FE000FA622AA131A0D2F75FFD00BF00BF206F47
:109FF000A0B3A07E00F0040080BB2046FFF76AFFFC
:10A0000060BBB4F84810B4F86020914202DAB4F8AA
:10A01000481001E0B4F86010084601EBD071C1F3BC
:10A020004F01A4F84A10B4F84A00618E49008842F2
:10A0300004D2608E4004000CA4F84A00B4F84A0030
:10A04000618E032202FB0100A4F8480000BF608B70
:10A0500040F00400608300BF0020208610BD000097
:10A060002E2E5C2E2E5C4D6964646C657761726582
:10A07000735C6C7769705C7372635C636F72655C50
:10A080007463705F6F75742E630000007463705F9B
:10A090007265786D69745F666173743A20696E7673
:10A0A000616C696420706362000000004173736535
:10A0B0007274696F6E2022257322206661696C6557
:10A0C00064206174206C696E6520256420696E20AF
:10A0D00025730A0010B5044600BF002C08D100BF4C
:10A0E00008A340F2AE6212A118A0D2F7DDFC00BFB7
:10A0F00000BF204600F096F810B9204600F03AF86C
:10A1000010BD00002E2E5C2E2E5C4D6964646C65C3
:10A1100077617265735C6C7769705C7372635C63A2
:10A120006F72655C7463705F6F75742E63000000FE
:10A130007463705F7265786D69745F72746F3A20D2
:10A14000696E76616C696420706362004173736547
:10A150007274696F6E2022257322206661696C65B6
:10A1600064206174206C696E6520256420696E200E
:10A1700025730A0010B5044600BF002C08D100BFAB
:10A180000AA340F2996214A11CA0D2F78DFC00BF73
:10A1900000BF94F84200FF2804DA94F84200401C03
:10A1A00084F842002046FDF7CDFD10BD2E2E5C2E1A
:10A1B0002E5C4D6964646C6577617265735C6C7765
:10A1C00069705C7372635C636F72655C7463705F0B
:10A1D0006F75742E630000007463705F7265786D34
:10A1E00069745F72746F5F636F6D6D69743A206933
:10A1F0006E76616C69642070636200004173736500
:10A200007274696F6E2022257322206661696C6505
:10A2100064206174206C696E6520256420696E205D
:10A2200025730A0070B5044600BF002C08D100BF9A
:10A2300022A340F264622CA134A0D2F735FC00BF07
:10A2400000BF206F10B96FF0050070BD256F07E0EB
:10A250002846FEF747FA10B16FF00500F5E72D68C4
:10A2600028680028F4D12846FEF73CFA10B16FF0B8
:10A270000500EAE7E06E2860206FE06600202067B6
:10A2800000BF608B40F40060608300BFE9684868ED
:10A29000EBF712FE0646E9688889EBF71AFE00F034
:10A2A000030008B1012000E000202989084430445F
:10A2B000E0640020606300BFC7E700002E2E5C2E24
:10A2C0002E5C4D6964646C6577617265735C6C7754
:10A2D00069705C7372635C636F72655C7463705FFA
:10A2E0006F75742E630000007463705F7265786D23
:10A2F00069745F72746F5F707265706172653A2025
:10A30000696E76616C696420706362004173736585
:10A310007274696F6E2022257322206661696C65F4
:10A3200064206174206C696E6520256420696E204C
:10A3300025730A0070B504460E4615462CB1207AE6
:10A3400018B1207AF0F74AFB70BD2846E4F714FEF6
:10A35000FAE700002DE9F04F85B083460E46174618
:10A360001D46DDF8388000BF002D08D100BF1EA3B8
:10A3700040F2C57227A12EA0D2F796FB00BF00BF06
:10A3800000BFB8F1000F08D100BF17A340F2C6729A
:10A3900031A127A0D2F788FB00BF00BF4FF0000A11
:10A3A00046F60B093046EBF787FD14220490DDE9F1
:10A3B0000F018DE80702002251463846049BFDF745
:10A3C000D9FE044614B905B0BDE8F08F00231A4643
:10A3D00021465846FDF7D6FF43462A4621465846B1
:10A3E000FDF756FF00BFEEE72E2E5C2E2E5C4D696A
:10A3F00064646C6577617265735C6C7769705C73BB
:10A4000072635C636F72655C7463705F6F75742EEA
:10A41000630000007463705F7273743A20696E7633
:10A42000616C6964206C6F63616C5F69700000002F
:10A43000417373657274696F6E20222573222066E2
:10A4400061696C6564206174206C696E65202564A7
:10A4500020696E2025730A007463705F7273743A0A
:10A4600020696E76616C69642072656D6F74655FDA
:10A470006970000010B5044644B1606810B16068AE
:10A48000F1F74AF821460420EEF750FF10BD70B5F1
:10A49000044605E025682046FFF7ECFF2C4600BF88
:10A4A000002CF7D170BD00002DE9F04704460025CF
:10A4B000A94600BF002C08D100BF2CA340F2EB72CC
:10A4C00035A13DA0D2F7F0FA00BF00BF05F00100B2
:10A4D00008B1042000E0002005F0020109B10021CC
:10A4E00000E00021084405F0080109B1002100E066
:10A4F0000021084405F0100109B1002100E000210D
:10A5000000EB0108206DEBF7D7FC82465346002292
:10A5100041462046FDF7C4FD06464EB900BF608B9C
:10A5200040F00300608300BF6FF00100BDE8F087DA
:10A530004B462A4631462046FDF724FF231D22467E
:10A5400031462046FDF7A4FE07462FB100BF608BC1
:10A5500040F00300608306E000BF608B4FF6FC71A3
:10A560000840608300BF3846E0E700002E2E5C2ED6
:10A570002E5C4D6964646C6577617265735C6C77A1
:10A5800069705C7372635C636F72655C7463705F47
:10A590006F75742E630000007463705F73656E6482
:10A5A0005F656D7074795F61636B3A20696E766187
:10A5B0006C69642070636200417373657274696FC3
:10A5C0006E2022257322206661696C6564206174A7
:10A5D000206C696E6520256420696E2025730A0051
:10A5E00070B5044600BF002C08D100BF16A34FF47D
:10A5F0007B7220A126A0D2F757FA00BF00BFE06E01
:10A60000E8B1E56E00E02D6828680028FBD1E96814
:10A610008889EBF75EFC00F0070078B90120EBF7C2
:10A6200058FCE96889890843E968888100BF608B24
:10A6300040F02000608300BF002070BD00BF0121FA
:10A640002046FBF777FFF8E72E2E5C2E2E5C4D6937
:10A6500064646C6577617265735C6C7769705C7358
:10A6600072635C636F72655C7463705F6F75742E88
:10A67000630000007463705F73656E645F66696E8B
:10A680003A20696E76616C69642070636200000034
:10A69000417373657274696F6E2022257322206680
:10A6A00061696C6564206174206C696E6520256445
:10A6B00020696E2025730A0070B504460D46002CF3
:10A6C0000ED000BF207D012808D100BF05A340F2B5
:10A6D000F6720EA117A0D2F7E7F900BF00BFE56739
:10A6E00070BD00002E2E5C2E2E5C4D6964646C657E
:10A6F00077617265735C6C7769705C7372635C63BD
:10A700006F72655C7463702E63000000696E766121
:10A710006C696420736F636B657420737461746516
:10A7200020666F722073656E742063616C6C626169
:10A73000636B0000417373657274696F6E2022252C
:10A740007322206661696C6564206174206C696E97
:10A750006520256420696E2025730A00034A106075
:10A7600001F50042024B1A8070470000900300245C
:10A770008C03002400BF00B9704700BF417500BFC3
:10A78000FAE770B504460D46164600BF14B96FF0DF
:10A790000F0070BD00BF207D012802D16FF00A00BC
:10A7A000F7E795B100BF608B40F01000608300BFF9
:10A7B00026B101212046FBF74DFBEAE7606F20B18F
:10A7C000606FF0F7A9FE002060678EB1207D03283E
:10A7D00004D0042803D0072807D101E000BF00BF40
:10A7E000E9B22046FBF736FBD3E76FF00A00D0E76B
:10A7F0000020CEE72DE9F04F85B04FF00009EA4880
:10A800000068401CE8490860E8480078401CE749B7
:10A81000087000BF0025E6480468D1E200BF207D33
:10A82000002808D100BFE3A340F2BF42EBA1F6A08D
:10A83000D2F73AF900BF00BF00BF207D012808D140
:10A8400000BFDCA34FF49862F9A1EFA0D2F72CF976
:10A8500000BF00BF00BF207D0A2808D100BFD5A3DC
:10A8600040F2C142FDA1E8A0D2F71EF900BF00BF2F
:10A87000A07FCE490978884202D12546E4689FE24C
:10A88000CA480078A0770026B046207D022806D16D
:10A8900094F84200062802DB701CC6B2D1E094F89E
:10A8A00042000C2802DB701CC6B2CAE094F8950086
:10A8B00000285CDD00BF206F40B100BFBDA340F2A7
:10A8C000D542F2A1D0A0D2F7EFF800BF00BF00BF81
:10A8D000E06E002808D100BFB6A340F2D642F8A12E
:10A8E000C9A0D2F7E1F800BF00BF94F896000C2889
:10A8F00002DB701CC6B2A4E094F89500401EFE492D
:10A900000F5C94F89400B84204DA94F89400401C68
:10A9100084F8940094F89400B84227DB4FF0010AC1
:10A92000B4F8600030B9204601F056FA70B14FF02B
:10A93000000A0BE0B4F86010204600F0E3FA28B9F2
:10A940002046FDF7FFF908B94FF0000ABAF1000FF1
:10A950000BD0002084F8940094F89500072804D2C6
:10A9600094F89500401C84F8950000BF69E0B4F9A4
:10A970003000002809DBB4F9300047F6FF71884247
:10A9800003DA208E401C00B22086B4F93000B4F9FE
:10A990004010884255DB2046FFF744FC18B1206F79
:10A9A000F0BBE06EE0B3207D02281ED094F8422078
:10A9B0000C2A02D294F8422000E00C221146B4F98D
:10A9C0003E20B4F93C3002EBE302CC4B5B5C02FA74
:10A9D00003F047F6FF72904201DA024601E047F6C3
:10A9E000FF7212B2A4F8402000BF00202086B4F805
:10A9F0004800B4F86010884202DAB4F8480001E078
:10AA0000B4F86000049004984010A4F84A00B4F828
:10AA10004A00618E4FF6FF7202EA4101884200E06F
:10AA20000FE005DA608E114601EA4000A4F84A0002
:10AA3000608EA4F848000020A4F86A002046FFF7C2
:10AA400099FB207D06280BD1A07E00F0100038B1C4
:10AA50005549206A0968081A282801D9701CC6B20D
:10AA6000607A00F00800D0B3207D042802D0207D59
:10AA7000072834D1A249D4F8900008444FF4FA7161
:10AA8000B0FBF1F0484A216A1268511A884206D296
:10AA9000701CC6B208F1010000F0FF081FE094F836
:10AAA000971042F29F4211FB02F1D4F8900000EBA4
:10AAB000C1004FF4FA71B0FBF1F03B4A216A126811
:10AAC000511A88420BD22046FCF72AFD8146B9F183
:10AAD000000F04D194F89700401C84F89700207D63
:10AAE000032807D13049206A0968081A282801D9A3
:10AAF000701CC6B2207D092807D12B49206A09683D
:10AB0000081AF02801D9701CC6B2002E49D0D4F81A
:10AB10008CA02046FDF788FF8DB100BF2448006857
:10AB2000844208D100BF23A340F26E5275A136A023
:10AB3000D1F7BAFF00BF00BFE068E86011E000BFD6
:10AB40001B480068A04208D000BF1AA340F272520E
:10AB500077A12DA0D1F7A8FF00BF00BF1449E0687E
:10AB60000860B8F1000F0BD0208BE18A221DCDE9DF
:10AB70000021029023462046626A216DFFF7EAFB1E
:10AB8000D4F810B0207D03902746E4683846FBF7E0
:10AB9000CDFE00207149087000BFBAF1000F01D04E
:10ABA000DEE0E7E0E0E00000E8020024FE0200242E
:10ABB000F40200242E2E5C2E2E5C4D6964646C65BC
:10ABC00077617265735C6C7769705C7372635C63E8
:10ABD0006F72655C7463702E630000007463705F55
:10ABE000736C6F77746D723A206163746976652057
:10ABF0007063622D3E737461746520213D20434C67
:10AC00004F5345440A000000417373657274696FC5
:10AC10006E2022257322206661696C656420617450
:10AC2000206C696E6520256420696E2025730A00FA
:10AC30007463705F736C6F77746D723A20616374C4
:10AC4000697665207063622D3E737461746520219E
:10AC50003D204C495354454E0A0000007463705F18
:10AC6000736C6F77746D723A2061637469766520D6
:10AC70007063622D3E737461746520213D205449D8
:10AC80004D452D574149540A000000007463705F20
:10AC9000736C6F7774696D723A2070657273697343
:10ACA00074207469636B696E6720776974682069C2
:10ACB0006E2D666C696768742064617461000000C1
:10ACC0007463705F736C6F7774696D723A2070652E
:10ACD0007273697374207469636B696E6720776936
:10ACE000746820656D7074792073656E6420627578
:10ACF000666665720000000069FC05085CFC0508DA
:10AD0000B84C0A007463705F736C6F77746D723A3D
:10AD1000206D6964646C652074637020213D20742B
:10AD200063705F6163746976655F7063627300006E
:10AD30007463705F736C6F77746D723A20666972BA
:10AD4000737420706362203D3D207463705F6163A3
:10AD5000746976655F70636273000000FC02002412
:10AD60006FF00C015846D04700BF4348007800B14F
:10AD700050E524E02546E468287F401C2877287F9A
:10AD8000697F88421BDB002028773B49087000BFA1
:10AD9000D5F8880030B12946D5F888202869904731
:10ADA000814601E04FF0000900BF3348007800B150
:10ADB00030E5B9F1000F02D12846FCF7C3FF00BF10
:10ADC000002C7FF42BAD00252C4804684EE000BF1A
:10ADD000207D0A280AD000BFAFF2282340F2A252F9
:10ADE00027A1AFF2DC10D1F75FFE00BF00BF002645
:10ADF0002F49206A0968081AF02801D9701CC6B2C8
:10AE0000002E31D02046FDF70FFE9DB100BF1B483C
:10AE1000006884420AD100BFAFF268234FF4B662E3
:10AE200024A1AFF21C20D1F73FFE00BF00BFE068B5
:10AE3000E86013E000BF11480068A0420AD000BFDC
:10AE4000AFF2902340F2B45224A1AFF24420D1F7E4
:10AE50002BFE00BF00BF0949E06808602746E46890
:10AE60003846FBF763FD01E02546E468002CAED1CF
:10AE700005B0BDE8F08F0000FC020024F8020024B9
:10AE80007463705F736C6F77746D723A2054494DC0
:10AE9000452D57414954207063622D3E737461748F
:10AEA00065203D3D2054494D452D574149540000F2
:10AEB000E80200247463705F736C6F77746D723A8C
:10AEC000206D6964646C652074637020213D20747A
:10AED00063705F74775F7063627300007463705FA8
:10AEE000736C6F77746D723A206669727374207038
:10AEF0006362203D3D207463705F74775F706362AE
:10AF0000730000002DE9F04F85B005460E4600277E
:10AF10000024A34600BF002D08D100BF7AA340F251
:10AF20004B3284A18CA0D1F7BFFD00BF00BFEC6EF7
:10AF300024B94FF0FF3005B0BDE8F08F002E0CD1E2
:10AF400000BF00BF70A340F253328DA182A0D1F7A1
:10AF5000ABFD00BF00BFB01FEDE72089B04201DCB0
:10AF60000020E8E700BF688EB04208DA00BF66A3A1
:10AF700040F25B328BA178A0D1F796FD00BF00BFF5
:10AF800000BF2089002808DC00BF5FA34FF4577280
:10AF900088A171A0D1F788FD00BF00BF94F80A8096
:10AFA00008F0010008B1042000E0002008F00201D0
:10AFB00009B1002100E00021084408F0080109B1AE
:10AFC000002100E00021084408F0100109B100212F
:10AFD00000E00021084404902089801B1FFA80FAB9
:10AFE0000498504481B24FF420723620EFF7BCFE33
:10AFF0008346BBF1000F00D170E0606800892189B1
:10B00000401A304480B20290DBF80430049A991858
:10B0100060685246029BF0F76BF9504500D05DE046
:10B02000E1688889EAF755FF00F03F0900200390A6
:10B0300009F0080028B129F00809039840F0080039
:10B04000039009F0010028B129F00109039840F0AC
:10B0500001000390E1684868EAF72EFF3044034698
:10B06000CDE9008059462846039AFBF717F90746B1
:10B0700017B94FF0000B31E06068F0F7CCF835F805
:10B08000661F081A288062681289A2EB0A0291B230
:10B090006068F0F777FB2089A0EB0A002081484622
:10B0A000EAF717FFE16889890843E16888816068E9
:10B0B000F0F7B1F82988084428807868F0F7ABF8F1
:10B0C0002988084425F866092068386027603868B0
:10B0D00010B90020A5F8680000202CE700BF47B198
:10B0E00000BF09A340F2D93236A11BA0D1F7DCFC86
:10B0F00000BF00BFBBF1000F02D05846F0F70CFABA
:10B100004FF0FF3017E700002E2E5C2E2E5C4D69AD
:10B1100064646C6577617265735C6C7769705C738D
:10B1200072635C636F72655C7463705F6F75742EBD
:10B13000630000007463705F73706C69745F756E98
:10B1400073656E745F7365673A20696E76616C69CA
:10B150006420706362000000417373657274696FEC
:10B160006E2022257322206661696C6564206174FB
:10B17000206C696E6520256420696E2025730A00A5
:10B1800043616E27742073706C6974207365676DFA
:10B19000656E7420696E746F206C656E67746820CC
:10B1A0003000000073706C6974203C3D206D737337
:10B1B00000000000757365672D3E6C656E203E20B3
:10B1C00030000000736567203D3D204E554C4C001B
:10B1D00010B50948006868B90848006810B90848FF
:10B1E000006838B101200449086000220549FA20AE
:10B1F000FAF7E8F810BD000034030024F40200243C
:10B20000F802002471C105083EB5044629480078BB
:10B2100000F0040000B13EBD00BF002C08D100BF0B
:10B2200025A340F2EE222FA136A0D1F73DFC00BFAE
:10B2300000BF2048007800F0020018B33B49606A64
:10B240000968081A26D4218D606A084437490968BC
:10B25000081A00281EDC364800680088344909684E
:10B260004988344ACDE900210290304800683249CB
:10B27000098842182F4B1B1D304801682046FFF7F4
:10B2800069F8C8E70B48007800F0010010B12C48BD
:10B290000068206228480088002808DD00BF608B15
:10B2A00040F00200608300BF2046FCF74BFD00BF6A
:10B2B000B1E70000200300242E2E5C2E2E5C4D6989
:10B2C00064646C6577617265735C6C7769705C73DC
:10B2D00072635C636F72655C7463705F696E2E632A
:10B2E000000000007463705F74696D657761697454
:10B2F0005F696E7075743A20696E76616C6964205E
:10B3000070636200417373657274696F6E202225E9
:10B310007322206661696C6564206174206C696EBB
:10B320006520256420696E2025730A00140300241B
:10B330000403002480E902241E03002418030024CF
:10B34000E802002410B5FBF7A3FA06480078401C79
:10B35000C0B20449087000F0010008B1FFF74AFAD2
:10B3600010BD0000FD0200240348007840F01000EA
:10B3700001490870704700002103002470B504469D
:10B3800000BF002C08D100BF1CA340F2A73225A1AA
:10B390002DA0D1F789FB00BF00BF218D606A451841
:10B3A000608E40F2B452E16A904201DD104600E046
:10B3B000608E0844281A04D4208D6085E06A281A1B
:10B3C00070BDE16A606A401A002802DD00206085D5
:10B3D00012E0616AE06A461A00BFB6F5803F08D302
:10B3E00000BF06A340F2B73221A117A0D1F75CFB42
:10B3F00000BF00BF668500BF0020E1E72E2E5C2E57
:10B400002E5C4D6964646C6577617265735C6C7702
:10B4100069705C7372635C636F72655C7463702ED9
:10B42000630000007463705F7570646174655F72BF
:10B4300063765F616E6E5F776E643A20696E7661E7
:10B440006C69642070636200417373657274696F24
:10B450006E2022257322206661696C656420617408
:10B46000206C696E6520256420696E2025730A00B2
:10B470006E65775F7263765F616E6E5F776E642074
:10B480003C3D203078666666660000002DE9FF4F7F
:10B4900091B004468A4617464FF0000B0025002065
:10B4A00010900F900E9000260B900A908146099004
:10B4B00000BF24B96FF00F0015B0BDE8F08F00BFDA
:10B4C000B4F8621001EBD1725210638E9A4201DD22
:10B4D000628E04E0B4F8620000EBD072521092B2B7
:10B4E0000792079A0AB1079800E0608E079000BFA4
:10B4F000BAF1000F02D16FF00F00DDE700BF39464F
:10B50000204600F095FB0890089808B10898D3E70A
:10B51000B4F866000D9000200C90E06E00287DD0FD
:10B52000E56E00E02D6828680028FBD1A87A00F0BD
:10B53000010008B1042000E00020A97A01F0020116
:10B5400009B1002100E000210844A97A01F00801B6
:10B5500009B1002100E000210844A97A01F010019E
:10B5600009B1002100E000210844069000BF2989AC
:10B57000069801440798814208DD00BFE9A34FF413
:10B58000F372F3A1F8A0D1F78FFA00BF00BF2989A9
:10B59000069801440798401A1FFA80F8B4F868002A
:10B5A0000A90BDF82800002831DD00BFBDF8280052
:10B5B000404508DD00BFDBA34FF4FC72F4A1EAA014
:10B5C000D1F772FA00BF00BF1095BDF82800B8424D
:10B5D00002DABDF8280000E03846404501DD40466B
:10B5E00007E0BDF82800B84202DABDF8280000E004
:10B5F0003846814606EB090086B2BDF82800A0EB6C
:10B60000090080B20A90A8EB09001FFA80F800BF79
:10B61000BDF8280060B1BE420AD000E07AE000BF69
:10B62000C0A34FF40072E2A1CFA0D1F73DFA00BF52
:10B6300000BFBE426DDAB8F1000F6ADD288900282C
:10B6400067DDB81B404501DD404600E0B81B80B215
:10B6500005901095149800F00100E8B101211498AC
:10B660000AAB4246CDE90040029100200599FDF762
:10B6700023F9B0F1000B00D185E20AEB0601DBF8FB
:10B680000400059AC4F7F6FE5846EFF7C4FD0D997D
:10B69000084480B20D9038E06868049002E0049895
:10B6A00000680490049800680028F8D10498007B92
:10B6B00000F0C000A0B90498416840890844504592
:10B6C0000ED100BF46B100BF96A340F23122C0A107
:10B6D000A5A0D1F7E9F900BF00BF0598099013E0D4
:10B6E000012200200599EFF73FFBB0F1000B00D1DC
:10B6F00049E20AEB0600CBF804005846EFF78BFD51
:10B700000D99084480B20D9000BF0598304486B270
:10B7100000BF0DE000BFB4F8680040B100BF81A3D6
:10B7200040F24A22B5A190A0D1F7BEF900BF00BFF8
:10B73000A5E0B81B80B206900C990798401A80B219
:10B740000590DDE90510884201DA069800E00598C9
:10B750000490149800F0010000282FD00E9808B92A
:10B76000012100E000211498CDE9004002910C9ADB
:10B770000498104481B20AAB3620079AFDF79CF872
:10B78000B0F1000800D1FEE100BFB8F80A1004983B
:10B79000814208DA00BF63A340F26622A3A172A02F
:10B7A000D1F782F900BF00BF0AEB0601D8F80430D8
:10B7B0000C9A9818049AC4F75DFE2BE000BFBDF800
:10B7C000280040B100BF57A340F27122A7A166A094
:10B7D000D1F76AF900BF00BF012236200499EFF7C4
:10B7E000C3FA039000B9CEE10AEB06010398416069
:10B7F0004FF4207236200C99EFF7B6FAB0F100083A
:10B8000003D10398EFF788FEBDE140460399EFF7B7
:10B8100079FC00BF4046EFF7FEFC0D99084480B26A
:10B820000D900D98582803D94046EFF775FEAAE110
:10B830000B980090E06D8319002241462046FAF7EC
:10B840002DFD109000B99EE10E9810B910980E9041
:10B850000FE000BF0F9840B900BF32A340F2AB2207
:10B8600086A141A0D1F720F900BF00BFDDE90F108C
:10B87000086010980F900498304486B200BFBE4212
:10B88000FFF657AFB9F1000F21DDD5F8048017E0BE
:10B89000B8F808004844A8F80800D8F8000068B9CB
:10B8A000B8F80A20D8F8041088184A465146C4F758
:10B8B000E1FDB8F80A004844A8F80A00D8F800806A
:10B8C000B8F1000FE4D128894844288100BFBDF8B1
:10B8D0002800A4F86800BBF1000F15D000BF45B9DF
:10B8E00000BF10A34FF4387269A11FA0D1F7DCF894
:10B8F00000BF00BF59466868EFF704FC2889BBF811
:10B9000008100844288106E10998002809DD00BFD5
:10B910000DB1686820B900BF02A340F2E622D3E06F
:10B92000D8E0F8E02E2E5C2E2E5C4D6964646C65C8
:10B9300077617265735C6C7769705C7372635C636A
:10B940006F72655C7463705F6F75742E63000000C6
:10B950006D73735F6C6F63616C20697320746F6FBC
:10B9600020736D616C6C0000417373657274696F54
:10B970006E2022257322206661696C6564206174E3
:10B98000206C696E6520256420696E2025730A008D
:10B99000696E636F6E73697374656E74206F76651C
:10B9A0007273697A652076732E2073706163650007
:10B9B000696E636F6E73697374656E74206F7665FC
:10B9C0007273697A652076732E206C656E000000B4
:10B9D0007463705F77726974653A20524F4D2070BE
:10B9E000627566732063616E6E6F74206265206F8E
:10B9F00076657273697A656400000000756E736520
:10BA00006E745F6F76657273697A65206D69736DA8
:10BA10006174636820287063622D3E756E73656E75
:10BA200074206973204E554C4C2900007463705F7C
:10BA300077726974653A20636865636B2074686126
:10BA40007420666972737420706275662063616E1B
:10BA500020686F6C642074686520636F6D706C651E
:10BA60007465207365676C656E0000006F766572A3
:10BA700073697A65203D3D20300000007072657664
:10BA80005F73656720213D204E554C4C000000003F
:10BA90007463705F77726974653A2063616E6E6F6C
:10BAA0007420636F6E636174656E6174652077687E
:10BAB000656E207063622D3E756E73656E742069CD
:10BAC0007320656D7074790043A1AFF26410D0F7F4
:10BAD000EBFF00BF00BFD5F8048007E0B8F80810FE
:10BAE00009980844A8F80800D8F80080D8F80000A1
:10BAF0000028F3D1B8F8081009980844A8F80800FD
:10BB0000B8F80A1009980844A8F80A002989099881
:10BB10000844288100BF15B90E98E06601E00E9830
:10BB2000286054F85C0F384420602089C01B2081B5
:10BB30000D98608160895C3C80B100BF206F60B966
:10BB4000E06E50B900BFAFF2242340F2123230A1B0
:10BB5000AFF2EC10D0F7A8FF00BF00BF109880B183
:10BB60001098C06868B1149800F0020048B9082025
:10BB7000EAF7AFF91099C968898908431099C9682B
:10BB80008881002098E400BF608B40F080006083D3
:10BB900000BFBBF1000F02D05846EFF7BDFC0E9876
:10BBA00010B10E98FEF773FCB4F8660080B100BFC8
:10BBB000206F60B9E06E50B900BFAFF2982340F239
:10BBC000273213A1AFF26020D0F76EFF00BF00BF95
:10BBD0004FF0FF3070E400007463705F7772697437
:10BBE000653A20657874656E73696F6E206F6620A4
:10BBF0007265666572656E636520726571756972DE
:10BC00006573207265666572656E6365000000008D
:10BC10007463705F77726974653A2076616C6964E9
:10BC2000207175657565206C656E6774680000002D
:10BC300070B504460D4600BF002C08D100BF2DA3EF
:10BC400040F2331236A13EA0D0F72EFF00BF00BF56
:10BC5000207D04280BD0207D072808D0207D0228D5
:10BC600005D0207D032802D06FF00A0070BD0DB909
:10BC70000020FBE7B4F86400A84208DA00BF608B3C
:10BC800040F08000608300BF4FF0FF30EEE7B4F873
:10BC90006600582808D300BF608B40F080006083A6
:10BCA00000BF4FF0FF30E1E7B4F86600002810D085
:10BCB00000BF206F00280BD1E06E002808D100BF24
:10BCC0000CA340F2551228A11DA0D0F7EDFE00BF35
:10BCD0000EE000BF206F08B9E06E40B100BF05A3C1
:10BCE0004FF4AC722FA116A0D0F7DEFE00BF00BF4C
:10BCF0000020BBE72E2E5C2E2E5C4D6964646C65C3
:10BD000077617265735C6C7769705C7372635C6396
:10BD10006F72655C7463705F6F75742E63000000F2
:10BD20007463705F77726974655F636865636B7372
:10BD30003A20696E76616C6964207063620000006D
:10BD4000417373657274696F6E20222573222066B9
:10BD500061696C6564206174206C696E652025647E
:10BD600020696E2025730A007463705F77726974AE
:10BD7000653A207062756673206F6E207175657507
:10BD800065203D3E206174206C65617374206F6E88
:10BD900065207175657565206E6F6E2D656D7074AB
:10BDA000790000007463705F77726974653A206E81
:10BDB0006F207062756673206F6E20717565756592
:10BDC000203D3E20626F7468207175657565732033
:10BDD000656D7074790000002DE9FC5F0446002059
:10BDE000009000BF002C08D100BF37A34FF40562BC
:10BDF00040A149A0D0F758FE00BF00BFE56E15B9BD
:10BE00000020BDE8FC9F94F89600FF2804DA94F81F
:10BE10009600401C84F89600E9688889EAF759F88A
:10BE200000F0010018B1288908B9012000E00020C5
:10BE30008146B9F1000F01D1012000E000208246C7
:10BE4000E8684368524620460099FCF729F90646FF
:10BE500016B94FF0FF30D4E77768B9F1000F09D079
:10BE60001120EAF736F8B9894CF2FF021140084375
:10BE7000B8810DE0706800F1140B696809892A899E
:10BE8000891A8BB2012259466868EFF731FA00BF70
:10BE9000E9684868EAF710F800F10108206DB0EB96
:10BEA000080001D5C4F8508000231A4631462046C8
:10BEB000FCF768FA231D224631462046FCF7E8F9D4
:10BEC000019001989DE700002E2E5C2E2E5C4D699E
:10BED00064646C6577617265735C6C7769705C73C0
:10BEE00072635C636F72655C7463705F6F75742EF0
:10BEF000630000007463705F7A65726F5F77696ECC
:10BF0000646F775F70726F62653A20696E76616CFC
:10BF10006964207063620000417373657274696FB5
:10BF20006E2022257322206661696C65642061742D
:10BF3000206C696E6520256420696E2025730A00D7
:10BF40007CB504460D46E9F7CBFF18480460184855
:10BF5000056006211748F8F7B7FD00280AD000BF92
:10BF600000BF15A340F261221DA126A0D0F79CFDC1
:10BF700000BF00BF2D48F8F7F5FE00280AD000BF2B
:10BF800000BF0DA340F2652229A11EA0D0F78CFDB1
:10BF900000BF00BF05204FF4006300222D49009030
:10BFA0002DA0F9F79DF901907CBD000068020024E6
:10BFB0006C020024700200242E2E5C2E2E5C4D6933
:10BFC00064646C6577617265735C6C7769705C73CF
:10BFD00072635C6170695C74637069702E630000E9
:10BFE0006661696C656420746F2063726561746555
:10BFF0002074637069705F746872656164206D623B
:10C000006F780000417373657274696F6E2022252A
:10C010007322206661696C6564206174206C696EAE
:10C020006520256420696E2025730A0074020024AF
:10C030006661696C656420746F2063726561746504
:10C04000206C6F636B5F74637069705F636F7265A0
:10C0500000000000A9C105085443502F49500000BA
:10C060002DE9F04105460E46174600BF134800680B
:10C0700038B900BF12A3FC221BA11FA0D0F714FDEA
:10C0800000BF00BF0A20EDF7D5F904461CB94FF0F8
:10C09000FF30BDE8F081002020706560A660E76099
:10C0A00021460648F8F770FD30B121460A20EDF729
:10C0B0003DF94FF0FF30ECE70020EAE77002002482
:10C0C0002E2E5C2E2E5C4D6964646C657761726502
:10C0D000735C6C7769705C7372635C6170695C74CB
:10C0E000637069702E630000496E76616C6964202C
:10C0F0006D626F7800000000417373657274696F40
:10C100006E2022257322206661696C65642061744B
:10C11000206C696E6520256420696E2025730A00F5
:10C1200070B505460C4694F8310000F0180028B1AF
:10C13000054A21462846FFF793FF70BD034A214672
:10C140002846FFF78DFFF8E7E5790308CDE70308F8
:10C1500070B504460D4616460448F8F78FFD28468C
:10C16000A0470248F8F746FE002070BD7402002484
:10C1700010B50446FFF7E6F80748006810B907480D
:10C18000006828B100220649FA20F9F71BF902E0FD
:10C1900000200449086010BDF4020024F8020024C5
:10C1A00071C105083403002408B51148F8F766FD8D
:10C1B0001048006820B1104800680E490968884797
:10C1C00015E069460D4800F0B9F8009800280AD13A
:10C1D00000BF00BF0AA3912213A11BA0D0F764FCEB
:10C1E00000BF00BF03E0009800F042F800BFE8E79E
:10C1F00074020024680200246C02002470020024EF
:10C200002E2E5C2E2E5C4D6964646C6577617265C0
:10C21000735C6C7769705C7372635C6170695C7489
:10C22000637069702E63000074637069705F746876
:10C23000726561643A20696E76616C6964206D652F
:10C240007373616765000000417373657274696F91
:10C250006E2022257322206661696C6564206174FA
:10C26000206C696E6520256420696E2025730A00A4
:10C2700010B50446207820B101280ED0022818D12C
:10C2800013E0201D07C8904710B16068EFF744F92C
:10C2900021460A20EDF74AF816E0D4E90110884754
:10C2A00021460920EDF742F80EE0D4E90110884755
:10C2B0000AE000BF00BF05A3CF220EA115A0D0F752
:10C2C000F3FB00BF00BF00BF00BF10BD2E2E5C2ED1
:10C2D0002E5C4D6964646C6577617265735C6C7724
:10C2E00069705C7372635C6170695C7463706970BF
:10C2F0002E63000074637069705F746872656164B6
:10C300003A20696E76616C6964206D65737361674C
:10C3100065000000417373657274696F6E20222599
:10C320007322206661696C6564206174206C696E9B
:10C330006520256420696E2025730A002DE9F041EF
:10C3400006460F4600BFF9F751F90446601C60B974
:10C350001148F8F74FFD002239463046F8F7DCF86F
:10C360000D48F8F78BFCBDE8F08114B9F8F722FB13
:10C37000E9E70948F8F73EFD224639463046F8F726
:10C38000CBF805460448F8F779FC681C10B9F8F7B3
:10C3900011FBD8E700BFE6E77402002470B505463C
:10C3A000284600F008F804461CB1206808B1204671
:10C3B00070BD0020FCE770B50446204600F004F88C
:10C3C0000546284670BD000002461146002901DBE3
:10C3D000042901DB00207047014800EB0110FAE757
:10C3E000B0E402242DE9F04105460E46174606B991
:10C3F000234E00BF1DB96FF00F00BDE8F08100BFF4
:10C400004FF000081F48046805E0A54202D14FF034
:10C41000010802E0E468002CF7D100BF37B900F052
:10C420008BFB0746E7B96FF00700E6E7154804689D
:10C4300014E0A54211D0608AB8420ED1206831685C
:10C44000884207D036B1306820B11CB1206808B1ED
:10C4500000BF02E06FF00700CFE7E468002CE8D1EE
:10C460000EB9002000E0306828606F82B8F1000F3C
:10C4700004D104480068E860024805600020BCE779
:10C48000ACFC05083C03002421B191F83420521C77
:10C49000027201E000220272704700002DE9F041B3
:10C4A00004460D46174600BF1CB96FF00F00BDE8EB
:10C4B000F08100BF00BF15B96FF00F00F7E700BFB4
:10C4C000608A58B9628A21462046FFF78BFF804672
:10C4D000B8F1000F01D04046E9E700BF0DB90020D8
:10C4E00000E028686060A782207C40F0040020748F
:10C4F0000848066804E0B44201D10020D7E7F66896
:10C50000002EF8D103480068E06002480460002073
:10C51000CDE700003C03002410B5C3F799FFC0F33A
:10C520000D0000F540400149088010BD380300248B
:10C530002DE9FE4F05460E460020019000BF3DB993
:10C5400000BF61A3CF226AA16FA0D0F7ADFA00BFF0
:10C5500000BF00BF3EB900BF5BA3D02274A16AA098
:10C56000D0F7A2FA00BF00BF6889082803DA28467E
:10C57000EEF7D2FFA6E0D5F804A0744A116850691E
:10C58000E1F7B2FF8146BAF80000E9F7A2FC834662
:10C59000BAF80200E9F79DFC029000240027A046AB
:10C5A0006B48046838E0618A0298814232D14A4679
:10C5B0003146204600F0DCF860B3207C00F0040037
:10C5C000A8B9B8F1000F01D1A04610E0B9F1000FF1
:10C5D0000DD05E484069401C48B9D8F80000716829
:10C5E000884204D020687168884200D1A046A08AA1
:10C5F00058450FD1606820B1544960680969884284
:10C6000008D137B1E068F86051480068E0605048F0
:10C61000046003E02746E468002CC4D100BF04B9DD
:10C62000444614B10120019008E048497068496906
:10C63000884201D1012000E00020019001980028EB
:10C640003CD008212846EFF79BF970B100BF00BF2E
:10C650001DA34FF4B8723FA12BA0D0F725FA00BF5D
:10C6600000BF2846EEF758FF2CE07CB1206A48B1A5
:10C67000CDF800B0354B10332A462146D4E908C026
:10C68000E0471EE02846EEF747FF1BE0B9F1000F38
:10C6900010D12E48007D00F0F000E0280AD02B4891
:10C6A0008089083001B22846EFF72EF8032128468A
:10C6B000E0F7FEFF2846EEF72FFF02E02846EEF7F0
:10C6C0002BFF00BFBDE8FE8F2E2E5C2E2E5C4D6929
:10C6D00064646C6577617265735C6C7769705C73B8
:10C6E00072635C636F72655C7564702E630000003A
:10C6F0007564705F696E7075743A20696E76616CEE
:10C700006964207062756600417373657274696F45
:10C710006E2022257322206661696C656420617435
:10C72000206C696E6520256420696E2025730A00DF
:10C730007564705F696E7075743A20696E76616CAD
:10C740006964206E657469660000000070E9022467
:10C750003C030024706275665F72656D6F76655F7D
:10C76000686561646572206661696C65640A0000D1
:10C7700070B504460D46164600BF002C07D100BF19
:10C780001FA3872228A131A0D0F78EF900BF00BFD8
:10C7900000BF002D07D100BF19A3882235A12BA00F
:10C7A000D0F782F900BF00BF207A50B1217A3B4810
:10C7B000406890F83400401CC0B2814201D0002093
:10C7C00070BD8EB174B1206860B134484069401CBE
:10C7D00040B12068A968084030494969AA681140F9
:10C7E00088420BD10120EBE734B1206820B12B49FE
:10C7F00020684969884201D10120E1E70020DFE794
:10C800002E2E5C2E2E5C4D6964646C6577617265BA
:10C81000735C6C7769705C7372635C636F72655C88
:10C820007564702E630000007564705F696E7075CA
:10C83000745F6C6F63616C5F6D617463683A2069EB
:10C840006E76616C69642070636200004173736589
:10C850007274696F6E2022257322206661696C658F
:10C8600064206174206C696E6520256420696E20E7
:10C8700025730A007564705F696E7075745F6C6F04
:10C8800063616C5F6D617463683A20696E76616C98
:10C890006964206E657469660000000070E9022416
:10C8A0001CB500F0A7FD0748032100238022CDE935
:10C8B000001005A1094802F0BDF800F0EBFD20468C
:10C8C0001CBD0000A80300247564705F6D756C7456
:10C8D00069636173745F7461736B00004DC905080F
:10C8E000034A106041F40042024B1A807047000076
:10C8F000AC030024B003002410B50020024981F8E5
:10C900002C00FFF7CDFF10BDB0C5032410B50020EB
:10C910000B4981F82C0008460079022803D1094808
:10C920000068E9F701F800200549087100F062FD90
:10C930000548006800F0DEFF00F0ACFD10BD00000F
:10C94000B0C50324B4030024A80300249AB0002730
:10C95000002510201190D1F7DFFF0446142108A80C
:10C96000C3F7B0FD142103A8C3F7ACFD0026A4E073
:10C9700052480079012860D1002202210846EBF7D5
:10C980008DFD4F49086008460068002804DA012040
:10C990004A4981F82C0080E0E078A178CDE90010C8
:10C9A0006378227847A108A8D0F78EF82220005D8E
:10C9B0002121095DCDE900102020035DE27F41A126
:10C9C00003A8D0F781F8666A02208DF8590008A8FC
:10C9D000E3F724F81790B0B2E9F77BFAADF85A0004
:10C9E000102216A936480068E8F74AFF0746002FCC
:10C9F00053D103A8E3F712F80F9008A8E3F70EF855
:10CA0000109008200FAB0322002100902C480068F2
:10CA1000EBF7F0F907460A200D9000200E90082051
:10CA20000DAB41F20602D11F009025480068EBF7DC
:10CA3000E1F90220214908712FE0204800790228FD
:10CA40002BD12348008800F40040B0F5004F11D1ED
:10CA50001F4800960088C0F30D0203AB1D48016813
:10CA60001748006800F048FA1948008820F4004090
:10CA70001749088011A812A900234FF4FA72CDE9D2
:10CA8000001015490E480068EAF798FF0546002D8A
:10CA900003DDA9B21048F0F747FB084890F82C00D6
:10CAA000012805D10020054981F82C00FFF72EFF51
:10CAB000E3F71EF8642000F0DBFE59E7B0C503245D
:10CAC000B403002425642E25642E25642E256400DD
:10CAD000B0030024AC0300243BC7032410B5024676
:10CAE00082B1136873B169B10B685BB1064B18680A
:10CAF00006E003681468A34201D10B680360C068B4
:10CB00000028F6D110BD00003C03002410B5012020
:10CB1000ECF790FC044634B128212046C3F7D2FC40
:10CB2000FF20E0726077204610BD70B50546FFF724
:10CB3000EDFF0446204670BD10B5002200BF12482C
:10CB400003880088401C104C20804FF6FF70834201
:10CB500003D14FF44040234618800C4801680EE092
:10CB6000488A094B1B88984208D1501C80B2024663
:10CB7000B0F5804F01DB002010BDE0E7C968002957
:10CB8000EED101480088F7E7380300243C03002475
:10CB900000BF00B9704700BF0162426200BFF9E701
:10CBA00070B5054600BF05B970BD00BF0F480068ED
:10CBB000A84205D10D480068C0680C4908600EE025
:10CBC0000A48046808E0E06828B1E068A84202D199
:10CBD000E868E06002E0E468002CF4D100BF294678
:10CBE0000120ECF7A3FB00BFDEE700003C030024BC
:10CBF00070B504460D4600BF14B96FF00F0070BD4C
:10CC000000BF00BF15B96FF00F00F8E700BFA38A9F
:10CC1000221D2946204600F001F8F0E72DE9F843EF
:10CC200004460F461646984600BF1CB96FF00F0029
:10CC3000BDE8F88300BF00BF17B96FF00F00F7E73A
:10CC400000BF00BF16B96FF00F00F1E700BF207AF8
:10CC500020B1207AEDF7C2FE05461DE000253078B0
:10CC600000F0F000E02812D1207F20B1207FEDF706
:10CC7000B5FE05460BE0A06948B10D49A0690968F9
:10CC8000884204D004F11800E2F776F905461DB990
:10CC90003046E2F771F9054615B96FF00300C7E7B2
:10CCA0004346324639462046009500F003F8BFE778
:10CCB000B0FC05082DE9FC4704460F46904699460E
:10CCC0000A9D00BF1CB96FF00F00BDE8FC8700BFD4
:10CCD00000BF17B96FF00F00F7E700BF00BFB8F152
:10CCE000000F02D16FF00F00EFE700BF00BF15B9D2
:10CCF0006FF00F00E9E700BF34B1206820B1207861
:10CD000000F0F000E02801D12E1D07E020686968DE
:10CD1000884202D06FF00300D7E726464B464246D2
:10CD200039462046CDE9005600F002F8CDE7000074
:10CD30002DE9FF5F04460E4690469A4600BF24B98F
:10CD40006FF00F0004B0BDE8F09F00BF00BF16B940
:10CD50006FF00F00F6E700BF00BFB8F1000F02D17F
:10CD60006FF00F00EEE700BF00BF0F9810B96FF033
:10CD70000F00E7E700BF00BF0E9810B96FF00F007B
:10CD8000E0E700BF608A50B9628A21462046FFF77B
:10CD900029FB8146B9F1000F01D04846D2E730891E
:10CDA000083080B23189884202DA4FF0FF30C9E79B
:10CDB00008213046EDF75EFF88B14FF4207208215C
:10CDC0002220EDF7D1FF054615B94FF0FF30B9E746
:10CDD000308928B131462846EEF712FA00E0354690
:10CDE00000BF6889082808D200BF23A340F20D3293
:10CDF0002BA137A0CFF758FE00BF00BF6F68608A35
:10CE0000E9F767F838805046E9F763F87880002042
:10CE1000F880207C00F0080048B198F8000000F08D
:10CE2000F000E02803D1687B40F004006873288993
:10CE3000E9F74FF8B8804FF0110B98F8000000F0B8
:10CE4000F000E02801D1607F00E0E07A0390A17A51
:10CE50000E98CDE9001B029042462846039B0F998D
:10CE6000E1F7F8FE8146B54203D02846EEF754FBC1
:10CE70000025484666E700002E2E5C2E2E5C4D698C
:10CE800064646C6577617265735C6C7769705C7300
:10CE900072635C636F72655C7564702E6300000082
:10CEA000636865636B20746861742066697273746B
:10CEB00020706275662063616E20686F6C642073F9
:10CEC0007472756374207564705F6864720000002A
:10CED000417373657274696F6E2022257322206618
:10CEE00061696C6564206174206C696E65202564DD
:10CEF00020696E2025730A002DE9F04387B00546AE
:10CF00000E4617461C46DDF838904FF0000800200A
:10CF1000039004900590069002208DF80D001FFAF2
:10CF200089F0E8F7D6FFADF80E002046E2F776FD6F
:10CF30000490102003A900233A46CDE900103146A1
:10CF40002846EAF7CDFE8046404607B0BDE8F083AC
:10CF500000487047780100240148007870470000BD
:10CF600078010024F8B500250027D1F7D1FC04464C
:10CF7000FFF7EEFF0746A08886B2207800066178AA
:10CF800040EA0140A17840EA0120E1780843020626
:10CF900020780006617840EA0140A17840EA01204B
:10CFA000E178084300F47F4042EA0022207800063E
:10CFB000617840EA0141A07841EA0020E178084325
:10CFC00000F47F0042EA102220780106607841EAEE
:10CFD0000041A07841EA0020E178084342EA10606D
:10CFE00000904FF480602149A1F81A020020886067
:10CFF00031466846DEF7A0FD45B2002D01DB022D6B
:10D000000AD1002D04DA294619A0CFF74DFD02E020
:10D0100020A0CFF749FD1AE0DEF7E8FB45B2002D6E
:10D0200004DA294622A0CFF73FFD10E0DEF79EFA92
:10D0300045B2002D04DA294626A0CFF735FD06E0DB
:10D040002DA0CFF731FDDFF7DDF9002500BFDEF7BA
:10D050001BF90020387000210220E2F741FE002D6C
:10D0600002DA4FF0FF30F8BD0020FCE7747F0124A6
:10D070000ABBF1B5C3696E666F2E747874D0C5CFE4
:10D08000A22CCAA7B0DC21207265743A2025640A5C
:10D09000000000000AB0E6B1BECAC7D7EED0C2B0E9
:10D0A000E6B1BE2CCEDED0E8B8FCD0C2210A00002A
:10D0B0000ABBF1B5C36372635F62696ECEC4BCFE26
:10D0C000B4F3D0A12CCAA7B0DC21207265743A2039
:10D0D00025640A000ABBF1B5C36372635F62696EBF
:10D0E000CEC4BCFEC4DAC8DD2CCAA7B0DC212072D5
:10D0F00065743A2025640A000AC9FDBCB6CDEAB3BE
:10D10000C92CD6D8C6F4C9E8B1B82E2E2E0A000014
:10D11000F8B5D1F7FDFB044600260025DBF7A0FAA1
:10D1200000210120E2F7DCFDFFF712FF0646A08890
:10D1300087B220780006617840EA0140A17840EA91
:10D140000120E1780843020620780006617840EA71
:10D150000140A17840EA0120E178084300F47F40D3
:10D1600042EA002220780006617840EA0141A07876
:10D1700041EA0020E178084300F47F0042EA1022EF
:10D1800020780106607841EA0041A07841EA002059
:10D19000E178084342EA106000904FF48060204933
:10D1A000A1F81A020020886039466846DEF73AFC8A
:10D1B00045B2002D01DB022D0AD1002D04DA2946EB
:10D1C00018A0CFF771FC02E01FA0CFF76DFC1AE0AA
:10D1D000DEF78CFA45B2002D04DA294621A0CFF7FC
:10D1E00063FC10E0DEF7F4F845B2002D04DA2946BE
:10D1F00025A0CFF759FC06E02CA0CFF755FCDFF7B0
:10D2000001F9002500BF0020307000210120E2F765
:10D2100067FD002D02DA4FF0FF30F8BD0020FCE77B
:10D22000747F01240ABBF1B5C3696E666F2E7478F2
:10D2300074D0C5CFA22CCAA7B0DC21207265743A85
:10D240002025640A000000000AB0E6B1BECAC7D7B4
:10D25000EED0C2B0E6B1BE2CCEDED0E8B8FCD0C273
:10D26000210A00000ABBF1B5C36372635F62696E95
:10D27000CEC4BCFEB4F3D0A12CCAA7B0DC2120726E
:10D2800065743A2025640A000ABBF1B5C363726372
:10D290005F62696ECEC4BCFEC4DAC8DD2CCAA7B01A
:10D2A000DC21207265743A2025640A000AC9FDBC9D
:10D2B000B6CDEAB3C92CD6D8C6F4C9E8B1B82E2E7B
:10D2C0002E0A000001490870704700007801002410
:10D2D0002DE9FC5F05460E4600242846C3F731F9C8
:10D2E0000190002700BF22E015F80480B8F1250F57
:10D2F00004D038467F1C06F8008017E0601C044606
:10D3000015F80090601C0446285C00904FF0000A5D
:10D310000098DCF701FE83464846DCF7FDFD0BEB89
:10D32000001A38467F1C06F800A000BF641C019854
:10D330008442D9DB0020F055BDE8FC9F01460A6914
:10D34000D1E901309860D1E9010358605068884202
:10D3500001D188685060002008611068401E10608C
:10D360001068704770B505460C46214601A0CFF7FE
:10D370009BFB70BD7461736B202573206F766572A3
:10D38000666C6F770A00000000F1080141604FF001
:10D39000FF31816000F10801C1600161002101607D
:10D3A000704700210161704710B502460B685C1C94
:10D3B0000CB9106907E002F1080000E04068446819
:10D3C00024689C42FAD944684C604C68A16088602B
:10D3D00041600A611468641C146010BD42684A60B0
:10D3E00093688B60936859609160086103685B1C67
:10D3F0000360704710B500BF102072B680F311882B
:10D40000BFF34F8FBFF36F8F62B600BF0B4800684A
:10D41000401C0A4908600846006801280DD10848E8
:10D420000068C0B208B9012000E0002028B94FF41C
:10D43000D37204A113A0CFF737FB10BDE40400247E
:10D4400004ED00E02E2E5C2E2E5C4D6964646C654C
:10D4500077617265735C4672656552544F535C70B8
:10D460006F727461626C655C525644535C41524DFC
:10D470005F434D375C723070315C706F72742E6335
:10D48000000000004572726F723A2025732C20252F
:10D49000640D0A0010B50B48006828B940F2AD12BF
:10D4A00009A119A0CFF700FB06480068401E0549F6
:10D4B00008600846006820B9002080F3118800BF8A
:10D4C00000BF10BDE40400242E2E5C2E2E5C4D699E
:10D4D00064646C6577617265735C4672656552540D
:10D4E0004F535C706F727461626C655C525644534A
:10D4F0005C41524D5F434D375C723070315C706FF0
:10D5000072742E63000000004572726F723A20251B
:10D51000732C2025640D0A0070B506463546002E92
:10D520003AD0083D2C461D4960680968084008B19A
:10D53000012000E0002028B94FF4927218A126A023
:10D54000CFF7B2FA206808B9012000E0002028B91E
:10D5500040F2251212A120A0CFF7A6FA0F49606869
:10D5600009680840C0B12068B0B90C496068096812
:10D570008843606000F0F0FB1B496068096808445C
:10D58000194908602046F0F75BF918480068401C0C
:10D590001649086001F032FD70BD00000C05002442
:10D5A0002E2E5C2E2E5C4D6964646C65776172650D
:10D5B000735C4672656552544F535C706F72746150
:10D5C000626C655C4D656D4D616E675C6865617030
:10D5D0005F342E63000000004572726F723A20259E
:10D5E000732C2025640D0A00FC0400240805002487
:10D5F00000204FF0E02108618861064800684FF480
:10D600007A71B0FBF1F0401E4FF0E0214861072035
:10D61000086170470000002470B5C2F7A7FE0546F8
:10D62000102D11D305F1E02090F8F0431048007858
:10D63000844201DB012000E0002028B940F20932D9
:10D640000CA11CA0CFF730FA1E48006800F4E0607F
:10D650001D490968884201D8012000E0002028B94E
:10D6600040F2193203A113A0CFF71EFA70BD0000DB
:10D67000E80400242E2E5C2E2E5C4D6964646C65DB
:10D6800077617265735C4672656552544F535C7086
:10D690006F727461626C655C525644535C41524DCA
:10D6A0005F434D375C723070315C706F72742E6303
:10D6B000000000004572726F723A2025732C2025FD
:10D6C000640D0A000CED00E0EC0400242DE9F041AB
:10D6D00006460F462EB940F6C82211A119A0CFF771
:10D6E000E3F90025BFB1002412E01A4800EBC400A2
:10D6F0004068B04203D1174800EBC4050AE035B9D1
:10D70000144850F8340010B9124800EBC405641CEA
:10D71000082CEAD300BF0DB12F606E60BDE8F08128
:10D720002E2E5C2E2E5C4D6964646C65776172658B
:10D73000735C4672656552544F535C7175657565CF
:10D740002E6300004572726F723A2025732C2025DB
:10D75000640D0A00CCD0032470B5044625462DB9CB
:10D760004FF4016205A10EA0CFF79EF9284600F004
:10D770001FF82846FFF7D0FE70BD00002E2E5C2E4D
:10D780002E5C4D6964646C6577617265735C46728A
:10D79000656552544F535C71756575652E63000065
:10D7A0004572726F723A2025732C2025640D0A0091
:10D7B00070B505462DB940F616320CA114A0CFF76E
:10D7C00073F900240EE0164800EBC4004068A8423C
:10D7D00007D10020124941F8340001EBC401486030
:10D7E00002E0641C082CEED300BF70BD2E2E5C2E10
:10D7F0002E5C4D6964646C6577617265735C46721A
:10D80000656552544F535C71756575652E630000F4
:10D810004572726F723A2025732C2025640D0A0020
:10D82000CCD003242DE9F04105460E4617462C4680
:10D83000FFF7E0FD94F94400401C10B9002084F883
:10D84000440094F94500401C10B9002084F84500BC
:10D85000FFF720FEA06B28B93A46314604F12400B8
:10D8600000F024F92046F0F790FABDE8F0810000BE
:10D8700070B504460025ACB10F48006808B9012016
:10D8800000E0002028B940F24B520CA114A0CFF7C1
:10D890000BF900F061FA00212046EFF7F1FC01F0EE
:10D8A000ADFB05463DB94FF0805011490860BFF30C
:10D8B0004F8FBFF36F8F70BDC40400242E2E5C2EDB
:10D8C0002E5C4D6964646C6577617265735C467249
:10D8D000656552544F535C7461736B732E63000023
:10D8E0004572726F723A2025732C2025640D0A0050
:10D8F00004ED00E070B50546FFF77CFD15B92F4833
:10D90000006800E028460446201DFFF717FD78B99F
:10D91000E06A00EB80002A4951F8200040B994F8F1
:10D920002C1001208840274909688143254801605F
:10D93000A06A18B104F11800FFF700FD2248006842
:10D94000401C214908601D480068844209D1211DFE
:10D950001E48FFF743FD1E480068401C1C49086034
:10D9600006E01C480068401E1A490860F0F76CF990
:10D97000FFF790FD11480068844202D02046EFF77F
:10D9800005FE15480068C0B10C480068844214D1F7
:10D990001248006808B9012000E0002028B940F2D0
:10D9A000DE420FA117A0CFF77FF84FF08050194942
:10D9B0000860BFF34F8FBFF36F8F70BD88040024E2
:10D9C0000CD10324A0040024B4040024C8D30324ED
:10D9D0009404002498040024A4040024C404002413
:10D9E0002E2E5C2E2E5C4D6964646C6577617265C9
:10D9F000735C4672656552544F535C7461736B730C
:10DA00002E6300004572726F723A2025732C202518
:10DA1000640D0A0004ED00E0034909680160034950
:10DA20000968416070470000B00400249C04002491
:10DA30000120014908607047AC04002401480068D7
:10DA4000343070478804002470B504460D462CB964
:10DA500040F61E4207A110A0CFF726F81248016831
:10DA600018312046FFF7A0FC01212846EFF708FCFB
:10DA700070BD00002E2E5C2E2E5C4D6964646C65BA
:10DA800077617265735C4672656552544F535C747E
:10DA900061736B732E6300004572726F723A2025BA
:10DAA000732C2025640D0A008804002470B50446F8
:10DAB0000E4615462CB940F6544211A119A0CEF7D6
:10DAC000F3FF60681B490968C8611A4982680968E0
:10DAD0000A62184909681831826851601549096855
:10DAE00018318160134909688C622168491C2160E2
:10DAF0000DB14FF0FF3629463046EFF7C1FB70BD40
:10DB00002E2E5C2E2E5C4D6964646C6577617265A7
:10DB1000735C4672656552544F535C7461736B73EA
:10DB20002E6300004572726F723A2025732C2025F7
:10DB3000640D0A00880400242DE9F04706460F46CC
:10DB400034464FF00109002E70D0606D28B941F2C3
:10DB5000A10237A13FA0CEF7A7FF206DB84201D2A6
:10DB60003D4600E0256DE06AA8425FD0606D012867
:10DB70005CD13C480068844201D0012000E00020D4
:10DB800028B941F2BC022AA132A0CEF78DFFD4F809
:10DB90002C80E562A06900F0004010B9C5F12000BA
:10DBA000A06108EB8801304A02EB8101606988427C
:10DBB00001D1012000E00020C0B3201DFFF7BEFB13
:10DBC00040B994F82C100120884028490968814305
:10DBD0002648016094F82C100120884023490968E8
:10DBE000084322490860E16A01EB81011E4A02EB09
:10DBF00081014868A0608268E260211D82685160EE
:10DC00008160E16A01EB8101174A02EB81026261E6
:10DC1000E16A01EB8101144A52F82110491CE26AC1
:10DC200002EB8202104B43F8221000BFBDE8F087E0
:10DC30002E2E5C2E2E5C4D6964646C657761726576
:10DC4000735C4672656552544F535C7461736B73B9
:10DC50002E6300004572726F723A2025732C2025C6
:10DC6000640D0A00880400240CD10324A0040024BD
:10DC700001480068006B7047880400240148006870
:10DC8000406C7047880400241CB51D4800210B46D9
:10DC90008022CDE900101BA11C4800F0CBFE0446F9
:10DCA000012C02D101F07AFA0446012C19D100BFEF
:10DCB000102072B680F31188BFF34F8FBFF36F8FC0
:10DCC00062B600BF4FF0FF301149086001201149D2
:10DCD00008600020104908601049086000F0FEF854
:10DCE0000BE0601C08B1012000E0002028B940F6DC
:10DCF00042020BA113A0CEF7D7FE164800681CBD48
:10DD0000BC04002449444C450000000059D60408D6
:10DD1000B8040024A40400249C0400240800002467
:10DD20002E2E5C2E2E5C4D6964646C657761726585
:10DD3000735C4672656552544F535C7461736B73C8
:10DD40002E6300004572726F723A2025732C2025D5
:10DD5000640D0A00C004002402480068401C014908
:10DD600008607047C404002410B52F48006818B13B
:10DD700001202E49086055E000202C4908602C48FD
:10DD800000682C490860084600682B4909688842E9
:10DD90000BD92A49096801F15800896D254A126892
:10DDA000254B1B68D21A11440160224800682249A1
:10DDB000086022480068006820490968096B8842A9
:10DDC00005D81E48016834310068FFF7CBFA1C48BB
:10DDD0000068B0FA80F0C0F11F0404EB8400194918
:10DDE00051F8200008B1012000E0002028B940F6D9
:10DDF000044215A11DA0CEF757FE04EB8401114A81
:10DE000002EB810041684968416000F10801426805
:10DE10008A4202D14168496841604168C968074A3D
:10DE2000116000BF10BD0000C4040024AC04002435
:10DE300008000024CC040024C80400248804002422
:10DE4000A00400240CD103242E2E5C2E2E5C4D69E0
:10DE500064646C6577617265735C46726565525483
:10DE60004F535C7461736B732E6300004572726F65
:10DE7000723A2025732C2025640D0A0070B50546E2
:10DE80000C462046D6F776FE064626B1012E08D06F
:10DE9000022E12D10BE00A4A0AA12846CEF714FE40
:10DEA0000CE0094A07A12846CEF70EFE06E0074A15
:10DEB00004A12846CEF708FE00E000BF00BF70BDF9
:10DEC0003E54060825730000375406082D540608F2
:10DED0000148006870470000FC0400241CB53F4C5A
:10DEE000204600780190FF202146087008460078FF
:10DEF00000909DF8000000F0F0009DF800108842AE
:10DF000001D1012000E0002028B940F24D1234A1D7
:10DF100043A0CEF7C9FD9DF8000000F01000444971
:10DF2000087007204349086009E042480068401E25
:10DF3000404908609DF800004006000E00909DF8E2
:10DF4000000000F080008028EFD03A480068C0F15F
:10DF50000700042801D1012000E0002028B940F288
:10DF600061121FA12EA0CEF79FFD32480068C0F1BC
:10DF70000700042801D1012000E0002028B94FF457
:10DF8000B57217A126A0CEF78FFD2A4800680002BF
:10DF9000284908600846008800F4E06008600F49DE
:10DFA000019808702448006840F470002249086015
:10DFB0000846006840F070400860FFF719FB002039
:10DFC0001E490860C2F798F91D48006840F04040BB
:10DFD0001B490860C2F77CF900201CBD00E400E08A
:10DFE0002E2E5C2E2E5C4D6964646C6577617265C3
:10DFF000735C4672656552544F535C706F72746106
:10E00000626C655C525644535C41524D5F434D37E0
:10E010005C723070315C706F72742E6300000000AF
:10E020004572726F723A2025732C2025640D0A0008
:10E03000E8040024EC04002420ED00E0E4040024C3
:10E0400034EF00E010B500BF102072B680F31188E5
:10E05000BFF34F8FBFF36F8F62B600BF00F036FD86
:10E0600018B14FF080500449086000BF002080F3D1
:10E07000118800BF10BD000004ED00E02DE9F04163
:10E0800004460126002722460021012000F008F85E
:10E0900005462846EFF7F4FA2846BDE8F08100006F
:10E0A0002DE9F84305460E4617460024E5B1601EEB
:10E0B000B0FBF5F0B04217D305FB06F010F1550F99
:10E0C00012D805FB06F909F15400EFF7A3FF044647
:10E0D0008CB1A04608F154083B46424631462846DA
:10E0E0000094EFF7DCFA06E02CB94FF4E37203A1D9
:10E0F0000BA0CEF7D9FC2046BDE8F8832E2E5C2E6F
:10E100002E5C4D6964646C6577617265735C467200
:10E11000656552544F535C71756575652E630000DB
:10E120004572726F723A2025732C2025640D0A0007
:10E130002DE9F04105460E4601272C462CB94FF437
:10E1400088722CA134A0CEF7AFFC002C42D0E06B3B
:10E1500000283FD04FF0FF31E06BB1FBF0F0216CB5
:10E16000884237D3FFF746F9D4E90F12206801FB44
:10E170000200A0600020A06320686060E06B401E89
:10E18000226C216800FB0211E160FF2084F844004A
:10E1900084F845009EB9206908B9012000E00020FC
:10E1A000A8B904F1100000F083FE80B14FF0805058
:10E1B0001D490860BFF34F8FBFF36F8F07E004F175
:10E1C0001000FFF7E1F804F12400FFF7DDF8FFF796
:10E1D00061F900E000270FB1012000E0002028B91C
:10E1E00040F2451203A10CA0CEF75EFC3846BDE814
:10E1F000F08100002E2E5C2E2E5C4D6964646C65EF
:10E2000077617265735C4672656552544F535C71F9
:10E21000756575652E6300004572726F723A202530
:10E22000732C2025640D0A0004ED00E02DE9FF4762
:10E2300082B0064688461D464FF0000934462CB988
:10E2400040F22E3264A16DA0CEF72EFCB8F1000F83
:10E2500001D1206C08B9012000E0002028B940F26B
:10E260002F325DA165A0CEF71FFC022D02D1E06B1D
:10E27000012801D1012000E0002028B94FF44C72A0
:10E2800055A15EA0CEF710FC00F00AFC08B9049876
:10E2900008B9012000E0002028B940F233324EA135
:10E2A00056A0CEF701FC00BFFFF7A4F8A06BE16B0E
:10E2B000884201D3022D3ED1D4F838A02A464146E7
:10E2C0002046EFF724F90746A06C88B1022D02D151
:10E2D000BAF1000F29D12046EFF72EFB28B34FF0FB
:10E2E00080504A490860BFF34F8FBFF36F8F1CE027
:10E2F000606A08B9012000E0002068B904F1240038
:10E3000000F0D6FD88B14FF0805040490860BFF35F
:10E310004F8FBFF36F8F08E03FB14FF080503B4904
:10E320000860BFF34F8FBFF36F8FFFF7B3F8012083
:10E3300006B0BDE8F087049818B9FFF7ABF80020E5
:10E34000F6E7B9F1000F04D16846FFF765FB4FF01F
:10E350000109FFF79FF8FFF7FFFCFFF74BF894F96F
:10E360004400401C10B9002084F8440094F9450092
:10E37000401C10B9002084F84500FFF78BF804A971
:10E38000684600F0F1FAF8B92046EFF7C6FAA8B1EE
:10E3900004F110000499FFF757FB2046EFF7F5FC56
:10E3A00000F02CFE00287FF47FAF4FF0805017491B
:10E3B0000860BFF34F8FBFF36F8F75E72046EFF70D
:10E3C000E4FC00F01BFE6FE72046EFF7DEFC00F0F8
:10E3D00015FE0020ACE700002E2E5C2E2E5C4D6951
:10E3E00064646C6577617265735C467265655254EE
:10E3F0004F535C71756575652E6300004572726FD1
:10E40000723A2025732C2025640D0A0004ED00E0EB
:10E410002DE9F04707460D463C462CB940F2AD4287
:10E4200038A141A0CEF740FB206C08B9012000E0E4
:10E43000002028B940F2B14232A13BA0CEF734FB14
:10E44000206808B9A06808B9012000E0002028B9B8
:10E4500040F2B6422BA134A0CEF726FBFFF7DCF842
:10E4600000BF1021EFF3118072B681F31188BFF362
:10E470004F8FBFF36F8F62B600BF0646D4F838A047
:10E48000E06B504535D994F945900AF10100A0633D
:10E4900009F10100C0B9A06C38B12046EFF74CFA81
:10E4A00020B31DB30120286020E0606A08B9012074
:10E4B00000E00020D0B904F1240000F0F9FCA8B17C
:10E4C000A5B10120286011E0B9F17F0F01D0012032
:10E4D00000E0002028B940F235520AA112A0CEF780
:10E4E000E3FA09F1010040B284F845004FF0010859
:10E4F00001E04FF0000800BF86F3118800BF4046DE
:10E50000BDE8F0872E2E5C2E2E5C4D6964646C6530
:10E5100077617265735C4672656552544F535C71E6
:10E52000756575652E6300004572726F723A20251D
:10E53000732C2025640D0A0070B505462C462CB9B5
:10E5400040F283220CA115A0CEF7AEFA00F0A2FA99
:10E55000A16888420CD1E068401EE060E06828B9FC
:10E5600000231A4619462046FFF760FE012600E008
:10E570000026304670BD00002E2E5C2E2E5C4D69AC
:10E5800064646C6577617265735C4672656552544C
:10E590004F535C71756575652E6300004572726F2F
:10E5A000723A2025732C2025640D0A002DE9F741CD
:10E5B00083B005460E464FF000082C462CB940F2B9
:10E5C00051524CA154A0CEF76FFA0EB9206C08B985
:10E5D000012000E0002028B940F2555245A14EA08C
:10E5E000CEF762FA00F05CFA08B9059808B9012084
:10E5F00000E0002028B940F25A523EA146A0CEF7D2
:10E6000053FA00BFFEF7F6FEA76BF7B1314620467E
:10E61000EEF768FF781EA063206908B9012000E0CA
:10E62000002060B904F1100000F042FC38B14FF056
:10E6300080503D490860BFF34F8FBFF36F8FFEF7E7
:10E6400029FF012006B0BDE8F081059818B9FEF752
:10E6500021FF0020F6E7B8F1000F04D101A8FFF771
:10E66000DBF94FF00108FEF715FFFFF775FBFEF72A
:10E67000C1FE94F94400401C10B9002084F8440005
:10E6800094F94500401C10B9002084F84500FEF7BD
:10E6900001FF05A901A800F067F9F0B92046EFF7DE
:10E6A0002FF9A0B104F124000599FFF7CDF9204618
:10E6B000EFF76BFB00F0A2FC0028A3D14FF08050D5
:10E6C00019490860BFF34F8FBFF36F8F9AE7204659
:10E6D000EFF75BFB00F092FC94E72046EFF755FB69
:10E6E00000F08CFC2046EFF70BF900288AD00020C0
:10E6F000A8E700002E2E5C2E2E5C4D6964646C65CC
:10E7000077617265735C4672656552544F535C71F4
:10E71000756575652E6300004572726F723A20252B
:10E72000732C2025640D0A0004ED00E02DE9F3416F
:10E7300082B005464FF000082C4600262CB940F266
:10E74000E3525DA165A0CEF7AFF9206C08B90120B6
:10E7500000E0002028B940F2E75257A15FA0CEF7B1
:10E76000A3F900F09DF908B9039808B9012000E069
:10E77000002028B940F2EC524FA158A0CEF794F9EE
:10E7800000BFFEF737FEA76BFFB1781EA0632068BD
:10E7900010B9EFF709FDA060206908B9012000E079
:10E7A000002060B904F1100000F082FB38B14FF096
:10E7B00080504E490860BFF34F8FBFF36F8FFEF755
:10E7C00069FE012004B0BDE8F081039870B90EB96C
:10E7D000012000E0002028B940F2326236A13FA0BB
:10E7E000CEF762F9FEF756FE0020EBE7B8F1000F16
:10E7F00004D16846FFF710F94FF00108FEF74AFE12
:10E80000FFF7AAFAFEF7F6FD94F94400401C10B990
:10E81000002084F8440094F94500401C10B9002001
:10E8200084F84500FEF736FE03A9684600F09CF820
:10E8300040BB2046EFF764F8F0B1206838B9FEF726
:10E84000D9FDA06800F0BEFA0646FEF723FE04F1EB
:10E8500024000399FFF7F8F82046EFF796FA00F046
:10E86000CDFB00288DD14FF0805020490860BFF3C8
:10E870004F8FBFF36F8F84E72046EFF786FA00F0E3
:10E88000BDFB7EE72046EFF780FA00F0B7FB20469D
:10E89000EFF736F80028EED05EB1FEF7ABFD20466C
:10E8A000EEF77DFE07463946A068FFF745F9FEF70B
:10E8B000F1FD002086E700002E2E5C2E2E5C4D69B7
:10E8C00064646C6577617265735C46726565525409
:10E8D0004F535C71756575652E6300004572726FEC
:10E8E000723A2025732C2025640D0A0004ED00E007
:10E8F0002DE9F04106460F4634462CB940F2BB22C2
:10E900000CA115A0CEF7D0F800F0C4F8A168884299
:10E9100004D1E068401CE060012508E0394620464B
:10E92000FFF704FF054615B1E068401CE06028468B
:10E93000BDE8F0812E2E5C2E2E5C4D6964646C6502
:10E9400077617265735C4672656552544F535C71B2
:10E95000756575652E6300004572726F723A2025E9
:10E96000732C2025640D0A0070B506460C462EB99E
:10E9700040F6FF421FA128A0CEF796F82CB94FF41D
:10E9800050621CA124A0CEF78FF8FEF733FD264875
:10E9900002687068131A2548006890F8610030B169
:10E9A00000202249096881F8610001251EE02068E5
:10E9B000401C08B9002519E01D49306809688842E3
:10E9C00006D07068904203D80125002020600DE039
:10E9D0002068984207D92068C01A20603046FFF7A7
:10E9E0001BF8002502E0002020600125FEF752FD03
:10E9F000284670BD2E2E5C2E2E5C4D6964646C65BD
:10EA000077617265735C4672656552544F535C74EE
:10EA100061736B732E6300004572726F723A20252A
:10EA2000732C2025640D0A009C0400248804002413
:10EA3000B00400242DE9FF4F85B080468946174673
:10EA4000DDE912ABB800EFF7E5FA064656B16420EF
:10EA5000EFF7E0FA04460CB1266304E03046FEF717
:10EA60005BFD00E000247CB10020CDE900ABCDE9E6
:10EA700002403A4649464046089BEEF727FE2046AC
:10EA8000EEF764FC012501E04FF0FF35284609B0A0
:10EA9000BDE8F08F01490868704700008804002431
:10EAA0000549096809B9012005E00449096809B95F
:10EAB000022000E000207047A4040024C4040024C5
:10EAC00001490868704700009C0400242DE9F041CA
:10EAD0004FF000085F48006800287DD15E4800685C
:10EAE000451C5D480560002D1DD15C48006800682C
:10EAF00008B9012000E0002028B940F6C92258A139
:10EB000060A0CDF7D1FF55480768624800685349B7
:10EB100008606048076060480068401C5E49086003
:10EB2000EFF792F800BF5D480068854277D300BFD9
:10EB30004A480068006808B9012000E0002020B1C0
:10EB40004FF0FF305549086068E044480068C068ED
:10EB5000C4686668B54202D2504806605EE06069EB
:10EB6000D4E902128A60D4E902214A60211D426878
:10EB70008A4201D1E1684160002262610168491E58
:10EB80000160A06A98B1A06AD4E907128A60D4E94A
:10EB900007214A6004F1180142688A4201D1216AC2
:10EBA00041600022A2620168491E016000BF94F822
:10EBB0002C10012088403A49096808433849086008
:10EBC000E16A01EB8101374A02EB81014868A060EC
:10EBD0008268E260211D00E033E08268516081605C
:10EBE000E16A01EB81012F4A02EB81026261E16A75
:10EBF00001EB81012B4A52F82110491CE26A02EB19
:10EC00008202284B43F822102749E06A0968C96A42
:10EC100088428DD34FF001088AE700E000BF224808
:10EC20000068C06A00EB80001E4951F820000128EE
:10EC300001D94FF001081D48006808B14FF00108E4
:10EC400004E01B480068401C194908604046BDE8C4
:10EC5000F0810000C40400249C0400248C040024DF
:10EC60002E2E5C2E2E5C4D6964646C657761726536
:10EC7000735C4672656552544F535C7461736B7379
:10EC80002E6300004572726F723A2025732C202586
:10EC9000640D0A0090040024B0040024B804002489
:10ECA000A00400240CD1032488040024AC04002414
:10ECB000A804002470B505462C460026002D5ED021
:10ECC00030480068844201D1012000E0002028B9CA
:10ECD00041F251022CA135A0CDF7E6FE606D28B9B6
:10ECE00041F2520228A131A0CDF7DEFE606D401E38
:10ECF0006065216DE06A884241D0606D00283ED198
:10ED0000201DFEF71BFB40B994F82C100120884011
:10ED10002A490968814329480160206DE062E06A60
:10ED2000C0F12000A06194F82C10012088402349F4
:10ED30000968084321490860E16A01EB8101204A22
:10ED400002EB81014868A0608268E260211D826850
:10ED500051608160E16A01EB8101194A02EB810295
:10ED60006261E16A01EB8101154A52F82110491CE8
:10ED7000E26A02EB8202124B43F82210012630466F
:10ED800070BD0000880400242E2E5C2E2E5C4D6980
:10ED900064646C6577617265735C46726565525434
:10EDA0004F535C7461736B732E6300004572726F16
:10EDB000723A2025732C2025640D0A00A00400243B
:10EDC0000CD1032470B505462C460026002D67D0D3
:10EDD0003449E06A0968C96A88425AD2A06900F0D9
:10EDE000004028B92F480068C06AC0F12000A06127
:10EDF000E16A01EB81012C4A02EB810160698842E2
:10EE000001D1012000E00020E0B3201DFEF796FABA
:10EE100040B994F82C1001208840244909688143A6
:10EE2000224801601F480068C06AE06294F82C1014
:10EE3000012088401D49096808431C490860E16AAF
:10EE400001EB8101184A02EB81014868A0608268E9
:10EE5000E260211D826851608160E16A01EB8101FD
:10EE6000114A02EB81026261E16A01EB81010E4A03
:10EE700052F82110491CE26A02EB82020A4B43F865
:10EE8000221004E0FFE707480068C06AE06201263C
:10EE900006E00449206D0968C96A884200D201264B
:10EEA000304670BD880400240CD10324A004002443
:10EEB00070B50646F068C4682CB940F684423CA19F
:10EEC00044A0CDF7F1FDA06AD4E907128A60D4E925
:10EED00007214A6004F1180142688A4201D1216A7F
:10EEE00041600022A2620168491E01603D4800683D
:10EEF00000283DD16069D4E902128A60D4E9022178
:10EF00004A60211D42688A4201D1E16841600022C5
:10EF100062610168491E016094F82C10012088404C
:10EF200031490968084330490860E16A01EB810111
:10EF30002E4A02EB81014868A0608268E260211DD0
:10EF4000826851608160E16A01EB8101274A02EB2E
:10EF500081026261E16A01EB8101244A52F82110C9
:10EF6000491CE26A02EB8202204B43F8221010E0B7
:10EF70001F494868E0618268226204F118018268D2
:10EF8000516081601A4AA26211460968491C1160E9
:10EF900000BF1849E06A0968C96A884204D9012596
:10EFA00001201549086000E00025284670BD0000DA
:10EFB0002E2E5C2E2E5C4D6964646C6577617265E3
:10EFC000735C4672656552544F535C7461736B7326
:10EFD0002E6300004572726F723A2025732C202533
:10EFE000640D0A00C4040024A00400240CD10324EE
:10EFF000B4D3032488040024AC04002470B5002496
:10F0000000265048006828B940F6B5024EA157A026
:10F01000CDF74AFDFEF7EEF94A480068401E49491F
:10F0200008600846006800287ED15448006800281F
:10F030007AD05BE05248C068C468A06AD4E907127D
:10F040008A60D4E907214A6004F1180142688A42C3
:10F0500001D1216A41600022A2620168491E01605B
:10F060006069D4E902128A60D4E902214A60211D54
:10F0700042688A4201D1E168416000226261016810
:10F08000491E016094F82C10012088403D49096810
:10F0900008433C490860E16A01EB81013A4A02EB0E
:10F0A00081014868A0608268E260211D8268516029
:10F0B0008160E16A01EB8101334A02EB8102626106
:10F0C000E16A01EB8101304A52F82110491CE26AE1
:10F0D00002EB82022C4B43F822102C49E06A0968AB
:10F0E000C96A884202D3012029490860244800687F
:10F0F00008B9012000E0002000289BD00CB1EEF7F9
:10F10000A3FD2448056865B100BFFFF7DFFC10B11F
:10F1100001201F4908606D1E002DF6D100201D49F9
:10F1200008601B48006800E008E038B1012630079D
:10F1300019490860BFF34F8FBFF36F8FFEF7AAF92D
:10F14000304670BDC40400242E2E5C2E2E5C4D690A
:10F1500064646C6577617265735C46726565525470
:10F160004F535C7461736B732E6300004572726F52
:10F17000723A2025732C2025640D0A00980400247F
:10F18000B4D30324A00400240CD103248804002455
:10F19000AC040024A804002404ED00E01CB5002405
:10F1A000EEF74AF90B48006858B10B481F210023BD
:10F1B0004FF48072CDE9001008A10A48FFF73AFC2D
:10F1C00004462CB940F2191207A110A0CDF76CFC2F
:10F1D00020461CBDD8040024DC040024546D722099
:10F1E0005376630071DD04082E2E5C2E2E5C4D6973
:10F1F00064646C6577617265735C467265655254D0
:10F200004F535C74696D6572732E63004572726F43
:10F21000723A2025732C2025640D0A00000000009E
:10F22000010203040102030406070809E697A0E8A7
:10F23000BF9EE68EA500E69C89E7BABFE5B7B2E8B7
:10F24000BF9EE68EA500E697A0E7BABFE5B7B2E895
:10F25000BF9EE68EA50020E5B7B2E68C82E8BDBD74
:10F26000200020E69CAAE68C82E8BDBD2000E69F37
:10F27000A5E689BEE4BFA1E58FB72000E69FA5E61D
:10F2800089BE53494D2000E6B3A8E5868CE7BD91C1
:10F29000E7BB9C2000E5908CE6ADA5E697B6E99724
:10F2A000B42000E6A8A1E59D97E5889DE5A78BE53C
:10F2B0008C962000E6BF80E6B4BBE7BD91E7BB9C1F
:10F2C00000E69FA5E8AFA2E58D8FE8AEAEE6A08888
:10F2D00000E69FA5E8AFA2E68BA8E58FB7E78AB660
:10F2E000E680810019C9020859CA02085599020826
:10F2F00079C9020800002042000048420000204274
:10F30000000048426C5606080600000044560608F5
:10F31000110000006C56060806000000585606084A
:10F320001000000000316253C4F5A697B988DBEAEB
:10F330007D4C1F2E4372211087B6E5D4FACB98A9D5
:10F340003E0F5C6D86B7E4D5427320113F0E5D6CB5
:10F35000FBCA99A8C5F4A796013063527C4D1E2FB5
:10F36000B889DAEB3D0C5F6EF9C89BAA84B5E6D785
:10F37000407122137E4F1C2DBA8BD8E9C7F6A59495
:10F3800003326150BB8AD9E87F4E1D2C0233605195
:10F39000C6F7A495F8C99AAB3C0D5E6F4170231275
:10F3A00085B4E7D67A4B1829BE8FDCEDC3F2A19065
:10F3B0000736655439085B6AFDCC9FAE80B1E2D355
:10F3C00044752617FCCD9EAF38095A6B4574271635
:10F3D00081B0E3D2BF8EDDEC7B4A19280637645535
:10F3E000C2F3A0914776251483B2E1D0FECF9CAD45
:10F3F0003A0B586904356657C0F1A293BD8CDFEE15
:10F4000079481B2AC1F0A3920534675678491A2B14
:10F41000BC8DDEEF82B3E0D1467724153B0A5968F4
:10F42000FFCE9DAC00316253C4F5A697B988DBEAE4
:10F430007D4C1F2E4372211087B6E5D4FACB98A9D4
:10F440003E0F5C6D86B7E4D5427320113F0E5D6CB4
:10F45000FBCA99A8C5F4A796013063527C4D1E2FB4
:10F46000B889DAEB3D0C5F6EF9C89BAA84B5E6D784
:10F47000407122137E4F1C2DBA8BD8E9C7F6A59494
:10F4800003326150BB8AD9E87F4E1D2C0233605194
:10F49000C6F7A495F8C99AAB3C0D5E6F4170231274
:10F4A00085B4E7D67A4B1829BE8FDCEDC3F2A19064
:10F4B0000736655439085B6AFDCC9FAE80B1E2D354
:10F4C00044752617FCCD9EAF38095A6B4574271634
:10F4D00081B0E3D2BF8EDDEC7B4A19280637645534
:10F4E000C2F3A0914776251483B2E1D0FECF9CAD44
:10F4F0003A0B586904356657C0F1A293BD8CDFEE14
:10F5000079481B2AC1F0A3920534675678491A2B13
:10F51000BC8DDEEF82B3E0D1467724153B0A5968F3
:10F52000FFCE9DAC00070E091C1B1215383F36316B
:10F5300024232A2D70777E796C6B6265484F464193
:10F5400054535A5DE0E7EEE9FCFBF2F5D8DFD6D183
:10F55000C4C3CACD90979E998C8B8285A8AFA6A173
:10F56000B4B3BABDC7C0C9CEDBDCD5D2FFF8F1F663
:10F57000E3E4EDEAB7B0B9BEABACA5A28F88818653
:10F5800093949D9A2720292E3B3C35321F18111643
:10F5900003040D0A5750595E4B4C45426F68616633
:10F5A00073747D7A898E878095929B9CB1B6BFB823
:10F5B000ADAAA3A4F9FEF7F0E5E2EBECC1C6CFC813
:10F5C000DDDAD3D4696E676075727B7C51565F5803
:10F5D0004D4A4344191E171005020B0C21262F28F3
:10F5E0003D3A33344E49404752555C5B7671787FE3
:10F5F0006A6D64633E39303722252C2B0601080FD3
:10F600001A1D1413AEA9A0A7B2B5BCBB9691989FC2
:10F610008A8D8483DED9D0D7C2C5CCCBE6E1E8EFB2
:10F62000FAFDF4F300C1814001C0804101C0804176
:10F6300000C1814001C0804100C1814000C18140C2
:10F6400001C0804101C0804100C1814000C18140B2
:10F6500001C0804100C1814001C0804101C08041A2
:10F6600000C1814001C0804100C1814000C1814092
:10F6700001C0804100C1814001C0804101C0804182
:10F6800000C1814000C1814001C0804101C0804172
:10F6900000C1814001C0804100C1814000C1814062
:10F6A00001C0804101C0804100C1814000C1814052
:10F6B00001C0804100C1814001C0804101C0804142
:10F6C00000C1814000C1814001C0804101C0804132
:10F6D00000C1814001C0804100C1814000C1814022
:10F6E00001C0804100C1814001C0804101C0804112
:10F6F00000C1814001C0804100C1814000C1814002
:10F7000001C0804101C0804100C1814000C18140F1
:10F7100001C0804100C1814001C0804101C08041E1
:10F7200000C1814000C0C101C30302C2C60607C7B1
:10F7300005C5C404CC0C0DCD0FCFCE0E0ACACB0B21
:10F74000C90908C8D81819D91BDBDA1A1EDEDF1F51
:10F75000DD1D1CDC14D4D515D71716D6D21213D341
:10F7600011D1D010F03031F133F3F23236F6F737F1
:10F77000F53534F43CFCFD3DFF3F3EFEFA3A3BFBE1
:10F7800039F9F83828E8E929EB2B2AEAEE2E2FEF91
:10F790002DEDEC2CE42425E527E7E62622E2E32301
:10F7A000E12120E0A06061A163A3A26266A6A76731
:10F7B000A56564A46CACAD6DAF6F6EAEAA6A6BABA1
:10F7C00069A9A86878B8B979BB7B7ABABE7E7FBFD1
:10F7D0007DBDBC7CB47475B577B7B67672B2B373C1
:10F7E000B17170B050909151935352929656579771
:10F7F000559594549C5C5D9D5F9F9E5E5A9A9B5B61
:10F8000099595898884849894B8B8A4A4E8E8F4F10
:10F810008D4D4C8C44848545874746868242438380
:10F820004181804000030306010406020500030530
:10F830000006101600061016010002000400060063
:10F8400008000A000C0010002000400080000001A9
:10F850000000000F00000000000000000000000099
:10F860000000000000000000000000000000000098
:10F87000000000000000000F000000000000000079
:10F880000000000000000000000000000000000078
:10F890000000000000000000000101010000000065
:10F8A000FFFFFFFFFFFFFFFF000000000000000060
:10F8B0000000000000000000010000000000000047
:10F8C00000000000FFFFFFFFFFFFFFFF0000000040
:10F8D0000000000000000000010000000000000027
:10F8E0000100000000000000000000000000000017
:10F8F000000000000000000000000000FFFFFFFF0C
:10F90000000000000000000008FC0F600000000084
:10F9100008FC0F6000000000000000000000000074
:10F9200000000000000000000000000000000000D7
:10F9300000000000000000000000000000000000C7
:10F9400000000000000000000000000000000000B7
:10F9500000000000010000000000000000000000A6
:10F960000000000000000000000000000000000097
:10F970000000000000000000000000000000000087
:10F980000000000000000000000000000000000077
:10F990000000000000000000000000000000020065
:10F9A0000000000000000000000000000000000057
:10F9B0000000000000001040000000000800F00FF0
:10F9C0005857060818001020000000000000000032
:10F9D0000100000000000000000000000000000026
:10F9E0000000000000000000000000000000000017
:10F9F0000100000000000000585706080800000041
:10FA000000000000000000000000000000000000F6
:10FA100000000000000000000000000001000000E5
:10FA200000000000000000000000000000000000D6
:10FA300000000000000000010000000001000000C4
:10FA4000000000000000000008FC0F600000000043
:10FA500000000000610A04083D0A0408290A04089D
:10FA6000850A0408000100000001000000100000E9
:10FA700000080000F4010000000100000001000087
:10FA80000000000000000000000000000000000076
:10FA90000000000000000000000000000000000066
:10FAA0006410B71DC8206E3BAC30D9269041DC767F
:10FAB000F4516B6B5861B24D3C7105502083B8ED29
:10FAC00044930FF0E8A3D6D68CB361CBB0C2649B4D
:10FAD000D4D2D38678E20AA01CF2BDBD0004000097
:10FAE00040000000000001000000000000000000D5
:10FAF0000C000000690000000B0000007100000015
:10FB000073000000160000000B00000062000000FF
:10FB1000720000006A0000006B000000FFFFFFFFA2
:10FB200067000000680000006B0000000500000096
:10FB30001C0004009B3903249402002428000400C4
:10FB40000E3A03249802002498000400B13A0324DA
:10FB50009C0200241C000200143D0324A002002487
:10FB6000100078004F3D0324A4020024200005006B
:10FB7000D2440324A802002418000F007545032472
:10FB8000AC02002410000200E0460324B00200246E
:10FB90002C00040003470324B402002410000800D2
:10FBA000B6470324B8020024100008003948032493
:10FBB000BC02002410000800BC480324C00200243A
:10FBC000100006003F490324C40200243401010050
:10FBD000A2490324C802002410000F00D94A0324BC
:10FBE000CC020024FC051400CC4B0324D0020024DA
:10FBF00030FB05083CFB050848FB050854FB0508DD
:10FC000060FB05086CFB050878FB050884FB05080C
:10FC100090FB05089CFB0508A8FB0508B4FB05083C
:10FC2000C0FB0508CCFB0508D8FB0508E4FB05086C
:10FC30001858060840580608605806082058060854
:10FC40000C580608F45706080058060854580608C9
:10FC50002C580608345806084858060801020304C0
:10FC600005060707070707070703060C1830607823
:10FC7000F0020024EC020024F4020024F802002424
:10FC8000FA00000045B30508E8030000E9F903089D
:10FC9000E80300003D7703086400000079E10308F1
:10FCA000E8030000BB590308050000000000000045
:10FCB000FFFFFFFFFFFFFFFFFFFF0000000000004E
:10FCC00014000A00E4C40324740300242F696E6442
:10FCD00065782E7368746D6C0000000048545450B1
:10FCE0002F312E3020323030204F4B0D0A536572A9
:10FCF0007665723A206C7749502F312E332E3120A1
:10FD000028687474703A2F2F736176616E6E616823
:10FD10002E6E6F6E676E752E6F72672F70726F6AC0
:10FD2000656374732F6C776970290D0A436F6E7465
:10FD3000656E742D747970653A20746578742F68D7
:10FD4000746D6C0D0A457870697265733A2046725D
:10FD5000692C20313020417072203230303820310F
:10FD6000343A30303A303020474D540D0A507261E9
:10FD7000676D613A206E6F2D63616368650D0A0DD2
:10FD80000A3C68746D6C206C616E673D227A682D48
:10FD9000434E223E0D0A202020203C686561643ECF
:10FDA0000D0A20202020202020203C6D6574612039
:10FDB000687474702D65717569763D22436F6E7439
:10FDC000656E742D547970652220636F6E74656E54
:10FDD000743D22746578742F68746D6C3B20636881
:10FDE00061727365743D75746638222F3E0D0A206A
:10FDF000202020202020203C7374796C653E0D0A61
:10FE00002020202020202020202020202E666C650D
:10FE1000787B0D0A20202020202020202020202058
:10FE200020202020666C65782D666C6F773A726FA3
:10FE30007720777261703B0D0A202020202020203F
:10FE4000202020202020202020646973706C61799C
:10FE50003A20666C65783B0D0A2020202020202067
:10FE600020202020202020202077696474683A20F8
:10FE7000313030253B0D0A2020202020202020205A
:10FE8000202020202020206865696768743A20318E
:10FE90003030253B0D0A202020202020202020204B
:10FEA00020207D0D0A20202020202020202020201E
:10FEB000200D0A2020202020202020202020202A61
:10FEC0007B0D0A2020202020202020202020202000
:10FED0002020206D617267696E3A20303B0D0A2048
:10FEE00020202020202020202020202020202070C2
:10FEF000616464696E673A20303B0D0A202020203F
:10FF0000202020202020202020202020626F782DFB
:10FF100073697A696E673A626F726465722D626F97
:10FF2000783B0D0A20202020202020202020202087
:10FF300020202020637572736F723A20706F696E93
:10FF40007465723B0D0A0D0A2020202020202020FD
:10FF5000202020207D0D0A2020202020202020206D
:10FF60002020200D0A2020202020202020202020BA
:10FF7000202E737769746368207B0D0A202020206F
:10FF8000202020202020202020202020706F736936
:10FF900074696F6E3A2072656C61746976653B0DA9
:10FFA0000A20202020202020202020202020202067
:10FFB00020646973706C61793A20696E6C696E6552
:10FFC0002D626C6F636B3B0D0A20202020202020C7
:10FFD00020202020202020202077696474683A2087
:10FFE000363070783B0D0A20202020202020202051
:10FFF000202020202020206865696768743A20331B
:020000040806EC
:100000003470783B0D0A2020202020202020202042
:100010002020202020206D617267696E2D6C65663E
:10002000743A20313070783B0D0A202020202020A7
:100030002020202020207D0D0A202020202020208C
:1000400020202020202E73776974636820696E70E9
:100050007574207B646973706C61793A6E6F6E653C
:100060003B7D0D0A0D0A202020202020202020206A
:1000700020202E736C69646572207B0D0A2020207D
:1000800020202020202020202020202020706F737E
:100090006974696F6E3A206162736F6C7574653B49
:1000A0000D0A202020202020202020202020202079
:1000B0002020637572736F723A20706F696E746579
:1000C000723B0D0A202020202020202020202020EC
:1000D00020202020746F703A20303B0D0A20202011
:1000E000202020202020202020202020206C656639
:1000F000743A20303B0D0A20202020202020202090
:100100002020202020202072696768743A20303B2C
:100110000D0A202020202020202020202020202008
:100120002020626F74746F6D3A20303B0D0A2020DE
:10013000202020202020202020202020202062613C
:10014000636B67726F756E642D636F6C6F723A20AC
:10015000236363633B0D0A202020202020202020E1
:10016000202020202020202D7765626B69742D745B
:1001700072616E736974696F6E3A202E34733B0D31
:100180000A20202020202020202020202020202085
:10019000207472616E736974696F6E3A202E3473C5
:1001A0003B0D0A2020202020202020202020207D00
:1001B0000D0A0D0A20202020202020202020202091
:1001C0002E736C696465723A6265666F7265207B36
:1001D0000D0A202020202020202020202020202048
:1001E0002020706F736974696F6E3A206162736F5B
:1001F0006C7574653B0D0A202020202020202020D3
:1002000020202020202020636F6E74656E743A20B9
:1002100022223B0D0A2020202020202020202020E8
:1002200020202020206865696768743A2032367083
:10023000783B0D0A20202020202020202020202074
:100240002020202077696474683A20323670783B29
:100250000D0A2020202020202020202020202020C7
:1002600020206C6566743A203470783B0D0A20209B
:100270002020202020202020202020202020626FED
:1002800074746F6D3A203470783B0D0A2020202062
:100290002020202020202020202020206261636B4D
:1002A00067726F756E642D636F6C6F723A2077683A
:1002B0006974653B0D0A202020202020202020206A
:1002C0002020202020202D7765626B69742D7472A8
:1002D000616E736974696F6E3A202E34733B0D0A38
:1002E000202020202020202020202020202020200E
:1002F0007472616E736974696F6E3A202E34733B49
:100300000D0A2020202020202020202020207D0DCC
:100310000A0D0A20202020202020202020202069D3
:100320006E7075743A636865636B6564202B202E6C
:10033000736C69646572207B0D0A202020202020C8
:10034000202020202020202020206261636B677203
:100350006F756E642D636F6C6F723A202332313982
:100360003646333B0D0A202020202020202020204C
:1003700020207D0D0A0D0A20202020202020202072
:10038000202020696E7075743A666F637573202B38
:10039000202E736C69646572207B0D0A202020205A
:1003A000202020202020202020202020626F782D57
:1003B000736861646F773A20302030203170782084
:1003C000233231393646333B0D0A202020202020AD
:1003D0002020202020207D0D0A0D0A202020202012
:1003E00020202020202020696E7075743A63686593
:1003F000636B6564202B202E736C696465723A62AE
:1004000065666F7265207B0D0A2020202020202049
:100410002020202020202020202D7765626B697409
:100420002D7472616E73666F726D3A207472616EB4
:10043000736C617465582832367078293B0D0A2038
:100440002020202020202020202020202020202D9F
:100450006D732D7472616E73666F726D3A20747273
:10046000616E736C617465582832367078293B0D63
:100470000A20202020202020202020202020202092
:10048000207472616E73666F726D3A207472616E61
:10049000736C617465582832367078293B0D0A20D8
:1004A00020202020202020202020207D0D0A0D0A41
:1004B0002020202020202020202020202E736C6946
:1004C0006465722E726F756E64207B0D0A20202089
:1004D00020202020202020202020202020626F7239
:1004E0006465722D7261646975733A203334707873
:1004F0003B0D0A2020202020202020202020207DAD
:100500000D0A0D0A2020202020202020202020203D
:100510002E736C696465722E726F756E643A6265D3
:10052000666F7265207B0D0A20202020202020206D
:100530002020202020202020626F726465722D729E
:1005400061646975733A203530253B0D0A202020FF
:100550002020202020202020207D0D0A2020202067
:1005600020202020202020200D0A202020202020B4
:100570002020202020202E6E61767B0D0A20202056
:1005800020202020202020202020202020666F6E88
:10059000742D73697A653A20343070783B0D0A0DFA
:1005A0000A2020202020202020202020207D0D0A2D
:1005B0002020202020202020202020200D0A202064
:1005C000202020202020202020202E626C75657B9A
:1005D0000D0A202020202020202020202020202044
:1005E00020206261636B67726F756E643A202330FE
:1005F0003066393B0D0A202020202020202020209A
:1006000020207D0D0A2020202020202020202020B6
:10061000200D0A20202020202020202020202062C1
:100620007574746F6E7B0D0A2020202020202020FE
:10063000202020202020202070616464696E673AA9
:1006400020313070783B0D0A2020202020202020EF
:10065000202020202020202077696474683A2033ED
:10066000303070783B0D0A0D0A20202020202020F9
:1006700020202020207D0D0A202020202020202046
:10068000202020200D0A2020202020202020202093
:10069000202023636F6E74656E747B0D0A2020200A
:1006A000202020202020202020202020206469736A
:1006B000706C61793A20666C65783B0D0A202020C9
:1006C00020202020202020202020202020666C6553
:1006D000782D646972656374696F6E3A20636F6C1C
:1006E000756D6E3B0D0A2020202020202020202028
:1006F000202020202020616C69676E2D6974656D53
:10070000733A2063656E7465723B0D0A20202020C9
:1007100020202020202020202020202070616464C0
:10072000696E672D746F703A20323070783B0D0A15
:1007300020202020202020202020202020202020B9
:100740006F766572666C6F772D793A206175746F7C
:100750003B0D0A2020202020202020202020207D4A
:100760000D0A0D0A202020202020202020202020DB
:10077000236C6F67696E736861646F7B0D0A20205C
:1007800020202020202020202020202020206469DC
:1007900073706C61793A20666C65783B0D0A202095
:1007A0002020202020202020202020202020666CB7
:1007B00065782D646972656374696F6E3A20636F42
:1007C0006C756D6E3B0D0A202020202020202020FB
:1007D00020202020202020616C69676E2D697465BF
:1007E0006D733A2063656E7465723B0D0A0D0A20C5
:1007F00020202020202020202020202020202070A9
:10080000616464696E672D746F703A2031303070A6
:10081000783B0D0A2020202020202020202020208E
:100820002020202077696474683A20313030253BDD
:100830000D0A2020202020202020202020202020E1
:1008400020206865696768743A20313030253B0D97
:100850000A202020202020202020202020202020AE
:10086000206261636B67726F756E643A202330306B
:1008700030663B0D0A202020202020202020202030
:100880002020202020706F736974696F6E3A206693
:10089000697865643B0D0A2020202020202020203C
:1008A00020202020202020646973706C61793A2018
:1008B000666C65783B0D0A20202020202020202017
:1008C0002020207D0D0A20202020202020202020F4
:1008D00020200D0A20202020202020202020202041
:1008E000236C6F67696E7B0D0A202020202020205A
:1008F000202020202020202020646973706C6179E2
:100900003A20666C65783B0D0A20202020202020AC
:10091000202020202020202020666C65782D64690E
:1009200072656374696F6E3A20636F6C756D6E3BB0
:100930000D0A2020202020202020202020202020E0
:100940002020616C69676E2D6974656D733A206350
:10095000656E7465723B0D0A202020202020202027
:1009600020202020202020206261636B67726F7539
:100970006E643A20236666663B0D0A202020202004
:1009800020202020202020202020207769647468E7
:100990003A2036303070783B0D0A2020202020206D
:1009A000202020202020202020206865696768748E
:1009B0003A2034303070783B0D0A2020202020204F
:1009C000202020202020202020206A757374696652
:1009D000792D636F6E74656E743A2063656E74650D
:1009E000723B0D0A202020202020202020202020C3
:1009F0007D0D0A2020202020202020202020200DD6
:100A00000A2020202020202020202020202E667256
:100A10006F6D207B0D0A2020202020202020202008
:100A2000202020202020646973706C61793A206650
:100A30006C65783B0D0A20202020202020202020DB
:100A40002020202020206D617267696E3A203230AC
:100A5000707820303B0D0A202020202020202020EC
:100A60002020202020202077696474683A203435C3
:100A70003070783B0D0A20202020202020202020CC
:100A8000202020202020616C69676E2D6974656DBF
:100A9000733A2063656E7465723B0D0A2020202036
:100AA00020202020202020207D0D0A0D0A2020203B
:100AB0002020202020202020202E66726F6D2073A1
:100AC00070616E7B0D0A2020202020202020202015
:100AD00020202020206D696E2D77696474683A208B
:100AE00031353070783B0D0A202020202020202036
:100AF00020202020202020746578742D616C696787
:100B00006E3A206C6566743B0D0A20202020202060
:100B100020202020202020202077686974652D73F4
:100B2000706163653A206E6F777261703B0D0A20C9
:100B300020202020202020202020207D0D0A202081
:100B4000202020202020202020200D0A20202020CE
:100B50002020202020202020696E7075742C736561
:100B60006C656374207B0D0A20202020202020202B
:100B7000202020202020202077696474683A2032C9
:100B8000303070783B0D0A202020202020202020AB
:100B9000202020202020206865696768743A20336F
:100BA0003070783B0D0A202020202020202020209B
:100BB0002020202020206D617267696E2D6C656693
:100BC000743A2032253B0D0A2020202020202020AE
:100BD000202020202020202070616464696E672D11
:100BE0006C6566743A203570783B0D0A2020202011
:100BF000202020202020202020202020626F7264CE
:100C000065722D7261646975733A203370783B0D9B
:100C10000A202020202020202020202020202020EA
:100C200020626F726465723A2031707820736F6C45
:100C3000696420233931393139313B0D0A202020B4
:100C40002020202020202020207D0D0A2020202070
:100C5000202020203C2F7374796C653E0D0A2020E3
:100C600020203C2F686561643E0D0A202020203C36
:100C7000626F64793E0D0A20202020202020203C35
:100C80006469762069643D226170702220636C6122
:100C900073733D22666C6578223E0D0A2020202069
:100CA00020202020202020203C6469762073747945
:100CB0006C653D2277696474683A313030253B6851
:100CC00065696768743A2037253B626F72646572A4
:100CD0002D626F74746F6D3A2031707820736F6C71
:100CE000696420233030303B616C69676E2D697414
:100CF000656D733A2063656E7465723B64697370E9
:100D00006C61793A20666C65783B223E0D0A2020A2
:100D100020202020202020202020202020203C686F
:100D200031207374796C653D226D617267696E2D37
:100D30006C6566743A20313070783B223EE695B09F
:100D4000E68DAEE98787E99B86E599A83C68313E48
:100D50000D0A2020202020202020202020203C2F91
:100D60006469763E0D0A20202020202020202020AB
:100D700020203C646976207374796C653D22776924
:100D80006474683A203135253B6865696768743A50
:100D9000203836253B626F726465722D7269676810
:100DA000743A2031707820736F6C6964202330307E
:100DB000303B206F766572666C6F772D793A2061D3
:100DC00075746F3B222069643D226E6176223E3C41
:100DD0002F6469763E0D0A2020202020202020202C
:100DE0002020203C646976207374796C653D2277FD
:100DF000696474683A203835253B686569676874AA
:100E00003A203836253B222069643D22636F6E7498
:100E1000656E74223E3C2F6469763E0D0A202020C8
:100E20002020202020202020203C6469762073741C
:100E3000796C653D2277696474683A2031303025D9
:100E40003B6865696768743A2037253B626F726456
:100E500065722D746F703A2031707820736F6C69F1
:100E60006420233030303B616C69676E2D69746596
:100E70006D733A2063656E7465723B646973706C60
:100E800061793A20666C65783B6A75737469667936
:100E90002D636F6E74656E743A73706163652D6255
:100EA00065747765656E3B223E0D0A202020202068
:100EB00020202020202020202020203C68313E3C83
:100EC00068313E0D0A2020202020202020202020D4
:100ED00020202020203C6832207374796C653D22EC
:100EE0006D617267696E2D6C6566743A203430707E
:100EF000783B636F6C6F723A207265643B223E20D0
:100F00003C2F68323E0D0A20202020202020202067
:100F10002020203C2F6469763E0D0A2020202020CE
:100F2000202020202020203C6469762069643D2216
:100F30006C6F67696E736861646F223E0D0A2020D2
:100F400020202020202020202020202020203C6441
:100F500069762069643D226C6F67696E223E3C2F82
:100F60006469763E0D0A20202020202020202020A9
:100F700020203C2F6469763E0D0A2020202020206E
:100F800020203C2F6469763E0D0A202020203C2F33
:100F9000626F64793E0D0A202020203C73637269E1
:100FA00070743E0D0A2020202020202020766172BF
:100FB000206C6F6F7054696D653D313030300D0AB3
:100FC00020202020202020200D0A2020202020204A
:100FD0002020766172206D6F64656C4368616E6776
:100FE0006550617373776F72643D7B0D0A2020201A
:100FF00020202020202020202064697669643A2265
:101000006C6F67696E222C0D0A2020202020202082
:10101000202020202062746E747970653A22636803
:10102000616E676550617373776F7264222C0D0A6D
:101030002020202020202020202020206E6F64658A
:10104000733A5B0D0A202020202020202020202021
:1010500020202020205B22E4BFAEE694B9E5AF86D5
:10106000E7A081222C22222C2270617373776F7289
:1010700064225D0D0A202020202020202020202016
:10108000205D2C0D0A202020202020202020202040
:101090002062746E733A5B0D0A20202020202020ED
:1010A0002020202020202020205B22E4BFAEE694D8
:1010B000B9222C226368616E676550617373776F24
:1010C0007264225D0D0A2020202020202020202074
:1010D00020205D0D0A20202020202020207D0D0AC8
:1010E00020202020202020200D0A20202020202029
:1010F0002020766172206D6F64656C3D5B0D0A2067
:1011000020202020202020202020207B0D0A2020AD
:101110002020202020202020202020202020646942
:101120007669643A226C6F67696E222C0D0A202062
:101130002020202020202020202020202020627419
:101140006E747970653A226C6F67696E496E697466
:10115000222C0D0A202020202020202020202020AA
:10116000202020206E6F6465733A5B0D0A202020DA
:10117000202020202020202020202020202020206F
:10118000205B22E8B4A6E58FB7222C22222C227500
:101190007365726E616D65225D2C0D0A2020202022
:1011A000202020202020202020202020202020203F
:1011B0005B22E5AF86E7A081222C22222C227061DF
:1011C0007373776F7264225D0D0A20202020202027
:1011D000202020202020202020205D2C0D0A2020EF
:1011E0002020202020202020202020202020627469
:1011F0006E733A5B0D0A2020202020202020202022
:10120000202020202020202020205B22E799BBE9FD
:101210009986222C226C6F67696E225D0D0A202050
:1012200020202020202020202020202020205D0D94
:101230000A2020202020202020202020207D2C0D6E
:101240000A2020202020202020202020207B0D0A82
:10125000202020202020202020202020202020208E
:101260006C6162656C3A22E794B5E58E8BE794B5C4
:10127000E6B581222C0D0A202020202020202020CD
:101280002020202020202062746E747970653A221C
:101290005641436F6C6C656374696F6E222C0D0A46
:1012A000202020202020202020202020202020203E
:1012B00064697669643A22636F6E74656E74222C79
:1012C0000D0A202020202020202020202020202047
:1012D00020206E6F6465733A5B0D0A202020202069
:1012E0002020202020202020202020202020205BC3
:1012F00022E680BBE997B8E794B5E58E8B2856299E
:10130000222C22222C27766F6C275D2C0D0A2020A0
:1013100020202020202020202020202020202020CD
:1013200020205B22E680BBE997B8E794B5E6B5815B
:10133000286D4129222C22222C27637572275D2CCF
:101340000D0A2020202020202020202020202020C6
:101350002020202020205B22E794B5E6B581E9809B
:101360009AE9819331286D4129222C22222C27636E
:1013700075727231275D2C0D0A202020202020203C
:10138000202020202020202020202020205B22E759
:1013900094B5E6B581E9809AE9819332286D4129B7
:1013A000222C22222C276375727232275D2C0D0AA3
:1013B000202020202020202020202020202020202D
:1013C000202020205B22E794B5E6B581E9809AE9E8
:1013D000819333286D4129222C22222C2763757298
:1013E0007233275D2C0D0A20202020202020202071
:1013F00020202020202020202020205B22E794B5E0
:10140000E6B581E9809AE9819334286D4129222C3F
:1014100022222C276375727234275D2C0D0A20203E
:1014200020202020202020202020202020205D2C73
:101430000D0A2020202020202020202020207D2C6C
:101440000D0A2020202020202020202020207B0D7D
:101450000A202020202020202020202020202020A2
:10146000206C6162656C3A22E4BCA0E6849FE59939
:10147000A8E695B0E68DAE222C0D0A202020202073
:10148000202020202020202020202062746E7479CB
:1014900070653A226F74686572436F6C6C65637433
:1014A000696F6E222C0D0A20202020202020202071
:1014B0002020202020202064697669643A22636F0E
:1014C0006E74656E74222C0D0A20202020202020AE
:1014D0002020202020202020206E6F6465733A5B3E
:1014E0000D0A202020202020202020202020202025
:1014F0002020202020205B22E6B8A9E5BAA63122D0
:101500002C22222C2774656D7031275D2C0D0A204A
:1015100020202020202020202020202020202020CB
:101520002020205B22E6B9BFE5BAA631222C222278
:101530002C2768756D6931275D2C0D0A202020202D
:10154000202020202020202020202020202020209B
:101550005B22E6B8A9E5BAA632222C22222C2774F7
:10156000656D7032275D2C0D0A2020202020202060
:10157000202020202020202020202020205B22E668
:10158000B9BFE5BAA632222C22222C2768756D69D4
:1015900032275D2C0D0A2020202020202020202012
:1015A000202020202020202020205B22E8A792E578
:1015B000BAA6222C22222C27706F7365275D2C0D72
:1015C0000A20202020202020202020202020202031
:1015D00020202020205B22E7AEB1E997A831222C01
:1015E00022222C27646F6F7231275D2C0D0A202078
:1015F00020202020202020202020202020202020EB
:1016000020205B22E7AEB1E997A832222C22222CBF
:1016100027646F6F7232275D2C0D0A202020202056
:101620002020202020202020202020202020205B7F
:1016300022E7AEB1E997A833222C22222C27646F2F
:101640006F7233275D2C0D0A2020202020202020BF
:101650002020202020202020202020205B22E7AEF8
:10166000B1E997A834222C22222C27646F6F7234A0
:10167000275D2C0D0A09090909095B22E6B0B4E6C9
:10168000B5B831222C22222C27776174657231275C
:101690005D2C0D0A09090909095B22E6B0B4E6B51B
:1016A000B832222C22222C27776174657232275D92
:1016B0002C0D0A2020202020202020202020202047
:1016C000202020202020205B22E6BC8FE794B5312B
:1016D000222C22222C276C6431275D2C0D0A20201D
:1016E00020202020202020202020202020202020FA
:1016F00020205B22E6BC8FE794B532222C22222CDC
:10170000276C6432275D2C0D0A2020202020202009
:101710002020202020202020205D2C0D0A202020A9
:101720002020202020202020207D2C0D0A20202079
:101730002020202020202020207B0D0A2020202077
:101740002020202020202020202020206C61626585
:101750006C3A22E99888E580BCE8AEBEE7BDAE22CF
:101760002C0D0A2020202020202020202020202096
:1017700020202062746E747970653A225468726514
:1017800073686F6C6444617461222C0D0A20202000
:101790002020202020202020202020202064697666
:1017A00069643A22636F6E74656E74222C0D0A2090
:1017B0002020202020202020202020202020206EDB
:1017C0006F6465733A5B0D0A2020202020202020C2
:1017D0002020202020202020202020205B22E9AB78
:1017E00098E58E8B285629222C223C212D2D234131
:1017F0002D2D3E222C2741275D2C0D0A09090909B0
:10180000095B22E4BD8EE58E8B285629222C223CD2
:10181000212D2D23422D2D3E222C2742275D2C0DDC
:101820000A202020202020202020202020202020CE
:1018300020202020205B22E794B5E6B581286D4169
:1018400029222C223C212D2D23512D2D3E222C27C7
:1018500051275D2C0D0A2020202020202020202030
:10186000202020202020202020205B22E8A792E5B5
:10187000BAA628C2B029222C223C212D2D23522D7C
:101880002D3E222C2752275D2C0D0A2020202020BF
:101890002020202020202020202020202020205B0D
:1018A00022E6B8A9E5BAA65FE9AB98222C223C2132
:1018B0002D2D23532D2D3E222C2753275D2C0D0A31
:1018C0002020202020202020202020202020202018
:1018D000202020205B22E6B8A9E5BAA65FE4BD8EF1
:1018E000222C223C212D2D23542D2D3E222C2754F9
:1018F000275D2C0D0A2020202020202020202020C1
:101900002020202020202020205B22E6B9BFE5BA3D
:10191000A65FE9AB98222C223C212D2D23552D2D9D
:101920003E222C2755275D2C0D0A20202020202028
:1019300020202020202020202020202020205B226A
:10194000E6B9BFE5BAA65FE4BD8E222C223C212D6C
:101950002D23562D2D3E222C2756275D2C0D0A2097
:101960002020202020202020202020202020202077
:101970002020205B22E6BC8FE794B5286D41292208
:101980002C223C212D2D23572D2D3E222C2757274D
:101990005D2C0D0A20202020202020202020202027
:1019A00020202020202020205B22E4BFA1E58FB74B
:1019B000E781AFE4B88DE4BAAE282529222C223C79
:1019C000212D2D2361642D2D3E222C276164275D5E
:1019D0002C0D0A09090909095B22E4BFA1E58FB7AB
:1019E000E781AFE983A8E58886E4BAAE28252922F5
:1019F0002C223C212D2D2361652D2D3E222C27618B
:101A000065275D2C0D0A202020202020202020206A
:101A10002020202020205D2C0D0A202020202020A6
:101A20002020202020202020202062746E733A5B2A
:101A30000D0A2020202020202020202020202020CF
:101A40002020202020205B22E4BF9DE5AD98222CA1
:101A5000227468726573686F6C645F736176652267
:101A60005D0D0A2020202020202020202020202062
:101A70002020205D0D0A2020202020202020202052
:101A800020207D2C0D0A2020202020202020202016
:101A900020207B0D0A202020202020202020202014
:101AA00020202020206C6162656C3A22E5BC80E534
:101AB00085B3E78AB6E68081222C0D0A20202020FB
:101AC00020202020202020202020202062746E74DE
:101AD0007970653A227377697463685374617475B9
:101AE00073222C0D0A2020202020202020202020BE
:101AF000202020202064697669643A22636F6E7426
:101B0000656E74222C0D0A20202020202020202009
:101B1000202020202020206E6F6465733A5B0D0A20
:101B200020202020202020202020202020202020B5
:101B3000202020205B22E7BBA7E794B5E599A831D8
:101B4000222C22222C27737731272C7B0D0A202070
:101B50002020202020202020202020202020202085
:101B6000202020202020747970653A2273776974D0
:101B70006368222C0D0A20202020202020202020F5
:101B8000202020202020202020207D5D2C0D0A20D8
:101B90002020202020202020202020202020202045
:101BA0002020205B22E7BBA7E794B5E599A8322265
:101BB0002C22222C27737732272C7B0D0A20202001
:101BC0002020202020202020202020202020202015
:101BD0002020202020747970653A2273776974631D
:101BE00068222C0D0A2020202020202020202020C8
:101BF0002020202020202020207D5D2C0D0A090996
:101C00000909095B22E7BBA7E794B5E599A8332248
:101C10002C22222C27737733272C7B0D0A2020209F
:101C200020202020202020202020202020202020B4
:101C30002020202020747970653A227377697463BC
:101C400068222C0D0A202020202020202020202067
:101C50002020202020202020207D5D2C0D0A090935
:101C60000909095B22E7BBA7E794B5E599A83422E7
:101C70002C22222C27737734272C7B0D0A2020203E
:101C80002020202020202020202020202020202054
:101C90002020202020747970653A2273776974635C
:101CA00068222C0D0A202020202020202020202007
:101CB0002020202020202020207D5D2C0D0A2020A7
:101CC00020202020202020202020202020205D2CCB
:101CD0000D0A2020202020202020202020207D2CC4
:101CE0000D0A2020202020202020202020207B0DD5
:101CF0000A202020202020202020202020202020FA
:101D0000206C6162656C3A22E58C97E69697E5AEA9
:101D10009AE4BD8D222C0D0A202020202020202096
:101D2000202020202020202062746E747970653A73
:101D300022426569646F7544617461222C0D0A202A
:101D4000202020202020202020202020202020644F
:101D5000697669643A22636F6E74656E74222C0D25
:101D60000A20202020202020202020202020202089
:101D7000206E6F6465733A5B0D0A202020202020BE
:101D800020202020202020202020202020205B2216
:101D9000E58DABE6989FE695B0E9878F222C22224D
:101DA0002C2762645F6E756D275D2C0D0A20202044
:101DB0002020202020202020202020202020202023
:101DC000205B22E4BFA1E58FB7E5BCBAE5BAA62245
:101DD0002C22222C2762645F7369676E616C275D19
:101DE0002C0D0A2020202020202020202020202010
:101DF000202020202020205B22E5AE9AE4BD8DE744
:101E00008AB6E68081222C22222C2762645F7374BA
:101E100061747573275D2C0D0A202020202020205E
:101E2000202020202020202020202020205B22E7AE
:101E3000BB8FE5BAA6222C22222C2762645F6C6F2E
:101E40006E275D2C0D0A202020202020202020201D
:101E5000202020202020202020205B22E7BAACE593
:101E6000BAA6222C22222C2762645F6C6174275D43
:101E70002C0D0A202020202020202020202020207F
:101E8000202020202020205B22E696B9E590912298
:101E90002C22222C2762645F646972275D2C0D0A54
:101EA0002020202020202020202020202020202032
:101EB0005D2C0D0A20202020202020202020202002
:101EC0007D2C0D0A0D0A20202020202020202020FB
:101ED00020207B0D0A2020202020202020202020D0
:101EE00020202020206C6162656C3A22E7B3BBE7BA
:101EF000BB9FE78AB6E68081222C0D0A2020202095
:101F000020202020202020202020202062746E7499
:101F10007970653A2273797374656D537461747561
:101F200073222C0D0A202020202020202020202079
:101F3000202020202064697669643A22636F6E74E1
:101F4000656E74222C0D0A202020202020202020C5
:101F5000202020202020206E6F6465733A5B0D0ADC
:101F60002020202020202020202020202020202071
:101F7000202020205B22E7BB88E7ABAFE5BA8FE5E6
:101F80008897E58FB7222C22222C276E6F31275D90
:101F90002C0D0A202020202020202020202020205E
:101FA000202020202020205B22E8BDAFE4BBB6E744
:101FB0008988E69CACE58FB7222C22222C276E6FF5
:101FC00032275D2C0D0A20202020202020202020D8
:101FD000202020202020202020205B22E7A1ACE42C
:101FE000BBB6E78988E69CACE58FB7222C22222C71
:101FF000276E6F33275D2C0D0A2020202020202003
:102000002020202020202020205D2C0D0A202020B0
:102010002020202020202020207D2C0D0A20202080
:102020002020202020202020207B0D0A202020207E
:102030002020202020202020202020206C6162658C
:102040006C3A22E7B3BBE7BB9FE8AEBEE7BDAE226A
:102050002C0D0A202020202020202020202020209D
:1020600020202062746E747970653A2273797374DB
:10207000656D53657474696E67222C0D0A202020EB
:10208000202020202020202020202020206469766D
:1020900069643A22636F6E74656E74222C0D0A2097
:1020A0002020202020202020202020202020206EE2
:1020B0006F6465733A5B0D0A2020202020202020C9
:1020C0002020202020202020202020205B22E5909E
:1020D0008CE6ADA5E697B6E997B4222C223C212DDB
:1020E0002D23612D2D3E222C2761275D2C0D0A20EA
:1020F00020202020202020202020202020202020E0
:102100002020205B22E69CACE69CBA4944222C228B
:102110003C212D2D23622D2D3E222C2762275D2C64
:102120000D0A2020202020202020202020202020D8
:102130002020202020205B22E8AEBEE5A487E59089
:102140008DE7A7B0222C223C212D2D23632D2D3E7F
:10215000222C2763275D2C0D0A2020202020202000
:10216000202020202020202020202020205B22E76B
:1021700099BBE99986E5AF86E7A081222C223C2114
:102180002D2D23642D2D3E222C2764275D2C0D0A36
:10219000202020202020202020202020202020203F
:1021A000202020205B22E7BD91E7BB9CE8BF9EE694
:1021B0008EA5E78AB6E68081222C223C212D2D2394
:1021C000432D2D3E222C2743275D2C0D0A20202055
:1021D00020202020202020202020202020202020FF
:1021E000205B27E4BCA0E8BE93E696B9E5BC8F2748
:1021F0002C27272C277472616E272C7B0D0A202038
:1022000020202020202020202020202020202020CE
:10221000202020202020747970653A2273656C6537
:102220006374222C0D0A2020202020202020202032
:1022300020202020202020202020202020206F70FF
:1022400074696F6E733A5B22E69C89E7BABFE4BC9F
:10225000A0E8BE93222C22E697A0E7BABFE4BCA078
:10226000E8BE93222C22E887AAE58AA8E58887E6BB
:102270008DA2225D2C0D0A2020202020202020204D
:1022800020202020202020202020207D5D2C0D0AD1
:10229000202020202020202020202020202020203E
:1022A0005D2C0D0A2020202020202020202020200E
:1022B0002020202062746E733A5B0D0A20202020BB
:1022C000202020202020202020202020202020200E
:1022D0005B22E4BF9DE5AD98222C227365745F7389
:1022E000617665225D2C0D0A2020202020202020F0
:1022F00020202020202020205D0D0A2020202020CA
:10230000202020202020207D2C0D0A20202020208D
:10231000202020202020207B0D0A2020202020208B
:10232000202020202020202020206C6162656C3A33
:1023300022E697A0E7BABFE7BD91E7BB9C222C0D30
:102340000A202020202020202020202020202020A3
:102350002062746E747970653A2267707273536587
:102360007474696E67222C0D0A2020202020202002
:1023700020202020202020202064697669643A22D1
:10238000636F6E74656E74222C0D0A20202020204D
:1023900020202020202020202020206E6F646573C4
:1023A0003A5B0D0A20202020202020202020202001
:1023B00020202020202020205B22E4BFA1E681AF46
:1023C000E5BCBAE5BAA6222C22222C277369676ED7
:1023D000275D2C0D0A2020202020202020202020D6
:1023E0002020202020202020205B22E6A8A1E59D9F
:1023F00097E78AB6E68081222C22222C276770720A
:1024000073275D2C0D0A2020202020202020202052
:10241000202020202020202020205B2253494DE531
:102420008DA14943434944222C22222C276963630E
:102430006964275D2C0D0A202020202020202020E8
:1024400020202020202020202020205B22E6A8A180
:10245000E59D97E59E8BE58FB7222C22222C276DD8
:102460006F64656C275D2C0D0A2020202020202021
:10247000202020202020202020202020205B22E659
:10248000A8A1E59D97494D4549222C22222C276978
:102490006D6569275D2C0D0A20202020202020203A
:1024A00020202020202020205D0D0A202020202018
:1024B000202020202020207D2C0D0A2020202020DC
:1024C000202020202020207B0D0A202020202020DA
:1024D000202020202020202020206C6162656C3A82
:1024E00022E69C89E7BABFE7BD91E7BB9C222C0D91
:1024F0000A202020202020202020202020202020F2
:102500002062746E747970653A226E6574776F72AA
:102510006B53657474696E67222C0D0A202020208D
:10252000202020202020202020202020646976697F
:10253000643A22636F6E74656E74222C0D0A20203B
:1025400020202020202020202020202020206E6FEE
:102550006465733A5B0D0A20202020202020202073
:1025600020202020202020202020205B22495022D3
:102570002C223C212D2D23652D2D3E222C27652735
:102580005D2C0D0A2020202020202020202020202B
:1025900020202020202020205B22E5AD90E7BD9167
:1025A000E68EA9E7A081222C223C212D2D23662D29
:1025B0002D3E222C2766275D2C0D0A20202020206E
:1025C0002020202020202020202020202020205BD0
:1025D00022E7BD91E585B3222C223C212D2D2367D6
:1025E0002D2D3E222C2767275D2C0D0A2020202030
:1025F00020202020202020202020202020202020DB
:102600005B22444E53222C223C212D2D23682D2D5C
:102610003E222C2268225D2C0D0A20202020202022
:1026200020202020202020202020202020205B226D
:102630004D4143222C223C212D2D234C2D2D3E2279
:102640002C224C225D2C0D0A20202020202020202E
:102650002020202020202020202020205B22E4B8E1
:10266000BBE7BD91E59CB0E59D8031222C223C2149
:102670002D2D23692D2D3E222C2269225D2C0D0A41
:10268000202020202020202020202020202020204A
:10269000202020205B22E4B8BBE7BD91E59CB0E59B
:1026A0009D8032222C223C212D2D234B2D2D3E228C
:1026B0002C224B225D2C0D0A2020202020202020BF
:1026C0002020202020202020202020205B22E4BF6A
:1026D000A1E58FB7E69CBAE59CB0E59D80222C224F
:1026E0003C212D2D2361632D2D3E222C226163225E
:1026F0005D2C0D0A09090909095B22E7BD91E7BBB9
:102700009CE5BBB6E697B6E697B6E997B4222C22CD
:102710003C212D2D234E2D2D3E222C224E225D2C90
:102720000D0A2020202020202020202020202020D2
:102730002020202020205B22E7BB84E692AD495078
:10274000222C223C212D2D234F2D2D3E222C224F99
:10275000225D2C0D0A202020202020202020202057
:102760002020202020202020205B22E7BB84E6922E
:10277000ADE7ABAFE58FA3222C223C212D2D2350BA
:102780002D2D3E222C2250225D2C0D0A20202020AF
:102790002020202020202020202020205D2C0D0A19
:1027A0002020202020202020202020202020202029
:1027B00062746E733A5B0D0A2020202020202020B6
:1027C0002020202020202020202020205B22E4BF69
:1027D0009DE5AD98222C226C6F63616C5F7361760E
:1027E00065225D0D0A20202020202020202020208E
:1027F00020202020205D0D0A2020202020202020C5
:10280000202020207D2C0D0A202020202020202088
:10281000202020207B0D0A20202020202020202086
:10282000202020202020206C6162656C3A22E69CEA
:102830008DE58AA1E599A8E8AEBEE7BDAE222C0DD4
:102840000A2020202020202020202020202020209E
:102850002062746E747970653A227365727665725F
:10286000736574222C0D0A20202020202020202097
:102870002020202020202064697669643A22636F3A
:102880006E74656E74222C0D0A20202020202020DA
:102890002020202020202020206E6F6465733A5B6A
:1028A0000D0A202020202020202020202020202051
:1028B0002020202020205B22E58685E7BD9131E5A0
:1028C0009CB0E59D80222C223C212D2D23442D2DD2
:1028D0003E222C2744275D2C0D0A2020202020207A
:1028E00020202020202020202020202020205B22AB
:1028F000E58685E7BD9131E7ABAFE58FA3222C22BA
:102900003C212D2D23452D2D3E222C2745275D2CA6
:102910000D0A2020202020202020202020202020E0
:102920002020202020205B22E5A496E7BD9131E500
:102930009CB0E59D80222C223C212D2D23462D2D5F
:102940003E222C2746275D2C0D0A20202020202007
:1029500020202020202020202020202020205B223A
:10296000E5A496E7BD9131E7ABAFE58FA3222C221A
:102970003C212D2D23472D2D3E222C2747275D2C32
:102980000D0A202020202020202020202020202070
:102990002020202020205B22E58685E7BD9131E5BF
:1029A0009CB0E59D805FE5A487E4BBBD222C22227C
:1029B0002C276261636B31275D2C0D0A20202020BB
:1029C0002020202020202020202020202020202007
:1029D0005B22E58685E7BD9131E7ABAFE58FA35F6D
:1029E000E5A487E4BBBD222C22222C276261636B05
:1029F00032275D2C0D0A202020202020202020209E
:102A0000202020202020202020205B22E5A496E703
:102A1000BD9131E59CB0E59D805FE5A487E4BBBD39
:102A2000222C22222C276261636B33275D2C0D0A36
:102A30002020202020202020202020202020202096
:102A4000202020205B22E5A496E7BD9131E7ABAFC3
:102A5000E58FA35FE5A487E4BBBD222C22222C27AF
:102A60006261636B34275D2C0D0A2020202020201A
:102A700020202020202020202020202020205B2219
:102A8000E4B88AE68AA5E997B4E99A94E697B6E9A4
:102A900097B4222C223C212D2D234A2D2D3E222C71
:102AA000274A275D2C0D0A202020202020202020CE
:102AB000202020202020205D2C0D0A2020202020F6
:102AC000202020202020202020202062746E733AB5
:102AD0005B0D0A20202020202020202020202020E4
:102AE000202020202020205B22E4BF9DE5AD9822FD
:102AF0002C2272656D6F74655F73617665225D0D62
:102B00000A202020202020202020202020202020DB
:102B1000205D0D0A202020202020202020202020A1
:102B20007D2C0D0A20202020202020202020202065
:102B30007B0D0A2020202020202020202020202063
:102B40002020206C6162656C3A22E58D87E7BAA788
:102B5000E69C8DE58AA1E599A8222C0D0A2020206B
:102B60002020202020202020202020202062746E81
:102B7000747970653A227570646174655F6164642C
:102B800072222C0D0A20202020202020202020200E
:102B9000202020202064697669643A22636F6E7475
:102BA000656E74222C0D0A20202020202020202059
:102BB000202020202020206E6F6465733A5B0D0A70
:102BC0002020202020202020202020202020202005
:102BD000202020205B22E58D87E7BAA775726C2242
:102BE0002C223C212D2D2361612D2D3E222C27618D
:102BF00061275D2C0D0A202020202020202020206D
:102C0000202020202020202020205B22E58D87E727
:102C1000BAA7E7ABAFE58FA3222C223C212D2D23B1
:102C200061622D2D3E222C276162275D2C0D0A202A
:102C30002020202020202020202020202020205D57
:102C40002C0D0A20202020202020202020202020A1
:102C500020202062746E733A5B0D0A202020202011
:102C60002020202020202020202020202020205B29
:102C700022E4BF9DE5AD98222C22757064617465D5
:102C80005F73617665225D0D0A20202020202020C0
:102C90002020202020202020205D0D0A2020202020
:102CA00020202020202020207D2C0D0A20202020E4
:102CB00020202020202020207B0D0A2020202020E2
:102CC00020202020202020202020206C6162656CA4
:102CD0003A22E7B3BBE7BB9FE6938DE4BD9C222C71
:102CE0000D0A20202020202020202020202020200D
:102CF000202062746E747970653A227379737465FA
:102D00006D222C0D0A202020202020202020202091
:102D1000202020202064697669643A22636F6E74F3
:102D2000656E74222C0D0A202020202020202020D7
:102D3000202020202020206E6F6465733A5B5D2C7C
:102D40000D0A2020202020202020202020202020AC
:102D5000202062746E733A5B0D0A20202020202010
:102D600020202020202020202020202020205B2226
:102D7000E7B3BBE7BB9FE58D87E7BAA72DE69C8944
:102D8000E7BABF222C227570646174656C77697034
:102D9000225D2C0D0A09090909095B22E7B3BBE78B
:102DA000BB9FE58D87E7BAA72DE697A0E7BABF22BC
:102DB0002C2275706461746567707273225D2C0DCE
:102DC0000A20202020202020202020202020202019
:102DD00020202020205B22E681A2E5A48DE587BA91
:102DE000E58E82222C227265736574225D2C0D0A99
:102DF00020202020202020202020202020202020D3
:102E0000202020205B22E8AEBEE5A487E9878DE57F
:102E100090AF222C227265626F6F74225D2C0D0AB6
:102E200009090909095B22E693A6E999A4E5AD9889
:102E3000E582A8E88AAFE78987222C226561637260
:102E40006573225D2C0D0A202020202020202020C8
:102E500020202020202020202020205B22E6B88572
:102E6000E999A4E4BFA1E58FB7E781AF222C2273D3
:102E7000696E676C655F636C656172225D2C0D0A1B
:102E80002020202020202020202020202020202042
:102E9000202020205B22E4B88AE68AA5E9858DE619
:102EA00097B6222C227265706F72745F73696E67B9
:102EB0006C655F74696D65225D2C0D0A20202020F1
:102EC0002020202020202020202020202020202002
:102ED0005B22E4B88AE68AA5E794B5E6B581222CA0
:102EE000227265706F72745F73696E676C655F6381
:102EF000757272656E74225D2C0D0A2020202020D0
:102F00002020202020202020202020202020205B86
:102F100022E4B88AE68AA5E9858DE7BDAE222C2297
:102F20007265706F72745F73696E676C655F636FF3
:102F30006E666967225D2C0D0A202020202020204B
:102F40002020202020202020205D0D0A202020206D
:102F500020202020202020207D0D0A20202020203D
:102F60002020205D0D0A202020203C2F73637269F1
:102F700070743E0D0A0D0A202020203C7363726994
:102F800070743E0D0A2020202020202020766172BF
:102F900020566965773D7B0D0A20202020202020C7
:102FA0002020202020696E6974286D6F64656C2C68
:102FB0006E6176297B0D0A202020202020202020F1
:102FC00020202020202020746869732E6D6F646596
:102FD0006C3D6D6F64656C0D0A2020202020202040
:102FE000202020202020202020746869732E6E610C
:102FF000763D6E61760D0A202020202020202020A2
:1030000020202020202020746869732E73656C6551
:103010006374696E6465783D310D0A20202020209C
:103020002020202020202020202020746869732E5A
:103030006C6F6164636F6E74656E7428302C746895
:1030400069732E6D6F64656C5B305D290D0A2020FD
:1030500020202020202020202020202020207468D4
:1030600069732E6C6F61646E617628746869732E63
:1030700073656C656374696E646578290D0A202038
:10308000202020202020202020207D2C0D0A202000
:10309000202020202020202020206C6F6F702829E5
:1030A0007B0D0A20202020202020202020202020EE
:1030B00020202020202020746869732E6C6F6164AA
:1030C000636F6E74656E7428746869732E73656CB3
:1030D0006563746A2C746869732E73656C656374B8
:1030E00064617461290D0A202020202020202020E6
:1030F0002020207D2C0D0A20202020202020202090
:103100002020206C6162656C68746D6C28692C737A
:1031100074796C652C6C6162656C297B0D0A2020CA
:103120002020202020202020202020202020726508
:103130007475726E205B0D0A202020202020202034
:10314000202020202020202020202020273C70200C
:103150006F6E636C69636B3D22566965772E73658C
:10316000744E617628272C692C27292220636C61F4
:1031700073733D226E617620272C7374796C652CF5
:1031800027223E272C0D0A2020202020202020202E
:103190002020202020202020202020202020206CE3
:1031A0006162656C2C0D0A20202020202020202028
:1031B0002020202020202020202020273C703E2777
:1031C0000D0A202020202020202020202020202028
:1031D00020205D2E6A6F696E282727290D0A20207E
:1031E000202020202020202020207D2C0D0A20209F
:1031F000202020202020202020207365744E61761E
:103200002876297B0D0A2020202020202020202025
:10321000202020202020646F63756D656E742E67FA
:103220006574456C656D656E7442794964282763E1
:103230006F6E74656E7427292E696E6E65724854C0
:103240004D4C3D22220D0A2020202020202020202D
:1032500020202020202020746869732E6C6F616408
:103260006E61762876290D0A20202020202020203B
:10327000202020207D2C0D0A20202020202020200E
:10328000202020206C6F61646E61762876297B0D8A
:103290000A20202020202020202020202020202044
:1032A000207661722068746D6C3D22220D0A202008
:1032B0002020202020202020202020202020666F79
:1032C000722876617220693D303B693C746869738D
:1032D0002E6D6F64656C2E6C656E6774683B692B30
:1032E0002B297B0D0A202020202020202020202098
:1032F00020202020202020202069662874686973FF
:103300002E6D6F64656C5B695D2E6C6162656C2906
:103310007B0D0A202020202020202020202020207B
:10332000202020202020202020202068746D6C2B5D
:103330003D746869732E6C6162656C68746D6C288D
:10334000692C693D3D763F22626C7565223A2222E6
:103350002C746869732E6D6F64656C5B695D2E6C8F
:103360006162656C290D0A20202020202020202069
:1033700020202020202020202020207D0D0A202019
:1033800020202020202020202020202020207D0DF3
:103390000A20202020202020202020202020202043
:1033A00020746869732E6C6F6164636F6E74656EF0
:1033B0007428762C746869732E6D6F64656C5B7607
:1033C0005D290D0A202020202020202020202020E0
:1033D00020202020746869732E6E61762E696E6ECF
:1033E000657248544D4C3D68746D6C0D0A20202068
:1033F0002020202020202020207D2C0D0A2020208D
:10340000202020202020202020696E707574687490
:103410006D6C28646174612C6A2C69297B0D0A200B
:103420002020202020202020202020202020206458
:103430006174615B315D3D646174615B315D2E720D
:1034400065706C616365282F3C2E2A3E2F672C2700
:1034500027290D0A20202020202020202020202085
:1034600020202020636C6173736E616D653D226660
:10347000726F6D220D0A2020202020202020202085
:1034800020202020202076617220636865636B65B0
:10349000643D646174615B335D3D3D313F2263682F
:1034A00065636B6564223A22223B0D0A20202020AE
:1034B0002020202020202020202020207661722023
:1034C00073313D5B273C64697620636C6173733DA7
:1034D00022737769746368223E272C0D0A2020200E
:1034E00020202020202020202020202020202020DC
:1034F000202020202020202020273C6C6162656C49
:1035000020636C6173733D22737769746368223E34
:10351000272C0D0A202020202020202020202020C1
:10352000202020202020202020202020202020209B
:1035300020202020273C696E707574207479706596
:103540003D22636865636B626F782220272C636875
:1035500065636B65642C27206F6E6368616E6765B9
:103560003D22566965772E73776974636843686195
:103570006E676528272C6A2C272C272C692C272C72
:103580003329223E272C0D0A202020202020202015
:10359000202020202020202020202020202020202B
:1035A0002020202020202020273C64697620636C86
:1035B0006173733D22736C6964657220726F756EFE
:1035C00064223E3C2F6469763E272C0D0A20202081
:1035D00020202020202020202020202020202020EB
:1035E000202020202020202020273C2F6C61626595
:1035F0006C3E272C0D0A2020202020202020202077
:103600002020202020202020202020202020273C97
:103610002F6469763E275D2E6A6F696E28272729F9
:103620000D0A2020202020202020202020202020C3
:1036300020207661722073323D646174615B335D7A
:10364000213D756E646566696E65643F73313A222B
:10365000223B0D0A20202020202020202020202076
:103660002020202072657475726E205B0D0A202068
:10367000202020202020202020202020202020204A
:103680002020273C64697620636C6173733D222798
:103690002C636C6173736E616D652C27223E272C41
:1036A0000D0A202020202020202020202020202043
:1036B00020202020202020202020273C7370616EB5
:1036C0003E272C646174615B305D2C273A3C2F737C
:1036D00070616E3E272C0D0A202020202020202003
:1036E00020202020202020202020202020202020DA
:1036F000273C696E7075742076616C75653D222774
:103700002C646174615B315D2C2722206E616D65D4
:103710003D22272C646174615B325D2C27222F3E91
:10372000272C0D0A202020202020202020202020AF
:1037300020202020202020202020202073322C0D2B
:103740000A2020202020202020202020202020208F
:103750002020202020273C2F6469763E270D0A2058
:103760002020202020202020202020202020205D1C
:103770002E6A6F696E282727290D0A202020202015
:10378000202020202020207D2C0D0A2020202020F9
:1037900020202020202020737769746368436861AB
:1037A0006E6765286A2C692C6B6579297B0D0A2068
:1037B0002020202020202020202020202020206BBE
:1037C00065793D6B65797C7C310D0A2020202020B5
:1037D00020202020202020202020207661722064BC
:1037E0006174613D566965772E6D6F64656C5B6AC7
:1037F0005D2E6E6F6465735B695D0D0A202020206D
:10380000202020202020202020202020646174619E
:103810005B6B65795D3D646174615B6B65795D3D92
:103820003D2731273F2730273A2731270D0A20200F
:103830002020202020202020202020202020636FF6
:103840006E736F6C652E6C6F67282773776974636E
:10385000684368616E676527290D0A2020202020B3
:103860002020202020202020202020566965772E2F
:10387000636C69636B2822737769746368222C5BBD
:103880005B27272C646174615B6B65795D2C6461D7
:1038900074615B325D2B275F737769746368275DA2
:1038A0005D290D0A202020202020202020202020FB
:1038B0007D2C0D0A202020202020202020202020C8
:1038C000737769636868746D6C28646174612C6ACD
:1038D0002C69297B0D0A2020202020202020202058
:1038E000202020202020636865636B65643D64614F
:1038F00074615B315D3D3D2731273F276368656318
:103900006B6564273A22220D0A20202020202020E7
:1039100020202020202020202072657475726E20C7
:103920005B0D0A2020202020202020202020202085
:1039300020202020202020273C64697620636C61B1
:1039400073733D2266726F6D223E272C0D0A202074
:103950002020202020202020202020202020202067
:10396000202020202020273C7370616E3E272C648D
:103970006174615B305D2C273A3C2F7370616E3E41
:10398000272C0D0A2020202020202020202020204D
:10399000202020202020202020202020273C6C6177
:1039A00062656C20636C6173733D22737769746325
:1039B00068223E272C0D0A202020202020202020B5
:1039C00020202020202020202020202020202020F7
:1039D000202020273C696E70757420747970653DD5
:1039E00022636865636B626F782220272C636865A9
:1039F000636B65642C27206F6E6368616E67653D3D
:103A000022566965772E7377697463684368616EBF
:103A1000676528272C6A2C272C272C692C2729221C
:103A20003E272C0D0A20202020202020202020208E
:103A30002020202020202020202020202020202086
:103A400020273C64697620636C6173733D22736C3C
:103A50006964657220726F756E64223E3C2F6469E2
:103A6000763E272C0D0A20202020202020202020F8
:103A70002020202020202020202020202020273C23
:103A80002F6C6162656C3E272C0D0A2020202020BF
:103A9000202020202020202020202020202020271F
:103AA0003C2F6469763E270D0A202020202020200C
:103AB0002020202020202020205D2E6A6F696E2883
:103AC0002727290D0A202020202020202020202008
:103AD000207D2C0D0A2020202020202020202020A6
:103AE0002073656C6563744368616E6765286A2C32
:103AF00069297B0D0A202020202020202020202042
:103B0000202020202076617220646174613D566916
:103B100065772E6D6F64656C5B6A5D2E6E6F646594
:103B2000735B695D0D0A20202020202020202020AA
:103B3000202020202020646174615B315D3D646F32
:103B400063756D656E742E676574456C656D656E25
:103B50007442794964282773656C656374272B6AFE
:103B60002B27272B69292E76616C75650D0A20207D
:103B70002020202020202020202020202020636FB3
:103B80006E736F6C652E6C6F67282773656C656349
:103B9000744368616E6765272C64617461290D0A3E
:103BA0002020202020202020202020202020202015
:103BB000566965772E636C69636B282273656C6543
:103BC0006374222C5B646174615D290D0A202020DE
:103BD0002020202020202020207D2C0D0A202020A5
:103BE00020202020202020202073656C65637468CD
:103BF000746D6C28646174612C6A2C69297B0D0AD0
:103C000020202020202020202020202020202020B4
:103C10007661722072743D5B273C73656C656374DA
:103C20002069643D2273656C656374272C6A2C6976
:103C30002C2722206F6E6368616E67653D2256698E
:103C400065772E73656C6563744368616E6765287C
:103C5000272C6A2C272C272C692C2729223E275D0C
:103C60002E6A6F696E282727290D0A202020202020
:103C70002020202020202020202020666F722876FF
:103C8000617220693D303B693C646174615B335D06
:103C90002E6F7074696F6E732E6C656E6774683BFF
:103CA000692B2B297B0D0A2020202020202020207A
:103CB0002020202020202020202020636F6E736F82
:103CC0006C652E6C6F67282773656C65637465641B
:103CD000272C692C646174615B315D2C693D3D70FA
:103CE00061727365496E7428646174615B315D292A
:103CF000290D0A20202020202020202020202020E4
:103D00002020202020202073656C65637465643D4D
:103D1000693D3D7061727365496E742864617461B8
:103D20005B315D293F2773656C6563746564273A71
:103D300027270D0A2020202020202020202020209E
:103D4000202020202020202072742B3D273C6F70E3
:103D500074696F6E2076616C75653D22272B692B27
:103D6000272220272B73656C65637465642B273EBF
:103D7000272B646174615B335D2E6F7074696F6EA5
:103D8000735B695D2B273C2F6F7074696F6E733E98
:103D9000270D0A2020202020202020202020202045
:103DA0002020207D0D0A20202020202020202020DF
:103DB00020202020202072742B3D273C2F73656C1F
:103DC0006563743E270D0A2020202020202020201B
:103DD0002020202020202072657475726E205B0DDB
:103DE0000A202020202020202020202020202020E9
:103DF0002020202020273C64697620636C61737347
:103E00003D2266726F6D223E272C0D0A2020202055
:103E100020202020202020202020202020202020A2
:103E200020202020273C7370616E3E272C64617433
:103E3000615B305D2C273A3C2F7370616E3E272CFE
:103E40000D0A20202020202020202020202020209B
:103E50002020202020202020202072742C0D0A20D9
:103E60002020202020202020202020202020202052
:103E7000202020273C2F6469763E270D0A20202031
:103E8000202020202020202020202020205D2E6A9D
:103E90006F696E282727290D0A2020202020202046
:103EA00020202020207D2C0D0A20202020202020D2
:103EB000202020202062746E68746D6C28692C6448
:103EC000617461297B0D0A202020202020202020E1
:103ED0002020202020202072657475726E205B0DDA
:103EE0000A202020202020202020202020202020E8
:103EF0002020202020273C646976207374796C652B
:103F00003D22746578742D616C69676E3A63656EE5
:103F1000746572223E3C627574746F6E20636C61CE
:103F200073733D22627574746F6E22206F6E636CC2
:103F300069636B3D22566965772E636C69636B28F4
:103F40005C27272C646174615B315D2C275C272C16
:103F5000272C692C2729223E272C0D0A20202020DF
:103F60002020202020202020202020202020202051
:103F700020202020646174615B305D2C0D0A2020BC
:103F80002020202020202020202020202020202031
:103F90002020273C2F627574746F6E3E3C2F64693D
:103FA000763E270D0A2020202020202020202020BF
:103FB00020202020205D2E6A6F696E282222290D84
:103FC0000A2020202020202020202020207D2C0DB1
:103FD0000A20202020202020202020202072656E12
:103FE00064657228732C646174612C6A297B0D0AE4
:103FF0000D0A2020202020202020202020202020EA
:1040000020207661722068746D6C3D22223B0D0A7F
:1040100020202020202020202020202020202020A0
:10402000636F6E736F6C652E6C6F6728276C6F61A2
:1040300064636F6E74656E74272C732C6461746195
:104040002C6A290D0A20202020202020202020203A
:104050002020202020666F722876617220693D3012
:104060003B693C646174612E6E6F6465732E6C6590
:104070006E6774683B692B2B297B0D0A202020205A
:104080002020202020202020202020202020202030
:10409000696628735B695D297B0D0A20202020203A
:1040A0002020202020202020202020202020202010
:1040B000202020646174612E6E6F6465735B695D9E
:1040C0005B315D3D735B695D2B27270D0A20202046
:1040D00020202020202020202020202020202020E0
:1040E000207D0D0A2020202020202020202020209C
:1040F0002020202020202020696628646174612E01
:104100006E6F6465735B695D5B335D2626747970E1
:10411000656F6620646174612E6E6F6465735B69A0
:104120005D5B335D3D3D276F626A65637427297B64
:104130000D0A2020202020202020202020202020A8
:1041400020202020202020202020696628646174FF
:10415000612E6E6F6465735B695D5B335D2E747990
:1041600070653D3D2273776974636822297B0D0A6F
:10417000202020202020202020202020202020203F
:1041800020202020202020202020202068746D6CFA
:104190002B3D746869732E737769636868746D6CFE
:1041A00028646174612E6E6F6465735B695D2C6A4F
:1041B0002C69290D0A2020202020202020202020CA
:1041C000202020202020202020202020207D656C01
:1041D00073657B0D0A202020202020202020202015
:1041E00020202020202020202020202020202020CF
:1041F0002068746D6C2B3D746869732E73656C65F3
:10420000637468746D6C28646174612E6E6F64658C
:10421000735B695D2C6A2C69290D0A2020202020FF
:10422000202020202020202020202020202020208E
:104230002020207D0D0A202020202020202020204A
:10424000202020202020202020207D656C73657B8D
:104250000D0A202020202020202020202020202087
:104260002020202020202020202068746D6C2B3DF1
:10427000746869732E696E70757468746D6C2864E7
:104280006174612E6E6F6465735B695D2C6A2C6965
:10429000290D0A202020202020202020202020203E
:1042A000202020202020207D0D0A202020202020DA
:1042B000202020202020202020207D0D0A202020CA
:1042C0002020202020202020202020202069662857
:1042D000646174612E62746E73213D756E646566EF
:1042E000696E6564297B0D0A202020202020202073
:1042F000202020202020202020202020666F7228CF
:1043000076617220693D303B693C646174612E6264
:10431000746E732E6C656E6774683B692B2B297BFA
:104320000D0A2020202020202020202020202020B6
:104330002020202020202020202068746D6C2B3D20
:10434000746869732E62746E68746D6C286A2C646C
:104350006174612E62746E735B695D290D0A2020A1
:10436000202020202020202020202020202020204D
:1043700020207D0D0A202020202020202020202009
:1043800020202020207D0D0A2020202020202020F9
:104390002020202020202020646F63756D656E74BE
:1043A0002E676574456C656D656E74427949642845
:1043B000646174612E6469766964292E696E6E6524
:1043C0007248544D4C3D68746D6C0D0A20202020BD
:1043D00020202020202020207D2C0D0A202020209D
:1043E00020202020202020206C6F6164636F6E7479
:1043F000656E74286A2C64617461297B0D0A202023
:104400002020202020202020202020202020746810
:1044100069732E73656C6563746A3D6A0D0A2020AA
:1044200020202020202020202020202020207468F0
:1044300069732E73656C656374646174613D646156
:1044400074610D0A20202020202020202020202000
:10445000202020206966286A3D3D30297B0D0A20F6
:10446000202020202020202020202020202020204C
:10447000202020746869732E72656E646572285BF3
:104480005D2C646174612C6A290D0A202020202093
:1044900020202020202020202020207D656C736596
:1044A0007B0D0A20202020202020202020202020DA
:1044B00020202020202020696628646F63756D65A8
:1044C0006E742E676574456C656D656E74427949CE
:1044D0006428646174612E6469766964292E71753B
:1044E00065727953656C6563746F722827627574A1
:1044F000746F6E27293D3D6E756C6C297B0D0A200B
:1045000020202020202020202020202020202020AB
:1045100020202020202020746869732E676574286D
:10452000272F73657474696E672E6367693F6274C1
:104530006E747970653D272B646174612E62746EB0
:10454000747970652C2873293D3E746869732E72E6
:10455000656E64657228735B315D2C646174612CD7
:104560006A29290D0A202020202020202020202018
:104570002020202020202020207D0D0A0D0A202030
:1045800020202020202020202020202020207D0DE1
:104590000A2020202020202020202020207D2C0DDB
:1045A0000A20202020202020202020202067657441
:1045B0002875726C2C6261636B297B0D0A202020A8
:1045C00020202020202020202020202020786D6CFA
:1045D000687474703D6E756C6C3B0D0A2020202051
:1045E0002020202020202020202020206966202834
:1045F00077696E646F772E584D4C487474705265AD
:104600007175657374290D0A202020202020202038
:1046100020202020202020207B0D0A090920202096
:10462000202020202020202020786D6C6874747059
:104630003D6E657720584D4C4874747052657175A5
:1046400065737428293B0D0A20202020202020207B
:1046500020202020202020207D0D0A202020202026
:104660002020202020202020202020656C73652021
:104670006966202877696E646F772E416374697666
:1046800065584F626A656374290D0A090920202064
:1046900020202020207B0D0A090920202020202016
:1046A000202020202020786D6C687474703D6E6529
:1046B0007720416374697665584F626A6563742830
:1046C000224D6963726F736F66742E584D4C485457
:1046D000545022293B0D0A090920202020202020A7
:1046E000207D0D0A09092020202020202020696635
:1046F0002028786D6C68747470213D6E756C6C291F
:104700000D0A090920202020202020207B0D0A20CE
:104710002020202020202020202020202020202099
:10472000202020786D6C687474702E6F6E726561D5
:10473000647973746174656368616E67653D282987
:104740003D3E7B0D0A2020202020202020202020FC
:1047500020202020202020202020202020696620CA
:1047600028786D6C687474702E7265616479537406
:104770006174653D3D3426266261636B297B0D0AB9
:104780002020202020202020202020202020202029
:104790002020202020202020202020207661722030
:1047A000646174613D786D6C687474702E726573A9
:1047B000706F6E7365546578740D0A202020202078
:1047C00020202020202020202020202020202020E9
:1047D00020202020202020747279207B0D0A2020A8
:1047E00020202020202020202020202020202020C9
:1047F0002020202020202020202020202020646134
:1048000074613D4A534F4E2E706172736528646126
:1048100074612E7265706C616365282F3C2E2A3E90
:104820002F672C272729290D0A202020202020202F
:104830002020202020202020202020202020202078
:1048400020202020207D2063617463682028657209
:10485000726F7229207B0D0A20202020202020202A
:104860002020202020202020202020202020202048
:104870002020202020202020646174613D5B3530A1
:10488000302C27E8A7A3E69E90E99499E8AFAF27DC
:104890002B646174612C646174612E7265706C614B
:1048A0006365282F3C2E2A3E2F672C2727295D0D74
:1048B0000A2020202020202020202020202020200E
:1048C000202020202020202020202020207D0D0AB4
:1048D00020202020202020202020202020202020D8
:1048E0002020202020202020202020206261636BB7
:1048F0002864617461290D0A2020202020202020B6
:1049000020202020202020202020202020202020A7
:104910007D0D0A2020202020202020202020202063
:10492000202020202020207D0D0A20202020202053
:104930002020202020202020202020202020786DD2
:104940006C687474702E6F70656E2822474554220F
:104950002C75726C2C74727565293B0D0A20202011
:104960002020202020202020202020202020202047
:1049700020786D6C687474702E73656E64286E7523
:104980006C6C293B0D0A2020202020202020202094
:104990002020202020207D0D0A0909202020202011
:1049A000202020656C73650D0A0909202020202035
:1049B0002020207B0D0A09092020202020202020F3
:1049C00020202020616C6572742822596F75722036
:1049D00062726F7773657220646F6573206E6F7497
:1049E00020737570706F727420584D4C4854545039
:1049F0002E22293B0D0A09092020202020202020DA
:104A00007D0D0A2020202020202020202020207D15
:104A10002C0D0A2020202020202020202020206370
:104A20006C69636B286E616D652C69297B0D0A20AA
:104A30002020202020202020202020202020207620
:104A4000617220733D272F73657474696E672E63DE
:104A500067693F62746E747970653D272B6E616D76
:104A6000650D0A202020202020202020202020202A
:104A7000202020766172206E6F6465733D690D0A97
:104A80002020202020202020202020202020202026
:104A9000696628747970656F6620693D3D276E757B
:104AA0006D62657227297B0D0A202020202020209E
:104AB000202020202020202020202020206E6F6415
:104AC00065733D746869732E6D6F64656C5B695DB9
:104AD0002E6E6F6465730D0A202020202020202078
:104AE00020202020202020207D0D0A202020202092
:104AF00020202020202020202020206966286921D5
:104B00003D30297B0D0A202020202020202020203D
:104B1000202020202020202020206E6F6465733DFF
:104B2000746869732E6D6F64656C5B305D2E6E6F9B
:104B30006465732E636F6E636174286E6F64657352
:104B4000290D0A2020202020202020202020202085
:104B50002020207D0D0A2020202020202020202021
:104B6000202020202020766172206F6A3D7B7D0D01
:104B70000A2020202020202020202020202020204B
:104B8000206E6F6465732E666F72456163682828B6
:104B9000656C656D656E742C6E2C6129203D3E2020
:104BA0007B0D0A20202020202020202020202020D3
:104BB0002020202020202076617220696E7075747C
:104BC0003D646F63756D656E742E676574456C65C5
:104BD0006D656E747342794E616D6528656C656DA7
:104BE000656E745B325D295B305D0D0A20202020EC
:104BF00020202020202020202020202020202020B5
:104C0000696628696E707574297B0D0A2020202042
:104C10002020202020202020202020202020202094
:104C2000202020206F6A5B656C656D656E745B3259
:104C30005D5D3D696E7075742E76616C75650D0AEB
:104C40002020202020202020202020202020202064
:104C50002020202020202020733D732B2726272B67
:104C6000656C656D656E745B325D2B273D272B6926
:104C70006E7075742E76616C75650D0A202020208B
:104C80002020202020202020202020202020202024
:104C90007D656C73657B0D0A20202020202020205C
:104CA0002020202020202020202020202020202004
:104CB0006F6A5B656C656D656E745B325D5D3D65ED
:104CC0006C656D656E745B315D0D0A2020202020BF
:104CD00020202020202020202020202020202020D4
:104CE000202020733D732B2726272B656C656D656F
:104CF0006E745B325D2B273D272B656C656D656E91
:104D0000745B315D0D0A20202020202020202020EF
:104D1000202020202020202020207D0D0A2020205F
:104D2000202020202020202020202020207D293B02
:104D30000D0A20202020202020202020202020209C
:104D40002020636F6E736F6C652E6C6F672822670F
:104D50006574222C6E616D652C6F6A290D0A202006
:104D600020202020202020202020202020206966B4
:104D7000286E616D653D3D226368616E67655061B7
:104D80007373776F7264227C7C6E616D653D3D222A
:104D90007365745F7361766522297B0D0A2020207C
:104DA0002020202020202020202020202020202003
:104DB000200D0A202020202020202020202020201C
:104DC00020202020202020766172206D61703D7BA4
:104DD0006368616E676550617373776F72643A22BE
:104DE00070617373776F7264222C7365745F736183
:104DF00076653A2264227D0D0A2020202020202082
:104E0000202020202020202020202020206C6574BD
:104E100020703D2F5E283F3D2E2A5B612D7A5D2953
:104E2000283F3D2E2A5B412D5A5D29283F3D2E2AE1
:104E30005C64295B5C735C535D7B382C31327D2470
:104E40002F0D0A202020202020202020202020207C
:104E50002020202020202069662821702E74657370
:104E600074286F6A5B6D61705B6E616D655D5D2955
:104E7000297B0D0A202020202020202020202020F7
:104E800020202020202020202020202072657475E2
:104E9000726E20616C6572742822E8AFB7E8BE9329
:104EA000E585A5E6ADA3E7A1AEE5AF86E7A081E67F
:104EB000A0BCE5BC8FEFBC9A5C6EE5AF86E7A08135
:104EC000E995BFE5BAA63A382D31325C6EE5AF867A
:104ED000E7A081E794B1E695B0E5AD972BE5A4A7EF
:104EE000E58699E88BB1E69687E5AD97E7ACA62B0A
:104EF000E5B08FE58699E88BB1E69687E5AD97E753
:104F0000ACA6E7BB84E6889022290D0A2020202049
:104F10002020202020202020202020202020202091
:104F20007D0D0A202020202020202020202020204D
:104F30002020207D0D0A202020202020202020203D
:104F4000202020202020746869732E6765742873E0
:104F50002C2864293D3E746869732E636C69636B09
:104F60006261636B28642C6E616D6529290D0A20CE
:104F700020202020202020202020207D2C0D0A20F1
:104F80002020202020202020202020636C69636BBB
:104F90006261636B28642C6E616D65297B0D0A204C
:104FA00020202020202020202020202020202063BE
:104FB0006F6E736F6C652E6C6F67286E616D652CFC
:104FC00064290D0A202020202020202020202020BD
:104FD000202020206966286E616D653D3D226C6F42
:104FE00067696E222626645B325D3D3D27312729A5
:104FF0007B0D0A202020202020202020202020207F
:1050000020202020202020746869732E72656E6431
:105010006572285B5D2C6D6F64656C4368616E67BB
:105020006550617373776F72642C30290D0A2020EC
:105030002020202020202020202020202020202070
:10504000202072657475726E0D0A202020202020A9
:10505000202020202020202020207D0D0A2020201C
:1050600020202020202020202020202020646F636A
:10507000756D656E742E676574456C656D656E74CF
:105080004279496428276C6F67696E736861646F41
:1050900027292E7374796C652E646973706C61793D
:1050A0003D645B305D3D3D3430313F27273A276E0C
:1050B0006F6E65270D0A2020202020202020202030
:1050C000202020202020696628645B315D297B0D2B
:1050D0000A202020202020202020202020202020E6
:1050E0002020202020616C65727428645B315D296A
:1050F0000D0A2020202020202020202020202020D9
:1051000020207D0D0A20202020202020202020206B
:10511000207D0D0A20202020202020207D0D0A2027
:10512000202020202020200D0A20202020202020A8
:1051300020566965772E696E6974286D6F64656C99
:105140002C646F63756D656E742E676574456C6550
:105150006D656E744279496428276E617627292926
:105160000D0A20202020202020200D0A2020202091
:10517000202020206966286C6F6F7054696D652946
:105180007B0D0A202020202020202020202020739A
:105190006574496E74657276616C2828293D3E56A7
:1051A0006965772E6C6F6F7028292C6C6F6F705447
:1051B000696D65290D0A20202020202020207D0DEA
:1051C0000A202020203C2F7363726970743E0D0A00
:1051D0003C2F68746D6C3E0D0A2F726561646D65BD
:1051E0002E6D640000485454502F312E3020323040
:1051F00030204F4B0D0A5365727665723A206C77FA
:1052000049502F312E332E312028687474703A2F74
:105210002F736176616E6E61682E6E6F6E676E754C
:105220002E6F72672F70726F6A656374732F6C775D
:105230006970290D0A436F6E74656E742D747970F0
:10524000653A20746578742F706C61696E0D0A0D73
:105250000A32303230303631353A200D0A202020E3
:1052600020312EE6B7BBE58AA0E4B88BE68B89E651
:10527000A186200D0A20202020322EE6B7BBE58A29
:10528000A0E7BBBFE38081E7BAA2E782B90D0A209D
:10529000202020332EE8BE93E585A5E6A186E6947E
:1052A000B9E79FAD322F332F73657474696E672E23
:1052B0007368746D6C0000485454502F312E3020A8
:1052C000323030204F4B0D0A5365727665723A20AA
:1052D0006C7749502F312E332E312028687474702A
:1052E0003A2F2F736176616E6E61682E6E6F6E67F6
:1052F0006E752E6F72672F70726F6A656374732F8D
:105300006C776970290D0A436F6E74656E742D7425
:105310007970653A20746578742F68746D6C0D0A25
:10532000457870697265733A204672692C20313075
:105330002041707220323030382031343A30303AE7
:10534000303020474D540D0A507261676D613A202C
:105350006E6F2D63616368650D0A0D0A5B0D0A208F
:105360002020203C212D2D23592D2D3E2C0D0A20AF
:105370002020203C212D2D235A2D2D3E0D0A5D008D
:1053800000000000CCFC0508DCFC0508FD54000012
:105390000100000080530608D9510608E5510608AF
:1053A000C20000000100000094530608A75206083E
:1053B000B7520608C800000001000000785906082E
:1053C000010000005859060801000000A459060811
:1053D000010000006C5906080000000098590608FA
:1053E000000000004C59060854590608485A06089F
:1053F0004D8F0208545A06088D9F0208E5BC8000B4
:10540000E585B300E6ADA3E5B8B800E69585E99A71
:105410009C00E4B88DE6A380E6B58B00E5B7B2E565
:10542000A4B1E6958800E6ADA3E5B8B800E4B88D70
:10543000E6A380E6B58B00E6BC8FE6B0B400E6AD2F
:10544000A3E5B8B800000000AC5D06088C61060852
:10545000E061060868620608A85B0608D05B0608DB
:10546000A0620608C8620608F46106086C610608B6
:10547000CC61060834620608F85B0608805D060801
:10548000F05E0608805E060834610608D8600608EB
:10549000745F0608BC5E0608105E0608485E0608D3
:1054A0000C610608B0600608345F0608C05F060895
:1054B000EC5A060850600608086006082C5D0608CD
:1054C000385B0608385C0608F85C06086C5C060861
:1054D000985C0608C85C060818630608F0620608AF
:1054E0006765745F6375725F7468726561645F732A
:1054F0007461636B5F696E666F00636D5F626163A9
:105500006B74726163655F61737365727400636D60
:105510005F6261636B74726163655F6661756C7411
:1055200000000000D45A0608D85A0608DC5A0608BB
:10553000E05A0608A45B0608E85A0608E45A06087A
:10554000685C0608010001014000000040160524C7
:10555000401A0524C01A05240000000000000000C5
:10556000555555555555C53F7D6FEB0312D6D4BFE4
:105570005544880E55C1C93F3B8F68B52882A4BFEA
:1055800088B20175E0EF493F09F7FD0DE13D023FAB
:105590004B2D8A1C273A03C0C88A599CE52A004033
:1055A00059018D1B6C06E6BF82922EB1C5B8B33F80
:1055B0000040404040404040404041414141414026
:1055C00040404040404040404040404040404040DB
:1055D000400502020202020202020202020202026A
:1055E000022020202020202020202002020202026F
:1055F00002029090909090901010101010101010C7
:1056000010101010101010101010101002020202D2
:105610000202888888888888080808080808080816
:105620000808080808080808080808080202020212
:1056300040000000B15506081F1D1F1E1F1E1F1F22
:105640001E1F1E1F0D0A2B4D49504F50454E3A202C
:10565000312C300D0A0000000D0A2B4D4950434CEF
:105660004F53453A20310D0A000000000D0A4F4B00
:105670000D0A000025733A25643A64656275673A3D
:1056800020466978696E67206D6F76652077686956
:105690006C6520666978696E67206F727068616EEC
:1056A00073207B307825782C20307825787D203049
:1056B0007825780A25730A006C66732D3E63666749
:1056C0002D3E6C6F6F6B61686561645F73697A65AD
:1056D00020252038203D3D203020262620287569B1
:1056E0006E747074725F74296C66732D3E636667A6
:1056F0002D3E6C6F6F6B61686561645F6275666695
:10570000657220252034203D3D203000342A6C660F
:10571000735F6E7077322830786666666666666696
:1057200066202F20286C66732D3E6366672D3E62CF
:105730006C6F636B5F73697A652D322A3429292077
:105740003C3D206C66732D3E6366672D3E626C6F38
:10575000636B5F73697A65006C6974746C656673FA
:10576000000000004C5749505F434F4E53545F4375
:10577000415354206E6F7420696D706C656D656E59
:1057800074656420636F72726563746C792E204354
:105790006865636B20796F7572206C774950207053
:1057A0006F72742E000000007261772070636220B7
:1057B000726563762063616C6C6261636B20616CFF
:1057C00074657265642070627566207061796C6FB3
:1057D000616420706F696E74657220776974686F98
:1057E000757420656174696E67207061636B6574A0
:1057F0000000000046494E5F574149545F310000A8
:1058000046494E5F574149545F3200004553544169
:10581000424C495348454400434C4F5345440000D3
:1058200053594E5F5243564400000000434C4F53BF
:10583000494E47004C4153545F41434B0000000028
:105840004C495354454E000054494D455F5741491A
:1058500054000000434C4F53455F574149540000EA
:1058600053594E5F53454E54000000007463705FFF
:10587000656E71756575655F666C6167733A206EFC
:1058800065656420656974686572205443505F5390
:10589000594E206F72205443505F46494E20696E26
:1058A00020666C616773202870726F6772616D6D1E
:1058B00065722076696F6C61746573204150492967
:1058C000000000006E657469662D3E68776164644F
:1058D000725F6C656E206D757374206265207468EC
:1058E000652073616D65206173204554485F48579A
:1058F000414444525F4C454E20666F722065746887
:10590000617270210000000069676D705F6C6F6FDD
:105910006B75705F67726F75703A20616C6C206593
:1059200078636570742066697273742067726F752E
:1059300070206D757374206E6F7420626520616CC9
:105940006C73797374656D73000000003C212D2D1C
:10595000230000002D2D3E002F696E6465782E73A4
:10596000736900002E737369000000002F696E6474
:1059700065782E68746D6C002F696E6465782E737F
:1059800068746D6C000000002E7368746D6C00000C
:105990002E786D6C000000002F696E6465782E68AB
:1059A000746D00002F696E6465782E7368746D00E5
:1059B0002E7368746D00000041000000420000007A
:1059C00043000000440000004500000046000000C5
:1059D0004700000048000000490000004A000000A5
:1059E0004C0000004E0000004F000000500000007E
:1059F000510000005200000053000000540000005D
:105A0000550000005600000057000000590000003B
:105A10005A00000061610000610000006162000046
:105A20006200000061630000630000006164000028
:105A30006400000061650000650000006600000071
:105A400067000000680000002F70617273652E63AC
:105A5000676900002F73657474696E672E636769E8
:105A600000000000690000007300000074000000E6
:105A70005B2225732573222C2225732525222C22B7
:105A800025732573222C2225732525222C2225738C
:105A9000222C090909090909090909092022257384
:105AA000222C222573222C222573222C22257322BC
:105AB0002C09090909090909090909202225732264
:105AC0002C222573222C222573222C222573225D61
:105AD00000000000523020005231200052322000DD
:105AE00052332000504320004C5220005573616710
:105AF00065206661756C74206973206361757365D8
:105B00006420627920617474656D70747320746FA1
:105B10002073776974636820746F20616E20696EEA
:105B200076616C69642073746174652028652E67E2
:105B30002E2C2041524D2900557361676520666106
:105B4000756C742069732063617573656420627974
:105B500020496E64696361746573206120646976AD
:105B6000696465206279207A65726F2068617320AC
:105B700074616B656E20706C616365202863616E73
:105B800020626520736574206F6E6C7920696620D1
:105B90004449565F305F54525020697320736574D6
:105BA00029000000523132003D3D3D3D3D2054680A
:105BB0007265616420737461636B20696E666F72D5
:105BC0006D6174696F6E203D3D3D3D3D00000000FC
:105BD0003D3D3D3D3D3D204D61696E2073746163E7
:105BE0006B20696E666F726D6174696F6E203D3DEA
:105BF0003D3D3D3D000000003D3D3D3D3D3D3D3DC9
:105C00003D3D3D3D3D3D3D3D3D3D3D20526567694E
:105C1000737465727320696E666F726D6174696FFB
:105C20006E203D3D3D3D3D3D3D3D3D3D3D3D3D3D90
:105C30003D3D3D3D3D3D0000446562756720666128
:105C4000756C742069732063617573656420627973
:105C50002068616C74207265717565737465642069
:105C6000696E204E56494300505352004465627598
:105C700067206661756C7420697320636175736554
:105C80006420627920445754206D61746368206FEA
:105C9000636375727265640044656275672066614E
:105CA000756C742069732063617573656420627913
:105CB00020566563746F72206665746368206F6335
:105CC0006375727265640000446562756720666181
:105CD000756C7420697320636175736564206279E3
:105CE00020454442475251207369676E616C2061C0
:105CF00073736572746564004465627567206661DC
:105D0000756C7420697320636175736564206279B2
:105D100020424B505420696E737472756374696FBE
:105D20006E206578656375746564000055736167FE
:105D300065206661756C7420697320636175736595
:105D40006420627920696E6469636174657320748C
:105D500068617420616E20756E616C69676E656440
:105D600020616363657373206661756C742068617C
:105D7000732074616B656E20706C61636500000058
:105D800048617264206661756C7420697320636178
:105D900075736564206279206661696C656420763C
:105DA0006563746F72206665746368004552524F74
:105DB000523A20556E61626C6520746F206765747D
:105DC00020746865206D61696E20737461636B2057
:105DD000696E666F726D6174696F6E2C20706C6590
:105DE00061736520636865636B2074686520636F09
:105DF0006E66696775726174696F6E206F66207474
:105E00006865206D61696E20737461636B000000CA
:105E1000427573206661756C7420697320636175C7
:105E200073656420627920707265636973652064AC
:105E3000617461206163636573732076696F6C615F
:105E400074696F6E00000000427573206661756CA6
:105E500074206973206361757365642062792069B9
:105E60006D7072656369736520646174612061633C
:105E7000636573732076696F6C6174696F6E00007F
:105E80004D656D6F7279206D616E6167656D656ED0
:105E900074206661756C7420697320636175736525
:105EA0006420627920646174612061636365737347
:105EB0002076696F6C6174696F6E000042757320A3
:105EC0006661756C74206973206361757365642005
:105ED000627920696E737472756374696F6E206184
:105EE00063636573732076696F6C6174696F6E00AC
:105EF0004D656D6F7279206D616E6167656D656E60
:105F000074206661756C74206973206361757365B4
:105F10006420627920696E737472756374696F6E40
:105F2000206163636573732076696F6C6174696F58
:105F30006E000000427573206661756C7420697391
:105F40002063617573656420627920666C6F61748B
:105F5000696E672D706F696E74206C617A79207339
:105F60007461746520707265736572766174696FAF
:105F70006E0000004D656D6F7279206D616E616716
:105F8000656D656E74206661756C7420697320633D
:105F9000617573656420627920666C6F6174696EE7
:105FA000672D706F696E74206C617A7920737461EB
:105FB000746520707265736572766174696F6E00C6
:105FC0005573616765206661756C74206973206321
:105FD000617573656420627920617474656D707495
:105FE0007320746F206578656375746520616E2019
:105FF000756E646566696E656420696E737472752A
:106000006374696F6E000000557361676520666197
:10601000756C74206973206361757365642062799F
:1060200020617474656D70747320746F2065786579
:1060300063757465206120636F70726F636573733D
:106040006F7220696E737472756374696F6E00008D
:106050005573616765206661756C74206973206390
:10606000617573656420627920617474656D707404
:106070007320746F20646F20616E20657863657093
:1060800074696F6E20776974682061206261642092
:1060900076616C756520696E20746865204558438B
:1060A0005F52455455524E206E756D626572000008
:1060B000427573206661756C742069732063617525
:1060C00073656420627920737461636B696E672005
:1060D0006572726F720000004D656D6F7279206D90
:1060E000616E6167656D656E74206661756C7420A4
:1060F00069732063617573656420627920737461CC
:10610000636B696E67206572726F720042757320EF
:106110006661756C742069732063617573656420B2
:10612000627920756E737461636B696E6720657246
:10613000726F72004D656D6F7279206D616E61676F
:10614000656D656E74206661756C7420697320637B
:10615000617573656420627920756E737461636B19
:10616000696E67206572726F7200000044756D7011
:106170002063616C6C20737461636B2068617320B1
:10618000616E206572726F72000000004669726D68
:1061900077617265206E616D653A2025732C2068E9
:1061A000617264776172652076657273696F6E3AA9
:1061B0002025732C20736F66747761726520766575
:1061C0007273696F6E3A2025730000004661756C2A
:1061D00074206F6E207468726561642025730000FE
:1061E000417373657274206F6E20746872656164A8
:1061F0002025730053686F77206D6F72652063618F
:106200006C6C20737461636B20696E666F206279B9
:106210002072756E3A2061646472326C696E65201A
:106220002D652025732573202D6166706943202517
:106230002E2A73004661756C74206F6E20696E742F
:10624000657272757074206F722062617265206D64
:106250006574616C286E6F204F532920656E7669D6
:10626000726F6E6D656E7400417373657274206F2A
:106270006E20696E74657272757074206F72206220
:10628000617265206D6574616C286E6F204F5329B3
:1062900020656E7669726F6E6D656E740000000029
:1062A0004572726F723A205468726561642073742B
:1062B00061636B28253038782920776173206F76E9
:1062C0006572666C6F7700004572726F723A204D8E
:1062D00061696E20737461636B28253038782920DA
:1062E000776173206F766572666C6F7700000000CF
:1062F00054686520627573206661756C74206F63E5
:106300006375727265642061646472657373206979
:106310007320253038780000546865206D656D6FF6
:106320007279206D616E6167656D656E742066615E
:10633000756C74206F636375727265642061646448
:10634000726573732069732025303878000000006F
:10635000737461636B5F706F696E7465723A20303D
:1063600078253038782C20737461636B5F737461A7
:1063700072745F616464723A203078253038782C0A
:1063800020737461636B5F656E645F616464723A0D
:106390002030782530387800E863060800000020B7
:1063A0004C0A0000C81702080C640608000000240C
:1063B00044050000C81702087C650608000001308B
:1063C00000260000C8170208CC6506080000003847
:1063D00000020000C81702087C6506084405002476
:1063E000A43D05000CD0020801FF01E514905F01F7
:1063F0002360EA690403FFC87801FF01FF01FF0180
:10640000FF01FF01FF01FF015E000000113C90D081
:106410000304018B1314011B305E041A6A04411A31
:106420001C081A5D045A69101A18081A5C045A6884
:106430001001481522697022336E6D3367772D6D18
:106440006970310512323363312B6332052A33050B
:106450002A34052A350532361C706131041A32049B
:106460001A33041A34041A3504291A011C352F680A
:1064700062D69B1D231300155F464E2D53542D42AB
:106480004A2D30312F696E666F2E74787432100287
:106490001701181281CF0208FDCB0208D9E60408C3
:1064A0001D5E0308150412141214126480082C01D6
:1064B000F401E803064C0C02584812300011859D87
:1064C0009704087198040880D4012480D40224021F
:1064D0001AC00B506E1954C11E992002088D041A5F
:1064E000CD041AA9041A910401401AFF011E88590B
:1064F0000608B0041A64041A900401241E185A06EF
:106500000820041A28041A30041A38041A3C041A01
:1065100040041A44041A64041A68041A6C041AC069
:10652000541AC4041AC8041ACC041AD0041AD40485
:106530001AD8041ADC041AE0041AE4041AE8041A4B
:10654000EC041AB8041ABC041AF0041AF4041AF879
:10655000042AFC98194C1A04041A08041A14041A80
:106560001C041A24041A2C041A34041A0C041A10D9
:1065700004013802231F1AAA01015C0001FF01FF78
:1065800001FF01FF01FF01FF01FF01FF01FF01FF0B
:1065900001FF01FF01FF01FF01FF01FF01FF01FFFB
:1065A00001FF01FF01FF01FF01FF01FF01FF01FFEB
:1065B00001FF01FF01FF01FF01FF01FF01FF01FFDB
:1065C00001FF01FF01FF01FF0126000001FF01FFA4
:0465D00021000000A6
:040000050802029952
:00000001FF
