:020000040802F0
:10000000E8A2052485030208B99A0208B903020888
:10001000259A02083118020829CA020800000000C7
:10002000000000000000000000000000B102020813
:10003000491E0208000000000D03020881AB0208FF
:10004000AB030208AB030208AB030208AB030208D0
:10005000AB030208AB030208AB030208AB030208C0
:10006000AB030208AB030208AB0302087D180208C9
:10007000AB0302088D1802089D180208AD1802088B
:10008000BD180208CD180208AB030208AB03020832
:10009000AB030208AB030208AB030208AB03020880
:1000A000AB030208AB030208AB030208AB03020870
:1000B000A1AC0208C9AC020809AD0208AB030208F2
:1000C000AB030208AB030208AB030208AB03020850
:1000D000AB030208EDC2020801C5020879C5020897
:1000E000AB030208FD9D020800000000AB030208FC
:1000F000AB030208AB030208AB030208AB03020820
:10010000AB030208AB03020821AD0208AB030208EF
:1001100059AF020875B1020839AD020859AD02089D
:10012000AB030208AB030208AB030208AB030208EF
:10013000AB030208FD1E0208AB030208AB03020872
:1001400000000000000000000000000000000000AF
:10015000AB030208AB030208AB030208B1C70208F5
:10016000AB030208AB030208AB030208AB030208AF
:10017000AB030208AB030208AB0302080000000057
:10018000AB030208AB03020889B30208C9B5020831
:10019000AB030208AB030208AB030208AB0302087F
:1001A000AB030208AB030208AB030208AB0302086F
:1001B000AB030208AB030208AB030208AB0302085F
:1001C000AB030208AB030208AB030208AB0302084F
:1001D000AB030208AB030208AB030208AB0302083F
:1001E000AB030208AB030208AB030208AB0302082F
:1001F000AB030208AB030208AB030208AB0302081F
:10020000AB030208AB030208AB030208AB0302080E
:10021000AB030208AB030208AB030208AB030208FE
:10022000AB030208AB030208AB03020800000000A6
:10023000AB030208AB03020800000000AB03020896
:10024000AB03020821180208AB030208AB03020843
:10025000AB030208AB030208AB030208AB030208BE
:10026000AB030208AB030208AB030208AB030208AE
:10027000AB030208AB030208ED9702080000000080
:10028000AB030208AB030208AB0302080000000046
:1002900000000000AB030208DFF810D001F01CF8EA
:1002A00000480047AD8B0408AFF30080E8A20524A6
:1002B0002D4B19680868B0E8F04F80F30988BFF348
:1002C0006F8F4FF0000080F311887047000000002E
:1002D00008480068006880F308884FF0000080F349
:1002E000148862B661B6BFF34F8FBFF36F8F00DF24
:1002F00000BF00BF08ED00E0DFF80C00016841F42A
:1003000070010160704700BF88ED00E0EFF30980E5
:10031000BFF36F8F144B1A681EF0100F08BF20ED4B
:10032000108A20E9F04F106009B44FF0100072B647
:1003300080F31188BFF34F8FBFF36F8F62B63DF02C
:1003400011FF4FF0000080F3118809BC196808689C
:10035000B0E8F04F1EF0100F08BFB0EC108A80F329
:100360000988BFF36F8F70479C040024EFF305806A
:1003700070470000EFF308807047EFF30980704783
:1003800068467047DFF82400016841F4700101609D
:100390000748804707480047FEE7FEE7FEE7FEE71D
:1003A000FEE7FEE7FEE7FEE7FEE7FEE788ED00E09A
:1003B00095AB0208990202087046694612F0DEFB0E
:1003C000FFF7FEFF2DE9F05F0546002092469B46B1
:1003D00088460646814640241BE02846414647465B
:1003E000224600F0D4FA53465A46C01A914110D31F
:1003F00011461846224600F0BBFA2D1A67EB010899
:100400004F4622460120002100F0B2FA17EB000906
:100410004E41201EA4F10104DFDC484631462A4645
:100420004346BDE8F09F0000004870472C5A06087C
:1004300010B50446FFF7F8FF0068005D00F001000A
:1004400010BDA0F14101192900D8203070470000EB
:100450000649074A0868504343F2390210440860CD
:1004600040087047014908607047000044050024B7
:100470006D4EC64110B5441A0346944209D2841801
:10048000114403E011F8013D04F8013D521EF9D278
:1004900010BD40EA0104A40703D009E010C9121FEF
:1004A00010C3042AFAD203E011F8014B03F8014B00
:1004B000521EF9D210BDD2B201E000F8012B491E44
:1004C000FBD270470022F6E710B513460A460446F1
:1004D0001946FFF7F0FF204610BD421E12F8013FFB
:1004E000002BFBD111F8013B02F8013B002BF9D1A5
:1004F000704730B505462A460B4612F8010B13F833
:10050000014B08B1A042F8D01CB1002802D06D1CEC
:10051000F1E7284630BD10B5044604E00B7800F83A
:10052000013B03B1491C521EF8D2204610BDCAB28D
:10053000401E10F8011F8A4202D00029F9D1002084
:100540007047421C10F8011B0029FBD1801A70472C
:1005500010B5002200E0521C835C8C5CA34201D1E8
:10056000002BF8D1D8B2E1B2401A10BD30B5044624
:100570000020034600E05B1C934203D2E05CCD5CAC
:10058000401BF8D030BD034611F8012B00F8012BB9
:10059000002AF9D11846704730B5054600200346B9
:1005A00000E05B1C934205D2EC5CC85C201A01D1D0
:1005B000002CF6D130BD000070B50F4D00B9286891
:1005C000002412E00A4602E09E4203D0521C137837
:1005D000002BF9D1DAB2224305D02BB124B100218E
:1005E00000F8011B04E00446401C0678002EE9D107
:1005F0002860204670BD00004805002430B5034641
:100600001D783DB10A4612F8014B1CB1AC42FAD13B
:100610005B1CF5E7181A30BD30B50546002008E030
:100620000A4602E0A34207D0521C1378002BF9D1EE
:10063000401C2C5C002CF3D130BD00000FB400B581
:100640008DB010A909900B9000914FF0FF300A90E7
:1006500000200C9005480690054807906A4609A8B6
:100660000F9900F0B5FB0DB05DF814FBED0D02081D
:100670000B0E02082DE9FF5F1D464FF0FF3BD5E949
:10068000014691465F464FF00008A9697F1C01981A
:100690008847296A824688470028F6D1BAF1FF3F89
:1006A0000CD024F4C064002E19DD600614D5BAF114
:1006B0002B0F09D0BAF12D0F0ED103E0584604B02C
:1006C000BDE8F09F44F48064A9697F1C01988847C5
:1006D000761E8246002E02DDBAF1300F03D0B9F14A
:1006E000000F26D032E0A969761E44F400747F1C06
:1006F000019888478246002E05DDBAF1780F06D0B2
:10070000BAF1580F03D0B9F1000F10D01EE0B9F1C3
:10071000000F02D0B9F1100F18D1A969761E24F488
:1007200000747F1C019888478246102002E0082050
:1007300000E00A20814609E008FB0908A969761E45
:1007400044F400747F1C019888478246002E05DD22
:100750004946504600F078F90028EDDAE969019839
:100760008847A00502D46FF00100A8E7E00725D173
:10077000600613D5600502D5C8F1000000E04046D0
:1007800029680A1D2A600968220501D5087015E04C
:10079000220701D5088011E008600FE02868011DDC
:1007A00029600068210502D580F8008006E0210755
:1007B00002D5A0F8008001E0C0F8008038467EE74E
:1007C0002DE9FF5FD2E901A74FF000089169994632
:1007D0001446DDF838B0464601988847054659EA80
:1007E0000B0005D009E0A169761C019888470546F1
:1007F000216A284688470028F5D1681C03D05FEAA3
:10080000CA7005D015E04FF0FF3004B0BDE8F09F8E
:100810002068011D2160D0F800800AE05FEACA70FC
:1008200001D108F8015BA169761C7F1E01988847F9
:100830000546002F1ADD681C18D0B9F1000F0DD045
:10084000E81705EBD060421120F01F0059F8221084
:100850002A1A012090400142E0D107E0BBF1000FCD
:10086000DCD1216A284688470028D7D0E169019861
:100870008847BBF1000F07D1002E05DD5FEACA7083
:1008800002D1002188F80010A068B84203DDBBF156
:10089000000F03D017B16FF00100B6E73046B4E7A0
:1008A0002DE9F04791460F4680460446002614F88D
:1008B000015B2DB1FFF7B8FD0068405DC007F6D1C0
:1008C0002B2D02D02D2D18D0641E4A4639462046C5
:1008D00000F0ACFA27B13968A14201D1C7F8008015
:1008E00071054FF002040BD54042002803DD0CF0E7
:1008F000DBF90460A007BDE8F08746F48066E4E712
:100900000028F8DA0CF0D0F904606FF00040F2E74C
:1009100070B506460CF0C8F9046805460A220021A5
:100920003046FFF7BDFF2C6070BD70B506460CF079
:10093000BBF9046805460A2200213046FFF7B0FFE4
:100940002C6070BD30B50B460146002020220124EA
:1009500009E021FA02F59D4205D303FA02F5491B8D
:1009600004FA02F52844151EA2F10102F1DC30BDA3
:10097000202A04DB203A00FA02F10020704791405F
:10098000C2F1200320FA03F3194390407047202A54
:1009900004DB203A21FA02F00021704721FA02F329
:1009A000D040C2F120029140084319467047000030
:1009B000014900F003B80000E075052410B5006897
:1009C0003C22B0FBF2F302FB1303B0FBF2F00B602E
:1009D000B0FBF2F302FB1303B0FBF2F018224B6002
:1009E000B0FBF2F302FB1303B0FBF2F0021D8B60CD
:1009F0000723B2FBF3F403FB1422800040F2B5534B
:100A000000F66C308A61B0FBF3F2B0FBF3F403FB49
:100A10001400443280084A61C8613B2802D392071F
:100A200000D0401C0022074C13460A61E25C82425F
:100A300003D8801A5B1C0B61F8E7401CC8600846AD
:100A400010BD0000305A06083A2800D2303820F095
:100A50002002412A01D3A2F13700884201D34FF08E
:100A6000FF3070472DE9FF4F087883B09946FF2883
:100A700005D0491C2D2804D00024002008E00020C7
:100A80000BE00124F9E700EB800003EB4000491C78
:100A90000B78FF2BF7D104B1404200230293147866
:100AA00019461D462D2C01D02B2C04D1521C2D2C67
:100AB00013D000240294AA461478FF2C0FD00A25E4
:100AC000A3FB057801FB05814FF0000C03FB0C1123
:100AD000521CE3194AEB0101EEE70124EAE78144E5
:100AE00053EA010002D019F5C87F06DA0398002105
:100AF000C0E9001107B0BDE8F08F0025AE4E2F46CB
:100B0000DFF8B882184600F000FECDE90001B9F127
:100B1000000002DAC9F1000400E004460023A74AFD
:100B20001AEB030B42EB045A12E0E00707D02A4607
:100B300033463846414600F0BEFA074688462A4604
:100B400033461046194600F0B6FA05460E466410C4
:100B5000002CEAD1DDE90001B9F1000F5A465346F5
:100B600006DA00F01AFB3A46434600F016FB05E0B1
:100B700000F0A1FA3A46434600F09DFA029A0AB103
:100B800081F00041039AC2E90001B3E72DE9FF4F6C
:100B90001F468DB0D7E901464FF0FF382E2045465D
:100BA0004FF000090B90B9696D1C0E988847396A9F
:100BB000824688470028F6D1BAF1FF3F0AD024F4D4
:100BC000D064002E11DDBAF12B0F08D0BAF12D0F31
:100BD0000BD102E0404611B08DE744F48064B9695E
:100BE0006D1C0E9888478246761E6946600501D5C1
:100BF0002D2000E02B208DF8000001F1010B0DF1FC
:100C0000200809E0B9696D1C0E98884782460F9844
:100C100044F40074761E0560002E02DDBAF1300F38
:100C2000F0D00B998A453ED144F0800406E00F993C
:100C3000681CA9F1010944F400740860B9696D1CCD
:100C4000761E0E98884782463028F0D02BE00B990C
:100C50008A4505D1200603D444F08004761E18E0AE
:100C600050460CF0FFFA08B30DF11301761E44F460
:100C700000748B4508D2AAF130000BF8010B200656
:100C800007D5A9F1010003E0200602D409F1010013
:100C90008146A00502D50F99681C0860B9696D1CD2
:100CA0000E9888478246002ED1DC53E0002E51DD9D
:100CB000BAF1650F02D0BAF1450F4BD1A00549D565
:100CC000B9696D1C24F44074761E0E9888478246DC
:100CD000002E0CDD2B2804D0BAF12D0F07D144F4DF
:100CE0008074B9696D1C0E9888478246761EE005AF
:100CF00001D52D2100E02B2108F8011BCDF82C8017
:100D000021E00DF12901761E44F4007488450CD2CF
:100D1000AAF1300010F0FF0088F8000002D10B9912
:100D2000884509D908F1010806E0E00501D5244805
:100D300001E042F20F708146B9696D1C0E98884738
:100D400082460F980560002E04DD50460CF08AFAAA
:100D50000028D6D1F9690E988847FF208BF800004B
:100D600088F800000020069007904B466A4608A9C4
:100D700006A8FFF777FEA00502D46FF001002AE76E
:100D800014F0240F0AD0E00714D1DDE90612386808
:100D9000031D3B600068C0E900120BE0DDE90601BD
:100DA00000F0BFFC0146E00704D13868021D3A603C
:100DB0000068016028460EE7000014400000F03F84
:100DC000F1D8FFFF0268114413780160184670479C
:100DD000D160044951610449116200211161114639
:100DE00000F09EBAC50D020831040208426842B103
:100DF000016811F8013B23B1521EC0E900121846E8
:100E000070470121C160881E704742685AB1C368AB
:100E1000016843B983688B4205D0491E521CC0E962
:100E20000012002070474FF0FF3070472DE9F05F4F
:100E300082460078002715468B460AF10104B94620
:100E4000302801D09DB113E014F8010B0127782858
:100E500003D0582801D045B10AE00DB1102D07D1BB
:100E60000027102514F8010B02E0082500E00A25F0
:100E70000026B0460EE005FB080005FB06F1012741
:100E800001EB10461FFA80F8B6F5803F00D3B94653
:100E900014F8010B2946FFF7D7FD0028EBDABBF168
:100EA000000F05D00FB1641E00E05446CBF800409F
:100EB000B9F1000F06D00BF0F7FE02210160C81E49
:100EC000BDE8F09F48EA0640FAE700000FB40023AF
:100ED00000B589B00CA900910B996FF00042CB606E
:100EE0001E4B06931E4B07930423CDE901321D4A86
:100EF000089202466B460020FFF748FE09B05DF8F5
:100F000014FB70B586B006464FF0FF300091CDE976
:100F10000101002015460C4604903246694604A89B
:100F2000FFF7D4FF02460498211825B108B10846FE
:100F300000E020462860049800280DD0002A02DD39
:100F40000098884208D0081B0094CDE9010432467D
:100F5000694604A8FFF7BAFF06B070BDED0D0208A0
:100F60000B0E0208310402082DE9FE4F804681EA8B
:100F70000300C00F0C46009021F0004123F0004513
:100F8000B8EB0200A94105D24046214690461C46D6
:100F90000B46024623F00040104347D0270DC7F30D
:100FA0000A00C3F30A510290401A019040286BDAFC
:100FB000C3F3130040F4801B0098924620B1002335
:100FC000D2EB030A63EB0B0B01985946C0F14002C8
:100FD0005046FFF7CDFC06460D4650465946019A4D
:100FE00000F08CF910EB08006141002487EA1152EF
:100FF00084EAE7731A4340D0009A62B3019A012A47
:101000004FEA075215DC001B61EB02014FF0004272
:1010100002EA0752CDE90042001C41F58011324638
:101020002B4600F024FB03B0BDE8F08F404621467C
:10103000F9E7001B61EB0201001C41F58013001869
:101040005B412018A2F5001747EB030140EAD57079
:10105000B6196D4111E06D084FEA360645EAC075D4
:101060004FEA0752001B61EB0201001C41F58011A1
:1010700049084FEA30000019514132462B4603B06F
:10108000BDE8F04F00F0E4BA0098012240000023D0
:10109000D0EB020263EBE073009821464FEAE07464
:1010A000B8EB000061EB0401E9E783F000435BE784
:1010B00081F0004158E72DE9FE4F81EA030404F076
:1010C000004421F0004100944FF0000B23F0004356
:1010D00050EA01045ED052EA03045BD0C3F30A5421
:1010E000C1F30A552C44A4F2F3340194A0FB02543A
:1010F000C1F3130141F48011C3F3130343F48013CC
:1011000001FB024400FB034E840A970A44EA81541F
:1011100047EA8357A4FB076802958D0A05FB0785FC
:101120004FEA932C04FB0C542705029D4FEA065806
:1011300047EA1637B5EB08056EEB070C870E920EE3
:1011400047EA811742EA8312A7FB0201B6EB0B01C3
:1011500064EB00042B0D43EA0C335E1844EB1C5087
:10116000DA465146E7FB0201C5F313044FEA0B339D
:1011700043EA14534FEA0432019C43EA0603A4F104
:101180000C040294009CCDE900B400F070FA03B0A6
:10119000BDE8F08F00200146F9E72DE9F04D81EA26
:1011A000030404F0004B21F0004514464FF0000A00
:1011B00023F0004150EA050220D054EA01021DD07C
:1011C000C5F30A570246C5F31303C1F31300C1F375
:1011D0000A5640F4801543F48013A7EB0608101B51
:1011E000D64608F2FD3873EB050002D308F101087A
:1011F00001E092185B41B8F1000F03DA00200146CC
:10120000BDE8F08D00204FF48011064684460EE0C4
:10121000171B73EB050705D3121B63EB050306438E
:101220004CEA010C49084FEA300092185B4150EA41
:101230000107EDD152EA030012D082EA040083EAEA
:101240000501084305D0101BAB4106D20122002343
:1012500006E000224FF0004302E06FF0010253105D
:101260001AEB06004CEB085110EB0A0041EB0B01A6
:10127000BDE8F04D00F0ECB9C1F30A52C1F313011F
:1012800040F2FF3341F480119A4202DA0020014615
:10129000704740F233439A42A2F2334202DC524298
:1012A000FFF775BBFFF764BB30B5041E71F1000496
:1012B00004DB4FF00044404264EB0101141E73F163
:1012C000000405DB1C464FF00043524263EB04036D
:1012D000994208BF904230BD064C074D06E0E068D9
:1012E00040F0010394E8070098471034AC42F6D36D
:1012F000FEF7D6FF90670608E0670608202A06DB9F
:10130000CB17203A41FA02F043EAE07306E041FAD3
:1013100002F3D040C2F120029140084319467047C1
:101320002DE9F34F8BB04FF0000801F10C000C4693
:101330004FF0010B46460DF1080A01906269012148
:1013400001989047051E2DD0252D2CD0216A884765
:10135000C0B16269012101989047216A884700283D
:10136000F7D1411E62690198904700E0761CA1699F
:101370000B988847216A88470028F7D1E1690B98C4
:101380008847DBE7A1690B9888470746A84201D147
:10139000761CD3E7E1690B9888477F1C02D1B8F12E
:1013A000000F6FD047E1002762693D46394601983A
:1013B00090472A2804D162690121019890470125AC
:1013C000DFF888926269012101989047A0F130010D
:1013D0000A290AD24F45E5DC07EB870100EB4107FC
:1013E000303FDFD445F01005ECE7E90601D46FF09B
:1013F00000476C280AD04C2814D0682815D06A28D9
:101400000DD074281CD07A281AD01DE06269012101
:10141000019890476C2802D045F0040514E045F08F
:1014200002050DE045F020050AE0626901210198FE
:101430009047682802D045F0080505E045F40065AE
:101440006269012101989047C4E9015765283DD0A0
:1014500019DC58287AD00CDC452837D004DC252844
:1014600026D0412831D131E046282FD047282CD131
:101470002CE05B2877D0612828D063287CD06428B2
:1014800023D15AE0D1E06F2848D008DC66281DD06F
:1014900067281BD0692821D06E2816D127E0702834
:1014A00045D0732868D0752847D078280DD14DE0F5
:1014B000A1690B988847054625283FF469AFE16983
:1014C0000B9888476D1C3FF46AAFB4E023466A4628
:1014D0006FF001000B99FFF759FB9FE045F04000CA
:1014E0006060A80723464FF0000236D43EE0E807CC
:1014F0007FF447AF2068011D21600068290501D5F0
:1015000006701BE7290701D5068017E7A90703D551
:10151000F117C0E9006111E706600FE745F04000F0
:101520006060A80723464FF0080216D41EE040F67C
:101530000E0125EA0100606016E045F040006060A1
:10154000A80723464FF00A0207D40FE045F04000F9
:101550006060A80708D5234610226FF001000B99A0
:10156000AFF300805AE007E0234610226FF001003D
:101570000B99FFF77FF851E04FF000094F464B46BB
:10158000632802D05B2807D041E02079C00601D44F
:101590000120A06001273AE062690121019890478B
:1015A0005E2805D14FF001096269494601989047CC
:1015B000216939B900210A46534643F82120491CC4
:1015C0000829FADBB0B3216969B9C11700EBD16210
:1015D00053110AEB830122F01F02821A01200B68CB
:1015E000904003430B6062690121019890475D2898
:1015F000E8D1B9F1000F09D00020514651F8202060
:10160000D24341F82020401C0828F7DB02AB2246D9
:1016100000976FF001000B99FFF7D2F800280CDA61
:10162000401C08D1BBF1000F05D04FF0FF300DB0CA
:10163000BDE8F08FFFE74046F9E7E90701D108F17F
:10164000010806444FF0000B78E60000CCCCCC0C2F
:1016500010B5141E73F1000408DA401C41F10001BA
:1016600092185B411A4301D120F0010010BD2DE911
:10167000F04D92469B4611B1B1FA81F202E0B0FA08
:1016800080F220329046FFF773F904460F4640EA95
:101690000A0041EA0B0153465A46084313D011464B
:1016A00053EA010019D0C8F140025046FFF76FF924
:1016B00005460E46504659464246FFF759F908433B
:1016C00005D0012004E020463946BDE8F08D002019
:1016D000054346EAE0762C4337430A986305E40A5B
:1016E000A0EB08000022FD0A44EA47540A3002D564
:1016F00000200146E9E7010510196941DDE90845C7
:1017000000196941BDE8F04DA2E70EB540F2334241
:1017100002920022CDE900221346FFF7A8FF03B092
:1017200000BD01F0004330B421F0004150EA010255
:1017300006D00A0DA2F56072C1F31301002A02DC83
:1017400030BC00207047440F44EAC104C100E018D7
:1017500030BC00EBC250AFF300800029A8BF704737
:10176000401C490008BF20F00100704710B4B0FAD7
:1017700080FC00FA0CF050EA010404BF10BC704772
:1017800049B1CCF1200421FA04F411FA0CF118BF8C
:10179000012121430843A3EB0C01CB1D4FEA00615B
:1017A0004FEA102042BF002010BC704700EBC3502E
:1017B00010440029A4BF10BC7047401C490008BF5A
:1017C00020F0010010BC704770B58C1810F8015B58
:1017D00015F0070301D110F8013B2A1106D110F8CA
:1017E000012B03E010F8016B01F8016B5B1EF9D1CE
:1017F0002B0705D40023521E0DD401F8013BFAE754
:1018000010F8013BCB1A921C03E013F8015B01F8BE
:10181000015B521EF9D5A142D8D3002070BD000053
:1018200010B5024801F0C4FB10BD0000609E012409
:1018300000BFFEE7F8B505460E464FF6FF7448F2C6
:10184000050000906946684607F008FC10E015F8AE
:10185000010B4440002009E004F0010121B1BDF872
:10186000001081EA640400E06410401C0828F3DBE7
:10187000301EA6F10106EAD12046F8BD10B5024897
:1018800001F096FB10BD00005884012410B50248F9
:1018900001F08EFB10BD00005897012410B50248DE
:1018A00001F086FB10BD0000D898012410B5024855
:1018B00001F07EFB10BD0000589A012410B50248CB
:1018C00001F076FB10BD0000D89B012410B5024842
:1018D00001F06EFB10BD0000589D01240146374AFF
:1018E0000868904249D0354A18320868904244D07E
:1018F000324A3032086890423FD0304A4832086855
:1019000090423AD02D4A60320868904235D02B4A36
:1019100078320868904230D0284A90320868904265
:101920002BD0264AA8320868904226D0244A08685C
:10193000904222D0224A1832086890421DD0204A94
:1019400030320868904218D01D4A483208689042E8
:1019500013D01B4A6032086890420ED0184A783281
:101960000868904209D0164A90320868904204D024
:10197000134AA8320868904201D1012000E00020FB
:10198000B0B10A78103A1823B2FBF3F000F0070266
:101990000C4B9A5CCA65032805D90A686FF30902E3
:1019A000121D8A6503E00A686FF309028A6503E085
:1019B000086820F0FF008865886D704710000240BD
:1019C000100402402CFC050810B502682B4C03687B
:1019D000A34222D0294C14340368A3421DD0274CC3
:1019E00028340368A34218D0244C3C340368A34233
:1019F00013D0224C50340368A3420ED01F4C6434E1
:101A00000368A34209D01D4C78340368A34204D074
:101A10001A4C8C340368A34201D1012300E0002357
:101A20008BB10378083B1424B3FBF4F1144B03EBA4
:101A300081030366124B8033436601F01F040123C8
:101A4000A340836618E00378103B1824B3FBF4F13D
:101A50000C4B9A4204D80B4BA83B9A4200D3083156
:101A6000094B03EB81030366074B8033436601F0A8
:101A70001F040123A340836610BD000008540258D0
:101A800000580258B8040240000802400179A9B386
:101A9000082940D8204B02689A4222D01E4B1433AA
:101AA00002689A421DD01C4B283302689A4218D013
:101AB000194B3C3302689A4213D0174B50330268DB
:101AC0009A420ED0144B643302689A4209D0124BEA
:101AD000783302689A4204D00F4B8C3302689A42E2
:101AE00001D1012200E000224AB14A1E0B4B03EB58
:101AF0008202C266094A4032026708E00BE04A1ED1
:101B0000074B03EB8202C266054A403202674A1E57
:101B10000123934043677047085402580059025804
:101B200000090240014600208A69D2B98A6A32B1AE
:101B3000012A0DD0022A03D0032A10D10EE000BFE3
:101B4000CA6A02F08072B2F1807F00D1012007E002
:101B5000CA6AB2F1C07F00D1012001E000E000BFFD
:101B600036E08A69B2F5005F1BD18A6A32B1012A78
:101B700007D0022A03D0032A11D10AE000BF0120B6
:101B80000EE0CA6A02F08072B2F1807F00D10120BB
:101B900006E0CA6AB2F1C07F00D1012000E000BFB8
:101BA00016E08A6A32B1012A05D0022A04D0032A3B
:101BB0000CD103E000BF00BF012008E0CA6A02F0B8
:101BC0008072B2F1807F00D1012000E000BF00BF31
:101BD00070470000F0B5856D846D984F0668BE4271
:101BE00070D0964F18370668BE426BD0934F30378F
:101BF0000668BE4266D0914F48370668BE4261D043
:101C00008E4F60370668BE425CD08C4F78370668CE
:101C1000BE4257D0894F90370668BE4252D0874F98
:101C2000A8370668BE424DD0854F0668BE4249D0EF
:101C3000834F18370668BE4244D0814F303706685C
:101C4000BE423FD07E4F48370668BE423AD07C4FF6
:101C500060370668BE4235D0794F78370668BE4295
:101C600030D0774F90370668BE422BD0744FA837DC
:101C70000668BE4226D0734F0668BE4222D0714F1E
:101C800014370668BE421DD06E4F28370668BE4224
:101C900018D06C4F3C370668BE4213D0694F50379E
:101CA0000668BE420ED0674F64370668BE4209D050
:101CB000644F78370668BE4204D0624F8C3706689E
:101CC000BE4201D1012600E000263EB1D0E91976DE
:101CD0007E60C66E16B1D0E91C767E60574F0668EE
:101CE000BE4249D0554F18370668BE4244D0534FC4
:101CF00030370668BE423FD0504F48370668BE4274
:101D00003AD04E4F60370668BE4235D04B4F7837D9
:101D10000668BE4230D0494F90370668BE422BD08D
:101D2000464FA8370668BE4226D0454F0668BE42D9
:101D300022D0434F18370668BE421DD0404F30377F
:101D40000668BE4218D03E4F48370668BE4213D0E0
:101D50003B4F60370668BE420ED0394F7837066871
:101D6000BE4209D0364F90370668BE4204D0344F89
:101D7000A8370668BE4201D1012600E00026DEB188
:101D800090F85C6006F01F073F26BE40AE60066814
:101D9000366826F4802607683E60066873608668A9
:101DA000402E04D10668B2600668F16044E006681F
:101DB000B1600668F2603FE0224F0668BE4222D062
:101DC000204F14370668BE421DD01E4F28370668C4
:101DD000BE4218D01B4F3C370668BE4213D0194F85
:101DE00050370668BE420ED0164F64370668BE42B2
:101DF00009D0144F78370668BE4204D0114F8C3793
:101E00000668BE4201D1012600E00026A6B190F886
:101E10005C6006F01F070126BE40666006687360BE
:101E20008668402E04D10668B2600668F16003E05F
:101E30000668B1600668F260F0BD00001000024064
:101E40001004024008540258704710B5002210E0F8
:101E500002EB4204036903EBC40100230B604B60F7
:101E60008B60CB600B614B6100F1440343F822109F
:101E7000521C042AECD3002444658465C46544667E
:101E800004660324036803F58053C3F830410368F4
:101E900003F580530469C3F81C410369483304689F
:101EA00004F58054C4F8283110BD10B500220EE0AE
:101EB00002EB4204C36803EBC40100230B604B60D8
:101EC0008B60CB6000F1180343F82210521C042AE7
:101ED000EED3002484620324036803F58053C3F81F
:101EE0002C41036803F58053C468C3F814410368A8
:101EF00003F58053C468C3F8204110BD10B50248F3
:101F000002F05EFC10BD000018D3012410B5A2B091
:101F1000044601208DF83300002012908DF8410016
:101F20008DF8430001208DF828008DF856008DF8BB
:101F3000320000208DF84C0001208DF88400400311
:101F40000F9000208DF85C0018908DF885008DF8BA
:101F500086004FF4C360169000208DF830000B907F
:101F600001208DF8350000208DF836008DF84000F6
:101F70001D901B9014908DF864008DF87A0001205C
:101F80008DF842002020209001208DF84400002090
:101F90008DF855004FF0405009904FF480400E905E
:101FA00000208DF8310002201F9000208DF878006D
:101FB0008DF879008DF8540001208DF83400002050
:101FC0001A9001208DF8700009A9204600F0AEFAA1
:101FD00001208DF804000290002000908DF81C0074
:101FE0008DF80D008DF80C004FF4001006900020C5
:101FF0008DF814004FF40010049000208DF81D009F
:102000004FF4067008906946204600F031FA22B07D
:1020100010BD000070B506463068D0F8004224F4C8
:10202000706404F0C7FF05461348854205D3134882
:10203000854202D244F400741AE01048854205D368
:102040000F48854202D244F4407411E00C488542A6
:1020500003D30C48854200D20AE00A48854205D3E2
:102060000948854202D244F4807401E044F480645B
:102070003068C0F8004270BD002D3101C00E16025C
:102080000087930300E1F50580D1F0080020704738
:1020900010B503F021FC10BD10B5024802F08AFF14
:1020A000002010BD18D3012470B504460D46164615
:1020B00033462A462146044802F0DDFE10B14FF0B7
:1020C000FF3070BD0020FCE718D3012470B5044632
:1020D0000D46164633462A462146044803F010F9B9
:1020E00010B14FF0FF3070BD0020FCE718D3012481
:1020F0002DE9F04F06460B46914606F11804226979
:10210000D4F810C0002754F822109D68BA46C86859
:1021100000F00040B0F1004F04D004F1140050F87A
:10212000220010B10220BDE8F08F187800F0040002
:10213000C8B3C8686FF30F00D3F824B040EA0B00AF
:10214000C860C86840F48030C8603068006E40F4F1
:102150008010D6F800B0CBF86000187800F00800C6
:1021600008B3B3F82CB088686BF31F408860C86868
:1021700040F40030C860C86820F44020D3F830B084
:1021800040EA0B00C8603068406E40F48010D6F81A
:1021900000B0CBF864003068006D40F08060D6F885
:1021A00000B0CBF85000187800F0100058B18868E3
:1021B0006FF30D00D3F818B040EA0B008860C868D0
:1021C00040F08060C860187800F0040018B91878F2
:1021D00000F01000F0B1C86840F08040C860C868E6
:1021E00040F00040C86000BF521C042A00D3121FF8
:1021F00000BF54F822107F1CC86800F00040B0F106
:10220000004F07D154F82C10C86820F00040C86077
:10221000022088E77F1C2868086088686FF30D003B
:10222000D5F804B040EA0B008860A86868B1AD68D2
:10223000286848608868DFF834B200EA0B00B5F817
:1022400004B040EA0B40886007E0002048608868DE
:10225000DFF818B200EA0B008860187800F0100070
:10226000A0B1C86820F4F000B3F820B040EACB4039
:10227000C860C8686FF31100D3F81CB040EA0B00C7
:10228000C860C86840F48020C8601FE0C8686FF369
:102290000E00D3F804B040EA0B00C860187800F0D4
:1022A000010038B1C86820F44030D3F814B040EAD7
:1022B0000B00C860187800F0200038B1C86820F022
:1022C0004060D3F810B040EA0B00C860187800F006
:1022D000040038B1886820F44040D3F828B040EAC0
:1022E0000B008860C86840F00050C860C86820F0E3
:1022F0008040C860C86840F00040C860187800F0AE
:10230000020038B1C86820F06070D3F80CB040EA21
:102310000B00C86085E0C86820F08050C86000BF2E
:10232000521C042A00D3121F00BF54F82210C868A0
:1023300020F00050C860C86800F00040B0F1004FC5
:1023400004D004F1140050F82200B8B1624654F8E9
:1023500022104FF000080DE0C86820F00040C8606F
:1023600000BF521C042A00D3121F00BF54F82210D1
:1023700008F10108B845EFD30220D4E67F1CAD6810
:102380002868086088686FF30D00D5F804B040EA4B
:102390000B008860A86868B1AD68286848608868E4
:1023A000DFF8C8B000EA0B00B5F804B040EA0B4013
:1023B000886007E0002048608868DFF8B0B000EA75
:1023C0000B008860187800F0100060B1C8686FF3E7
:1023D0001100D3F81CB040EA0B00C860C86840F494
:1023E0008020C86013E0C8686FF30E00D3F804B013
:1023F00040EA0B00C860187800F0010038B1C868E6
:1024000020F44030D3F814B040EA0B00C8600AF161
:10241000010AC86840F00040C860C86820F08040E9
:10242000C860A86800287FF476AFB9F1000F04D027
:10243000886840F00040886003E0886820F0004031
:102440008860C86840F08050C86004F11400D4F877
:1024500024B040F822B0226172B60AF10100D4F82B
:1024600028B05844A06262B600205CE6FFFF00C0BE
:1024700010B5036803F580531B6847F60204A343B5
:102480000C682343046804F5805423600C798B683E
:1024900043EA04330C7B43EAC432036803F58053F8
:1024A0005B684DF20104A3431343046804F58054B0
:1024B00063604C7B0B6A43EA0442036803F5805374
:1024C000D3F80031164C23401343046804F58054BC
:1024D000C4F800310C7D0B6943EA04134C7F43EAD6
:1024E0000432036803F58053D3F804310D4C2340C4
:1024F0001343046804F58054C4F804310C7F8B69DD
:1025000043EAC472036803F58053D3F80831064CDC
:1025100023401343046804F58054C4F8083110BD07
:1025200000C0FEFFEFEFC0FFFFFFC07F10B50C68DB
:102530008B6823430C7943EAC4630C7B43EAC4539E
:102540004C7B43EA84538C7B43EA4453CC7B43EA81
:1025500004530C7C0CB9012400E0002443EAC4437A
:102560004C7C0CB9012400E0002443EA44438C7CF9
:1025700043EA04434C6923438C6923430C7F43EAB9
:1025800004334C7F43EAC4238C7F0CB9012400E060
:10259000002443EA8423CC7F43EA442391F820407B
:1025A0000CB9012400E0002443EA042351F8244F2D
:1025B00023430C7943EA04138C6843EA040203685A
:1025C0001B683D4C23401343046823600B7E5B066D
:1025D0000C7D43EA04630C7B43EA84434C7B43EA6F
:1025E00044438C7B24390CB9012400E0002443EAE5
:1025F00004434C6B43EA040203685B682F4C23409E
:1026000013430468636091F840404B6C43EA042232
:102610000368DB6840F20F14A34313430468E360CC
:1026200091F854400B6D43EA440391F84C400CB9C7
:10263000012400E0002443EAC41331F8484F43EA80
:10264000044203681B6F4FF60D7423401343046864
:1026500023678B7B4C7B43EA44020368D3F89030BA
:1026600023F0030313430468C4F890300368D3F8DD
:10267000003D23F072030C6923430468C4F8003D55
:102680000C7E4B6948390CB9012400E0002443EA70
:10269000841391F8614043EA041391F8624043EADD
:1026A000C4020368D3F8303D23F07B03134304686E
:1026B000C4F8303D10BD0000838004000080F8C0E5
:1026C00010B50A46042800DB10BD00211BE0114BA9
:1026D00003EB802353F82130934212D10D4B03EBCF
:1026E00080240D4B1B5C5B1E54F82330094C04EB1B
:1026F000802444F82130084B1B5C5B1E064C23549D
:1027000005E04B1CD9B2044B1B5C8B42DFDC00BFE5
:1027100000BFD9E77C0500243A0000242DE9FF41E1
:10272000074627B94FF0FF3004B0BDE8F081002420
:102730000020009001900290039000BF05E01E4928
:10274000095C2144CCB2411CC8B20428F7DB224604
:102750001AA168460AF012FA69463846FDF7BDFE2E
:10276000002C23DD00251FE01348405D00B919E06F
:10277000002612E013A13846FDF7AFFE124800EB29
:10278000852050F8262011A168460AF0F7F969461D
:102790003846FDF7A2FE701CC6B20748405DB04245
:1027A000E8DC00BF681CC5B2042DDDDB09A138469A
:1027B000FDF793FE60B2B7E73A0000244552523D60
:1027C000256400002C0000007C05002425303858CA
:1027D000000000003B00000001B9704700BFFEE7A9
:1027E000042800DB7047002209E0104B03EB802334
:1027F00053F822308B4200D1F4E7531CDAB20C4B71
:102800001B5C9342F1DC0A4A125CFF2A0BDC074A8C
:1028100002EB8022064B1B5C42F82310044A125C38
:10282000521C034B1A5400BFDCE700007C05002457
:102830003A00002410B501F001037BB1134BDB68B3
:1028400023F4E663114CE36042F0040343EA0023FF
:1028500043F08003E46823430C4CE36001F002037F
:10286000022B12D10A4B1B6823F4E663074CC4F811
:102870000C3142F0040343EA002343F08003D4F810
:102880000C412343014CC4F80C3110BD0020005210
:102890000C21005201F00302032A1BD1234AD26803
:1028A00022F03002214BDA60214A126822F0300215
:1028B000C3F80C211A46D2680243DA601A46D2F8ED
:1028C0000C210243C3F80C211A46926942F010020F
:1028D0009A6129E001F0010272B1144AD26822F033
:1028E0003002124BDA601A46D2680243DA601A46A6
:1028F000D26842F08802DA6001F00202022A13D1A3
:102900000B4A126822F03002084BC3F80C211A4619
:10291000D2F80C210243C3F80C211A46D2F80C213C
:1029200042F08802C3F80C217047000000200052DA
:102930000C2100522DE9F04107460E4604240025E3
:1029400002F0CAFF8046022E00D1344C0BE0781C06
:1029500048B102F0C1FFA0EB0800B84200D817B997
:102960000320BDE8F0812E482040A04208D12D4828
:1029700000692040A04201D101200DE000200BE0C1
:102980002948006824F00041084024F000418842B2
:1029900001D1012000E000200028D8D1012E05D16E
:1029A00020480069214900EA010505E01E48006849
:1029B0001F49084040F0004525F0004090B11D48F7
:1029C000806928431B49886115482840A84202D1E4
:1029D0001448456104E025F000401349091D0860D2
:1029E0000120BEE7012E0AD10E48006900F48030B4
:1029F000B0F5803F0FD130040A4948610BE00A4826
:102A0000006800F48030B0F5803F04D14FF480308E
:102A10000549091D08600020A3E7000004000080AC
:102A20000F00EF1F00200052102100520000EE178F
:102A30000000EE97FCD201242DE9F04107460D4637
:102A40001646002409E055F824103846FDF780FDAD
:102A500010B92046BDE8F081641CB442F3DB4FF0AE
:102A6000FF30F7E72DE9F0410546002425E004EBAF
:102A70004400154911F82000298888421CD104EB34
:102A80004403114F07EB8303198904EB440307EB5D
:102A9000830358680D4B1A689047064604EB4400C0
:102AA000394601EB8000807AB04201D1012600E076
:102AB00000263046BDE8F081641C05480078844259
:102AC000D5DB0020F6E700004002002428020024A5
:102AD00097FC05082DE9F041044602F0FDFE804612
:102AE00014B90120BDE8F08194F83500022808D01F
:102AF0008020606500BF002084F8340000BF012002
:102B0000F0E7FE492068884249D0FC491831206826
:102B1000884244D0F9493031206888423FD0F74993
:102B20004831206888423AD0F449603120688842B0
:102B300035D0F24978312068884230D0EF49903161
:102B4000206888422BD0ED49A8312068884226D0E1
:102B5000EB492068884222D0E94918312068884230
:102B60001DD0E74930312068884218D0E449483107
:102B70002068884213D0E2496031206888420ED034
:102B8000DF4978312068884209D0DD4990312068DA
:102B9000884204D0DA49A8312068884201D1012056
:102BA00000E0002068B12068006820F01E00216865
:102BB00008602068406920F080002168486125682D
:102BC00006E02068006820F00E0021680860256893
:102BD000CA492068884270D0C849183120688842A4
:102BE0006BD0C64930312068884266D0C34948312D
:102BF0002068884261D0C1496031206888425CD039
:102C0000BE4978312068884257D0BC49903120684D
:102C1000884252D0B949A831206888424DD0B8497D
:102C20002068884249D0B64918312068884244D08B
:102C3000B3493031206888423FD0B14948312068DB
:102C400088423AD0AE4960312068884235D0AC49DC
:102C500078312068884230D0A94990312068884274
:102C60002BD0A749A8312068884226D0A5492068E2
:102C7000884222D0A3491431206888421DD0A1493E
:102C800028312068884218D09E493C31206888420B
:102C900013D09C495031206888420ED09949643144
:102CA0002068884209D0974978312068884204D04A
:102CB00094498C312068884201D1012000E0002035
:102CC00028B1206E006820F48070216E08608B4966
:102CD0002068884249D0894918312068884244D008
:102CE00086493031206888423FD084494831206885
:102CF00088423AD0814960312068884235D07F4986
:102D000078312068884230D07C49903120688842F0
:102D10002BD07A49A8312068884226D0784920688B
:102D2000884222D076491831206888421DD07449E3
:102D300030312068884218D0714948312068884273
:102D400013D06F496031206888420ED06C497831C9
:102D50002068884209D06A4990312068884204D0AE
:102D60006749A8312068884206D12068006820F0B1
:102D700001002168086005E02068006820F001007B
:102D80002168086011E002F0A7FDA0EB080005280B
:102D90000BD920206065032084F8350000BF002097
:102DA00084F8340000BF01209CE6286800F0010090
:102DB0000028E8D151492068884249D04F4918314C
:102DC0002068884244D04D493031206888423FD045
:102DD0004A494831206888423AD0484960312068E1
:102DE000884235D0454978312068884230D04349FF
:102DF0009031206888422BD04049A8312068884211
:102E000026D03F492068884222D03D4918312068A9
:102E100088421DD03A4930312068884218D038495C
:102E200048312068884213D0354960312068884293
:102E30000ED0334978312068884209D0304990312A
:102E40002068884204D02E49A8312068884201D1E8
:102E5000012000E0002040B1A66D94F85C0000F075
:102E60001F013F208840B06007E0A76D94F85C0028
:102E700000F01F01012088407860204920688842C6
:102E800076D01E4918312068884271D01B493031F4
:102E9000206888426CD0194948312068884267D040
:102EA000164960312068884262D014497831206820
:102EB00088425DD0114990312068884258D00F492E
:102EC000A8312068884253D00D49206888424FD0ED
:102ED0000B491831206888424AD0094930312068AE
:102EE000884245D0064948312068884240D004498C
:102EF0006031206888423BD0014905E01000024063
:102F000010040240085402587831206888422FD0BB
:102F10002549206888422BD02349183120688842EF
:102F200026D022492068884222D0204914312068C6
:102F300088421DD01D4928312068884218D01B497D
:102F40003C312068884213D01849503120688842AB
:102F50000ED0164964312068884209D0134978316F
:102F60002068884204D011498C312068884201D100
:102F7000012000E0002068B1D4E919104860E06E3B
:102F800040B1E06E006820F48070E16E0860D4E922
:102F90001C104860012084F8350000BF002084F830
:102FA000340000BF00BF9DE5A00402400854025851
:102FB0002DE9F84F044600200090FE4800684FF4C9
:102FC0001651B0FBF1FAA66DD4F858803768D8F8DE
:102FD0000090F9492068884249D0F74918312068A3
:102FE000884244D0F4493031206888423FD0F249C9
:102FF0004831206888423AD0EF49603120688842E1
:1030000035D0ED4978312068884230D0EA49903196
:10301000206888422BD0E849A8312068884226D011
:10302000E6492068884222D0E44918312068884265
:103030001DD0E24930312068884218D0DF4948313C
:103040002068884213D0DD496031206888420ED064
:10305000DA4978312068884209D0D849903120680F
:10306000884204D0D549A8312068884201D1012086
:1030700000E0002000287DD094F85C0000F01F01E3
:10308000082088403840002868D0CB492068884212
:1030900049D0C94918312068884244D0C6493031E6
:1030A000206888423FD0C4494831206888423AD0DD
:1030B000C14960312068884235D0BF4978312068E5
:1030C000884230D0BC499031206888422BD0BA4920
:1030D000A8312068884226D0B8492068884222D08A
:1030E000B6491831206888421DD0B4493031206873
:1030F000884218D0B14948312068884213D0AF497E
:103100006031206888420ED0AC497831206888420E
:1031100009D0AA4990312068884204D0A749A83133
:103120002068884204D12068006800F0040003E0B1
:103130002068006800F0080080B12068006820F076
:1031400004002168086094F85C0000F01F0108206A
:103150008840B060606D40F00100606594F85C00EC
:1031600000F01F01012088403840E8B392492068F0
:10317000884200E0B7E24BD08F491831206888427E
:1031800046D08D4930312068884241D08A49483143
:10319000206888423CD0884960312068884237D016
:1031A000854978312068884232D08349903120683F
:1031B00088422DD08049A8312068884228D07F4994
:1031C0002068884224D07D491831206888421FD069
:1031D0007A493031206888421AD0784948312068CD
:1031E000884215D0754900E026E0603120688842A9
:1031F0000ED0724978312068884209D06F499031E9
:103200002068884204D06D49A8312068884204D1E2
:103210002068406900F0800002E02068006800201B
:1032200050B194F85C0000F01F0101208840B060AC
:10323000606D40F00200606594F85C0000F01F01D2
:10324000042088403840E8B35B49206888424BD06E
:10325000594918312068884246D057493031206892
:10326000884241D054494831206888423CD0524974
:1032700060312068884237D04F49783120688842D1
:1032800032D04D499031206888422DD04A49A8312A
:103290002068884228D049492068884224D047497C
:1032A0001831206888421FD0444930312068884254
:1032B0001AD0424948312068884215D03F496031D0
:1032C000206800E024E088420ED03C497831206834
:1032D000884209D0394990312068884204D0374962
:1032E000A8312068884204D12068006800F00200FC
:1032F00002E020680068002050B194F85C0000F003
:103300001F0104208840B060606D40F004006065DB
:1033100094F85C0000F01F01102088403840E8B3AA
:1033200025492068884251D02349183120688842B5
:103330004CD0214930312068884247D01E4948315D
:103340002068884242D01C496031206888423DD0C4
:10335000194978312068884238D01749903120685F
:10336000884233D01449A831206888422ED01349AE
:10337000206888422AD0114918312068884225D017
:103380000E4930312068884220D00C4948312068ED
:1033900088421BD009496031206800E04DE0884236
:1033A00014D006497831206888420FD00349903103
:1033B000206805E0000000241000024010040240D4
:1033C000884203D0FE492068884204D12068006802
:1033D00000F0080003E02068006800F0040060B31B
:1033E00094F85C0000F01F0110208840B060206855
:1033F000006800F4802080B12068006800F400209C
:1034000028B9206CC8B12046216C884715E0A06C13
:1034100098B12046A16C88470FE02068006800F44E
:10342000807028B92068006820F0080021680860D2
:10343000206C10B12046216C884794F85C0000F0A5
:103440001F0120208840384000287DD0DD492068B9
:10345000884249D0DB4918312068884244D0D94994
:103460003031206888423FD0D649483120688842B0
:103470003AD0D44960312068884235D0D14978317A
:103480002068884230D0CF499031206888422BD0C4
:10349000CC49A8312068884226D0C949A83920687B
:1034A000884221D0C6499039206888421CD0C4493E
:1034B00078392068884217D0C1496039206888422D
:1034C00012D0BF494839206888420DD0BC493039F4
:1034D0002068884208D0BA4918392068884203D049
:1034E000B7492068884204D12068006800F01000C5
:1034F00003E02068006800F0020028B394F85C0044
:1035000000F01F0120208840B06094F835000428A6
:103510002DD12068006820F016002168086020681E
:10352000406920F0800021684861206C08B9A06CD7
:1035300028B12068006820F008002168086094F82D
:103540005C0000F01F0100E03FE03F208840B060D9
:10355000012084F8350000BF002084F8340000BF4B
:10356000206D10B12046216D8847BDE8F88F206896
:10357000006800F4802080B12068006800F400201A
:1035800028B9606C08B32046616C88471DE0E06B89
:10359000D8B12046E16B884717E02068006800F446
:1035A000807068B92068006820F010002168086009
:1035B000012084F8350000BF002084F8340000BFEB
:1035C000E06B10B12046E16B8847606D00287AD02F
:1035D000606D00F00100E8B3042084F835007949FB
:1035E000206888424BD0774918312068884246D0FD
:1035F000744930312068884241D07249483120688E
:1036000088423CD06F4960312068884237D06D498C
:1036100078312068884232D06A49903120688842E7
:103620002DD06849A8312068884228D06449A8393B
:103630002068884223D062499039206888421ED091
:103640005F4978392068884219D05D49603920681F
:10365000884200E040E012D0594948392068884249
:103660000DD0574930392068884208D0544918395C
:103670002068884203D052492068884206D12068D9
:10368000006820F001002168086005E020680068FB
:1036900020F001002168086000BF0098401C0090E5
:1036A000504500D905E02068006800F001000028BE
:1036B000F3D100BF2068006800F0010020B10320B2
:1036C00084F8350003E00DE0012084F8350000BFE8
:1036D000002084F8340000BFE06C002802D02046AF
:1036E000E16C8847D9E138492068884222D03649C0
:1036F0001431206888421DD033492831206888421F
:1037000018D031493C312068884213D02E495031BD
:10371000206888420ED02C4964312068884209D044
:10372000294978312068884204D027498C312068A3
:10373000884201D1012000E000200028D2D020687A
:10374000056894F85C0000F01F010420884000EA3E
:103750000900D8B305F00400C0B394F85C0000F091
:103760001F0104208840C8F8040005F4004080B11F
:1037700005F4803030B9A06C0028B3D02046A16C8D
:1037800088478AE1206C0028ACD02046216C88470D
:1037900083E105F02000E8BB0A492068884253D045
:1037A00008491831206888424ED0064930312068D7
:1037B000884249D0034948312068884244D006E015
:1037C000B804024010000240085402584FE0B449C7
:1037D00060312068884237D0B1497831206888420A
:1037E00032D0AF499031206888422DD0AC49A83101
:1037F0002068884228D0AB492068884224D0A94953
:103800001831206888421FD0A6493031206888428C
:103810001AD000E025E0A34948312068884213D03F
:10382000A0496031206888420ED09E4978312068D6
:10383000884209D09B4990312068884204D0994938
:10384000A8312068884206D12068006820F008006E
:103850002168086005E02068006820F00400216805
:103860000860206C10B32046216C884715E194F85D
:103870005C0000F01F010220884000EA0900E8B364
:1038800005F00200D0B394F85C0000F01F010220A4
:103890008840C8F8040005F4004070B105F4803099
:1038A00028B9606C10B12046616C8847F5E0E06B88
:1038B000F0B32046E16B8847EFE005F02000C0BB85
:1038C0007749206888424ED075491831206888426F
:1038D00049D0734930312068884244D0704948311A
:1038E000206888423FD06E496031206888423AD0D3
:1038F0006B4978312068884235D000E04EE0684955
:103900009031206888422ED06549A83120688842CD
:1039100029D064492068884225D06249183120683E
:10392000884220D05F493031206888421BD001E0B6
:103930006EE02DE05B4948312068884213D0594938
:103940006031206888420ED056497831206888421C
:1039500009D0544990312068884204D05149A83197
:103960002068884206D12068006820F01400216891
:10397000086005E02068006820F00A0021680860FF
:10398000012084F8350000BF002084F8340000BF17
:10399000E06BE8B32046E16B88477EE094F85C007A
:1039A00000F01F010820884000EA090080B305F0FC
:1039B000080068B33A49206888424BD0384918312A
:1039C0002068884246D0364930312068884241D04C
:1039D00033494831206888423CD031496031206801
:1039E000884237D02E4978312068884232D02C491D
:1039F0009031206888422DD02949A831206888421A
:103A000028D028492068884224D02649183100E06F
:103A100043E0206888421DD0224930312068884226
:103A200018D0204948312068884213D01D496031A0
:103A3000206888420ED01B4978312068884209D01E
:103A4000184990312068884204D01649A83120686E
:103A5000884206D12068006820F01C0021680860B8
:103A600005E02068006820F00E002168086094F8E6
:103A70005C0000F01F0101208840C8F8040001200C
:103A8000606584F8350000BF002084F8340000BF72
:103A9000E06C10B12046E16C884700BF65E500008E
:103AA00010000240100402402DE9F041044601F0EC
:103AB00013FF804614B90120BDE8F081FE4920685B
:103AC000884249D0FC4918312068884244D0FA49DC
:103AD0003031206888423FD0F74948312068884219
:103AE0003AD0F54960312068884235D0F2497831C2
:103AF0002068884230D0F0499031206888422BD02D
:103B0000ED49A8312068884226D0EC4920688842D7
:103B100022D0EA491831206888421DD0E749303167
:103B20002068884218D0E54948312068884213D07F
:103B3000E2496031206888420ED0E049783120683F
:103B4000884209D0DD4990312068884204D0DB49A1
:103B5000A8312068884201D1012000E0002000281F
:103B600073D0606A00B100BF022084F8350000BF46
:103B7000002084F8340000BFCF492068884249D033
:103B8000CD4918312068884244D0CB493031206873
:103B900088423FD0C8494831206888423AD0C64957
:103BA00060312068884235D0C34978312068884226
:103BB00030D0C1499031206888422BD0BE49A8310D
:103BC0002068884226D0BD492068884222D0BB495F
:103BD0001831206888421DD0B849303120688842A9
:103BE00018D0B64948312068884213D0B3496031B3
:103BF000206888420ED0B14978312068884209D0C7
:103C0000AE4990312068884204D0AC49A831206880
:103C1000884206D12068006820F001002168086011
:103C200005E02068006820F00100216808600DE0D0
:103C300001F052FEA0EB0800052807D9202060659E
:103C4000032084F83500012036E76AE02068006828
:103C500000F001000028EBD1206805689848054075
:103C6000D4E9020108432169084361690843A16955
:103C70000843E1690843216A08430543606A042850
:103C800003D1D4E90B01084305438E4800686FF364
:103C90000F00B0F1005F1DD36068292802D360686F
:103CA0002E2811D960683F2802D3606842280BD9BA
:103CB0006068472802D36068482805D960684F28A3
:103CC00004D36068522801D8012000E0002008B128
:103CD00045F48015206805602068456925F00705D2
:103CE000606A0543606A04280DD1A06A0543E06A52
:103CF00048B12046FDF716FF28B14020606501203D
:103D000084F83500D8E6206845612046FDF7E6FDD9
:103D1000064694F85C0000F01F013F208840B06028
:103D20009EE069492068884222D0674914312068A2
:103D300088421DD0644928312068884218D06249E1
:103D40003C312068884213D05F4950312068884256
:103D50000ED05D4964312068884209D05A497831D3
:103D60002068884204D058498C312068884201D1AB
:103D7000012000E00020E0B353492068884222D0AF
:103D800051491431206888421DD04F49283120689C
:103D9000884218D04C493C312068884213D04A49A7
:103DA0005031206888420ED04749643120688842EB
:103DB00009D0454978312068884204D042498C3185
:103DC0002068884201D1012000E0002000B100BF3E
:103DD000022084F8350000BF002084F8340000BFC2
:103DE0002068056839480540A068402802D11021A4
:103DF00006E02EE0A068802801D1C10100E000218A
:103E0000E06841EAD001206941EAD001606941EAF5
:103E1000D001A06941EAD001E06941EAD001206AFD
:103E200041EA101005432068056027492068401AC0
:103E30001421B0FBF1F08000E0652046FDF74EFD57
:103E4000074694F85C0000F01F010120884078606C
:103E500006E040206065032084F8350001202BE651
:103E60001549206888427FD013491831206888425C
:103E70007AD0114930312068884275D00E494831D6
:103E80002068884270D00C496031206888426BD02D
:103E9000094978312068884266D007499031206806
:103EA000884261D00449A831206888425CD0034927
:103EB0002068884258D00BE01000024010040240F5
:103EC0003F8010FE0010005C085402580F00FEFFF7
:103ED0003B4918312068884246D039493031206842
:103EE000884241D036494831206888423CD0344924
:103EF00060312068884237D0314978312068884263
:103F000032D02F499031206888422DD02C49A831D9
:103F10002068884228D02B492068884224D029492B
:103F20001431206888421FD02649283120688842F1
:103F30001AD024493C312068884215D0214950319B
:103F40002068884210D01F496431206888420BD015
:103F50001C4978312068884206D01A498C31206883
:103F6000884200E000E001D1012000E0002000B321
:103F70002046FDF729FDA068802801D1002060605F
:103F80002079216E0860D4E919104860606860B13A
:103F90006068082809D82046FDF778FD0020E16E0A
:103FA0000860D4E91C10486003E00020E066206748
:103FB000606700206065012084F8350000207BE503
:103FC00010040240085402582DE9F04104460D4601
:103FD00016461F464FF0000814B90120BDE8F081D5
:103FE00000BF94F83400012801D10220F6E7012037
:103FF00084F8340000BF94F8350001287ED10220F7
:1040000084F8350000206065E4492068884249D082
:10401000E24918312068884244D0E04930312068B4
:1040200088423FD0DD494831206888423AD0DB4998
:1040300060312068884235D0D8497831206888427C
:1040400030D0D6499031206888422BD0D349A8314E
:104050002068884226D0D2492068884222D0D049A0
:104060001831206888421DD0CD49303120688842FF
:1040700018D0CB4948312068884213D0C8496031F4
:10408000206888420ED0C64978312068884209D01D
:10409000C34990312068884204D0C149A8312068C2
:1040A000884206D12068006820F00100216808607D
:1040B00005E02068006820F00100216808603B46A8
:1040C000324629462046FDF785FDB44920688842DE
:1040D0004BD0B24918312068884246D0AF493031C0
:1040E0002068884241D0AD494831206888423CD0A0
:1040F000AA4960312068884237D000E042E1A749F0
:1041000078312068884230D0A449903120688842B4
:104110002BD0A249A8312068884226D0A049206827
:10412000884222D09E491831206888421DD09C497F
:1041300030312068884218D0994948312068884237
:1041400013D097496031206888420ED09449783165
:104150002068884209D0924990312068884204D072
:104160008F49A8312068884201D1012000E0002059
:1041700080B12068006820F01E0040F01600216821
:104180000860206CB0B12068006840F00800216829
:1041900008600FE02068006820F00E0040F00A0080
:1041A00021680860206C28B12068006840F0040095
:1041B0002168086079492068884270D077491831B1
:1041C000206888426BD0754930312068884266D0BB
:1041D000724948312068884261D070496031206856
:1041E00088425CD06D4978312068884257D06B494D
:1041F00090312068884252D06849A83120688842AE
:104200004DD067492068884249D0654918312068F7
:10421000884244D062493031206888423FD06049AA
:104220004831206888423AD05D4960312068884230
:1042300035D05B4978312068884230D05849903178
:10424000206888422BD05649A8312068884226D061
:1042500054492068884222D052491431206888424B
:104260001DD0504928312068884218D04D493C3132
:104270002068884213D04B495031206888420ED0C4
:10428000484964312068884209D04649783120681D
:10429000884204D043498C312068884201D10120F2
:1042A00000E0002090B1206E006800F4803028B15A
:1042B000206E006840F48070216E0860E06E28B1C6
:1042C000E06E006840F48070E16E08603349206859
:1042D000884249D0314918312068884244D02F495A
:1042E0003031206888423FD02C49483120688842CC
:1042F0003AD02A4960312068884235D02749783140
:104300002068884230D025499031206888422BD0DF
:104310002249A8312068884226D021492068884255
:1043200022D01F491831206888421DD01C493031E5
:104330002068884218D01A4948312068884213D032
:1043400017496031206888420ED0154978312068BD
:10435000884209D0124990312068884204D010491F
:10436000A8312068884206D12068006840F001002A
:104370002168086010E02068006840F001002168B2
:10438000086009E04FF40060606500BF002084F819
:10439000340000BF4FF0010840461FE61000024005
:1043A0001004024008540258F0B5044604F14402D7
:1043B000536952F823109669906908B90120F0BD3D
:1043C000D06900B1761C002522E0086908604FF032
:1043D0008070C860486928B148698860C86840F042
:1043E0000070C860C86840F00040C860106A18B12A
:1043F000C86840F08040C860701EA84207D900BF5E
:104400005B1C042B00D31B1F00BF52F823106D1C34
:10441000B542DAD3206800F58050C0F8281100209A
:1044200090610027276600BFC9E7704730B5044692
:104430000D4604F1440050F825100AB1042D02D3B2
:104440000120606730BD0A600A61C86840F0807072
:10445000C8602BB18B604B61C86840F00070C860C9
:10446000C86840F00040C8600020EBE77047024693
:1044700009B9012070471068006800F00C00C8629C
:1044800010680068C0F3001081F828001068006808
:1044900000F06000486210680068C0F3002080F0FF
:1044A000010081F8200010680068C0F34020C87740
:1044B00010680068C0F3802080F0010088771068E1
:1044C0000068C0F3C020487710680068C0F300306F
:1044D00008771068006800F4005088611068006870
:1044E00000F48040486110680068C0F300408874A0
:1044F00010680068C0F3404080F001004874106804
:104500000068C0F3C04080F00100087410680068C3
:10451000C0F30050C87310680068C0F3405088733F
:1045200010680068C0F38050487310680068C0F3DA
:10453000C05008731068006800F0E0608860106880
:104540000068C0F3C06008711068006800F0E040C7
:10455000086010684068C0F30D0048631068406848
:10456000C0F3004080F0010081F83200106840681C
:10457000C0F3404081F8310010684068C0F38040CB
:1045800081F8300010684068C0F3006081F838009E
:1045900010684068C0F34460C8631068C068C0F326
:1045A000002081F840001068C06800F00F004864E7
:1045B0001068006FC0F3400081F854001068006F6D
:1045C000C0F3C01080F0010081F84C001068006F4B
:1045D00000F0700008651068006F000C88641068B7
:1045E000D0F8900000F0010081F856001068D0F873
:1045F0009000C0F3400081F855001068D0F8000D1D
:1046000000F0720088651068D0F8300D00F02300CB
:10461000C8651068D0F8300DC0F3C00081F86200A2
:104620001068D0F8300DC0F3001081F861001068F8
:10463000D0F8300DC0F3801080F0010081F86000E8
:10464000002017E7024609B901207047106880680A
:1046500000F00100087010688068C0F34000C87066
:1046600010688068C0F38000087110688068C0F32B
:10467000C000087210688068C0F3001048711068AC
:104680008068C0F3401080F00100487210688068B4
:1046900000F0C000C86010688068C0F30020C871D6
:1046A00010688068C0F34020887110688068C0F38B
:1046B0008020887010688068C00F48700020C4E7B0
:1046C0002DE9F84F05468A4605F14407D7F81480CE
:1046D0000020009057F8286054461CB901206867F4
:1046E000BDE8F88FB86948B9284600F0DFF908B985
:1046F0000120F5E7D7F8148057F828604FF0000B39
:104700001CE03069206068696060706920B1A4684D
:104710007069206068696060F068C0F30E00009006
:1047200000BF08F10108B8F1040F01D3A8F1040893
:1047300000BF57F82860A4680BF1010BB869401E50
:104740005845DED8F068C0F30E010098A1EB0009CF
:10475000306920606869484502D3C4F804900DE0D0
:10476000706948B168696060A468706920606869B0
:10477000A9EB0000606001E00120B1E70020AFE795
:104780002DE9F04180460E4608F144046569A069B0
:1047900030B9404600F08AF910B90120BDE8F08137
:1047A00000BFA069401E0544042D00D32D1F00BF8B
:1047B00054F82570F868C0F30E0030600020EDE773
:1047C00010B50446206800F58050D0F8600100F074
:1047D0004000402812D1206800F58050D0F8340104
:1047E00000F04000402809D1204600F081FB48F24B
:1047F0004001206800F58050C0F86011206800F585
:104800008050D0F8600100F0010088B1206800F508
:104810008050D0F8340100F0010048B1204600F08B
:104820006DFD48F20101206800F58050C0F860116C
:10483000206800F58050D0F8600100F48040B0F5A9
:10484000804F41D1206800F58050D0F8340100F449
:104850008040B0F5804F37D1606F40F0080060674E
:10486000206800F58050D0F8600100F48050B0F569
:10487000805F17D1206800F58050D0F8600141F2C8
:1048800002110840A067206800F58050D0F834017C
:1048900020F44041206800F58050C0F83411E02039
:1048A000E0660EE0206800F58050D0F8600100F46A
:1048B000CD40A0674FF4CD41206800F58050C0F88E
:1048C00060112046FFF7B1FD2068D0F8B00000F479
:1048D000C040B0F5C04F0AD12068D0F8B800E067FA
:1048E000E020E066204600F06AF90020E0672068DA
:1048F000D0F8B00000F0100010280CD12068D0F8DB
:10490000C00000F06000C4F88000204600F0B2FA59
:104910000020C4F880002068D0F8B00000F020002B
:1049200020280CD12068D0F8C00000F00F00C4F897
:1049300084002046FFF79AFD0020C4F88400064852
:10494000006800F4800030B14FF480000249086034
:10495000204600F0D4FC10BDA800005838B504462D
:104960000CB9012038BDE06E10B9204600F028F9DE
:104970002320E06600BF4B48006840F00200494930
:1049800008600846006800F00200009000BF00BF09
:10499000207A18B9002004F0BDF803E04FF40000BD
:1049A00004F0B8F8206800F58050006840F001017C
:1049B000206800F58050016000F08EFF05460BE096
:1049C00000F08AFF401BB0F5FA7F05D9042060672C
:1049D000E020E0660120C5E7206800F5805000680F
:1049E00000F001000028EBD12046FDF713FB02F098
:1049F000E1FA2D49B0FBF1F0401E2168C1F8DC005E
:104A00002046FDF783FA206800F58050D0F80001B9
:104A100020F4E01040F40021206800F58050C0F838
:104A20000011207D00F0030028B101206067E02024
:104A3000E066012096E7206800F58050D0F8080174
:104A400047F6FE718843616940EA4101206800F53C
:104A50008050C0F808112046FDF727FA2046FDF7E0
:104A6000F4F9606800796168497940EA01202168B9
:104A7000C1F800036068C07800066168897840EA80
:104A800001406168497840EA01206168097808437B
:104A90002168C1F80403002060671020E0662067E9
:104AA00000205FE7F444025840420F00F0B507468B
:104AB00007F14403196953F821200025002400263A
:104AC000986908B10020F0BD3DE06D1CD06800F091
:104AD000805000B3641C012C00D10E4600BF491C5D
:104AE000042900D3091F00BF53F82120D06800F02B
:104AF000004058B9D06800F0804038B10120D8613A
:104B000000BF491C042900D3091F00BF19615E6161
:104B10009C610120D7E7D06800F0005050B10E46EC
:104B2000012400BF491C042900D3091F00BF53F80A
:104B3000212008E0641C00BF491C042900D3091F80
:104B400000BF53F82120D06800F0004008B9042DC0
:104B5000BBD384B319615E61314653F8212000252F
:104B600022E0106910604FF08070D060506928B169
:104B700050699060D06840F00070D060D06840F01C
:104B80000040D060186A18B1D06840F08040D06012
:104B9000601EA84207D900BF491C042900D3091F81
:104BA00000BF53F821206D1CA542DAD3386800F508
:104BB0008050C0F828210020986100BF83E770472B
:104BC00010B586B0044600BF00BFA648006840F09C
:104BD0000100A44908600846006800F00100009048
:104BE00000BF00BF00BF00BF00BF0846006840F024
:104BF000010008600846006800F00100009000BF56
:104C000000BF00BF00BF00BF0846006840F00100C1
:104C100008600846006800F00100009000BF00BF77
:104C200000BF00BF00BF0846006840F004000860F5
:104C30000846006800F00400009000BF00BF00BFFD
:104C400000BF00BF0846006840F004000860084646
:104C5000006800F00400009000BF00BF00BF00BF6C
:104C600000BF0846006840F004000860084600687D
:104C700000F00400009000BF00BF00BF00BF00BFF5
:104C80000846006840F0020008600846006800F02E
:104C90000200009000BF00BF00BF00BF00BF084679
:104CA000006840F0020008600846006800F002005A
:104CB000009000BF00BF00BF00BF00BF08460068F3
:104CC00040F0020008600846006800F00200009012
:104CD00000BF00BF00BF00BF00BF0846006840F033
:104CE000010008600846006800F00100009000BF65
:104CF00000BF00BF00BF00BF0846006840F00200D0
:104D000008600846006800F00200009000BF00BF85
:104D100000BF00BF53480838006840F400405149C4
:104D2000083908600846006800F40040009000BFA1
:104D300000BF00BF0846006840F4803008600846A5
:104D4000006800F48030009000BF00BF00BF08463C
:104D5000006840F4003008600846006800F4003045
:104D6000009000BF00BF022001900290002003903D
:104D7000032004900B20059001A93B4800F090FC13
:104D80000420019001A9384800F08AFC802001909D
:104D900001A9354800F084FC0220019001A93348A4
:104DA00000F07EFC1020019001A9304800F078FC52
:104DB0002020019001A92D4800F072FC4FF4006002
:104DC000019001A92A4800F06BFC4FF4805001903B
:104DD00001A9274800F064FC4FF40050019001A99C
:104DE000234800F05DFC012240211F4800F068FDCF
:104DF00040200190012002900020039002200490A6
:104E000001A9194800F04CFC00220121184800F0CB
:104E100057FD012001900290002003900220049091
:104E200001A9134800F03CFC2FF0EDFF00224021C7
:104E30000D4800F045FD64200FF0F8FD01224021EF
:104E4000094800F03DFD64200FF0F0FD2FF0DDFF7C
:104E5000002201213D2000F0A2FE3D2000F08BFE4B
:104E600006B010BDE0440258000002580008025885
:104E70000004025870472DE9F04704460F4690465B
:104E800099462068D0F8000200F0010010B101201E
:104E9000BDE8F0872068D0F8005225F0787040EA2D
:104EA000475525F4F81040EA084545F00C0545F053
:104EB00001052068C0F8005200F00EFD064607E02C
:104EC00000F00AFD801BB0F57A7F01D90120DFE7F1
:104ED0002068D0F8000200F001000028F0D120681E
:104EE000D0F8040280B2C9F800000020D0E700002A
:104EF00038B504460020009069460948006839F03A
:104F000085FC01280BD100BF009838B14FF08050CC
:104F100004490860BFF34F8FBFF36F8F00BF38BDE8
:104F20005C03002404ED00E070B504460D460DB9A5
:104F3000012070BD206F102805D129462046FDF7BD
:104F4000F5FA0020F5E70120F3E7000010B502466E
:104F500009B9012010BD0878CC7840EA44000C79EA
:104F600040EA84000C7A40EAC4004C7940EA04101C
:104F70004C7A0CB9012400E0002440EA4410CC79BA
:104F800040EA04208C7940EA44208C7840EA84206E
:104F90004C7840EAC470CC6840EA0403106880682A
:104FA000034C204018431468A0600020D2E70000A2
:104FB00000F8FF7F70B506463068D0F8004224F450
:104FC000706401F0F7FF05461348854205D3134886
:104FD000854202D244F400741AE01048854205D399
:104FE0000F48854202D244F4407411E00C488542D7
:104FF00003D30C48854200D20AE00A48854205D313
:105000000948854202D244F4807401E044F480648B
:105010003068C0F8004270BD002D3101C00E16028C
:105020000087930300E1F50580D1F0080146C86EC2
:1050300010283FD12320C8660868006840F00200AD
:105040000A6810600868006840F001000A68106093
:105050000868D0F8000D40F001000A68C2F8000DA1
:10506000086800F58050D0F8040140F0010208689B
:1050700000F58050C0F80421086800F58050D0F891
:10508000080140F00102086800F58050C0F80821CE
:10509000086800F58050D0F8600140F4817208681B
:1050A00000F58050C0F860211020C86622200867F3
:1050B000002070470120FCE710B50146C86E10289B
:1050C0005BD12320C866002208E001F1440050F8BB
:1050D0002230D86840F08040D860521C042AF4D3B3
:1050E00001244C660868006840F002000C682060EB
:1050F0000868006840F001000C6820600868D0F87B
:10510000000D40F001000C68C4F8000D086800F5BF
:105110008050D0F8040140F00104086800F5805088
:10512000C0F80441086800F58050D0F8080140F04C
:105130000104086800F58050C0F80841086800F5CF
:105140008050D0F8600140F48174086800F5805008
:10515000C0F86041086800F58050D0F834014DF285
:10516000410420430C6804F58054C4F83401102035
:10517000C86622200867002010BD0120FCE710B59A
:105180000146C86E00284ED02320C866086800F586
:105190008050D0F834014DF24104A0430C6804F56E
:1051A0008054C4F83401086800F58050D0F8040138
:1051B00020F00104086800F58050C0F80441086838
:1051C00000F58050D0F8080120F00104086800F5CF
:1051D0008050C0F808410868006820F001000C68A1
:1051E00020600868D0F8000D40F001000C68C4F899
:1051F000000D0868006820F002000C6820600022A2
:1052000008E001F1440050F82230D86820F08040D6
:10521000D860521C042AF4D300244C661020C866BF
:105220000867002010BD0120FCE72DE9F04104468D
:105230000F46154637B9606F40F0010060670120E6
:10524000BDE8F081E06E102856D100223946204694
:10525000FCF74EFF28B1606F40F00200606701204C
:10526000EEE704F11800A16A50F8218000BFA06A9F
:10527000401CA062A06A042802D3A06A001FA0629A
:1052800000BF04F11800A16A50F82110206800F551
:105290008050C0F8201100F01FFB064625E0206872
:1052A00000F58050D0F8600100F4805068B1606F64
:1052B00040F008006067206800F58050D0F8600179
:1052C000A067E020E0660120BAE7681C68B100F042
:1052D00003FB801BA84200D83DB9606F40F004007A
:1052E0006067E020E0660120AAE7D8F80C0000F033
:1052F00000400028D3D1A3E70120A1E77047704701
:105300002DE9F04705460F46904699462868D0F8A3
:10531000000200F0010010B10120BDE8F08728680C
:10532000D0F8004224F0787040EA475424F4F81092
:1053300040EA084424F00C00041D44F001041FFA64
:1053400089F00D4908600D48C0F8004200F0C4FA29
:10535000064607E000F0C0FA801BB0F57A7F01D95D
:105360000120DAE72868D0F8000200F001000028E8
:10537000F0D100BFD1E7000004820240008002406B
:105380000348006840F001000149086070470000D0
:10539000200400582DE9F04104460E46002700BFC6
:1053A0004848007D012802D10220BDE8F08101209B
:1053B0004449087500BF00208861207900F0010091
:1053C00030B101214CF25030FDF7B4FA00B10127A1
:1053D000207900F00200022806D102214CF2503060
:1053E000FDF7A8FA00B10127002F63D1206801283A
:1053F00028D161682069FDF74DFA207900F001009D
:1054000060B101214CF25030FDF794FA00B1012750
:105410002D48C06820F008002B49C860207900F0B2
:105420000200022846D102214CF25030FDF782FAE8
:1054300000B101272548006820F008002249C1F882
:105440000C0137E04FF0FF303060A5682CE02846B3
:1054500022696168FDF7EEF9207900F0010060B182
:1054600001214CF25030FDF765FA07461648C06836
:1054700040F2047188431449C860207900F00200AA
:1054800002280DD102214CF25030FDF753FA0746A5
:105490000E48006840F2047188430B49C1F80C01C2
:1054A0000FB1356005E06D1CD4E902100844A84234
:1054B000CDD800BF00BF00200249087500BF3846A4
:1054C00073E70000FCD20124002000520C2100529E
:1054D0000E48C06840F001000C49C8600846C0682A
:1054E00000F0010008B9012070470948006840F049
:1054F00001000649C1F80C010548006800F00100F0
:1055000008B90120F0E70020EEE70000002000527B
:105510000C2100522DE9F05F83460C461746A04649
:10552000B9464FF0080A00BF4248007D012802D169
:105530000220BDE8F09F01203E49087500BFB4F18C
:10554000006F04D3B4F1016F01D2012509E0B4F179
:10555000016F04D3B4F1026F01D2022501E00120F2
:10556000E7E700203349886129464CF25030FDF7C7
:10557000E1F90646002E55D1012D06D12E48C0680E
:1055800040F002002C49C86006E02C48006840F05A
:1055900002002949C1F80C0100BF00BF00BFBFF3E2
:1055A0006F8F00BF00BF00BF00BF00BF00BFBFF3D1
:1055B0004F8F00BF00BF00BF00BFD9F80000C8F880
:1055C000000008F1040809F10409AAF1010000F043
:1055D000FF0ABAF1000FF0D100BF00BF00BFBFF358
:1055E0006F8F00BF00BF00BF00BF00BF00BFBFF391
:1055F0004F8F00BF00BF00BF29464CF25030FDF76F
:1056000099F90646012D06D10B48C06820F002002A
:105610000949C86006E00948006820F00200064910
:10562000C1F80C0100BF00200249087500BF3046D8
:105630007FE70000FCD20124002000520C21005220
:105640001348C06800F0010058B112481049486082
:10565000114848600846C06800F0010008B1012008
:1056600070470E48006800F0010070B109480B490E
:105670000839086008480649C1F80401074800686D
:1056800000F0010008B10120EAE70020E8E700008F
:105690000020005223016745AB89EFCD0C21005259
:1056A000F8B502460B4600216F4DD7E001278F4029
:1056B0001E6806EA0704002C72D01E7906F0030665
:1056C000012E04D01E7906F00306022E13D1906835
:1056D0004F000326BE40B0434F00DE68BE4030435B
:1056E0009060506801268E40B0431E79C6F30016C4
:1056F0008E40304350601E7906F00306032E09D019
:10570000D0684F000326BE40B0434F009E68BE40A5
:105710003043D0601E7906F00306022E13D1CF0865
:1057200002F1200656F827004E07F70E0F26BE405E
:10573000B0434F07FF0E1E69BE403043CF0802F151
:10574000200646F8270010684F000326BE40B043ED
:105750001E7906F003064F00BE40304310605E68BD
:1057600006F44036002E78D000BF404E366846F032
:1057700002063E4F3E603E46366806F00206009640
:1057800000BF00BF3A4E8F0856F827008E07370F2C
:105790000F26BE40B043374EB24202D100262EE063
:1057A0005BE0354EB24201D1012628E0334EB242D1
:1057B00001D1022623E0324EB24201D103261EE07F
:1057C000304EB24201D1042619E02F4EB24201D12F
:1057D000052614E02D4EB24201D106260FE02C4ED4
:1057E000B24201D107260AE02A4EB24201D1082670
:1057F00005E0294EB24201D1092600E00A268F07B2
:105800003F0FBE4030431A4E8F0846F827004FF036
:10581000B0463068A0435E6806F4801606B12043A7
:105820004FF0B04630607068A0435E6806F4001622
:1058300006B120434FF0B04670606868A0435E68D0
:1058400006F4003606B1204368602868A0435E680D
:1058500006F4803606B120432860491C1E68CE40FD
:10586000002E7FF423AFF8BD80000058F4440258A6
:1058700008040058000002580004025800080258AA
:10588000000C025800100258001402580018025868
:10589000001C0258002002580024025802461369D6
:1058A0000B400BB1012000E00020704710B54269A9
:1058B00021EA020302EA010443EA0443836110BDC2
:1058C0000AB1816101E00B048361704701480068FF
:1058D000000C70470010005C014800687047000031
:1058E000FC0100242DE9F04107460D4616464FF015
:1058F000010818F08FFD1C49087818F053FD18F0C6
:10590000D1FD10B14FF0000828E0384618F04AFDEC
:1059100018F0C8FD10B14FF000081FE018F07AFD34
:1059200011490978491CC8B218F03CFD18F0BAFDBD
:1059300010B14FF0000811E000240CE0701EA042EE
:1059400004D1002018F0FEFC285503E0012018F0D7
:10595000F9FC2855641CB442F0D300BF18F082FD56
:105960004046BDE8F08100004E0200242DE9F041E0
:1059700007460D4616464FF00108002418F04AFD70
:105980001549087818F00EFD18F08CFD08B1A046F6
:1059900017E0384618F006FD18F084FD10B14FF0FE
:1059A00000080EE0002409E0285D18F0FBFC18F068
:1059B00079FD10B14FF0000803E0641CB442F3D34A
:1059C00000BF18F04FFDB8F1000F02D00120BDE874
:1059D000F0810020FBE700004E020024034800682D
:1059E000034909780844014908607047FC01002414
:1059F0000402002410B5032000F00EF901F024FB8E
:105A000010490968C1F303210F4A515C01F01F01DD
:105A100020FA01F40B48006800F00F001146085C02
:105A200000F01F0024FA00F00849086008480460EC
:105A30000F2000F00FF808B1012010BD00F09AF817
:105A40000020FAE71844025818F60508040000245C
:105A50000000002470B504461148007808B9012000
:105A600070BD0F4800784FF47A71B1FBF0F00D492A
:105A70000968B1FBF0F5284603F06AF808B1012087
:105A8000EEE7102C07D200222146501E00F087F8C6
:105A90000548046001E00120E2E70020E0E70000A3
:105AA0000402002400000024000200244178154A6A
:105AB00011600178F9B1121D41681160017B09077D
:105AC000C27A41EA0261827A41EAC241427B41EAFA
:105AD0008241827B41EA4241C27B41EA0241427AF1
:105AE00041EA0221027A41EA420102781143054A61
:105AF0000832116005E00021024A121D1160121DDA
:105B00001160704798ED00E000BF00BF00BFBFF319
:105B10005F8F00BF00BF00BF0548006820F48030E1
:105B20000349086000200249703108607047000096
:105B300024ED00E040F001010D4A11600C4970397C
:105B4000096841F480310A4A703A116000BF00BF11
:105B500000BFBFF34F8F00BF00BF00BF00BF00BF3B
:105B600000BFBFF36F8F00BF00BF00BF70470000D2
:105B700094ED00E070470146084600280DDB00BFA9
:105B800000BF00F01F0301229A4043099B0003F16C
:105B9000E023C3F8002100BF00BF00BF70472DE91C
:105BA000F05F80460D46164607F014F80746394662
:105BB0002A46334601F00700C0F1070ABAF1040F84
:105BC00002D94FF0040A01E0C0F1070AD14600F102
:105BD000040ABAF1070F02D24FF0000A01E0A0F167
:105BE000030AD4464FF0010A0AFA09FAAAF1010A97
:105BF0000AEA020A0AFA0CFA4FF0010B0BFA0CFB44
:105C0000ABF1010B0BEA030B4AEA0B0421464046B9
:105C100006F0E8FFBDE8F09F00BF00F00702064B6A
:105C200019684FF6FF031940044B0B4343EA022166
:105C3000014B196000BF70470CED00E00000FA0551
:105C400000BF00BF00BF00BF00BFBFF34F8F00BF4A
:105C500000BF00BF0948006800F4E060084908433D
:105C6000001D0649086000BF00BF00BFBFF34F8F93
:105C700000BF00BF00BF00BF00BFFDE70CED00E0AC
:105C80000000FA050348006840F080700149086090
:105C9000704700000C4802580348006840F48070C8
:105CA00001490860704700000048025810B501F033
:105CB00081F905490968C1F30211044A515C01F0F8
:105CC0001F01C84010BD00002044025818F6050806
:105CD00070B50146844D2D6805F00303824D2D6893
:105CE000C5F30530804D2D1D2D68C5F300147E4D84
:105CF00014352D68C5F3CC0515FB04F501EE105ADB
:105D0000B8EE411AF0EE410A00286FD023B1012B02
:105D10004ED0022B6BD16BE0734D283D2D68C5F33F
:105D200040153DB3704D283D2D68C5F3C1066F4D3C
:105D300025FA06F201EE102AF8EE411A01EE100AD9
:105D4000B8EE411A81EE812A9FED691AC0EE811AE0
:105D5000654D10352D68C5F3080501EE105AB8EEF3
:105D6000411A31EE811AF7EE001A31EE211A22EEB5
:105D7000010A1CE001EE100AB8EE411ADFED5D1ACF
:105D800081EE812A9FED5A1AC0EE811A564D1035C8
:105D90002D68C5F3080501EE105AB8EE411A31EE30
:105DA000811AF7EE001A31EE211A22EE010A5BE0A9
:105DB00001EE100AB8EE411ADFED4F1A81EE812A8A
:105DC0009FED4B1AC0EE811A474D10352D68C5F373
:105DD000080501EE105AB8EE411A31EE811AF7EEBD
:105DE000001A31EE211A22EE010A3DE077E01DE0B3
:105DF00001EE100AB8EE411A9FED402AC2EE011AD8
:105E00009FED3B1A80EE812A374D10352D68C5F382
:105E1000080501EE105AB8EE411A32EE011AB7EE3B
:105E2000002A31EE021A21EE810A1DE001EE100A6D
:105E3000B8EE411ADFED301A81EE812A9FED2C1A5F
:105E4000C0EE811A284D10352D68C5F3080501EE06
:105E5000105AB8EE411A31EE811AF7EE001A31EEFF
:105E6000211A22EE010A00BF00BF1F4D10352D6818
:105E7000C5F3462501EE105AB8EE411AF7EE001AA6
:105E800031EE211AC0EE011ABCEEE11A81ED001AC2
:105E9000154D10352D68C5F3064501EE105AB8EEC4
:105EA000411AF7EE001A31EE211AC0EE011ABCEECB
:105EB000E11A81ED011A0C4D10352D68C5F3066508
:105EC00001EE105AB8EE411AF7EE001A31EE211A1F
:105ED000C0EE011ABCEEE11A81ED021A03E00025C2
:105EE0000D604D608D6070BD284402580090D00355
:105EF000000000460024744C0024744A20BCBE4BB1
:105F000070B50146844D2D6805F00303824D2D6860
:105F1000C5F30550804D2D1D2D68C5F300247E4D21
:105F20001C352D68C5F3CC0515FB04F501EE105AA0
:105F3000B8EE411AF0EE410A00286FD023B1012BD0
:105F40004ED0022B6BD16BE0734D283D2D68C5F30D
:105F500040153DB3704D283D2D68C5F3C1066F4D0A
:105F600025FA06F201EE102AF8EE411A01EE100AA7
:105F7000B8EE411A81EE812A9FED691AC0EE811AAE
:105F8000654D18352D68C5F3080501EE105AB8EEB9
:105F9000411A31EE811AF7EE001A31EE211A22EE83
:105FA000010A1CE001EE100AB8EE411ADFED5D1A9D
:105FB00081EE812A9FED5A1AC0EE811A564D18358E
:105FC0002D68C5F3080501EE105AB8EE411A31EEFE
:105FD000811AF7EE001A31EE211A22EE010A5BE077
:105FE00001EE100AB8EE411ADFED4F1A81EE812A58
:105FF0009FED4B1AC0EE811A474D18352D68C5F339
:10600000080501EE105AB8EE411A31EE811AF7EE8A
:10601000001A31EE211A22EE010A3DE077E01DE080
:1060200001EE100AB8EE411A9FED402AC2EE011AA5
:106030009FED3B1A80EE812A374D18352D68C5F348
:10604000080501EE105AB8EE411A32EE011AB7EE09
:10605000002A31EE021A21EE810A1DE001EE100A3B
:10606000B8EE411ADFED301A81EE812A9FED2C1A2D
:10607000C0EE811A284D18352D68C5F3080501EECC
:10608000105AB8EE411A31EE811AF7EE001A31EECD
:10609000211A22EE010A00BF00BF1F4D18352D68DE
:1060A000C5F3462501EE105AB8EE411AF7EE001A74
:1060B00031EE211AC0EE011ABCEEE11A81ED001A90
:1060C000154D18352D68C5F3064501EE105AB8EE8A
:1060D000411AF7EE001A31EE211AC0EE011ABCEE99
:1060E000E11A81ED011A0C4D18352D68C5F30665CE
:1060F00001EE105AB8EE411AF7EE001A31EE211AED
:10610000C0EE011ABCEEE11A81ED021A03E000258F
:106110000D604D608D6070BD284402580090D00322
:10612000000000460024744C0024744A20BCBE4B7E
:106130002DE9F04104460025A846206800F00060E3
:10614000B0F1006F30D1606E48B1B0F5801F0DD056
:10615000B0F5001F10D0B0F5401F15D113E0F9487D
:10616000006840F40030F74908600FE00221201D6C
:1061700003F0A4FC054609E0022104F1240003F029
:106180004FFD054602E001E0012500BF00BF55B903
:10619000EC482430006820F44010616E0843E9495F
:1061A0002431086000E0A846208800F48070B0F533
:1061B000807F2DD1606D05281AD2DFE800F0030A38
:1061C00010171800DF48006840F40030DD4908600F
:1061D00010E00021201D03F071FC05460AE00021BB
:1061E00004F1240003F01CFD054603E002E001E099
:1061F000012500BF00BF55B9D2482430006820F007
:106200000700616D0843CF492431086000E0A846CB
:10621000208800F40070B0F5007F33D1A06D802895
:1062200017D003DC40B140281CD10CE0C02817D0A7
:10623000B0F5807F16D114E0C248006840F4003009
:10624000C049086010E00021201D03F037FC05461E
:106250000AE0002104F1240003F0E2FC054603E01B
:1062600002E001E0012500BF00BF55B9B548243068
:10627000006820F4E070A16D0843B2492431086041
:1062800000E0A846208800F48060B0F5806F38D127
:10629000D4F8A400B0F5800F19D004DC50B1B0F5EB
:1062A000001F1DD10DE0B0F5C00F17D0B0F5000FE5
:1062B00016D114E0A348006840F40030A1490860FA
:1062C00010E00021201D03F0F9FB05460AE0002143
:1062D00004F1240003F0A4FC054603E002E001E021
:1062E000012500BF00BF5DB996482C30006820F43E
:1062F0006000D4F8A410084392492C31086000E0F3
:10630000A846208800F40060B0F5006F38D1D4F8BA
:10631000A800B0F1007F19D004DC50B1B0F1807F4B
:106320001DD10DE0B0F1407F17D0B0F1806F16D1D4
:1063300014E08448006840F400308249086010E0AE
:106340000021201D03F0BAFB05460AE0002104F1FC
:10635000240003F065FC054603E002E001E00125AE
:1063600000BF00BF5DB977482C30006820F0E060C6
:10637000D4F8A810084373492C31086000E0A846FF
:10638000206800F00070B0F1007F27D1A06CA0B1B0
:10639000102804D0202809D030280FD10CE06948FB
:1063A000006840F400306749086009E00221201DC0
:1063B00003F084FB054603E002E001E0012500BF95
:1063C00000BF55B95F482030006820F03000A16C54
:1063D00008435C492031086000E0A846208800F4AA
:1063E0008050B0F5805F36D1E06DB0F5005F19D018
:1063F00004DC50B1B0F5805F1DD10DE0B0F5405F19
:1064000017D0B0F5804F16D114E04E48006840F424
:1064100000304C49086010E00021201D03F04EFBC5
:1064200005460AE0002104F1240003F0F9FB0546CB
:1064300003E002E001E0012500BF00BF55B941487B
:106440002430006820F4E040E16D08433D492431E8
:10645000086000E0A846208800F40050B0F5005F16
:1064600034D1206EB0F5403F1DD007DC68B1B0F5E7
:10647000803F0BD0B0F5003F18D10DE0B0F5802F74
:1064800012D0B0F5A02F11D10FE011E00121201D95
:1064900003F014FB05460BE0012104F1240003F096
:1064A000BFFB054604E003E002E001E0012500BF78
:1064B00000BF55B923482430006820F4E020216E45
:1064C000084320492431086000E0A846208800F4F1
:1064D0008040B0F5804F38D1D4F8AC00B0F1405FC7
:1064E0001DD007DC68B1B0F1805F0BD0B0F1005F68
:1064F00018D10DE0B0F1804F12D0B0F1A04F11D102
:106500000FE011E00121201D03F0D8FA05460BE051
:10651000012104F1240003F083FB054604E003E0BD
:1065200002E001E0012500BF00BF6DB905482C3035
:10653000006820F0E040D4F8AC10084301492C3149
:10654000086002E02C440258A846208800F400406D
:10655000B0F5004F26D1E06E98B1B0F1805F03D066
:10656000B0F1005F0ED106E0F948006840F4003059
:10657000F749086008E00121201D03F09FFA054655
:1065800002E001E0012500BF00BF55B9F04824300A
:10659000006820F04050E16E0843ED492431086066
:1065A00000E0A846206800F08070B0F1807F27D11D
:1065B000606CA0B1012804D0022809D003280FD1B3
:1065C0000CE0E348006840F40030E149086009E06D
:1065D0000221201D03F072FA054603E002E001E00B
:1065E000012500BF00BF55B9D9482030006820F010
:1065F0000300616C0843D6492031086000E0A846DA
:10660000206800F48000B0F5800F7DD1D14800688B
:1066100040F48070CF490860FFF75EF9064606E057
:10662000FFF75AF9801B642801D9032505E0C94802
:10663000006800F480700028F2D000BF85BBC44819
:106640004430006800F44070B4F8B01001F44071B8
:10665000884213D0BE484430006820F44077BC48DC
:106660004430006840F48030B9494431086008463D
:10667000006820F48030086008460760D4F8B00055
:10668000B0F5807F15D1FFF727F9064609E0FFF73F
:1066900023F9801B41F28831884202D9032507E0A3
:1066A00038E0AB4844300068C0F340000028EED02A
:1066B00000BF55BB00BFB4F8B00000F44070B0F5A7
:1066C000407F0ED1A2481C38006820F47C51A24AB9
:1066D000D4F8B000104041EA10109D491C39086000
:1066E00007E09B481C38006820F47C5098491C390E
:1066F0000860974844300068B4F8B010C1F30B014B
:1067000008439349443101E005E001E0086002E0FC
:10671000A84600E0A846207800F0010068B3A06F0A
:10672000182819D005DC48B1082808D0102816D13F
:106730000BE0202811D0282811D10FE011E0012111
:10674000201D03F0BBF905460BE0012104F12400F4
:1067500003F066FA054604E003E002E001E00125EB
:1067600000BF00BF55B97A482830006820F03800D3
:10677000A16F084376492831086000E0A8462078D8
:1067800000F00200022828D1606F062815D2DFE849
:1067900000F003040A11121311E00121201D03F07F
:1067A0008DF905460BE0012104F1240003F038FACD
:1067B000054604E003E002E001E0012500BF00BF60
:1067C00055B963482830006820F00700616F08431E
:1067D0005F492831086000E0A846207800F00400F6
:1067E00004282AD1D4F89000062815D2DFE800F05A
:1067F00003040A11121311E00121201D03F05EF9B8
:1068000005460BE0012104F1240003F009FA0546D6
:1068100004E003E002E001E0012500BF00BF5DB934
:106820004B482C30006820F00700D4F89010084343
:1068300047492C31086000E0A846207800F020008D
:10684000202836D1D4F88C00B0F1405F1DD007DC91
:1068500068B1B0F1805F0BD0B0F1005F18D10DE0EE
:10686000B0F1804F12D0B0F1A04F11D10FE011E084
:106870000021201D03F022F905460BE0022104F15E
:10688000240003F0CDF9054604E003E002E001E056
:10689000012500BF00BF5DB92D482830006820F0F9
:1068A000E040D4F88C10084329492831086000E002
:1068B000A846207800F04000402836D1D4F898004F
:1068C000B0F5406F1DD007DC68B1B0F5806F0BD01C
:1068D000B0F5006F18D10DE0B0F5805F12D0B0F5C3
:1068E000A05F11D10FE011E00021201D03F0E6F8B8
:1068F00005460BE0022104F1240003F091F905465E
:1069000004E003E002E001E0012500BF00BF5DB943
:106910000F482C30006820F4E050D4F89810084359
:106920000B492C31086000E0A846207800F0800078
:1069300080283AD1D4F89C00B0F5C04F23D00DDCAC
:1069400098B1B0F5005F11D0B0F5804F1ED113E0C3
:106950002C44025800480258FFFCFF0FB0F5004FCE
:1069600012D0B0F5204F11D10FE011E00021201D11
:1069700003F0A4F805460BE0022104F1240003F023
:106980004FF9054604E003E002E001E0012500BF05
:1069900000BF4DB9BE48006820F46040D4F89C1098
:1069A0000843BB49086000E0A846207800F00800D2
:1069B000082817D1D4F88000B0F5805F07D10221F4
:1069C00004F1240003F02CF908B14FF00108B0489D
:1069D000001F006820F44050D4F880100843AC49F0
:1069E000091F0860207800F01000102815D1D4F895
:1069F0009400B0F5807F07D1022104F1240003F058
:106A00000FF908B14FF00108A148006820F4407068
:106A1000D4F8941008439E490860206800F40020D0
:106A2000B0F5002F26D1D4F8A00030B1B0F5803FEA
:106A300009D0B0F5003F0ED10CE00021201D03F07D
:106A40003DF8054609E0022104F1240003F0E8F8CE
:106A5000054602E001E0012500BF00BF4DB98C48AA
:106A6000006820F44030D4F8A0100843884908603A
:106A700000E0A846206800F48020B0F5802F2DD1DA
:106A8000D4F88400B0F5801F06D0B0F5001F0CD0FC
:106A9000B0F5401F11D10FE07D482C38006840F45C
:106AA00000307B492C39086009E0012104F1240001
:106AB00003F0B6F8054602E001E0012500BF00BF83
:106AC0005DB97348001F006820F44010D4F88410AA
:106AD00008436F49091F086000E0A846206800F4D9
:106AE0008030B0F5803F24D1E06C18B1B0F5803F24
:106AF0000FD108E066482C38006840F40030644943
:106B00002C39086007E00221201D02F0D7FF05465E
:106B100001E0012500BF00BF55B95D480C38006891
:106B200020F48030E16C084359490C39086000E0DA
:106B3000A846206800F00050B0F1005F07D10221A4
:106B400004F1240003F06CF808B14FF0010820684C
:106B500000F40030B0F5003F27D1E06FA0B1B0F5F0
:106B6000807F06D0B0F5007F0CD0B0F5407F0CD10F
:106B700009E047482C38006840F4003044492C397B
:106B8000086004E003E002E001E0012500BF00BF6F
:106B900055B93F48001F006820F44070E16F08437A
:106BA0003B49091F086000E0A846206800F48010F7
:106BB000B0F5801F09D136480838006820F0004041
:106BC000216F0843324908390860206800F080507E
:106BD000B0F1805F0AD12E484838006820F4804028
:106BE000D4F8B41008432A4948390860206800F4F2
:106BF0000010B0F5001F09D125480838006820F0C2
:106C00008070A16E0843224908390860206800F0AE
:106C10008040B0F1804F11D100BF1D484838006856
:106C200020F400401A494839086008460068D4F842
:106C3000B810084316494839086000BF206800F0C2
:106C40000040B0F1004F09D111480C38006820F025
:106C50004050216D08430E490C390860206800F44B
:106C60000000B0F5000F0AD10948001F006820F4A9
:106C70004000D4F8881008430549091F0860B8F19E
:106C8000000F02D10020BDE8F0810120FBE70000E9
:106C9000584402582DE9F04104460D4614B901202C
:106CA000BDE8F081BD48006800F00F00A8420ED298
:106CB000BA48006820F00F002843B8490860084629
:106CC000006800F00F00A84201D00120E8E720781A
:106CD00000F0040004280ED1B1492069096801F0D0
:106CE0007001884207D9AE48006820F07000216921
:106CF0000843AB490860207800F00800082811D14B
:106D0000A749091D6069096801F07001884209D925
:106D1000A348001D006820F0700061690843A04985
:106D2000091D0860207800F01000102811D19C493E
:106D3000091DA069096801F4E061884209D99848F1
:106D4000001D006820F4E060A16908439449091D12
:106D50000860207800F02000202811D190490831E7
:106D6000E069096801F07001884209D98C4808304F
:106D7000006820F07000E169084389490831086023
:106D8000207800F0020002280ED18549E0680968E9
:106D900001F00F01884207D98148006820F00F00F8
:106DA000E16808437E490860207800F0010000286F
:106DB00050D07B48006820F47060A168084378498F
:106DC00008606068022807D1754818380068C0F369
:106DD0004040F8B9012063E76068032807D1704894
:106DE00018380068C0F34060A0B9012058E7606817
:106DF000012807D16A4818380068C0F3002048B954
:106E000001204DE7664818380068C0F3800008B9D3
:106E1000012045E762480838006820F007006168F3
:106E200008435F4908390860FEF756FD064608E04A
:106E3000FEF752FD801B41F28831884201D90320C0
:106E40002EE757480838006800F038006168B0EB5A
:106E5000C10FEDD1207800F0020002280ED1504978
:106E6000E068096801F00F01884207D24C480068C9
:106E700020F00F00E168084349490860474800686E
:106E800000F00F00A8420ED94448006820F00F001F
:106E90002843424908600846006800F00F00A842F5
:106EA00001D00120FCE6207800F0040004280ED177
:106EB0003B492069096801F07001884207D23848CF
:106EC000006820F070002169084335490860207887
:106ED00000F00800082811D13149091D60690968CE
:106EE00001F07001884209D22D48001D006820F091
:106EF0007000616908432A49091D0860207800F084
:106F00001000102811D12649091DA069096801F453
:106F1000E061884209D22248001D006820F4E06048
:106F2000A16908431E49091D0860207800F020006F
:106F3000202811D11A490831E069096801F070016F
:106F4000884209D216480830006820F07000E169D4
:106F5000084313490831086000F076F810490968C1
:106F6000C1F303210F4A515C01F01F0120FA01F720
:106F70000B48006800F00F001146085C00F01F008D
:106F800027FA00F0084908600848076008480068C8
:106F9000FEF760FD8046404682E600000020005279
:106FA0001844025818F605080400002400000024C4
:106FB0000002002410B500F047F80D490968C1F33C
:106FC00003210C4A515C01F01F0120FA01F408482A
:106FD000006800F00F001146085C00F01F0024FA62
:106FE00000F005490860054804600846006810BDC7
:106FF0001844025818F60508040000240000002474
:1070000000B5FFF7D7FF05490968C1F30211044A2B
:10701000515C01F01F01C84000BD00001C44025833
:1070200018F6050800B5FFF7C5FF05490968C1F363
:107030000221044A515C01F01F01C84000BD00005C
:107040001C44025818F60508F0B5824E366806F062
:10705000380636B1082E15D0102E15D0182E7DD139
:1070600014E07C4E103E3668C6F3401646B1794EA9
:10707000103E3668C6F3C107774E26FA07F000E0E7
:107080007548E5E07548E3E07548E1E0714E183673
:10709000366806F003046F4E18363668C6F30511DD
:1070A0006C4E1C36366806F001056A4E243636688A
:1070B000C6F3CC0616FB05F601EE106AB8EE410ADF
:1070C000002971D024B1012C50D0022C6DD16DE07B
:1070D000604E103E3668C6F340163EB35D4E103E1D
:1070E0003668C6F3C1075C4E26FA07F301EE103A84
:1070F000F8EE411A01EE101AB8EE411A81EE812A1B
:107100009FED581AC0EE011A524E20363668C6F36B
:10711000080601EE106AB8EE411A31EE811AF7EE58
:10712000001A31EE211A62EE010A1EE001EE101A79
:10713000B8EE411ADFED4C1A81EE812A9FED491A13
:10714000C0EE011A434E20363668C6F3080601EE3B
:10715000106AB8EE411A31EE811A00E076E0F7EEDF
:10716000001A31EE211A62EE010A5BE001EE101AFC
:10717000B8EE411A9FED3D2AC2EE011A9FED391A71
:1071800080EE012A334E20363668C6F3080601EE3B
:10719000106AB8EE411A32EE011AB7EE002A31EE4B
:1071A000021A61EE810A3DE04EE01DE001EE101A88
:1071B000B8EE411ADFED2E1A81EE812A9FED291AD1
:1071C000C0EE011A234E20363668C6F3080601EEDB
:1071D000106AB8EE411A31EE811AF7EE001A31EE5C
:1071E000211A62EE010A1DE001EE101AB8EE411AF2
:1071F0009FED1E2AC2EE011A9FED1A1A80EE012A97
:10720000144E20363668C6F3080601EE106AB8EE52
:10721000411A32EE011AB7EE002A31EE021A61EE7F
:10722000810A00BF00BF0B4E20363668C6F34626E3
:10723000721C01EE102AB8EE411AC0EE811ABCEEA3
:10724000E11A11EE100A00E0002001E0034800BF3F
:1072500000BFF0BD104402580090D00300093D006B
:1072600040787D01000000460024744C0024744ADC
:1072700020BCBE4B2DE9F047044614B90120BDE8FF
:10728000F087207800F00100002872D0FC480068E8
:1072900000F03808FA481830D0F80090B8F1100F14
:1072A00006D0B8F1180F0FD109F0030002280BD156
:1072B000F34810380068C0F3404000286ED0606882
:1072C00000286BD10120DAE700BF6068B0F5803F8D
:1072D00008D1EB481038006840F48030E849103994
:1072E00008602EE0606868B9E5481038006820F44E
:1072F0008030E349103908600846006820F4802097
:1073000008601EE06068B0F5A02F0DD1DC48103891
:10731000006840F48020DA491039086008460068A7
:1073200040F4803008600CE0D5481038006820F444
:107330008030D349103908600846006820F4802066
:10734000086000BF6068A8B1FEF7C6FA054608E00D
:10735000FEF7C2FA401B41F28831884201D903206E
:107360008DE7C74810380068C0F340400028EFD0D0
:1073700014E014E0FEF7B0FA054608E0FEF7ACFAB8
:10738000401B41F28831884201D9032077E7BC488D
:1073900010380068C0F340400028EFD100BF2078CB
:1073A00000F00200022874D1B548006800F03808E7
:1073B000B3481830D0F80090B8F1000F05D0B8F1FC
:1073C000180F56D109F00300D0BBAD481038006843
:1073D000C0F3800018B1E06808B901204FE7A84861
:1073E0001038006820F01900E1680843A4491039FA
:1073F0000860FEF771FA054606E0FEF76DFA401BDD
:10740000022801D903203AE79D4810380068C0F3EC
:1074100080000028F1D000BFFEF758FA41F20301C6
:1074200088421AD8206940280BD195480C3800684A
:1074300020F47C3040F4003091490C39086017E0AA
:1074400017E08F480C38006820F47C30216940EA4E
:1074500001308B490C3908600AE089480C38006813
:1074600020F0FE40217C40EA016085490C3908602B
:1074700066E0E06888B382481038006820F01900A0
:10748000E16808437E4910390860FEF725FA054691
:1074900007E056E0FEF720FA401B022801D903203E
:1074A000EDE6774810380068C0F380000028F1D07E
:1074B00000BFFEF70BFA41F2030188421AD8206997
:1074C00040280BD16E480C38006820F47C3040F422
:1074D00000306B490C39086017E017E068480C3839
:1074E000006820F47C30216940EA013064490C399D
:1074F00008600AE062480C38006820F0FE40217CF9
:1075000040EA01605E490C39086019E05C481038B7
:10751000006820F001005A4910390860FEF7DCF9D4
:10752000054606E0FEF7D8F9401B022801D90320E2
:10753000A5E6534810380068C0F380000028F1D158
:1075400000BF207800F0100010287CD14C48006863
:1075500000F038084A481830D0F80090B8F1080F09
:1075600006D0B8F1180F3DD109F00300012839D138
:10757000434810380068C0F3002020B1E06980283B
:1075800001D001207BE600BFFEF7A0F941F2030124
:1075900088421AD8206A20280AD139480C38006855
:1075A00020F0F84040F0804035490C39086018E080
:1075B00033480C38006820F0F84094F8201040EA76
:1075C00081602F490C3908600BE02D48001F0068CE
:1075D00020F07C5094F8201040EA01602849091FEF
:1075E000086066E0E06978B325481038006840F02C
:1075F0008000234910390860FEF76EF9054606E061
:10760000FEF76AF9401B022801D9032037E61C481F
:1076100010380068C0F300200028F1D000BFFEF74A
:1076200055F941F2030188421CD8206A20280CD168
:1076300013480C38006820F0F84040F080401049B2
:107640000C3908601AE035E01CE00D480C38006881
:1076500020F0F84094F8201040EA816008490C3985
:1076600008600BE00648001F006820F07C5094F88A
:10767000201040EA01600249091F086019E000007B
:1076800010440258FA48006820F08000F849086069
:10769000FEF722F9054606E0FEF71EF9401B022818
:1076A00001D90320EBE5F2480068C0F30020002870
:1076B000F2D100BF207800F00800082836D16069B8
:1076C000D0B1EB487430006840F00100E8497431F3
:1076D0000860FEF701F9054606E0FEF7FDF8401BDD
:1076E000022801D90320CAE5E14874300068C0F3DC
:1076F00040000028F1D019E0DD487430006820F027
:107700000100DB4974310860FEF7E6F8054606E043
:10771000FEF7E2F8401B022801D90320AFE5D44868
:1077200074300068C0F340000028F1D1207800F0E8
:107730002000202830D1A069B8B1CD48006840F4BD
:107740008050CB490860FEF7C7F8054606E0FEF713
:10775000C3F8401B022801D9032090E5C448006803
:10776000C0F340300028F2D016E0C148006820F491
:107770008050BF490860FEF7AFF8054606E0FEF707
:10778000ABF8401B022801D9032078E5B84800680F
:10779000C0F340300028F2D1207800F00400042823
:1077A0007DD1B448006840F48070B2490860FEF7AB
:1077B00093F8054606E0FEF78FF8401B642801D9D0
:1077C00003205CE5AB48006800F480700028F2D02C
:1077D00000BFA068012808D1A5487030006840F0BB
:1077E0000100A349703108602DE0A06868B9A04885
:1077F0007030006820F001009D4970310860084633
:10780000006820F0040008601DE0A06805280DD184
:1078100097487030006840F0040095497031086066
:107820000846006840F0010008600CE090487030A5
:10783000006820F001008E49703108600846006839
:1078400020F00400086000BFA068A0B1FEF744F873
:10785000054608E0FEF740F8401B41F288318842B7
:1078600001D903200BE5824870300068C0F3400066
:107870000028EFD013E0FEF72FF8054608E0FEF7EA
:107880002BF8401B41F28831884201D90320F6E4ED
:10789000774870300068C0F340000028EFD1606A7C
:1078A00000287DD072481030006800F03800182899
:1078B00077D0606A022875D16D48006820F080702A
:1078C0006B490860FEF708F8054606E0FEF704F885
:1078D000401B022801D90320D1E465480068C0F3A9
:1078E00040600028F2D100BFD4E90A1041EA00103C
:1078F0005F492831096840F2F332914308435C49FB
:1079000028310860208E401EC0F30800616B491EBC
:107910004FF47E4202EA41210843218F491ED201E1
:1079200002EA014108433C21095D491E120202EAB4
:10793000016108434E493031086000BF081F0068EC
:1079400020F00100091F08604948343000684FF6F4
:10795000F8718843A16C40EAC100454934310860A0
:1079600043482C30006820F00C00216C084340494B
:107970002C3108600846006820F00200616C084362
:107980003B492C3108600846006840F480300860AC
:107990000846006840F4003008600846006802E0CD
:1079A0006AE038E01FE040F4802008600846006884
:1079B00040F0010008602E48006840F080702C49BB
:1079C0000860FDF789FF054606E0FDF785FF401BCF
:1079D000022801D9032052E425480068C0F3406022
:1079E0000028F2D048E02248006820F0807020494A
:1079F0000860FDF771FF054606E0FDF76DFF401BCF
:107A0000022801D903203AE419480068C0F3406015
:107A10000028F2D130E0164828300768144830308A
:107A20000668606A012821D007F00301A06A81423C
:107A30001CD1C7F30511E06A884217D1C6F30801CB
:107A4000206B401E814211D1606B401EC6F346215F
:107A500088420BD1A06B401EC6F30641884205D177
:107A6000E06B401EC6F30661884205D0012006E4A3
:107A70000044025800480258002000E410B50446B3
:107A800001A005F06BF810BD414C41524D20422140
:107A90000D0A00000246106800F1500303EB810359
:107AA0001868704710B5046804F1500303EB8103B4
:107AB0001A6010BD10B5044611F0EAFA01A005F0F5
:107AC0004DF810BD414C41524D2041210D0A00009E
:107AD00010B504464FF400301749086020688068EC
:107AE000C0F3003078B12068C068C0F3002050B106
:107AF0002068C06800F0800060F4C0702168C86031
:107B00002046FFF7D7FF20688068C0F3403078B187
:107B10002068C068C0F3402050B12068C06800F001
:107B2000800060F420702168C8602046FFF7A6FF3F
:107B3000012084F8210010BD8800005870B505466A
:107B40000B461646286840680E4900EA0104200CDE
:107B5000D870C4F30420587004F03F009870C4F348
:107B6000423018705EB9D87802F050F9D870587861
:107B700002F04CF95870987802F048F9987000209B
:107B800070BD00003FFFFF0070B504460B4616466F
:107B90002068806A586020680069C0F30E00986011
:107BA000206800680E4900EA0105C5F30540187019
:107BB000C5F30620587005F07F009870A80DD870A6
:107BC0005EB9187802F022F91870587802F01EF9A0
:107BD0005870987802F01AF99870002070BD000073
:107BE0007F7F7F0070B504460125002C4AD094F8B1
:107BF000210028B9002084F82000204600F046F833
:107C0000022084F8210000BFCA2021684862532066
:107C10002168486200BF204602F010F9054645BBC6
:107C20002068806818490840216888602169606878
:107C30000843A1690843216889680843216888606E
:107C40002089E16841EA004021680861204602F08D
:107C500017F905466DB92068C06C20F00300216853
:107C6000C8646169E06908432168C96C08432168F8
:107C7000C86400BFFF202168486200BF15B9012019
:107C800084F82100284670BDBFFF8FFF30B5C3B018
:107C90000546C8242E48006840F400402C4908607E
:107CA000FDF7FAFF2A48006840F4004028490860C0
:107CB00000BFFDF70BFE41F20301884200D800BF70
:107CC0002348006820F018002149086000BF0846DA
:107CD000006840F00100086004E0601E84B20520E6
:107CE0000CF0A4FE2CB11A48006800F00200002835
:107CF000F3D0B4B90820309001203590002039909D
:107D000030A8FFF7B7FA4FF48000019040132D9090
:107D100001A8FEF70DFA43F2F221002027F03EFA07
:107D200013E0042030900120329030A8FFF7A2FA2F
:107D30004FF48000019080132D9001A8FEF7F8F910
:107D400043F2F321002027F029FA43B030BD0000B0
:107D5000704402582DE9F04704460D46914600BF95
:107D600094F82000012802D10220BDE8F08701200C
:107D700084F8200000BF022084F82100B9F1000F30
:107D80002AD12068806800F0400000B102E00020A5
:107D9000E87000BFE86900B900E000BF287802F091
:107DA0003FF84FEA004A687802F03AF84AEA002AB7
:107DB000A87802F035F84AEA000AE8784AEA805AD8
:107DC00095F8200002F02CF84AEA0060E9690843BF
:107DD000696940EA01071FE02068806800F0400000
:107DE00000B102E00020E87000BFE86900B900E0DF
:107DF00000BF28780004697840EA0120A978084388
:107E0000E97840EA815095F8201040EA0160E9697C
:107E10000843696940EA0107A969686840EA0108FE
:107E200000BFCA202168486253202168486200BF11
:107E3000686AB0F5807F3ED12068806820F4807049
:107E4000216888602068C06800F0800060F4C0701D
:107E50002168C860FDF740FD064614E0FDF73CFDD3
:107E6000801BB0F57A7F0ED900BFFF2021684862E1
:107E700000BF032084F8210000BF002084F8200008
:107E800000BF032071E72068C06800F001000028EF
:107E9000E4D02068C7612068C0F84480206880680A
:107EA00040F48070216888602068806840F48050C9
:107EB000216888603DE02068806820F400702168B7
:107EC00088602068C06800F0800060F4207021683D
:107ED000C860FDF701FD064614E0FDF7FDFC801BC0
:107EE000B0F57A7F0ED900BFFF202168486200BF3D
:107EF000032084F8210000BF002084F8200000BF88
:107F0000032032E72068C068C0F340000028E4D0B6
:107F1000206807622068C0F848802068806840F4C4
:107F20000070216888602068806840F400502168F3
:107F300088600E48006840F400304FF0B041C1F84E
:107F400080000846006840F40030086000BFFF2051
:107F50002168486200BF012084F8210000BF002092
:107F600084F8200000BF00BFFFE60000800000583A
:107F70002DE9F04705460C46174600BF95F820004E
:107F8000012802D10220BDE8F087012085F82000F9
:107F900000BF022085F821004FB9607800F0100082
:107FA000102804D1607800F0EF000A30607097B9B3
:107FB000E07801F035FF4FEA0049607801F030FFCA
:107FC00049EA0029A07801F02BFF49EA000920784E
:107FD00049EA403809E0E0780004617840EA01208D
:107FE000A1780843217840EA413800BFCA202968B7
:107FF000486253202968486200BF284601F01EFFEE
:10800000064646B90C4808EA000029684860284638
:1080100001F036FF064600BFFF202968486200BF16
:1080200016B9012085F8210000BF002085F8200046
:1080300000BF3046A7E700003FFFFF002DE9F047F3
:1080400004460D46904600BF94F82000012802D156
:108050000220BDE8F087012084F8200000BF022044
:1080600084F8210000BFCA2021684862532021689B
:10807000486200BF204601F0E1FE0646002E47D1CF
:10808000B8F1000F1BD12068806800F0400000B1FB
:1080900002E00020E87000BF287801F0C1FE4FEA3E
:1080A0000049687801F0BCFE49EA0029A87801F08F
:1080B000B7FE49EA0009E87849EA805712E02068EB
:1080C000806800F0400000B102E00020E87000BFCE
:1080D00028780004697840EA0120A9780843E97803
:1080E00040EA81571248384021680860206880685B
:1080F00020F4802021688860D5E9030108432168C5
:108100008968084321688860204601F0B9FE064668
:1081100000BFFF202168486200BF16B9012084F823
:10812000210000BF002084F8200000BF304690E707
:108130007F7F7F0070B504462068C06820F0A000F3
:108140002168C860FDF7C8FB054607E0FDF7C4FBE2
:10815000401BB0F57A7F01D9032070BD2068C0684C
:1081600000F020000028F1D00020F6E710B504460A
:108170000CB9012010BD022084F88100206800683D
:1081800020F0010021680860204600F0CBF80020B4
:10819000C4F8840084F8810000BF84F8800000BF28
:1081A00000BFE7E770B504460CB9012070BD606AF6
:1081B00000B900BF0021A1625749206888420CD055
:1081C00056492068884208D055492068884204D022
:1081D000E0680F2801D90120E8E7204602F01FF8E7
:1081E00005464D492068884209D04C49206888429C
:1081F00005D04B492068884201D0082D0DD846494A
:108200002068884207D045492068884203D0444905
:108210002068884203D1102D01D90120C6E794F8C7
:10822000810028B9002084F88000204600F07CF806
:10823000022084F881002068006820F00100216895
:1082400008602068806800F4F816A069B0F1806FBB
:1082500011D16068B0F5800F01D1A06B28B16068C2
:1082600048B9A06BB0F1805F05D12068006840F488
:10827000805021680860A16AE06908433043E16BDF
:108280000843E168084321688860616A606B0843BD
:10829000A16B0843A1690843216908436169084348
:1082A000216A084361680843E16C0843A1680843F8
:1082B000A16C0843A16D08432168C860606878B963
:1082C0002068806820F4C05040F400602168886015
:1082D0002068806820F4C06040F480602168886075
:1082E0002068006D20F0010021680865606800F4D6
:1082F0008000B0F5800F07D12068C06820F00040F2
:10830000616D08432168C8600020C4F88400012022
:1083100084F88100002049E7003001400038004027
:10832000003C00407047000010B5B6B00446BC21C8
:1083300007A8F8F7C7F84FF4805007900520089079
:10834000A021099104210A9102210B910C91802115
:108350000D9100210E910F914FF480501E9007A8AF
:10836000FDF7E6FE18B1EC212DA0FAF735FA00BFB3
:108370003448006840F0020032490860084600684E
:1083800000F00200019000BF00BF00BF0846006877
:1083900040F0020008600846006800F0020001900A
:1083A00000BF00BF00BF0846006840F00200086040
:1083B0000846006800F00200019000BF00BF00BF47
:1083C00020481030006840F480501E491031086089
:1083D0000846006800F48050019000BF00BF0820EC
:1083E00002900220039000200490022005900520B6
:1083F000069002A91448FDF753F9102002900520B9
:10840000069002A91048FDF74BF9202002900520A4
:10841000069002A90C48FDF743F936B010BD0000E4
:108420002E2E5C2E2E5C48617264776172655C73DF
:1084300072635C6273705F7370695F6275732E63E1
:1084400000000000E0440258000402582DE9F84FF3
:108450000446884617461D46206800F120094FF063
:10846000000A00BF94F88000012802D10220BDE874
:10847000F88F012084F8800000BFFDF72DFA064632
:1084800094F88100012808D04FF0020A00BF0020B4
:1084900084F8800000BF5046E9E7B8F1000F00D033
:1084A00047B94FF0010A00BF002084F8800000BFE8
:1084B0005046DCE703205C3484F825000020A062ED
:1084C000C4F80080A780E780A060A081E081A0615F
:1084D00060615C3CA068B0F5C02F05D120680068E1
:1084E00040F4006021680860206840686FF30F0066
:1084F0003843216848602068006840F00100216826
:1085000008606068B0F5800F05D12068006840F40D
:10851000007021680860E0680F2833D92DE02068DA
:10852000406900F0020002280CD1E06D006821686B
:108530000862E06D001DE065B4F86200401EA4F81A
:1085400062001AE0FDF7C8F9801BA84201D3681C3D
:1085500000B995B9204601F0F7FD00BF002084F86E
:10856000800000BFD4F8840040F48070C4F8840018
:10857000012084F88100032079E7B4F86200002824
:10858000CDD1A4E0E068072846D940E020684069E2
:1085900000F0020002281FD1B4F8620001280ED9B1
:1085A000E06B60B1E06D006821680862E06D001D5D
:1085B000E065B4F86200801EA4F8620027E0E06D78
:1085C0000088A9F80000E06D801CE065B4F8620046
:1085D000401EA4F862001AE0FDF77EF9801BA84255
:1085E00001D3681C00B995B9204601F0ADFD00BF6C
:1085F000002084F8800000BFD4F8840040F480702C
:10860000C4F88400012084F8810003202FE7B4F827
:1086100062000028BAD15AE055E02068406900F0B5
:108620000200022834D1B4F8620003280FD9E06BAD
:1086300040280CD9E06D006821680862E06D001DDB
:10864000E065B4F86200001FA4F862003BE0B4F8F3
:10865000620001280ED9E06B60B1E06D0088A9F8D6
:108660000000E06D801CE065B4F86200801EA4F894
:10867000620028E0E06D0078216881F82000E06D5C
:10868000401CE065B4F86200401EA4F862001AE0E5
:10869000FDF722F9801BA84201D3681C00B995B9E7
:1086A000204601F051FD00BF002084F8800000BF8B
:1086B000D4F8840040F48070C4F88400012084F869
:1086C00081000320D3E6B4F862000028A5D1334628
:1086D000002208212046009501F0AEFD28B1D4F813
:1086E000840040F02000C4F88400204601F02CFDF6
:1086F00000BF002084F8800000BF012084F88100C2
:10870000D4F8840008B10120B1E65046AFE62DE967
:10871000FF4F85B004468A461F46129E00200490F3
:1087200020682030039020683030029000BF94F819
:108730008000012803D1022009B0BDE8F08F01209C
:1087400084F8800000BFFDF7C7F881463D46A84683
:1087500094F881B060680190BBF1010F11D00198CD
:10876000B0F5800F04D1A06810B9BBF1040F08D098
:108770000220049000BF002084F8800000BF04980D
:10878000DAE7BAF1000F02D0079800B147B901202B
:10879000049000BF002084F8800000BF0498CBE75D
:1087A00094F88100042802D0052084F8810000207C
:1087B000C4F8840007986066A4F86A70A4F868702A
:1087C000C4F85CA0A4F86270A4F860700020206770
:1087D0006067206840686FF30F0038432168486085
:1087E0002068006840F00100216808606068B0F50A
:1087F000800F05D12068006840F40070216808608F
:10880000E0680F284ED947E02068406900F0020078
:1088100002280ED16DB1E06D006821680862E06D3C
:10882000001DE065B4F86200401EA4F86200B4F8D0
:1088300062502068406948F20801084080B1B8F1F0
:10884000000F0DD02068006B616E0860606E001D27
:108850006066B4F86A00401EA4F86A00B4F86A8042
:10886000FDF73AF8A0EB0900B04201D3701C00B943
:1088700096B9204601F068FC00BF002084F8800013
:1088800000BFD4F8840040F48070C4F88400012054
:1088900084F8810003204FE7002DB5D1B8F1000F17
:1088A000B2D117E1E068072874D96CE0206840690C
:1088B00000F00200022820D1FDB1012D10D9E06B9B
:1088C00070B1E06D006821680862E06D001DE06530
:1088D000B4F86200801EA4F86200B4F862500CE0A4
:1088E00054F85C0F0188039801802068801C206088
:1088F000E088401EE080E5885C3C2068406900F428
:10890000604020B3B8F1000F21D02068406900F426
:10891000004070B12068006B616E0860606E001DE1
:108920006066B4F86A00801EA4F86A00B4F86A8031
:108930000DE00298008854F8641F08802068801CAD
:108940002060E088401EE080B4F80680643CFCF7BC
:10895000C3FFA0EB0900B04201D3701C00B996B967
:10896000204601F0F1FB00BF002084F8800000BF2A
:10897000D4F8840040F48070C4F88400012084F8A6
:1089800081000320D8E6002D90D1B8F1000F8DD1E1
:10899000A0E0FFE798E02068406900F002000228AC
:1089A00035D125B3032D11D9E06B40280ED9E06DE8
:1089B000006821680862E06D001DE065B4F862009F
:1089C000001FA4F86200B4F8625020E0012D0FD916
:1089D000E06B68B154F85C0F01880398018020684F
:1089E000801C2060E088801EE080E5885C3C0EE012
:1089F000E06D0078216881F82000E06D401CE065A2
:108A0000B4F86200401EA4F86200B4F86250206816
:108A1000406900F4604058B3B8F1000F38D02068C6
:108A2000406900F4004070B12068006B616E08601E
:108A3000606E001D6066B4F86A00001FA4F86A004A
:108A4000B4F86A8024E02068406900F4C040B0F5C2
:108A5000005F0ED90298008854F8641F08802068CF
:108A6000801C2060E088801EE080B4F80680643CB2
:108A70000EE0206890F83000616E0870606E401C57
:108A80006066B4F86A00401EA4F86A00B4F86A8010
:108A9000FCF722FFA0EB0900B04201D3701C00B923
:108AA00096B9204601F050FB00BF002084F88000FA
:108AB00000BFD4F8840040F48070C4F88400012022
:108AC00084F88100032037E6002D7FF464AFB8F10D
:108AD000000FFAD14B46002208212046009601F0F3
:108AE000ABFB28B1D4F8840040F02000C4F8840027
:108AF000204601F029FB00BF002084F8800000BF61
:108B0000012084F88100D4F8840008B1012013E624
:108B1000049811E60349096821F460010143014A00
:108B20001160704704040058042808D14FF0E02178
:108B3000096941F004014FF0E022116107E04FF0B4
:108B4000E021096921F004014FF0E0221161704732
:108B500070B504462546681EB0F1807F01D3012020
:108B60000FE0681E4FF0E02148610F214FF0FF3009
:108B700004F038F800204FF0E021886107200861F8
:108B8000002070BD10B504460CB9012010BD94F84A
:108B90003D0028B9002084F83C00204600F029F868
:108BA000022084F83D00211D206802F0E9F8012030
:108BB00084F8480000BF84F83E0001213F200155A1
:108BC00040200155412001554220015543200155C7
:108BD00000BF00BF012084F8440045200155462015
:108BE00001554720015500BF012084F83D000020B9
:108BF000CCE77047014691F83D00012801D00120E3
:108C00007047022081F83D001C4B086898421BD039
:108C10000868B0F1804F17D0194B0868984213D0FC
:108C2000184B086898420FD0174B086898420BD031
:108C3000164B0868984207D0154B0868984203D035
:108C4000144B0868984210D108688068124B00EAFB
:108C50000302062A0FD0B2F5803F0CD008680068E6
:108C600040F001000B68186005E00868006840F0FB
:108C700001000B6818600020C2E7000000000140FE
:108C80000004004000080040000C004000040140C7
:108C90000018004000400140070001002DE9F041AC
:108CA00004460E461746D4F8880020282DD106B178
:108CB00017B90120BDE8F08100BF94F880000128B9
:108CC00001D10220F6E7012084F8800000BFE066B1
:108CD0003A463146204603F01FFA05469DB9E06E3C
:108CE00001280FD110202168086200BF00BF216851
:108CF00051E8001F41F01000226842E800010029FD
:108D0000F5D100E001252846D4E70220D2E77047DC
:108D100010B50446D4F8880022281FD12068806846
:108D200000F04000402819D12068806820F0400001
:108D300021688860E06F10B1E06FF9F7CBFE206822
:108D4000006820F49070216808602068806820F036
:108D50000100216888602020C4F88800002010BD30
:108D6000704710B504460CB9012010BDA06900B1D0
:108D700000E000BFD4F8840028B9002084F8800007
:108D8000204600F02AF82420C4F8840020680068F7
:108D900020F0010021680860204602F0F7FE01285B
:108DA00000D1E2E7A06A10B1204602F01BFD206866
:108DB000406820F49040216848602068806820F076
:108DC0002A00216888602068006840F0010021685E
:108DD0000860204602F082FDC7E770477047704781
:108DE0002DE9F84F04460E4617469946D4F88400FC
:108DF00020285ED106B117B90120BDE8F88F00BF69
:108E000094F88000012801D10220F6E7012084F8BF
:108E1000800000BF00205434A06321202063FCF7B1
:108E20005BFD824627806780543CA068B0F5805F78
:108E300004D1206910B90025B04602E035464FF054
:108E4000000800BF002084F8800000BF1DE05346EA
:108E5000002280212046CDF8009003F0C7F908B128
:108E60000320CAE745B9B8F80000C0F3080021683C
:108E7000886208F1020803E02878216888626D1C86
:108E8000B4F85600401EA4F85600B4F85600002866
:108E9000DDD15346002240212046CDF8009003F05A
:108EA000A5F908B10320A8E72020C4F88400002019
:108EB000A3E70220A1E7000070B504460E46154660
:108EC000D4F88400202854D106B10DB9012070BD1A
:108ED00000BF94F88000012801D10220F7E70120AB
:108EE00084F8800000BF44F8506FA580E580002022
:108EF000E06321206063A06A503C08B31E48A16F64
:108F0000C8631E48A16F08641D48A16FC864002093
:108F1000A16F0865236803F128022B46216DA06F1D
:108F2000FBF752F860B11020C4F88C0000BF00209D
:108F300084F8800000BF2020C4F884000120C6E728
:108F400040202168086200BF002084F8800000BF34
:108F500000BF00BF2168083151E8001F41F08000C8
:108F60002168083141E80002002AF3D100BF002047
:108F7000ADE70220ABE700007DBA0208D1BA0208D3
:108F800053B9020870477047F8B504460D461646B7
:108F90004FF47A7033462A46214600900148FFF785
:108FA000B6FBF8BD74D2012470B504460D464FF4EB
:108FB0007A732A4621460248FFF748FA70BD00003E
:108FC00074D20124F8B504460D4616464FF47A7063
:108FD00033462A46214600900148FFF798FBF8BD2A
:108FE000ECD1012470B504460D464FF47A732A463D
:108FF00021460248FFF72AFA70BD0000ECD1012497
:109000002DE9F04107460C461546984600262246B3
:1090100029460CA0F9F710FD0746781C78B100BF6F
:109020000BE055F8260007A1F7F792FA18B90021CE
:10903000084627F03BF8701CC6B2A642F1DB03A03D
:10904000BDE8F0816C6F67696E0000002F7061727F
:1090500073652E7368746D6C000000003CB50246A9
:1090600000230093019300200FE00B88012484402B
:1090700023404BB1BDF80030C0F10F050124AC40D6
:1090800023439BB2ADF80030401C1028EDDBBDF847
:10909000003013803CBD000010B50446082C34D2CB
:1090A000DFE804F004090F151B21272D01211848C2
:1090B000FCF7F4FB10BD4FF480511648FCF7EEFBB3
:1090C000F8E74FF400611348FCF7E8FBF2E74FF4D0
:1090D00080711148FCF7E2FBECE74FF400410C48CB
:1090E000FCF7DCFBE6E74FF480410948FCF7D6FBD0
:1090F000E0E74FF400610648FCF7D0FBDAE74FF4F5
:1091000000410648FCF7CAFBD4E70020D2E7000084
:10911000000C0258000002580008025800100258C3
:1091200038B50446042C2AD169462E2000F074F983
:1091300008B9002038BD9DF8000000F01F00009025
:109140009DF8000000909DF800102E2000F038FBE4
:1091500008B90020EEE76946242000F05DF908B95F
:109160000020E7E79DF8000000F0BF0000909DF8A8
:109170000010242000F024FB08B90020DAE794BB9B
:109180006946242000F048F908B90020D2E79DF88C
:10919000000000F0BF0000909DF8000040F040008B
:1091A00000909DF80010242000F00AFB08B9002070
:1091B000C0E769462E2000F02FF908B90020B9E772
:1091C0009DF8000000F01F0000909DF8000040EAAC
:1091D0008410C0B200909DF800102E2000F0F0FA2C
:1091E00008B90020A6E7FFE7012C32D16946242008
:1091F00000F012F908B900209CE79DF8000000F08B
:10920000BF0000909DF8000040F0400000909DF8E5
:109210000010242000F0D4FA08B900208AE769463B
:109220002E2000F0F9F808B9002083E79DF800002F
:1092300000F01F0000909DF8000040EA8410C0B2CA
:1092400000909DF800102E2000F0BAFA08B9002016
:1092500070E7022C32D16946242000F0DDF808B90D
:10926000002067E79DF8000000F0BF0000909DF827
:10927000000040F0400000909DF80010242000F015
:109280009FFA08B9002055E769462E2000F0C4F87F
:1092900008B900204EE79DF8000000F01F00009084
:1092A0009DF8000040EA8410C0B200909DF80010C4
:1092B0002E2000F085FA08B900203BE7032C32D1BC
:1092C0006946242000F0A8F808B9002032E79DF88C
:1092D000000000F0BF0000909DF8000040F040004A
:1092E00000909DF80010242000F06AFA08B90020D0
:1092F00020E769462E2000F08FF808B9002019E712
:109300009DF8000000F01F0000909DF8000040EA6A
:109310008410C0B200909DF800102E2000F050FA8A
:1093200008B9002006E7012004E7F8B504466D46B9
:109330006E1C2946282000F06FF808B90020F8BDFF
:109340003146292000F068F808B90020F7E7BDF998
:109350000000208029462A2000F05EF808B900208D
:10936000EDE731462B2000F057F808B90020E6E77A
:10937000BDF90000608029462C2000F04DF808B9A6
:109380000020DCE731462D2000F046F808B9002027
:10939000D5E7BDF90000A0800120D0E700B587B077
:1093A00000BF00BF1A48006840F01000184908606C
:1093B0000846006800F01000019000BF00BF00BF29
:1093C00000BF00BF0846006840F010000860084673
:1093D000006800F01000019000BF00BF00BF4FF414
:1093E000806002900120039004900320059002A960
:1093F0000848FCF755F94FF40070029011200390D3
:1094000002A90448FCF74CF915F02CF807B000BD90
:10941000E04402580010025870B504460D46084852
:10942000007830B1012229462046FCF75BFA012082
:1094300070BD01222946204610F0AAFD0120F7E761
:109440004C02002408B569462420FFF7E5FF08B95F
:10945000002008BD9DF8000000F07F0000909DF8FE
:10946000000040F0800000909DF80010242000F0E3
:10947000A7F908B90020ECE70021202000F0A0F9AE
:109480000021212000F09CF90021222000F098F911
:109490000021232000F094F90021242000F090F90D
:1094A0000021252000F08CF90420FFF739FE01206F
:1094B000CFE7704701460020704738B5044669463B
:1094C0002020FFF7A9FF08B9002038BD9DF8000053
:1094D00000F0F800009004F007009DF80010084329
:1094E00000909DF80010202000F06AF908B90020D3
:1094F000EBE70120E9E738B5044669462320FFF78A
:109500008BFF08B9002038BD9DF8000000F07F00F7
:1095100000909DF8000040EAC410C0B200909DF891
:109520000010232000F04CF908B90020EBE70120DF
:10953000E9E738B5044669463820FFF76DFF08B9FA
:10954000002038BD9DF8000000F0C00000909DF89C
:109550000000204300909DF80010382000F030F902
:1095600008B90020EDE70120EBE710B504462146DD
:109570003C2000F025F908B9002010BD0120FCE7CF
:1095800010B504467F2C01DD002010BD21463B2094
:1095900000F016F908B90020F7E70120F5E710B54B
:1095A00004467F2C01DD002010BD21463A2000F04A
:1095B00007F908B90020F7E70120F5E710B50446E0
:1095C00021463D2000F0FCF808B9002010BD012024
:1095D000FCE738B5044669462320FFF71DFF08B9AC
:1095E000002038BD9DF8000000F0CF0000909DF8ED
:1095F000000040EA0410C0B200909DF80010232043
:1096000000F0DEF808B90020EBE70120E9E738B503
:10961000044669462120FFF7FFFE08B9002038BD47
:109620009DF8000000F03F0000909DF8000040EA27
:109630008410C0B200909DF80010212000F0C0F806
:1096400008B90020EBE70120E9E738B50446694690
:109650002220FFF7E1FE08B9002038BD002000906D
:109660009DF80000204300909DF80010222000F09B
:10967000A7F808B90020F0E70120EEE738B5044666
:1096800069462520FFF7C8FE08B9002038BD002034
:1096900000909DF80000204300909DF800102520C8
:1096A00000F08EF808B90020F0E70120EEE7000096
:1096B0001CB5044601A92020FFF7AEFE08B9002022
:1096C0001CBD69462320FFF7A7FE08B90020F7E775
:1096D0009DF8040000F0F00038B92948007800F047
:1096E000F0009DF804100843019024B1012C1FD014
:1096F000022C30D109E09DF80400214908709DF842
:10970000040000F00F00019027E09DF8040000F035
:10971000F70001909DF8040001909DF8000000F012
:10972000F70000909DF8000040F00800009014E061
:109730009DF8040000F0F70001909DF8040040F04F
:10974000080001909DF8000000F0F70000909DF8DF
:109750000000009001E00020B2E700BF9DF8041077
:10976000202000F02DF808B90020A9E79DF800108E
:10977000232000F025F808B90020A1E701209FE789
:109780004D02002438B5044669462020FFF744FE08
:1097900008B9002038BD9DF8000000F00F000090CF
:1097A0009DF8000040EA0410C0B200909DF800103F
:1097B000202000F005F808B90020EBE70120E9E7D8
:1097C00013B504460848007830B1012201A92046AB
:1097D000FCF7CCF801201CBD012201A9204610F0A5
:1097E000F1FB0120F7E700004C0200242DE9F041D5
:1097F0007F4805687E481C38066805F01000002880
:109800007DD006F010000028FAD0102079490968B0
:1098100008627848FFF77CFA7648C06F006876499E
:10982000884267D07348C06F006873491831884216
:1098300060D07048C06F00686F493031884259D09D
:109840006C48C06F00686C494831884252D0694802
:10985000C06F00686849603188424BD06548C06F6E
:10986000006865497831884244D06248C06F00681A
:109870006149903188423DD05E48C06F00685E49C2
:10988000A831884236D05B48C06F00685B49884287
:1098900030D05848C06F006858491831884229D0E4
:1098A0005448C06F006855493031884222D0514831
:1098B000C06F00685149483188421BD04D48C06F85
:1098C00000684E496031884214D04A48C06F006831
:1098D0004A49783188420DD04648C06F00684749F0
:1098E0009031884206D04348C06F00684349A83190
:1098F000884205D13F48C06F0068406804E03AE004
:109900003C48C06F00684068C0F500743C484FF4A4
:109910000071002923DD00F01F077A18034600BFFD
:1099200000BF00BFBFF34F8F00BF00BF00BF00BF2D
:10993000344F3B602033203A002AF9DC00BF00BFDF
:1099400000BFBFF34F8F00BF00BF00BF00BF00BF0D
:1099500000BFBFF36F8F00BF00BF00BF00BF00BFDD
:10996000E1B2274829F088F94FF4007224492148D0
:10997000FFF794F900BF1E48001D006840F0010089
:109980001B49091D08600846006840F00200086095
:109990000846006840F0040008600846006840F08F
:1099A000080008600846006840F01000086008469B
:1099B000006840F0400008600846006840F480708D
:1099C00008600846006840F40070086008460068B7
:1099D00040F4003008600846006840F480100860D9
:1099E0000846006840F020000860BDE8F0810000F3
:1099F0001C0C0058D09D01241000024010040240AD
:109A0000000000385CEF00E070B504460D464FF4EE
:109A10007A732A4621460248FFF7E2F970BD00003A
:109A2000D09D012400BFFEE770B52DED028B0546E9
:109A30000C46094800EB840090ED000AB0EE408A25
:109A4000B7EEC80A53EC102B04A1284603F096F891
:109A5000BDEC028B70BD0000300A0020252E32665E
:109A6000000000001FB5FCF74FF801208DF8000042
:109A70001048019007208DF8080003208DF80B0096
:109A800001208DF80F0000208DF80E0001208DF8C8
:109A90000D0005208DF8010000208DF80A008DF8DA
:109AA00009008DF80C006846FCF700F80420FCF76C
:109AB00041F81FBD0000043000BFFEE72DE9F04172
:109AC00004460E4600275548006800F003000328AE
:109AD00002D10120BDE8F08150482838006820F00C
:109AE00080604E4928390860FBF7F6FE054606E01F
:109AF000FBF7F2FE401B022801D90320EAE74748A2
:109B000028380068C0F3C0600028F1D100BF434886
:109B1000006820F47C30216840EA01303F49086049
:109B2000A088401EC0F30800A168491E4FF47E4281
:109B300002EA41210843A189491ED20102EA0141FA
:109B40000843217C491E120202EA0161084333499D
:109B50001031086000BF3148001D006820F0C000CF
:109B6000616908432D49091D08600846006820F016
:109B70002000A16908432949091D086008460068BA
:109B800020F0100008602548143000684FF6F87186
:109B90008843E16940EAC1002049143108601F4848
:109BA000001D006840F010001C49091D08602EB916
:109BB0000846006840F40020086012E0012E08D139
:109BC0001648001D006840F480101449091D086003
:109BD00007E01248001D006840F400100F49091DFD
:109BE00008600E482838006840F080600B4928392A
:109BF0000860FBF771FE054606E0FBF76DFE401BB3
:109C0000022801D9032065E7044828380068C0F31A
:109C1000C0600028F1D038465CE7000028440258B4
:109C20002DE9F04104460E4600275548006800F033
:109C30000300032802D10120BDE8F08150482838F4
:109C4000006820F080504E4928390860FBF744FE38
:109C5000054606E0FBF740FE401B022801D9032021
:109C6000EAE7474828380068C0F340700028F1D17F
:109C700000BF4348006820F07C70218840EA015012
:109C80003F490860A088401EC0F30800A168491E33
:109C90004FF47E4202EA41210843A189491ED201C4
:109CA00002EA01410843217C491E120202EA0161D5
:109CB000084333491831086000BF3148001D00686F
:109CC00020F44060616908432D49091D0860084679
:109CD000006820F40070A16908432949091D086043
:109CE0000846006820F48070086025481C30006831
:109CF0004FF6F8718843E16940EAC10020491C3100
:109D000008601F48001D006840F480701C49091D50
:109D100008602EB90846006840F48000086012E030
:109D2000012E08D11648001D006840F400001449B7
:109D3000091D086007E01248001D006840F08070AF
:109D40000F49091D08600E482838006840F080500F
:109D50000B4928390860FBF7BFFD054606E0FBF715
:109D6000BBFD401B022801D9032065E704482838C1
:109D70000068C0F340700028F1D038465CE700006E
:109D80002844025800B58BB001208DF80400002053
:109D90008DF805008DF8060002908DF807004FF051
:109DA000004006904FF0706007900020089001205E
:109DB0008DF8240000020A90002201A90E48FDF748
:109DC000C9FF01208DF804001E208DF80500002039
:109DD0008DF806004FF400700A90002201A9064891
:109DE000FDF7B8FF00220E212920FBF7D8FE29201D
:109DF000FBF7C1FE0BB000BDA483012410B50248DF
:109E0000FDF766FE10BD0000A48301240146080989
:109E100000EB8000420001F00F001044C0B2704718
:109E200002460023114603E05B1CA1F10A00C1B207
:109E30000A29F9D2180741EA1060704770B5044644
:109E400000262068C06800F04000B8B9701E216884
:109E5000C860FBF741FD054609E0FBF73DFD401BEF
:109E6000B0F57A7F03D90326032084F82100206807
:109E7000C06800F0400008B9032EEED1304670BD36
:109E800070B5044600251548C06820F0400013490D
:109E9000C8600846806800F0200040B92046FEF700
:109EA00049F9C0B1032084F82100032513E00B48D1
:109EB000806820F02000094988602046FEF73AF9C2
:109EC00018B1032084F8210003250448806840F07D
:109ED000200002498860284670BD000000400058FC
:109EE00010B586B00446002201A91048FDF74CFECB
:109EF0009DF8040060719DF80500A0719DF80600B2
:109F0000E071002269460948FDF718FE9DF803003C
:109F100000F5FA6020809DF80100A0709DF8020015
:109F2000E0709DF80000207106B010BDA4830124EC
:109F3000F8B504460D4617461E468DF802708DF89A
:109F400001508DF800608DF80340002269460248F8
:109F5000FEF70EF8F8BD0000A4830124F0B585B02B
:109F600004460D4616461F468DF800408DF80150F8
:109F70008DF802608DF80370002003900490002299
:109F800069460248FEF75AF805B0F0BDA4830124E3
:109F900013B59DF803209DF80210BDF800000EF0E7
:109FA00057FB8DF804009DF805000C2809DD9DF88D
:109FB00007209DF806109DF805000123FFF7CEFF4E
:109FC00008E09DF807209DF806109DF80500002385
:109FD000FFF7C4FF9DF804309DF803209DF80210A0
:109FE000BDF80040A4F5FA64E0B2FFF7A1FF9DF8C8
:109FF00004309DF803209DF80210BDF80040A4F540
:10A00000FA64E0B2FFF794FF1CBD000070B505468E
:10A010000C4634B90648028806A1284602F0AEFD77
:10A0200004E0054A05A1284602F0A8FD70BD000025
:10A03000FC03002425640000A0DF03242573000036
:10A040002DE9F04180460D4617461E4600242A465B
:10A05000394635A0F8F7F0FC804608F101000028E9
:10A060005DD032463946284612F0D0FA044604B98B
:10A0700056E032463946284612F048FB044604B9F9
:10A080004EE0304612F09EFB044604B948E03246EA
:10A090003946284612F088FC044604B940E03246AE
:10A0A0003946284612F0ECFD044604B938E0324641
:10A0B0003946284612F02AFC044604B930E03246FC
:10A0C0003946284612F094FB044604B928E032468B
:10A0D0003946284612F0D2FB044604B920E0324645
:10A0E0003946284612F0A8FC044604B918E0324666
:10A0F0003946284612F0B4FE044604B910E0324650
:10A100003946284612F0EAFD044604B908E0084A38
:10A110000849304612F0D8FC044604B900E000BFFC
:10A1200005A0BDE8F081000062746E74797065006E
:10A13000A0DF0324FC0300242F73657474696E6729
:10A140002E7368746D6C0000026851690268926930
:10A1500042F0080203689A610268926942F01002B4
:10A1600003689A610268126822F0010203681A60AB
:10A170000268126940F26F339A4303681A610268F9
:10A18000926822F4404203689A6090F88120042A81
:10A190000ED001F020025AB1D0F8842042F08002A3
:10A1A000C0F884200268926942F0200203689A6134
:10A1B00090F88120032A0ED001F040025AB1D0F865
:10A1C000842042F00402C0F884200268926942F0C0
:10A1D000400203689A6101F400725AB1D0F88420F9
:10A1E00042F00102C0F884200268926942F40072D1
:10A1F00003689A6101F480725AB1D0F8842042F069
:10A200000802C0F884200268926942F480720368F0
:10A210009A610022A0F86220A0F86A20704710B569
:10A2200001460124C86B04EB5013C868421CD01DC2
:10A23000C20802FB03F010BD2DE9F04106460C46B2
:10A2400017469846069D0BE0FBF746FBA0EB08007F
:10A25000A84201D3681C00B915B90320BDE8F081FC
:10A26000306840692040A04201D1012000E0002078
:10A27000B842E9D00020F1E770B504460D46164615
:10A28000252C02D0262C0AD104E000212846FFF715
:10A29000BDFE05E001212846FFF7B8FE00E000BF43
:10A2A00000BF2846F6F74DF980B270BD2DE9F043A6
:10A2B00091B006460D4614460027B84656F82400CD
:10A2C00037A1F6F745F9A0B9364A101F011F0B1F39
:10A2D000CDE90031CDE9020255F824001B1F143AE4
:10A2E00031A1F6F7ABF900212E48143804F01AFF1B
:10A2F00038E056F8240032A1F6F72AF948B90020D0
:10A300003049086055F824000A462FA1F6F796F95F
:10A3100028E056F824002DA1F6F71AF958B934218F
:10A320002848001DF6F7CEF855F824002549091DE8
:10A3300033F0CCF916E056F8240025A1F6F708F919
:10A3400080B914211F483830F6F7BCF855F82400BE
:10A35000F6F7F7F8814655F824104A461948383080
:10A36000F6F788F856F824001AA1F6F7F1F890B934
:10A3700055F82400F6F7CCFA00F0FF08404605F047
:10A3800005F940220F4910316846F6F773F80D4879
:10A390000FC804F0EFFE384611B0BDE8F0830000AE
:10A3A00061000000E4DE032425642F25642F25646A
:10A3B0002525323025643A25643A256400000000E2
:10A3C0006200000080DE03242558000063000000C6
:10A3D000640000007472616E00000000F0B58FB080
:10A3E00005460E4614460027182109A8F6F76AF814
:10A3F0000020089055F82400C0A1F6F7A9F8C0B9CC
:10A400000CA80BA9CDE9001056F824000AAB09AA44
:10A41000BBA1F6F713F947B2042F09D1BB4909983C
:10A4200008700A9848700B9888700C98C8700027BC
:10A4300060E155F82400B6A1F6F78AF8F0B90CA847
:10A440000BA9CDE9001056F824000AAB09AAACA16B
:10A45000F6F7F4F847B2042FEAD1AC4909988873AB
:10A460000A98C1B2A948C1730B98C1B2A748017438
:10A470000C98C1B2A548417400273BE155F824006F
:10A48000A4A1F6F765F8F0B90CA80BA9CDE9001066
:10A4900056F824000AAB09AA99A1F6F7CFF847B2FB
:10A4A000042FC5D19949099888720A98C1B2974872
:10A4B000C1720B98C1B2954801730C98C1B2934810
:10A4C0004173002716E155F8240093A1F6F740F8F0
:10A4D000F0B90CA80BA9CDE9001056F824000AAB7E
:10A4E00009AA87A1F6F7AAF847B2042FA0D1874995
:10A4F000099888740A98C1B28448C1740B98C1B293
:10A50000824801750C98C1B2804841750027F1E07E
:10A5100055F8240081A1F6F71BF850BB0EA80DA931
:10A520000CAA0BABCDE90032CDE9021056F824009D
:10A530000AAB09AA7AA1F6F781F847B2062F9CD197
:10A540007249099808710A98C1B2704841710B9814
:10A55000C1B26E4881710C98C1B26C48C1710D983E
:10A56000C1B26A4801720E98C1B2684841720027B0
:10A57000C0E055F824006FA1F5F7EAFFF0B90CA888
:10A580000BA9CDE9001056F824000AAB09AA5CA17A
:10A59000F6F754F847B2042F94D15C4909988875AE
:10A5A0000A98C1B25948C1750B98C1B25748017693
:10A5B0000C98C1B25548417600279BE055F824001D
:10A5C0005DA1F5F7C5FFF0B90CA80BA9CDE9001006
:10A5D00056F824000AAB09AA49A1F6F72FF847B2AA
:10A5E000042F94D100274949099888760A98C1B266
:10A5F0004648C1760B98C1B2444801770C98C1B265
:10A600004248417776E055F824004CA1F5F7A0FFC9
:10A6100010BB0CA80BA9CDE9001056F824000AAB1A
:10A6200009AA37A1F6F70AF847B2042F62D100272A
:10A630003649099881F829000A98C1B2334880F850
:10A640002A100B98C1B2314880F82B100C98C1B277
:10A650002E4880F82C104DE055F8240038A1F5F76D
:10A6600077FF50B956F82400F6F752F9C0B20890B7
:10A67000022108A804F02EFD3CE055F8240031A189
:10A68000F5F766FF08BB0CA80BA9CDE9001056F83A
:10A6900024000AAB09AA1AA1F5F7D0FF47B2042F8C
:10A6A00028D11A490998C8770A98C1B2174880F882
:10A6B00020100B98C1B2154880F821100C98C1B237
:10A6C000124880F82210002714E055F824001EA13B
:10A6D000F5F73EFF70B956F82400F6F719F90B4963
:10A6E0004862202210316846F5F7C4FE07480FC8BB
:10A6F00004F08AFD38460FB0F0BD00006500000090
:10A7000025642E25642E25642E256400E8DE0324AE
:10A710006700000066000000680000004C000000B8
:10A7200025782D25782D25782D25782D25782D2512
:10A7300078000000690000004B0000006163000029
:10A740004E0000004F000000500000002DE9F041D5
:10A750009EB006460D461446002756F8240034A144
:10A76000F5F7F6FE70B940213248F5F7ABFE55F823
:10A770002400F5F7E6FE804655F8241042462D48A1
:10A78000F5F778FE56F824002BA1F5F7E1FE38B96D
:10A7900055F82400F6F7BCF826494439C1F884007E
:10A7A00056F8240025A1F5F7D3FEA0B94021214891
:10A7B0004438F5F787FE55F82400F5F7C2FE8046C9
:10A7C00055F8241042461B484438F5F753FE3846E6
:10A7D0001EB0BDE8F08156F8240019A1F5F7B8FEC7
:10A7E00040B955F82400F6F793F812494439086443
:10A7F0003846EDE756F8240012A1F5F7A9FEA0B9F6
:10A8000055F82400F6F784F80F49086001210E4836
:10A8100004F060FC7822074934396846F5F72AFECF
:10A82000044844380FC804F07FFD3846D0E70000E4
:10A83000440000005CDF03244500000046000000E7
:10A84000470000004A000000F00300242DE9FF410A
:10A8500005460E461446002755F8240050A1F5F78A
:10A8600077FE48B956F82400F6F752F84D490880AB
:10A87000384604B0BDE8F08155F824004AA1F5F748
:10A8800067FE38B956F82400F6F742F84549488083
:10A890003846EEE755F8240044A1F5F759FE38B9DB
:10A8A00056F82400F6F734F83E4988803846E0E749
:10A8B00055F824003EA1F5F74BFE38B956F82400B0
:10A8C000F6F726F8374988713846D2E755F824005C
:10A8D00038A1F5F73DFE40B956F82400F6F718F810
:10A8E00040B23049C8713846C3E755F8240032A158
:10A8F000F5F72EFE40B956F82400F6F709F840B2F5
:10A90000284908723846B4E755F824002BA1F5F71A
:10A910001FFE40B956F82400F5F7FAFF40B221496E
:10A9200048723846A5E755F8240025A1F5F710FE32
:10A9300040B956F82400F5F7EBFF40B21949887288
:10A94000384696E755F824001EA1F5F701FE28B910
:10A9500056F82400F5F7DCFF1249888155F82400E9
:10A9600019A1F5F7F5FD28B956F82400F5F7D0FF41
:10A970000C49887355F8240014A1F5F7E9FD68B96E
:10A9800056F82400F5F7C4FF0649C873102268463C
:10A99000F5F770FD9DE80F0004F0C2FD384668E74A
:10A9A0004100000070DE032442000000510000005E
:10A9B0005200000053000000540000005500000049
:10A9C000560000005700000061640000616500004F
:10A9D00070B586B005460E461446002002900390DE
:10A9E0000490059055F8240015A1F5F7B1FD98B92C
:10A9F00005A804A9CDE9001056F8240003AB02AA6B
:10AA000010A1F5F71BFE12490298087003984870D0
:10AA1000049888700598C87055F824000DA1F5F7C2
:10AA200097FD48B956F82400F5F772FF08494860C9
:10AA3000084603C804F0DCFB002006B070BD00002F
:10AA40006261000025642E25642E25642E25640095
:10AA5000F4030024626200002DE9FF4F83460D4697
:10AA600014461E460DAF97E88007042D01DBBDE8B4
:10AA7000FF8FBBF1000F03D0BBF1010F58D118E0DD
:10AA8000182C00DBF3E7C5EB45102F4901EB8000E4
:10AA9000001D00EB84002D4951F8261051F82710B5
:10AAA00051F8281051F8291051F82A100968086047
:10AAB0003FE00C2C00DBDAE7C5EB4510224901EB47
:10AAC000800064302044214951F8261051F82710A5
:10AAD00051F8281051F8291051F82A1009684860D7
:10AAE000C5EB4510184901EB800070302044174930
:10AAF00051F8261051F8271051F8281051F8291054
:10AB000051F82A100968886005EB4500104901EBEF
:10AB1000800020440D4951F8261051F8271051F8B3
:10AB2000281051F8291051F82A100968C86000E06F
:10AB300000BF00BF33462246294658468DE88007AD
:10AB400027F0B4FF00BF92E7000000307800002437
:10AB50000020003070B505460C46204624F0A2F8CF
:10AB600046B226B904A1284602F008F803E003A182
:10AB7000284602F003F870BD3000000031000000EC
:10AB800010B5FAF72BFF34F089F9012801D033F022
:10AB900057FC10BD3448006840F47000324908602A
:10ABA0003248006800F00F00072806D22F480068DE
:10ABB00020F00F00C01D2D4908602D48006840F0AE
:10ABC00001002B49086000202949103108602848FD
:10ABD000006828490840264908602448006800F0B9
:10ABE0000F00072806D92148006820F00F00C01D7B
:10ABF0001E49086000201E4918310860091D0860C0
:10AC0000091D08601C481A49283108601B48091DA5
:10AC100008601B48091D08600020091D08601848CD
:10AC2000091D08600020091D08601548091D0860FD
:10AC30000020091D08600E48006820F480200C499F
:10AC4000086000200A49603108600E4800686FF310
:10AC50000F00B0F1005F02D201200B49086043F2FF
:10AC6000D2000A490860704788ED00E000200052D9
:10AC7000004402587FEDF6EA000202020000FF01E4
:10AC8000800201010010005C088100510040005268
:10AC900010B532F0ADFD2AF0B6F8FAF7D1FF10BDCD
:10ACA0004FF08040006900F0010048B16FF00100F2
:10ACB0004FF08041086103480068401C014908606A
:10ACC00070470000DC01002410B50E48006800F059
:10ACD0000100A8B16FF001000A4908601CF05CFD9A
:10ACE00003F044FD04F0BCFC0BF036FE15F0B4F8A4
:10ACF00004F0BAF805F084F809F0DCF805F050FA31
:10AD000010BD0000100400400448006800F001007D
:10AD100018B16FF001000149086070471008004049
:10AD20000448006800F0010018B16FF0010001490B
:10AD300008607047100C004010B50648006900F02C
:10AD4000010028B16FF001000249086127F04AF9BB
:10AD500010BD0000001000400748006800F001002E
:10AD600040B16FF001000449086004480068401CCD
:10AD700002490860704700001014004008000024D9
:10AD800010B50268294B98420ED0B0F1804F0BD01D
:10AD9000274B984208D0274B984205D0264B984223
:10ADA00002D0264B984203D122F070024B681A431E
:10ADB0001E4B984217D0B0F1804F14D01C4B9842D4
:10ADC00011D01C4B98420ED01B4B98420BD01B4B02
:10ADD000984208D01A4B984205D01A4B984202D09C
:10ADE000194B984203D122F44072CB681A4322F0E7
:10ADF00080034C6943EA040202608B68C3620B68FB
:10AE000083620A4B98420BD00C4B984208D00C4BF3
:10AE1000984205D00B4B984202D00B4B984201D17F
:10AE20000B6903630123436110BD00000000014072
:10AE30000004004000080040000C004000040140F5
:10AE400000400140004401400048014011B58DB070
:10AE50000D9800F5E1400D900DA8F5F7A9FD044609
:10AE60000CB90EB010BD2C22214602A8F5F702FB4A
:10AE7000079800F26C7007900698401C069007989F
:10AE800080B2ADF800000698C0B28DF802000598B7
:10AE9000C0B28DF803000498C0B28DF80500039885
:10AEA000C0B28DF806000298C0B28DF80700DDE947
:10AEB0000001FFF76DF800BFD3E72DE9F047044626
:10AEC0000D4616461F46DDE9089A2006000905F0E2
:10AED0000F0140EA014006F00F0140EA013007F09F
:10AEE0000F0140EA012009F00F0140EA01100AF0C9
:10AEF0000F0140EA010808F1804841460320F7F7B6
:10AF0000DFFB0120BDE8F0872DE9F04704460D4640
:10AF100016461F46DDE9089A2006000905F00F01D4
:10AF200040EA014006F00F0140EA013007F00F014E
:10AF300040EA012009F00F0140EA01100AF00F0178
:10AF400040EA010808F1804841460320F7F748FC31
:10AF50000120BDE8F08700002DE9F0417F48056839
:10AF60007E481C38066805F0100000287DD006F0E9
:10AF700010000028FAD01020794909680862784842
:10AF8000FDF7C6FE7648C06F00687649884267D0F4
:10AF90007348C06F006873491831884260D07048A8
:10AFA000C06F00686F493031884259D06C48C06F1B
:10AFB00000686C494831884252D06948C06F0068C7
:10AFC0006849603188424BD06548C06F0068654968
:10AFD0007831884244D06248C06F0068614990313E
:10AFE00088423DD05E48C06F00685E49A831884203
:10AFF00036D05B48C06F00685B49884230D0584803
:10B00000C06F006858491831884229D05448C06F31
:10B01000006855493031884222D05148C06F0068DD
:10B020005149483188421BD04D48C06F00684E4995
:10B030006031884214D04A48C06F00684A4978316C
:10B0400088420DD04648C06F006847499031884219
:10B0500006D04348C06F00684349A831884205D1F3
:10B060003F48C06F0068406804E03AE03C48C06F69
:10B0700000684068C0F500743C484FF40071002936
:10B0800023DD00F01F077A18034600BF00BF00BF92
:10B09000BFF34F8F00BF00BF00BF00BF344F3B6006
:10B0A0002033203A002AF9DC00BF00BF00BFBFF305
:10B0B0004F8F00BF00BF00BF00BF00BF00BFBFF386
:10B0C0006F8F00BF00BF00BF00BF00BFE1B22748C5
:10B0D00027F0BCFD4FF4007224492148FDF7DEFD46
:10B0E00000BF1E48001D006840F001001B49091DFB
:10B0F00008600846006840F00200086008460068E2
:10B1000040F0040008600846006840F0080008604D
:10B110000846006840F0100008600846006840F0EB
:10B12000400008600846006840F4807008600846E7
:10B13000006840F4007008600846006840F4003081
:10B1400008600846006840F48010086008460068FF
:10B1500040F020000860BDE8F08100001C4C004079
:10B16000489801241000024010040240000A0130F7
:10B170005CEF00E02DE9F0417D48C569066805F007
:10B18000100000287DD006F010000028FAD0102012
:10B190007849096808627748FDF7BAFD7548C06FBD
:10B1A00000687549884267D07248C06F006872496C
:10B1B0001831884260D06F48C06F00686E493031E6
:10B1C000884259D06B48C06F00686B49483188424B
:10B1D00052D06848C06F00686749603188424BD0E0
:10B1E0006448C06F006864497831884244D061483F
:10B1F000C06F00686049903188423DD05D48C06FA3
:10B2000000685D49A831884236D05A48C06F00684E
:10B210005A49884230D05748C06F006857491831A2
:10B22000884229D05348C06F006854493031884261
:10B2300022D05048C06F00685049483188421BD026
:10B240004C48C06F00684D496031884214D049486D
:10B25000C06F00684949783188420DD04548C06FB9
:10B26000006846499031884206D04248C06F006865
:10B270004249A831884205D13E48C06F0068406805
:10B2800004E03AE03B48C06F00684068C0F50074D5
:10B290003B484FF40071002923DD00F01F077A18A6
:10B2A000034600BF00BF00BFBFF34F8F00BF00BF0A
:10B2B00000BF00BF334F3B602033203A002AF9DC47
:10B2C00000BF00BF00BFBFF34F8F00BF00BF00BF74
:10B2D00000BF00BF00BFBFF36F8F00BF00BF00BF44
:10B2E00000BF00BFE1B2264827F09AFC4FF400727D
:10B2F00023492048FDF7D2FC00BF1D48006A40F0FA
:10B3000001001B4908620846006A40F0020008621A
:10B310000846006A40F0040008620846006A40F0EF
:10B32000080008620846006A40F0100008620846FB
:10B33000006A40F0400008620846006A40F48070ED
:10B3400008620846006A40F4007008620846006A15
:10B3500040F4003008620846006A40F48010086239
:10B360000846006A40F020000862BDE8F081000055
:10B3700000500040C899012410000240100402400F
:10B38000000C01305CEF00E02DE9F04182480568D7
:10B3900081481C38066805F0100000287DD006F0B2
:10B3A00010000028FAD010207C49096808627B4808
:10B3B000FDF7AEFC7948C06F00687949884267D0D4
:10B3C0007648C06F006876491831884260D073486B
:10B3D000C06F006872493031884259D06F48C06FE1
:10B3E00000686F494831884252D06C48C06F00688D
:10B3F0006B49603188424BD06848C06F006868492B
:10B400007831884244D06548C06F00686449903103
:10B4100088423DD06148C06F00686149A8318842C8
:10B4200036D05E48C06F00685E49884230D05B48C5
:10B43000C06F00685B491831884229D05748C06FF7
:10B44000006858493031884222D05448C06F0068A3
:10B450005449483188421BD05048C06F0068514958
:10B460006031884214D04D48C06F00684D49783132
:10B4700088420DD04948C06F00684A4990318842DF
:10B4800006D04648C06F00684649A831884205D1B9
:10B490004248C06F0068406804E040E03F48C06F29
:10B4A00000684068C0F500643F484FF4006100291F
:10B4B00023DD00F01F077A18034600BF00BF00BF5E
:10B4C000BFF34F8F00BF00BF00BF00BF374F3B60CF
:10B4D0002033203A002AF9DC00BF00BF00BFBFF3D1
:10B4E0004F8F00BF00BF00BF00BF00BF00BFBFF352
:10B4F0006F8F00BF00BF00BF00BF00BF2CA001F0D6
:10B5000073FAA2B24FF47A7327492448FDF768FC16
:10B510004FF4006224492148FDF7C0FB00BF1E48DC
:10B52000001D006840F001001B49091D0860084625
:10B53000006840F0020008600846006840F004001F
:10B5400008600846006840F0080008600846006887
:10B5500040F0100008600846006840F040000860B5
:10B560000846006840F4807008600846006840F4AF
:10B57000007008600846006840F400300860084623
:10B58000006840F4801008600846006840F0200021
:10B590000860BDE8F08100001C780040C89C0124D0
:10B5A0001000024010040240001601305CEF00E081
:10B5B0000D0A20756172743720646D615F72656376
:10B5C000763A0D0A000000002DE9F0417F48056839
:10B5D0007E481C38066805F0100000287DD006F073
:10B5E00010000028FAD010207949096808627848CC
:10B5F000FDF78EFB7648C06F00687649884267D0B9
:10B600007348C06F006873491831884260D0704831
:10B61000C06F00686F493031884259D06C48C06FA4
:10B6200000686C494831884252D06948C06F006850
:10B630006849603188424BD06548C06F00686549F1
:10B640007831884244D06248C06F006861499031C7
:10B6500088423DD05E48C06F00685E49A83188428C
:10B6600036D05B48C06F00685B49884230D058488C
:10B67000C06F006858491831884229D05448C06FBB
:10B68000006855493031884222D05148C06F006867
:10B690005149483188421BD04D48C06F00684E491F
:10B6A0006031884214D04A48C06F00684A497831F6
:10B6B00088420DD04648C06F0068474990318842A3
:10B6C00006D04348C06F00684349A831884205D17D
:10B6D0003F48C06F0068406804E03AE03C48C06FF3
:10B6E00000684068C0F500643C484FF400610029E0
:10B6F00023DD00F01F077A18034600BF00BF00BF1C
:10B70000BFF34F8F00BF00BF00BF00BF344F3B608F
:10B710002033203A002AF9DC00BF00BF00BFBFF38E
:10B720004F8F00BF00BF00BF00BF00BF00BFBFF30F
:10B730006F8F00BF00BF00BF00BF00BFA1B227488E
:10B740000DF068F84FF4006224492148FDF7A6FA8D
:10B7500000BF1E48001D006840F001001B49091D84
:10B7600008600846006840F002000860084600686B
:10B7700040F0040008600846006840F008000860D7
:10B780000846006840F0100008600846006840F075
:10B79000400008600846006840F480700860084671
:10B7A000006840F4007008600846006840F400300B
:10B7B00008600846006840F4801008600846006889
:10B7C00040F020000860BDE8F08100001C7C0040D3
:10B7D0006CD001241000024010040240001E013011
:10B7E0005CEF00E090F8281001F0010139B1016828
:10B7F000496821F40031C26A11430268516090F82F
:10B80000281001F00201022907D10168496821F4DA
:10B810008031026B11430268516090F8281001F0EA
:10B820000401042907D10168496821F48021426B91
:10B8300011430268516090F8281001F008010829AE
:10B8400007D10168496821F40041826B1143026805
:10B85000516090F8281001F01001102907D10168FB
:10B86000896821F48051C26B11430268916090F89D
:10B87000281001F02001202907D10168896821F4EE
:10B880000051026C11430268916090F8281001F099
:10B890004001402913D10168496821F48011426CAC
:10B8A000114302685160416CB1F5801F07D10168F6
:10B8B000496821F4C001826C11430268516090F81C
:10B8C000281001F08001802907D10168496821F41E
:10B8D0000021C26C114302685160704738B50446BC
:10B8E0000020C4F88C00F9F7F7FF054620680068CF
:10B8F00000F0080008280CD16FF07E402B46002293
:10B900004FF400110090204600F070FC08B10320B5
:10B9100038BD2068006800F0040004280CD16FF0E6
:10B920007E402B4600224FF480010090204600F01C
:10B930005DFC08B10320EBE72020C4F88400C4F8C4
:10B9400088000020E06600BF84F8800000BF00BFD0
:10B95000DEE72DE9F0410546AC6BD4F88460D4F8FD
:10B9600088702068806800F08000802807D1212E30
:10B9700005D10020A4F85600204600F0E7F8206822
:10B98000806800F04000402807D1222F05D1002018
:10B99000A4F85E00204600F0A3F8D4F88C0040F034
:10B9A0001000C4F88C002046FDF7DAF9BDE8F081FC
:10B9B00070B50546AC6BE869B0F5807F40D00020DB
:10B9C000A4F85E0000BF00BF216851E8001F21F409
:10B9D0008070226842E800010029F5D100BF00BF55
:10B9E00000BF2168083151E8001F21F001002168E3
:10B9F000083141E80002002AF3D100BF00BF00BFB8
:10BA00002168083151E8001F21F040002168083109
:10BA100041E80002002AF3D100BF2020C4F88800CA
:10BA2000E06E01280CD100BF00BF216851E8001F63
:10BA300021F01000226842E800010029F5D100BF82
:10BA4000E06E012805D1B4F85C102046FDF75FF9DF
:10BA500002E02046FDF7C2F970BD70B50546AC6B3B
:10BA6000E06E012806D1B4F85C0041082046FDF7DD
:10BA70004EF902E02046FDF7B2F970BD70B50546FB
:10BA8000AC6BE869B0F5807F1ED00020A4F85600AA
:10BA900000BF00BF2168083151E8001F21F080007D
:10BAA0002168083141E80002002AF3D100BF00BF3D
:10BAB00000BF216851E8001F41F04000226842E8C1
:10BAC00000010029F5D102E02046FDF75BFA70BDC8
:10BAD00070B50446A56B2846FDF755FA70BD000009
:10BAE00000BF00BF026852E8002F22F49071036883
:10BAF00043E80012002AF5D100BF00BF00BF026872
:10BB0000083252E8002F104B02EA030102680832A3
:10BB100042E80013002BF2D100BFC16E01290CD105
:10BB200000BF00BF026852E8002F22F01001036836
:10BB300043E80012002AF5D100BF2021C0F8881088
:10BB40000021C16601677047FEFFFFEF00BF00BF25
:10BB5000026852E8002F22F0C001036843E8001297
:10BB6000002AF5D100BF00BF00BF0268083252E8CA
:10BB7000002F22F400010268083242E80013002B73
:10BB8000F3D100BF2021C0F8841070472DE9F04F99
:10BB900089B0054600200890F8492868884200D1FD
:10BBA00000E000BF2969A868084369690843E9699A
:10BBB00040EA010828680068F149084040EA0800A6
:10BBC000296808602868406820F44050E968084304
:10BBD00029684860D5F81880E8492868884202D06A
:10BBE000286A40EA080828688068E649084040EA70
:10BBF0000800296888602868C06A20F00F00696A18
:10BC000008432968C86200BFDF492868884220D1FC
:10BC1000DE48006800F03800182811D005DC48B173
:10BC2000082809D0102811D108E020280AD0282897
:10BC30000CD109E001240BE0042409E0082407E00A
:10BC4000102405E0202403E0402401E0802400BF0C
:10BC5000F8E0CF492868884219D1CC48006800F044
:10BC60000700062810D2DFE800F0030507090B0DD6
:10BC700000240BE0042409E0082407E0102405E078
:10BC8000202403E0402401E0802400BFDAE0C14921
:10BC90002868884219D1BD48006800F007000628CE
:10BCA00010D2DFE800F0030507090B0D00240BE0BC
:10BCB000042409E0082407E0102405E0202403E020
:10BCC000402401E0802400BFBCE0B34928688842DA
:10BCD00019D1AE48006800F00700062810D2DFE84E
:10BCE00000F0030507090B0D00240BE0042409E014
:10BCF000082407E0102405E0202403E0402401E0AC
:10BD0000802400BF9EE0A5492868884219D19F4839
:10BD1000006800F00700062810D2DFE800F00305F5
:10BD200007090B0D00240BE0042409E0082407E0B8
:10BD3000102405E0202403E0402401E0802400BF1B
:10BD400080E097492868884220D19048006800F038
:10BD50003800182811D005DC48B1082809D010286F
:10BD600011D108E020280AD028280CD109E00124AC
:10BD70000BE0042409E0082407E0102405E0202457
:10BD800003E0402401E0802400BF5BE0854928688F
:10BD9000884219D17D48006800F00700062810D2BB
:10BDA000DFE800F0030507090B0D00240BE0042475
:10BDB00009E0082407E0102405E0202403E04024E3
:10BDC00001E0802400BF3DE077492868884219D10E
:10BDD0006E48006800F00700062810D2DFE800F087
:10BDE000030507090B0D00240BE0042409E00824D7
:10BDF00007E0102405E0202403E0402401E0802433
:10BE000000BF1FE05D49286888421AD15F48001DC5
:10BE1000006800F00700062810D2DFE800F00305F4
:10BE200007090B0D02240BE0042409E0082407E0B5
:10BE3000102405E0202403E0402401E0802400BF1A
:10BE400000E0802400BF4D49286888427DD1102C35
:10BE50001AD006DC022C09D0042C0BD0082C29D1D6
:10BE60000DE0202C21D0402C24D120E0F9F71EFF3A
:10BE7000064623E005A8F9F72BFF069E1EE002A860
:10BE8000FAF73EF8039E19E0404854380068C0F3C2
:10BE9000401040B13D4854380068C0F3C1014348E8
:10BEA00020FA01F600E0414E08E0414E06E04FF472
:10BEB000004603E000260120089000BF00BF002ECE
:10BEC00010D03C49686A31F81000B6FBF0F9686898
:10BED00000EB4000484503D868680003484502D29B
:10BEE0000120089003E13349686A31F810C06246C6
:10BEF000002330461946F4F765FA4FF480730022A8
:10BF00008446ACFB030B01FB03B10CFB021C69680C
:10BF10004908034659184CEB0200CDE90010D5F84A
:10BF200004C06246002308460199F4F74BFA07461D
:10BF3000B7F5407F06D3B7F5801F03D22868C760E6
:10BF4000D5E002E001200890D1E0E869B0F5004FAB
:10BF50007BD1082C39D005DC5CB1012C2CD0042C11
:10BF60004CD12DE0102C35D0202C42D0402C45D186
:10BF700041E0FBF745F8064644E00000000C00589D
:10BF8000F369FFCFFFF4FF11001001405444025841
:10BF90000044004000480040004C00400050004079
:10BFA0000014014000780040007C00400090D00365
:10BFB00000093D0034FC0508FBF734F8064621E093
:10BFC00005A8F9F785FE069E1CE002A8F9F798FF80
:10BFD000039E17E04C480068C0F3401038B14A484F
:10BFE0000068C0F3C101494820FA01F600E0474E5D
:10BFF00008E0474E06E04FF4004603E0002601202B
:10C00000089000BF00BFFEB14249686A31F81000D5
:10C01000B6FBF0F04000696800EB5100B0FBF1F7AF
:10C02000102F0FD3B7F5803F0CD24FF6F07007EA10
:10C03000000AC7F342004AEA000A2868C0F80CA0C8
:10C0400055E002E00120089051E0082C1AD005DCF0
:10C050005CB1012C0DD0042C2DD10EE0102C16D08B
:10C06000202C23D0402C26D122E0FAF7C9FF064627
:10C0700025E0FAF7D7FF064621E005A8F9F728FEE4
:10C08000069E1CE002A8F9F73BFF039E17E01E483E
:10C090000068C0F3401038B11B480068C0F3C1010C
:10C0A0001A4820FA01F600E0184E08E0184E06E0A3
:10C0B0004FF4004603E000260120089000BF00BFB7
:10C0C000AEB11449686A31F81000B6FBF0F0696847
:10C0D00000EB5100B0FBF1F7102F06D3B7F5803F0E
:10C0E00003D2B8B22968C86001E00120089001209D
:10C0F000A5F86A00A5F86800002028676867089816
:10C1000009B0BDE8F08F0000004402580090D00351
:10C1100000093D0034FC050870B504460E4615467E
:10C1200044F8586FA5800020606322202063606A75
:10C13000583C08B32A48E16FC8632A48E16F086495
:10C140002948E16FC8640020E16F0865236803F1A6
:10C1500024012B46A26DE06FF7F736FF60B1102087
:10C16000C4F88C0000BF002084F8800000BF2020AD
:10C17000C4F88800012070BD00BF002084F8800052
:10C1800000BF206960B100BF00BF216851E8001FF7
:10C1900041F48070226842E800010029F5D100BF17
:10C1A00000BF00BF2168083151E8001F41F00100C5
:10C1B0002168083141E80002002AF3D100BF00BF26
:10C1C00000BF2168083151E8001F41F0400021689C
:10C1D000083141E80002002AF3D100BF0020CAE77D
:10C1E000B1B902085BBA020853B902082DE9F0415F
:10C1F00004460D4617469846069E6AE0701C0028C5
:10C2000067D0F9F769FBA0EB0800B04200D846BB45
:10C2100000BF00BF216851E8001F21F4D0702268E0
:10C2200042E800010029F5D100BF00BF00BF21682E
:10C23000083151E8001F21F001002168083141E870
:10C240000002002AF3D100BF2020C4F88400C4F803
:10C25000880000BF002084F8800000BF0320BDE8F4
:10C26000F0812068006800F0040088B32068C0698D
:10C27000C0F3C02060B34FF400602168086200BFC3
:10C2800000BF216851E8001F21F4D070226842E805
:10C2900000010029F5D100BF00BF00BF21680831AF
:10C2A00051E8001F21F001002168083141E8000237
:10C2B000002AF3D100BF202044F8840F6060A06002
:10C2C000843C00BF002084F8800000BF0320C6E744
:10C2D000FFE72068C0692840A84201D1012000E0A2
:10C2E0000020B8428AD00020B9E700002DE9F041D3
:10C2F0007D48C569066805F0100000287DD006F06D
:10C3000010000028FAD010207849096808627748A0
:10C31000FCF7FEFC7548C06F00687549884267D01D
:10C320007248C06F006872491831884260D06F4807
:10C33000C06F00686E493031884259D06B48C06F79
:10C3400000686B494831884252D06848C06F006825
:10C350006749603188424BD06448C06F00686449C7
:10C360007831884244D06148C06F0068604990319C
:10C3700088423DD05D48C06F00685D49A831884261
:10C3800036D05A48C06F00685A49884230D0574862
:10C39000C06F006857491831884229D05348C06F90
:10C3A000006854493031884222D05048C06F00683C
:10C3B0005049483188421BD04C48C06F00684D49F5
:10C3C0006031884214D04948C06F006849497831CB
:10C3D00088420DD04548C06F006846499031884278
:10C3E00006D04248C06F00684249A831884205D152
:10C3F0003E48C06F0068406804E03AE03B48C06FC8
:10C4000000684068C0F500743B484FF40071002993
:10C4100023DD00F01F077A18034600BF00BF00BFEE
:10C42000BFF34F8F00BF00BF00BF00BF334F3B6063
:10C430002033203A002AF9DC00BF00BF00BFBFF361
:10C440004F8F00BF00BF00BF00BF00BF00BFBFF3E2
:10C450006F8F00BF00BF00BF00BF00BFE1B2264822
:10C4600026F020FC4FF4007223492048FCF716FC0C
:10C4700000BF1D48006A40F001001B4908620846E1
:10C48000006A40F0020008620846006A40F00400BA
:10C4900008620846006A40F0080008620846006A20
:10C4A00040F0100008620846006A40F04000086250
:10C4B0000846006A40F4807008620846006A40F44A
:10C4C000007008620846006A40F4003008620846BE
:10C4D000006A40F4801008620846006A40F02000BC
:10C4E0000862BDE8F081000000100140C88301240B
:10C4F0001000024010040240000001305CEF00E038
:10C500001C48006840F001001A49086008460068AD
:10C5100040F0020008600846006840F0040008602F
:10C520000846006840F0080008600846006840F0CF
:10C53000100008600846006840F0400008600846A7
:10C54000006840F4807008600846006840F400709D
:10C5500008600846006840F400300860084600683B
:10C5600040F4801008600846006840F02000086031
:10C5700070470000204400402DE9F04180480568E4
:10C580007F481C38066805F0100000287DD006F0B2
:10C5900010000028FAD010207A490968086279480A
:10C5A000FCF7B6FB7748C06F00687749884267D0D0
:10C5B0007448C06F006874491831884260D071486F
:10C5C000C06F006870493031884259D06D48C06FE3
:10C5D00000686D494831884252D06A48C06F00688F
:10C5E0006949603188424BD06648C06F006866492F
:10C5F0007831884244D06348C06F00686249903106
:10C6000088423DD05F48C06F00685F49A8318842CA
:10C6100036D05C48C06F00685C49884230D05948C9
:10C62000C06F006859491831884229D05548C06FF9
:10C63000006856493031884222D05248C06F0068A5
:10C640005249483188421BD04E48C06F00684F495C
:10C650006031884214D04B48C06F00684B49783134
:10C6600088420DD04748C06F0068484990318842E1
:10C6700006D04448C06F00684449A831884205D1BB
:10C680004048C06F0068406804E03DE03D48C06F2E
:10C6900000684068C0F500643D484FF4006100291F
:10C6A00023DD00F01F077A18034600BF00BF00BF5C
:10C6B000BFF34F8F00BF00BF00BF00BF354F3B60CF
:10C6C0002033203A002AF9DC00BF00BF00BFBFF3CF
:10C6D0004F8F00BF00BF00BF00BF00BF00BFBFF350
:10C6E0006F8F00BF00BF00BF00BF00BF2AA000F0D7
:10C6F000D3F9A1B2264800F0EFF94FF400622449C3
:10C700002048FCF7CBFA00BF1D48001D006840F030
:10C7100001001B49091D08600846006840F002003E
:10C7200008600846006840F0040008600846006899
:10C7300040F0080008600846006840F010000860FB
:10C740000846006840F0400008600846006840F471
:10C75000807008600846006840F400700860084671
:10C76000006840F4003008600846006840F480101B
:10C7700008600846006840F020000860BDE8F081CD
:10C780001C480040C89601241000024010040240DA
:10C79000000201305CEF00E00D0A207573617274D5
:10C7A0003320646D615F726563763A0D0A000000A4
:10C7B0002DE9F0417F4805687E481C38066805F081
:10C7C000100000287DD006F010000028FAD01020BC
:10C7D0007949096808627848FCF79AFA7648C06F88
:10C7E00000687649884267D07348C06F0068734913
:10C7F0001831884260D07048C06F00686F4930318E
:10C80000884259D06C48C06F00686C4948318842F2
:10C8100052D06948C06F00686849603188424BD087
:10C820006548C06F006865497831884244D06248E5
:10C83000C06F00686149903188423DD05E48C06F4A
:10C8400000685E49A831884236D05B48C06F0068F6
:10C850005B49884230D05848C06F00685849183149
:10C86000884229D05448C06F006855493031884209
:10C8700022D05148C06F00685149483188421BD0CE
:10C880004D48C06F00684E496031884214D04A4814
:10C89000C06F00684A49783188420DD04648C06F61
:10C8A000006847499031884206D04348C06F00680D
:10C8B0004349A831884205D13F48C06F00684068AD
:10C8C00004E03AE03C48C06F00684068C0F500648E
:10C8D0003C484FF40061002923DD00F01F077A185F
:10C8E000034600BF00BF00BFBFF34F8F00BF00BFB4
:10C8F00000BF00BF344F3B602033203A002AF9DCF0
:10C9000000BF00BF00BFBFF34F8F00BF00BF00BF1D
:10C9100000BF00BF00BFBFF36F8F00BF00BF00BFED
:10C9200000BF00BFA1B227480DF0D4F84FF4006259
:10C9300024492148FCF7B2F900BF1E48001D0068D9
:10C9400040F001001B49091D08600846006840F0DE
:10C95000020008600846006840F0040008600846CD
:10C96000006840F0080008600846006840F01000C9
:10C9700008600846006840F040000860084600680B
:10C9800040F4807008600846006840F40070086059
:10C990000846006840F4003008600846006840F42B
:10C9A000801008600846006840F020000860BDE87C
:10C9B000F08100001C140140489B0124100002403B
:10C9C00010040240000E01305CEF00E070B5044638
:10C9D0000D464FF47A732A4621460248FCF700FAC6
:10C9E00070BD0000C899012470B50446002500BF41
:10C9F00061194FF47A7301220348FCF7F1F96D1CB9
:10CA0000605D0028F4D170BDC89C012470B5044657
:10CA10000D464FF47A732A4621460248FCF7E0F9A6
:10CA200070BD00006CD0012400BFFEE770B5054664
:10CA30000C4628462146002923DD00F01F06721807
:10CA4000034600BF00BF00BFBFF34F8F00BF00BF52
:10CA500000BF00BF0E4E33602033203A002AF9DCBD
:10CA600000BF00BF00BFBFF34F8F00BF00BF00BFBC
:10CA700000BF00BF00BFBFF36F8F00BF00BF00BF8C
:10CA800000BF00BF224629460248FCF715FA70BDD8
:10CA900068EF00E0C883012470B5044601229102CA
:10CAA0000B48F8F70DFF002500BF61194FF47A73AA
:10CAB00001220848FCF794F96D1C605D0028F4D150
:10CAC00000224FF480610248F8F7FAFE70BD0000C2
:10CAD000000C0258C896012470B504460D46012288
:10CAE00091020848F8F7ECFE4FF47A732A46214683
:10CAF0000548FCF775F900224FF480610148F8F70A
:10CB0000DFFE70BD000C0258C896012470B50446C3
:10CB10000D464FF47A732A4621460248FCF760F925
:10CB200070BD00004898012470B52DED028B0546BC
:10CB30000C46204608F0A4F8B0EE408AB7EEC80ACA
:10CB400053EC102B03A1284600F018F8BDEC028B23
:10CB500070BD0000252E3266000000000FB4054BAA
:10CB600010B503A9044A029800F084FB10BC5DF8DC
:10CB700014FB0000758203083C0500240FB4084B29
:10CB800010B504A902AA039800F074FB044602A998
:10CB9000002000F0F2FE204610BC5DF814FB0000FF
:10CBA0007BD9020801464FF033324FF0553000EA8E
:10CBB0005100091A01EA020002EA9103C11801EBCF
:10CBC000111000F00F3101EB112101EB114101F0C7
:10CBD0003F00704702480068C0F302207047000021
:10CBE0000CED00E010B5002804DB0A07130E054A1F
:10CBF000135406E00A07140E034A00F00F031B1F2C
:10CC0000D45410BD00E400E018ED00E00EB5074676
:10CC10000E46144619491AA00BF03AFB174938463C
:10CC20000BF036FB15491CA00BF032FB13493046C4
:10CC30000BF02EFB11491AA00BF02AFB03AD0021CB
:10CC4000681E054601700A21681E054601700CE049
:10CC50000A2094FBF0F100FB11403030C1B2681E95
:10CC6000054601700A2094FBF0F4002CF0DC034927
:10CC700028460BF00DFB00F085FE00004005002467
:10CC80002A2A2A20617373657274696F6E20666147
:10CC9000696C65643A2000002C2066696C65200090
:10CCA0002C206C696E6520000048704754050024F4
:10CCB00030B528B1144C031F002021680A4605E056
:10CCC000084630BD9A4203D810465268002AF9D16E
:10CCD000002800D041680BD00468A3EB0005A542F2
:10CCE00004D11B681C440346046002E0436000E07A
:10CCF00023603AB11C68D51AA54203D115682C44AB
:10CD00001C6052685A6030BD4C05002400000000D1
:10CD100010B5694A2DED020B2DED0C8B82B00F99E9
:10CD200021F000409FED66CB90422CDBA0F14053F8
:10CD30000E9AA3F17F631A430FD06349884202DC45
:10CD400016D10E98A0B19DED0E0B02B0BDEC0C8B70
:10CD500002B0BDE8104000F097B90029CCBF9FEDAC
:10CD60005C0BB0EE4C0B02B0BDEC0C8B02B010BDF6
:10CD7000012000F0AFF902B0BDEC0C8B02B0BDE8B1
:10CD8000104000F085B9544A9FED558B9FED569B9E
:10CD900090422ADA56499FED58BB8142A8BFB0EEB7
:10CDA0004B0BE0DA9DED0E0B5548062120EE00AB53
:10CDB000B0EE4A0B784400F006F920EE0ACB514859
:10CDC000B0EE4A0B0421784400F0FDF80AEE008B27
:10CDD0009DED0E1B8CEE080B01EE409B9DED0E0BA6
:10CDE00030EE490B3BEE400BBDE79FED470B9FED4F
:10CDF00048BB9DED0E1B002926DA31EE081B464884
:10CE0000062121EE00ABB0EE4A0B784400F0DBF8CF
:10CE100020EE0ADB4148B0EE4A0B0421784400F0D2
:10CE2000D2F80AEE008B51EC1A0B27F02FFB8DEE97
:10CE3000081B41EC100B11EE009B30EE091BB0EE0D
:10CE40004C0B01EE4B0B8EE738EE411B21EE009BA5
:10CE500051EC190B27F01AFB41EC1C0B00208DED57
:10CE600000CB00909DED001B9DED002BB0EE490B1B
:10CE70002B4801EE420B06213CEE011B80EE01AB7C
:10CE8000B0EE490B784400F09EF820EE09DB25480F
:10CE9000B0EE490B0421784400F095F809EE008BC0
:10CEA0008DEE080B00EE0CAB9DED000B30EE0A0B87
:10CEB00020EE0B0B57E700000000F03F00000000E1
:10CEC000182D4454FB2109400000F07F00000000B1
:10CED00000000000000000000000E03F0000000033
:10CEE000000000000000F03F075C143326A6913CD0
:10CEF0000000603C00000000182D4454FB21F93F65
:10CF0000A08B0300BE8B0300000000000000E03F88
:10CF100000000000000000404A8B0300688B030003
:10CF2000D08A0300EE8A030030B583B0044600F0D7
:10CF3000BBF89FED090B05468DED000B0022214645
:10CF40006846F3F7DEFF284600F0C4F89DED000BBD
:10CF500003B030BD00000000000000000000000031
:10CF600000B52DED028BB1EEC08B83B018EE100A28
:10CF700018EE901A8DED008B002818BF0120084391
:10CF800020F00040C0F17F6000F1E040C00F14D0FD
:10CF900010EE101A10EE900A8DED000B002918BF4C
:10CFA0000121084320F00040C0F17F6000F1E04023
:10CFB000C00F04BF012000F08DF8B0EE480B03B0A5
:10CFC000BDEC028B00BD491E00EBC102B0EE401B60
:10CFD00092ED000B31F006020DD0491E00EBC102AC
:10CFE000B0EE403B92ED002B31F00602B0EE420B6A
:10CFF00003EE010BF1D1022914D004290AD006292D
:10D0000018BF704790ED0A2B00EE012B90ED080B36
:10D0100002EE010B90ED062B00EE012B90ED040BC0
:10D0200002EE010B90ED022B00EE012B90ED000BB8
:10D0300002EE010B704700002DE9F04782460F4CCD
:10D0400010480D4E0E4F001B4FF0000820F0070552
:10D050004FF0010900221146504611F08DFA0028C8
:10D0600002D1306810B10020BDE8F0873C60C4E90F
:10D070000058C6F80090EDE750050024EC7A05242E
:10D080004C050024E882052430EE000B70470000B8
:10D090009FED031B81EE010B7047000000000000B4
:10D0A0000000000000000000014800687047000018
:10D0B0005405002402E008C8121F08C1002AFAD152
:10D0C00070477047002001E001C1121F002AFBD108
:10D0D00070470000014908607047000054050024B3
:10D0E0002DE9FF5F82B00021DDE90430020DDDF89B
:10D0F00040B0034318D044F61050A2F2FF3242432E
:10D100001514119801281FD0A5EB0B00401C5FEAF5
:10D11000000A4FF000064E4FDFF83891B0465046F7
:10D1200015D5CAF1000413E0119801244AA301287F
:10D1300001D16FEA0B010298119AC0E90031C0E9F0
:10D14000024206B0BDE8F09FCBF10000DFE70446E5
:10D150000021404A491842EB0450CDE9001012E08A
:10D16000E00707D032463B4640464946F3F7A3FF67
:10D170008046894632463B4610461946F3F79BFFE8
:10D1800006460F466410002CEAD1DDE90401DDE912
:10D190000023BAF1000F06DAF3F78DFF42464B4643
:10D1A000F3F789FF05E0F3F7F8FF42464B46F3F744
:10D1B000F4FF04460E460022284BF4F775F803D816
:10D1C0004FF0FF30014607E00022254B2046314654
:10D1D000F3F7CAFEF4F750F8102409E0002C0ADB3C
:10D1E0000A220023F3F7EEF8039B30321A55641E2F
:10D1F00050EA0102F2D1641C039AC4F111031444F1
:10D20000119A012A03D0012208430DD10AE00843F4
:10D2100004D000204FF0110B119072E7A3EB0B0527
:10D220006D1E0DE05B4504DD4FF0000205F10105C8
:10D2300004E003DA4FF00002A5F10105002AECD06A
:10D2400002981199C0E90231C0E9004579E7000070
:10D25000000014400000F03F300000000000F043E8
:10D260000000E03F30380A2801D20120704700203A
:10D27000704700002DE9FF4F95B09A468846064654
:10D280000025EEE1252877D100242746F94A01211F
:10D29000039400E0044316F8013F203B01FA03F039
:10D2A0001042F7D130782A2811D06FF02F03307850
:10D2B000A0F13002092A16D8039A44F0020402EBC6
:10D2C000820203EB42021044761C0390EFE758F809
:10D2D000042B0392002A03DA504244F400540390D2
:10D2E00044F00204761C30782E2816D116F8010F6F
:10D2F00044F004042A280DD06FF02F023078A0F1FA
:10D300003003092B09D807EB870302EB4303C71847
:10D31000761CF3E758F8047B761C30786C280FD025
:10D3200006DC4C2817D068280DD06A2814D104E0F8
:10D33000742810D07A280FD10DE044F400140AE0CC
:10D3400044F4801401E044F440147278824202D123
:10D3500004F58014761C761C307866280BD013DC1C
:10D36000582877D009DC002875D04528F6D0462803
:10D37000F4D047281AD193E118E0632835D0642807
:10D3800079D0652812D18BE1702873D008DC67282A
:10D39000F1D069286FD06E280DD06F2806D1ACE08F
:10D3A00073282CD0752874D0782853D052461799FA
:10D3B00090476D1C54E1C4F30250022809D00328A1
:10D3C0000DD0D8F8001004280DD00D6008F1040825
:10D3D00046E1D8F80010EA17C1E90052F6E7D8F89C
:10D3E00000100D80F2E70D70F0E718F8041B8DF8BF
:10D3F000001000208DF80100EB46012003E058F8F2
:10D4000004BB4FF0FF3061074FF0000102D40DE084
:10D4100009F101018946B9420FDA8145F8DB1BF8B1
:10D4200009100029F4D108E009F10101894681427F
:10D43000FADB1BF809100029F6D103985346A0EB3C
:10D44000090721463846179A00F080FA284400EB75
:10D45000090507E044E008E10DE01BF8010B524626
:10D4600017999047B9F10109F7D25346214638463A
:10D47000179AF2E039E00A21C4F302524FF0000B90
:10D480000091022A06D058F8040BC117032A09D0CC
:10D490000AE023E008F1070020F00702F2E80201A9
:10D4A000904605E000B2C117042A01D140B2C1176D
:10D4B000002906DA0A460021404261EB02012D22D2
:10D4C00002E0220504D52B228DF80420012203E07E
:10D4D000E20701D02022F7E7914657E00A2100E059
:10D4E00010214FF0000B00910BE010214FF0000BCA
:10D4F00044F004040827009103E008204FF0000BDB
:10D500000090C4F30252022A05D058F8040B0021FF
:10D51000032A08D008E008F1070020F00702F2E82B
:10D520000201904603E080B2042A00D1C0B24FF05D
:10D53000000922072AD53278702A07D0DDF800C00A
:10D540008CF0100C5CEA0B0C05D00EE040228DF83C
:10D550000420012208E050EA010306D030238DF8B0
:10D5600004308DF8052002229146009B83F00803C9
:10D5700053EA0B030AD150EA010201D1620705D533
:10D5800030228DF804204FF001097F1E3278582A8E
:10D5900004D039A20C920CAA02920BE03BA2F9E74C
:10D5A0005B46009AF2F70EFF0C9B9B5C029A521EA0
:10D5B0000292137050EA0102F2D1029804A9081AEB
:10D5C00000F1200B600702D524F4803400E001272D
:10D5D0005F4502DDA7EB0B0000E0002000EB0B0134
:10D5E000009003984944401A0390E00306D4534640
:10D5F0002146179A039800F0A9F90544002706E090
:10D6000001A85246C05D179990476D1C7F1C4F457D
:10D61000F6DBE0030CD553462146179A039800F039
:10D6200095F9054404E030205246179990476D1C47
:10D630000099481E00900029F5DC08E00298029944
:10D6400052460078491C0291179990476D1CBBF116
:10D650000001ABF1010BF1DC5BE100F065F9054481
:10D66000761C307800287FF40DAE19B02846BDE84E
:10D67000F08F00000928010030313233343536375D
:10D68000383961626364656600000000303132330E
:10D6900034353637383941424344454600000000AE
:10D6A000600700D4062708F1070020F00700F0E823
:10D6B0000223804603F0004C5FEA0C0001D097A0E3
:10D6C00009E0200501D596A005E0E00701D095A06E
:10D6D00001E0AFF24C001390307823F0004365284E
:10D6E0000CD006DC452809D046281DD047287FD11C
:10D6F0003BE0662818D067287AD136E00021112F48
:10D7000001DB112000E0781CCDE9000104A90CA880
:10D71000FFF7E6FCDDE90D010C9A4FF0000B07F175
:10D720000109109200914EE04FF000400097CDE9C2
:10D73000011004A90CA8FFF7D3FCDDE90D020C9B36
:10D740000F994FF0000B91461093009211B9791C7C
:10D7500000EB0109B7EB090003D4C0F1FF3B07F16F
:10D760000109A9EB0700019042E0012F00DA01272F
:10D770000021112F01DD112000E03846CDE9000124
:10D7800004A90CA8FFF7ACFCDDE90D010C9A00918F
:10D790004FF0000BB946109221070FD4009A4A456A
:10D7A00003DA914601E0A9F10109B9F1010F05DDA4
:10D7B000109AA9F10101515C3029F4D0B84202DA83
:10D7C00010F1040F03DA0121CDE9011010E0002867
:10D7D00003DC8344A9EB000102E0411C494500DD64
:10D7E0008946A0EB0B00401C01904FF000400290D6
:10D7F000200705D40198484502DB4FF0FF30019027
:10D8000000208DF84B0002980DF14B07B0F1004F4E
:10D8100025D002200C902B200D90029800280CDAC5
:10D82000404202902D200D9007E00A210298F3F764
:10D8300089F83031029007F8011D0C99481E0C90B0
:10D840000029F2DC02980028EFD1791E0D980870AB
:10D85000307800F0200040F0450007F8020D11A8D4
:10D86000C01BC01D02901398007800B1012000EB8E
:10D870000901019801EBE071029801440398401AF4
:10D88000401E0390E00306D453462146179A03989E
:10D8900000F05CF805441398007818B152461799C7
:10D8A00090476D1CE00323D553462146179A0398F1
:10D8B00000F04CF805441BE0BBF1000F07DB0098BB
:10D8C000584504DD1098179910F80B0001E01799DE
:10D8D00030205246904701980BF1010B401E05F194
:10D8E0000105019004D12E205246179990476D1CD6
:10D8F000B9F10001A9F10109DEDC05E017F8010B1F
:10D900005246179990476D1C0299481E02900029B3
:10D91000F4DC53462146179A03989EE62D0000003A
:10D920002B000000200000002DE9F04104460025F6
:10D930001E461746880404D405E039462020B04727
:10D940006D1C641EF9D52846BDE8F0812DE9F04133
:10D95000044600251E469046C80301D5302700E046
:10D960002027880404D505E041463846B0476D1CA1
:10D97000641EF9D52846BDE8F0810A68531C0B6087
:10D980001070704700BFFEE72DE9F04107460D46D5
:10D9900016464FF00008002421F078FB47F0010004
:10D9A00021F03CFB21F0BAFB804600BF0DE0701E69
:10D9B000A04204D1002021F001FB285503E0012002
:10D9C00021F0FCFA2855601CC4B2B442EFDB21F010
:10D9D00085FB4046BDE8F0812DE9F04104460E4646
:10D9E00017464FF00008002521F050FB204621F09B
:10D9F00015FB21F093FB804600BF07E0705D21F02E
:10DA00000DFB21F08BFB8046681CC5B2BD42F5DBE7
:10DA100021F064FB4046BDE8F08108B5002000908D
:10DA200004F034FF642007F001F8012269467020F9
:10DA3000FFF7AAFF08BD0000F0B52DED028B83B003
:10DA400006460F4600249FED360BB0EE408B0025B6
:10DA5000002001900290AC208DF8040033208DF856
:10DA6000050000208DF80600032201A97020FFF7B1
:10DA7000B3FF054625B168B203B0BDEC028BF0BD23
:10DA8000072201A97020FFF77FFF05460DB168B29C
:10DA9000F2E7062101A804F0BFFF9DF80A108842B2
:10DAA00001D00120E8E79DF805409DF8060040EA16
:10DAB000042420019DF8071040EA211400EE104ACA
:10DAC000B8EE400BB0EE408B9FED171B88EE010BBC
:10DAD0009FED171B20EE010B86ED000B00249DF837
:10DAE000070000F00F049DF8080040EA04249DF8A8
:10DAF000090040EA042400EE104AB8EE400BB0EEF4
:10DB0000408B9FED090B88EE001B9FED0B2B9FEDCB
:10DB10000C0B11EE020B87ED000B68B2ACE70000B6
:10DB20000000000000000000000000000000304184
:10DB300000000000000059400000000000006940A3
:10DB400000000000000049402DE9F04107460D4665
:10DB500016464FF00008002421F064F947F0010058
:10DB600021F026F921F0AAF9804600BF0DE0701ED1
:10DB7000A04204D1002021F0E9F8285503E001205B
:10DB800021F0E4F82855601CC4B2B442EFDB21F068
:10DB900073F94046BDE8F0812DE9F04104460E4698
:10DBA00017464FF00008002521F03CF9204621F0EF
:10DBB000FFF821F083F9804600BF07E0705D21F097
:10DBC000F7F821F07BF98046681CC5B2BD42F5DB51
:10DBD00021F052F94046BDE8F08108B500200090E0
:10DBE00004F014FE642006F021FF01226946702033
:10DBF000FFF7AAFF08BD0000F0B52DED028B83B042
:10DC000006460F4600249FED360BB0EE408B0025F4
:10DC1000002001900290AC208DF8040033208DF894
:10DC2000050000208DF80600032201A97020FFF7EF
:10DC3000B3FF054625B168B203B0BDEC028BF0BD61
:10DC4000072201A97020FFF77FFF05460DB168B2DA
:10DC5000F2E7062101A804F0CDFE9DF80A108842E3
:10DC600001D00120E8E79DF805409DF8060040EA54
:10DC7000042420019DF8071040EA211400EE104A08
:10DC8000B8EE400BB0EE408B9FED171B88EE010BFA
:10DC90009FED171B20EE010B86ED000B00249DF875
:10DCA000070000F00F049DF8080040EA04249DF8E6
:10DCB000090040EA042400EE104AB8EE400BB0EE32
:10DCC000408B9FED090B88EE001B9FED0B2B9FED0A
:10DCD0000C0B11EE020B87ED000B68B2ACE70000F5
:10DCE00000000000000000000000000000003041C3
:10DCF00000000000000059400000000000006940E2
:10DD0000000000000000494010B506F06DFF01283A
:10DD10003ED1002006F0B4FFDFEDFE0AB4EEE00ACB
:10DD2000F1EE10FA1AD2FC48007800F00100002849
:10DD300013D1F948006840F00100F7490860F7483E
:10DD4000006820F00100F549086001F045F8F44949
:10DD50000020F4F745FD01F099F874E0EE480078F2
:10DD600000F0020000286ED1EB48006840F002008D
:10DD7000E9490860E948006820F00200E7490860C6
:10DD80004FF081510020F4F72BFD01F07FF85AE0AD
:10DD9000E248007800F0010028B1E048007800F087
:10DDA000020000284FD1DC48007800F0010020B9C3
:10DDB000D948007800F0020048B1DA4817F091FA2B
:10DDC00064202FF053FF4FF47A7001F0BDFC642003
:10DDD0002FF04CFFD148006840F00100CF490860A7
:10DDE000CD48006820F00100CB490860CB480068AE
:10DDF00040F00200C9490860C748006820F00200EE
:10DE0000C5490860C6490020F4F75AFC4FF081511B
:10DE10000020F4F755FC01F039F84FF4FA602FF0C8
:10DE200025FF00F0FEFF0020BF4908704870BF4981
:10DE3000F4F746FC4FF082510020F4F741FCBC4956
:10DE40000020F4F73DFCBB480068008820BBB348C5
:10DE5000007800F00400002879D1B048006840F054
:10DE60000400AE490860AC48006820F00400AA49EC
:10DE70000860AD484078012869D10020AA4948705F
:10DE8000AA49F4F71DFC01F001F84FF4FA602FF0F5
:10DE9000EDFE00F0C6FF5AE0002006F0F1FEA548B6
:10DEA0000068008800EE900AF8EE600AB4EEE00A1E
:10DEB000F1EE10FA1CDB9848007800F00400E8BB93
:10DEC0009548006840F00400934908609348006852
:10DED00020F004009149086000F07EFF0120924983
:10DEE000487092490020F4F77BFC00F0CFFF2EE051
:10DEF000002006F0C5FEDFED870AB4EEE00AF1EE81
:10DF000010FA24DB8548007800F00400B0B983489B
:10DF1000006840F00400814908607F48006820F0F4
:10DF200004007D4908608048407801280FD1002016
:10DF30007D4948707D49F4F7C3FB00E007E000F03D
:10DF4000A5FF4FF4FA602FF091FE00F06AFF7948C8
:10DF50000068408810BB7148007800F00800002875
:10DF60001BD16E48006840F008006C4908606A48A0
:10DF7000006820F00800684908606B484078022873
:10DF800075D14FF082510020F4F79AFB00206649CA
:10DF9000487000F07BFF00F044FF68E0002006F0CE
:10DFA0006FFE64480068408800EE900AF8EE600A50
:10DFB000B4EEE00AF1EE10FA27D8002006F060FE79
:10DFC000F3EE040AB4EEE00AF1EE10FA1DDB52485B
:10DFD000007800F00800E8BB4F48006840F00800F7
:10DFE0004D4908604D48006820F008004B49086022
:10DFF00000F0F2FE4FF082510020F4F7F1FB022016
:10E000004949487000F042FF31E0002006F038FE38
:10E0100048480068408800EE900AF8EE600AB4EEC6
:10E02000E00AF1EE10FA22DB3C48007800F008002C
:10E0300080B93A48006840F008003849086036481E
:10E04000006820F00800344908603748407802280A
:10E050000DD100E00BE04FF082510020F4F730FBCF
:10E0600000203149487000F011FF00F0DAFE31481D
:10E070000068808850B3012006F002FE2D48006839
:10E08000808800EE900AF8EE600AB4EEE00AF1EE45
:10E0900010FA1CDB00F0A0FE1F48007800F0100012
:10E0A000A0B91D48006840F010001B4908601B48DB
:10E0B000006820F010001949086001201A49087012
:10E0C0001B490020F4F78CFB00F0E0FE1FE001206C
:10E0D00006F0D6FDF3EE040AB4EEE00AF1EE10FA13
:10E0E00015DB0E48007800F0100080B90B4800687E
:10E0F00040F01000094908600748006820F010004F
:10E100000549086000200849087000F0BFFE0020A3
:10E1100012E0000000004842F4000024F80000244F
:10E120000000101008D40124480A0020000030101C
:10E1300000005010F000002406F048FD494909682D
:10E140008989884207DC012006F040FD45490968BD
:10E15000898988421DDD4448007800F0200090BB8A
:10E160004148006840F020003F4908603F4800688F
:10E1700020F020003D49086000F02EFE4FF0835152
:10E180000020F4F72DFB02203949887000F07EFE54
:10E1900019E03648007800F02000A0B93348006844
:10E1A00040F02000314908602F48006820F020002E
:10E1B0002D4908602E488078022804D100202C497F
:10E1C000887000F063FE06F0FBFCE8BB002006F060
:10E1D00057FD5FED300AB4EEE00AF1EE10FA1AD204
:10E1E0002148007800F0400078BB1F48006840F0EC
:10E1F00040001D4908601D48006820F040001B4990
:10E20000086002201A49C8701A490020F4F7E8FA99
:10E2100000F03CFE24E01548007800F04000A0B972
:10E220001248006840F04000104908600E4800683D
:10E2300020F040000C4908600E490020F4F740FA35
:10E2400001200B49C87001E003E009E000F01EFE68
:10E2500006E008490020F4F733FA00200449C870AA
:10E2600010BD0000F0000024F4000024F800002499
:10E27000480A002000006030014800787047000024
:10E28000480A00200148807870470000480A0020B2
:10E290000148407870470000480A002010B508F097
:10E2A000DBF9B8B95748007800F0010048BB554881
:10E2B000006840F00100534908605348006820F0AE
:10E2C00001005149086051490120F4F789FA00F032
:10E2D000DDFD16E04C48007800F0010088B94A489E
:10E2E000006840F00100484908604648006820F096
:10E2F00001004449086045490120F4F7E1F900F0C4
:10E30000C5FD06F0EBFC01287AD1002005F0ECFDFC
:10E3100048B93F490120F4F7D3F94FF001510120EA
:10E32000F4F7CEF94FE0012005F0DEFDE8B900205A
:10E3300005F0DAFD022802D004280BD104E03449AC
:10E340000120F4F74DFA0FE04FF001510120F4F7EE
:10E3500047FA09E02E490120F4F7B2F94FF00151D4
:10E360000120F4F7ADF900BF2DE0002005F0BCFD61
:10E3700001280BD105F0B8FD012807D12449F4F795
:10E380009FF94FF001510120F4F79AF9002005F0B0
:10E39000ABFD022804D0012005F0A6FD022803D120
:10E3A0001B490120F4F71CFA002005F09DFD04280C
:10E3B00004D0012005F098FD042804D14FF001514C
:10E3C0000120F4F70DFA022005F08EFD022802D09C
:10E3D00004280BD104E00F490120F4F701FA0EE004
:10E3E0000D490120F4F7FCF909E009E00949012091
:10E3F000F4F766F908490120F4F762F900BF00BF9D
:10E4000010BD0000FC0000240001002400001020CA
:10E4100000002020000030200000502010B506F041
:10E4200053FB594909688979884218DB57480078B5
:10E4300000F0010058BB5548006840F00100534906
:10E4400008605348006820F00100514908604FF00F
:10E4500041510220F4F7C4F900F018FD17E04C48D0
:10E46000007800F0010090B94948006840F00100D0
:10E47000474908604548006820F0010043490860AA
:10E480004FF041510220F4F71BF900F0FFFC00208F
:10E4900006F026FB01280ED0012006F021FB012802
:10E4A00009D0022006F01CFB012804D0032006F04E
:10E4B00017FB012817D13548007800F0020048BB4F
:10E4C0003248006840F00200304908603048006877
:10E4D00020F002002E4908602E490220F4F780F94E
:10E4E00000F0D4FC16E02A48007800F0020088B959
:10E4F0002748006840F0020025490860234800686A
:10E5000020F002002149086022490220F4F7D8F8DF
:10E5100000F0BCFC002006F0D9FB012804D001204B
:10E5200006F0D4FB012817D11848007800F0040049
:10E5300048BB1648006840F00400144908601448BD
:10E54000006820F004001249086013490220F4F723
:10E5500047F900F09BFC16E00D48007800F004003D
:10E5600088B90B48006840F0040009490860074872
:10E57000006820F004000549086007490220F4F70C
:10E580009FF800F083FC10BDF0000024040100247B
:10E5900008010024000050300000603010B504462F
:10E5A00000F002F810BD000000F0CAFB0749086047
:10E5B00000BFFFF7A9FBFFF771FEFFF72FFF11F078
:10E5C00007FB0A202FF052FBF3E70000F0000024C5
:10E5D0002DE9F04105460E46002445E026F0ACFA50
:10E5E0000746244800EB04100068002838D1214871
:10E5F00000EB04100560384626F034FB00201D496E
:10E6000001EB0411486000BF1A4800EB0410807B46
:10E61000002808D000BF18A340F20E2221A129A093
:10E62000FEF79CFA00BF00BF0020124901EB041165
:10E630000881287800F0F000102804D10EB10120E4
:10E6400002E0002000E001200A4901EB04114881AA
:10E650000020084901EB041188812046BDE8F081C3
:10E66000384626F0FFFA641C042CB7DB4FF0FF306D
:10E67000F4E70000B0E402242E2E5C2E2E5C4D69DF
:10E6800064646C6577617265735C6C7769705C73E8
:10E6900072635C6170695C736F636B6574732E6326
:10E6A00000000000736F636B6574735B695D2E73AC
:10E6B000656C6563745F77616974696E67203D3D61
:10E6C00020300000417373657274696F6E202225DB
:10E6D0007322206661696C6564206174206C696EC8
:10E6E0006520256420696E2025730A0010B50BF0A3
:10E6F00007FA20B907F0B6FF022800D010BD1A486B
:10E70000807B78B907F0AEFF02280BD016481E3088
:10E7100000210160416000201349487408F054F959
:10E720000BF0B8FA1048807B01280ED10BF0E8F905
:10E7300058B90D481E3000210160416000200A498F
:10E74000487408F041F90BF0A5FA0748007C10B9AD
:10E7500000F04CF805E00448007C022801D100F0EC
:10E76000F1F800BFCAE700008C0000201D48406897
:10E77000401C1C494860084640681B49096888429B
:10E7800006D90020174948600121164880F820105A
:10E7900014488068401C1349886008468068124904
:10E7A0004968884204D900200E4988600120887792
:10E7B0000C48007C012811D10A488089401C094975
:10E7C00088810846808944F62061884209DD00205E
:10E7D0000449888102200874087002E00020014981
:10E7E000888170478C000020E401002010B5524859
:10E7F000407C28B100F0A4FB01204F49087410BDF3
:10E800004D4890F8200001280CD100214A4880F89A
:10E8100020104A494A4804F0A0FFFF2046494874A6
:10E82000002048604448807F012811D100204249DF
:10E8300088774FF400614248F1F744FEE2223F49F5
:10E840003F4805F0C1FBE2203B4948740020C873F3
:10E85000394890F8230001280FD10021364880F86C
:10E8600023104FF400613648F1F72CFE3349344849
:10E8700024F0FCFDE420304948742F4890F824002F
:10E8800001280FD100212C4880F824104FF400619A
:10E890002B48F1F717FE2949294824F0B7FBE5205A
:10E8A00025494874244890F8250001280FD10021FB
:10E8B000214880F825104FF400612148F1F702FE4D
:10E8C0001E491F4824F004FAE6201B4948741A48E0
:10E8D000C07F01280DD100211748C1774FF4006196
:10E8E0001748F1F7EFFD1549154804F09FFF00F0B8
:10E8F00027FB114890F82100012809D100210E487A
:10E9000080F821100D490E4805F074FF00F018FB47
:10E91000094890F8220001280BD10021064880F810
:10E920002210C37C827C0549054804F0FFFA00F000
:10E9300007FB00BF63E700008C000020F8090020FF
:10E94000F801002010B52F480078012820D00228B7
:10E9500004D0032829D0042842D127E02948C07BCD
:10E96000401C2849C8730846C07B03280CDB0020E4
:10E97000C87308F029F80BF08DF9002021490874BC
:10E9800048744860C87302E000201E49087434E0EF
:10E9900000201C49087448744FF400611A48F1F7CC
:10E9A00091FD00201949088027E000BF1548C07B71
:10E9B000401C1449C8730846C07B03280CDB0020A8
:10E9C000C873087448744FF400610F48F1F77AFD7A
:10E9D00000200E49088002E000200A4908740CE07B
:10E9E00000200849487408744FF400610648F1F7A4
:10E9F00069FD00200549088000BF00BF00200149D3
:10EA0000087010BD8C000020F8010020F8090020DB
:10EA100010B506F0E9F810B901200149887710BD5A
:10EA20008C00002000487047040000200148807BD3
:10EA3000704700008C00002000487047E40100206F
:10EA40001FB504460948C07908498979074A5279AF
:10EA5000064BDB78CDE90032CDE90210034883781C
:10EA6000028803A12046FEF789F81FBDFA0900209D
:10EA7000253034642F253032642F25303264202530
:10EA80003032643A253032643A2530326400000076
:10EA9000004870477C010020004870477801002042
:10EAA00000487047D801002000487047C00000208F
:10EAB0000649897D01700549C97D41700349097E78
:10EAC00081700249497EC17070470000C00000207B
:10EAD0000649897E01700549C97E41700349097F55
:10EAE00081700249497FC17070470000C00000205A
:10EAF00010B5044607F0B6FD022805D10A4A0BA15D
:10EB00002046FEF73BF80EE00AF0FAFF012805D197
:10EB1000074A06A12046FEF731F804E0054A03A1A2
:10EB20002046FEF72BF810BD32F6050825730000CD
:10EB300042F6050828F605080148007C70470000E9
:10EB4000E40100200648807F012802D0022804D179
:10EB500001E0012070470220FCE70420FAE70000F2
:10EB6000C00000200148C06870470000E401002098
:10EB70000148806870470000E401002000487047A9
:10EB8000F00000201FB5044614212D48F1F79AFC2F
:10EB90009CB92C48C0792B4989792A4A5279294B4A
:10EBA000DB78CDE90032CDE902102648837802886F
:10EBB00025A12348FDF7E2FF3EE0012C30D121489A
:10EBC000C07920498A7949791E4BDB78CDE900313B
:10EBD000CDE902201B48837802881BA11848FDF765
:10EBE000CDFF184840790A2190FBF1F201FB120099
:10EBF000303013498873134880790A2190FBF1F271
:10EC000001FB120030300E49C8730E48C0790A214A
:10EC100090FBF1F201FB12003030094908740BE05F
:10EC2000022C09D10748C0780090064883780288F2
:10EC30000CA10348FDF7A2FF014804B010BD00007D
:10EC40008C150024FA090020253034642530326404
:10EC50002530326425303264253032642530326408
:10EC600000000000253034642530326425303264E1
:10EC7000000000000148406870470000E4010020E7
:10EC8000084991F829100170064991F82A1041703D
:10EC9000044991F82B108170024991F82C10C17031
:10ECA00070470000C000002010B50FA0FDF756FF10
:10ECB000114820F003FD1048303020F037FD0E4899
:10ECC000B83020F08FFC0D4820F010FB0C4820F0ED
:10ECD00053FE0B48103020F0BBFC0A4820F0D2FA5B
:10ECE00009A0FDF73BFF10BD72756E20736176655C
:10ECF00020726561640A0000C0000020E401002069
:10ED0000C80100200000002072756E2073617665D6
:10ED1000207265616420656E640A0000014611B1CD
:10ED2000012908D103E0054890F81601704703480F
:10ED300090F81701FAE70020F8E70000C000002073
:10ED400000487047C80100200EB5002000900190D7
:10ED500002900C221049684621F0C8FC009858B96E
:10ED6000029820B900200D4981F8310013E00220FB
:10ED70000A4981F831000EE00098012804D10220F0
:10ED8000064981F8310006E00098022803D10120ED
:10ED9000024981F831000EBD00FCFF008C0000200C
:10EDA000014890F8310070478C00002010B50446EF
:10EDB00004492046F1F7CCFB08B9002010BD4FF004
:10EDC000FF30FBE7B0010020024890F8040140B298
:10EDD00070470000C000002010B500201FF062FF47
:10EDE000012803D1002108461FF008FF01201FF071
:10EDF00059FF012802D100211FF000FF02201FF05F
:10EE000051FF012803D1002102201FF0F7FE03204B
:10EE10001FF048FF012803D1002103201FF0EEFE60
:10EE200010BD10B5012100201FF0E8FE4FF47A70EC
:10EE30002EF01CFF012108461FF0E0FE4FF47A700F
:10EE40002EF014FF012102201FF0D8FE4FF47A703B
:10EE50002EF00CFF012103201FF0D0FE4FF47A703A
:10EE60002EF004FF10BD000010B50748006848B13F
:10EE700005480068401E044908600846006808B953
:10EE8000FBF706FF10BD00004000002410B507F09E
:10EE9000E9FB022806D00AF033FE18B901200E491A
:10EEA000887710BD4FF400610C48F1F70BFBE222AC
:10EEB0000B490A4805F088F8E22007494874002009
:10EEC000C8730846407C28B100F03AF80120024996
:10EED0000874E6E700BFE4E78C000020F80100209A
:10EEE000F809002010B540211348F1F7EBFA402152
:10EEF00011484430F1F7E6FA10490F484430F1F771
:10EF000042FB0E487438D0F8B4100B48001FC0F80C
:10EF100088100A494439001DF1F735FB0748743859
:10EF2000016F0548001F416401200349091F087053
:10EF3000084620F095FD10BD04000020340100209B
:10EF400010B50748807B28B90648018806482BF091
:10EF500003FE04E00348018803480AF089FE10BD5F
:10EF60008C000020F8090020F8010020012102484F
:10EF700080F82010704700008C000020012102481A
:10EF800080F82510704700008C0000200121024805
:10EF900080F82410704700008C00002001210248F6
:10EFA00080F82310704700008C00002010B517482F
:10EFB0000068401C154908600846006847F2305157
:10EFC000884221D3002011490860114800780128A7
:10EFD0001AD100200E490870084620F041FD07F0C4
:10EFE00041FB022810D00AF08BFD01280CD0094803
:10EFF00020F0A6FA074820F01DFE64202EF036FE11
:10F000004FF47A7000F0A0FB10BD0000480000240F
:10F0100000000020F00000200FB410B500210748C8
:10F0200080F80411142210A9F030F1F723FA04201B
:10F0300000F09CF910BC5DF814FB0000C00000203B
:10F0400001498873704700008C0000200A46A0F137
:10F05000E101062920D2DFE801F003070B10151AA1
:10F0600001230E49CB7717E001210C4B997713E070
:10F0700001230A4981F821300EE00123074981F874
:10F08000233009E00123054981F8243004E00123FD
:10F09000024981F8253000BF00BF70478C00002076
:10F0A000012804D0022807D003280FD109E001224B
:10F0B000074981F8232009E00122054981F824202D
:10F0C00004E00122024981F8252000BF00BF7047FB
:10F0D0008C00002010B503460C4674B94FF47A71C9
:10F0E000586848430E49C8604FF47A71186848431D
:10F0F0000B498860187A48740DE0012C06D14FF452
:10F100007A71186848430649486004E0022C02D12D
:10F11000187803490874052000F028F910BD000094
:10F12000E40100207FB504460D46208880B2ADF88A
:10F13000080020798DF80A00207A8DF80B00207BDA
:10F140008DF80D00207C8DF80E00207D8DF80F00CD
:10F1500055B108216846DDE9022316F0A5F9DDE97D
:10F160000001FAF715FF03E0DDE90201FAF710FFED
:10F170007FBD00000FB410B550210A48F1F7A2F985
:10F18000502202A90748F1F775F9042302AA06499B
:10F19000084605F007FC042000F0E8F810BC5DF814
:10F1A00014FB00007801002000001E0800B5034693
:10F1B000187841B2054880F81111587841B20348D7
:10F1C00080F812110A2000F0D1F800BDC000002024
:10F1D00000B503461978054880F80F11597880F872
:10F1E00010110A2000F0C2F800BD0000C00000208D
:10F1F00013B50448DDE90012C0E90612183020F00A
:10F20000A3FC1CBDC00100200FB400B51348019938
:10F210000160DDF81210C0F80E10DDF80E10C0F815
:10F220000A10DDF81610C0F81210DDF81A10C0F838
:10F230001610DDF81E10C0F81A10DDF82D10C0F8F9
:10F240002910DDF82310C0F81F1004490A984862FD
:10F25000012000F08BF85DF814FB0000C0000020D6
:10F2600000B5034618780B49887559780948C17567
:10F2700099780176D978417618790649887659794E
:10F280000448C17699790177D9794177012000F056
:10F290006DF800BDC000002000B5034602480374AD
:10F2A000052000F063F800BDE401002010B504461D
:10F2B0000B464FF47A706043044988604FF47A70CB
:10F2C0005843C860052000F051F810BDE40100204B
:10F2D00010B504460B46012B07D14FF47A706043FA
:10F2E00002494860052000F041F810BDE40100200B
:10F2F00070B506460D461446C42E0DD1012C04D11E
:10F30000012128461FF07AFC05E0022C03D10021E0
:10F3100028461FF073FC00E000BF00BF012130460B
:10F3200000F014F870BD00000FB410B5FFF7DAFD5F
:10F33000882202A90448F1F79DF8022000F016F88F
:10F3400010BC5DF814FB0000F0000020034A90742C
:10F35000D174012382F82230704700008C00002015
:10F3600001210148817670478C0000200F282DD2A2
:10F37000DFE800F02C080C2C1014182C2C2C1C2C62
:10F3800020242800012213494A7520E00122114956
:10F390008A751CE001210F4A117518E001220D4900
:10F3A0000A7614E001220B49CA7510E001220949CE
:10F3B0004A760CE001220749CA7608E00122054995
:10F3C0000A7704E0012203494A7700E000BF00BF4A
:10F3D000704700008C000020024908700221014A99
:10F3E000117470478C00002000B503461978054859
:10F3F00080F81611597880F817110A20FFF7B6FF28
:10F4000000BD0000C000002000B503461878084980
:10F4100081F829005978064880F82A10997880F8F0
:10F420002B10D97880F82C100120FFF79FFF00BD2A
:10F43000C00000202DE9F04106460C4600270025BB
:10F44000D92E1ED0DA2E02D0DE2E5DD13CE0012C6A
:10F4500012DB082C10DC2E4890F8280038B9012166
:10F460002B4829300155DA20FFF770FF08E077219B
:10F47000DA20FFF76BFF03E07421DA20FFF766FF65
:10F4800042E001202249C8740846C37C827C21499D
:10F49000214803F04BFD002500BFFFF751FD002F71
:10F4A00007DA681C45B2032D03DC64202EF0DEFB76
:10F4B000F3E71A4815F015FF64202EF0D7FB4FF440
:10F4C0007A7000F041F91FE001201149C874084624
:10F4D000C37C827C0F49104803F028FD002500BF43
:10F4E000FFF72EFD002F07DA681C45B2032D03DC61
:10F4F00064202EF0BBFBF3E764202EF0B7FB0AF08C
:10F5000045FA0AF0C1FB00BF00BFBDE8F081000072
:10F510008C000020F8090020F801002008D4012404
:10F520001FB5BDF800001849A1F80801BDF8021088
:10F530001548A0F80A11BDF80410A0F80C119DF8A8
:10F54000061080F80E11BDF80C10A0F814119DF8EB
:10F55000091080F811119DF80A1080F812119DF819
:10F56000071080F80F119DF8081080F810119DF811
:10F570000E1080F816119DF80F1080F8171100F585
:10F58000847020F05DFC1FBDC000002000B5034664
:10F5900023B1012B06D0022B0CD107E00120084932
:10F5A000887707E002200649887703E004200449B1
:10F5B000887700BF00BF0120FFF7D8FE00BD000024
:10F5C000C000002000B5034618880A49A1F80801C8
:10F5D00059880848A0F80A119988A0F80C1199795F
:10F5E00080F80E111989A0F814110A20FFF7BEFE49
:10F5F00000BD0000C000002010B5002428E016481F
:10F60000005D01280CD1002120461FF0F7FA4FF4CD
:10F610007A70124921F8140002210F48015515E0B3
:10F620000D48005D022811D10C4830F81400401E2E
:10F630000A4921F81400084630F8140030B90121B5
:10F6400020461FF0DBFA002103480155601CC4B2BC
:10F65000042CD4DB10BD0000B50000207C15002474
:10F6600010B5374890F82800012834D1344890F874
:10F67000260004282ADC324890F82600012806D00B
:10F68000022809D003280CD0042814D10EE0002150
:10F6900008461FF0B3FA0FE0002101201FF0AEFA78
:10F6A0000AE0002102201FF0A9FA05E00021032052
:10F6B0001FF0A4FA00E000BF00BF0221204880F83C
:10F6C000281042F210701F49088037E000211C48C2
:10F6D00080F8281032E01A4890F8280002282DD12E
:10F6E00018480088401E174908800846008828BB33
:10F6F000134890F82600012806D0022809D00328D4
:10F700000CD0042814D10EE0012100201FF076FA5D
:10F710000FE0012108461FF071FA0AE001210220E2
:10F720001FF06CFA05E0012103201FF067FA00E0EA
:10F7300000BF00BF0021024880F8281010BD000063
:10F740008C0000204400002410B5044664202EF0F4
:10F750008DFA034815F0C5FD0248046010BD000095
:10F7600008D401244000002410B5044600F002F83B
:10F7700010BD000000240221002010F021FB00BF7A
:10F7800000F020F803F070FEFEF7B0FFFFF70EFC6C
:10F79000FFF732FF601CC4B2642C09DD0024074867
:10F7A000FAF79EFB00201AF0E1F8054981F82001E4
:10F7B00010F00EFA0A202EF059FAE1E7FA090020BB
:10F7C000C000002010B52948007D012805D1002087
:10F7D00026490875264820F009F92448407D01286B
:10F7E00006D10021214841752148B83820F0E6F9BA
:10F7F0001E48807D01280AD100211C4881751C48C3
:10F80000883820F017FA4FF47A70FFF79DFF1748F9
:10F81000007E012805D1002114480176154820F00A
:10F8200057F91248407E012806D100210F48417641
:10F830000F48503020F004FB0C48C07E012804D152
:10F8400000210A48C17623F0F9FF0848807E01288C
:10F850000BD100210548817600201FF0ADFCFFF799
:10F8600023FA07F0A3F80AF00FFA10BD8C0000206D
:10F8700078010020E4010020F0B52DED048B9DB04F
:10F880000027974890F82B0001287DD1944981F8F2
:10F890002A0094A19548F0F72CFE064666B994A17B
:10F8A0009248F0F726FE064636B993A18F48F0F746
:10F8B00020FE064606B9012791A13046F0F77CFEEE
:10F8C00004460025142118A8F0F7FCFD142113A804
:10F8D000F0F7F8FD14210EA8F0F7F4FD142109A8A3
:10F8E000F0F7F0FD002007900890059006903FE0AB
:10F8F0000B2D35D2DFE805F03406070D11171B215B
:10F90000272D33002CE01322214618A8F0F703FE20
:10F9100026E020787249087422E01322214613A8B9
:10F92000F0F7F9FD1CE020786D49487418E00422D6
:10F93000214605A8F0F7EFFD12E00422214607A8B2
:10F94000F0F7E9FD0CE01322214609A8F0F7E3FDEA
:10F9500006E0132221460EA8F0F7DDFD00E000BF0F
:10F9600000BF67A10020F0F727FE0446681CC5B25F
:10F970000CB10A2DBCDD05A8F0F7E3FD30B105A8F8
:10F98000F0F7C6FF564900E09AE0887407A8F0F740
:10F99000D8FD20B107A8F0F7BBFF5149087509A8A9
:10F9A000F0F7CFFD28B109A8FDF7BEFA4C4880ED6D
:10F9B000060B0EA8F0F7C5FD28B10EA8FDF7B4FAA6
:10F9C000474880ED080B18A8F0F7BBFDA0B3002056
:10F9D000049001900290039008EE100A9FED490BED
:10F9E000B0EE409B022218A904A8F0F794FD04A8E9
:10F9F000F0F78EFF08EE100A0DF1620101A8F0F792
:10FA0000C2FD01A8FDF790FAB0EE409B9FED3F1BB1
:10FA100089EE010BB8EEC81B30EE010B304880EDCB
:10FA2000000B007C532806D12D4890ED000BB1EE61
:10FA3000400B80ED000B00BF13A8F0F782FDA8B3C8
:10FA400000200390049000900190029008EE100AAC
:10FA50009FED2C0BB0EE409B032213A903A8F0F7F7
:10FA60005AFD03A8F0F754FF08EE100A0DF14F01FC
:10FA70006846F0F788FD6846FDF756FAB0EE409B01
:10FA80009FED221B89EE010BB8EEC81B30EE010B77
:10FA9000134880ED020B407C572806D1104890EDAA
:10FAA000020BB1EE400B80ED020B00BF0C48807CD6
:10FAB000002803DD00200A4981F82A00002700E021
:10FAC00002270020064981F82B004FF40061074807
:10FAD000F0F7F8FC38461DB0BDEC048BF0BD00001B
:10FAE000387F012424474E474741000038770124DE
:10FAF0002447504747410000244244474741000003
:10FB00002C000000000000000000000000000000C9
:10FB100000004E4000487047387F012470B504460D
:10FB2000002007E051F8205052F82060354044F89A
:10FB30002050401C5D1E012606EB55158542F1D86C
:10FB400070BD30B501F01F05012404FA05F33AB188
:10FB50004C0950F824401C434D0940F8254006E06C
:10FB60004C0950F824409C434D0940F8254030BDD5
:10FB700070B505460E461446601E012101EB50107B
:10FB8000820031462846F0F7F1FC70BD0246480974
:10FB900052F8203001F01F0023FA00F000F00100BD
:10FBA000704770B502460B46002400211BE052F856
:10FBB0002100B8B152F821004FF0553505EA500543
:10FBC000401B00F033354FF0333606EA9006A81993
:10FBD00000EB101505F00F3000EB004505EB052597
:10FBE0002D0E2C44491C581E012505EB501088424F
:10FBF000DDD8204670BD000010B500240E480088F6
:10FC000000F4004070B10D48C07940B900F018F818
:10FC1000044614B100F0CCF801E000F069F90020CE
:10FC20000549088005480079022804D100200349CD
:10FC3000087100F0BDF810BD70010024787F012428
:10FC400070B500240026002500BF08E02E4840784B
:10FC50002E49495D08442C494870681CC5B2032DE3
:10FC6000F4DB2A48C07828494978C1F1FF0188426D
:10FC700001D04FF0FF3625480478407840EA04244C
:10FC80002248807840EA04241F4880790D380828EB
:10FC900035D2DFE800F0040C141C3434242C00EEC0
:10FCA000104AB8EE400A002005F0A0F828E000EE67
:10FCB000104AB8EE400A012005F098F820E000EE66
:10FCC000104AB8EE400A022005F090F818E000EE65
:10FCD000104AB8EE400A032005F088F810E000EE64
:10FCE000104AB8EE400A042005F080F808E000EE63
:10FCF000104AB8EE400A052005F078F800E000BF91
:10FD000000BF304670BD0000787F0124687F012469
:10FD100010B500F01BFC01200A49087000F01AF928
:10FD20000A2004F083FE00F0FDF80A2004F07EFEB5
:10FD300000F054F8002000F00DF9642004F076FE85
:10FD400010BD0000787F01247CB505460C460020DC
:10FD50000090019082208DF800008DF801509DF8F0
:10FD600000009DF8011008440E4948701CB900219C
:10FD7000284600F0C7F806220B496846F9F722F931
:10FD800009488078084908700846C07848700846D5
:10FD90000079887008464079C87048F20400034929
:10FDA00008807CBD787F0124687F012470010024D5
:10FDB00010B509488078401CC0B2074988700528F2
:10FDC00006DC0120C87088790021FFF7BDFF01E043
:10FDD00000F08EF810BD0000787F012408B50020E7
:10FDE00000905A208DF800008DF801008DF8020077
:10FDF0000023032269469F2000F0CEF808BD0000D2
:10FE00001B48C078C0B11A48C078012805D102202B
:10FE10001749C87000201749088016480088401C00
:10FE200080B214490880C82809DB002008801049E6
:10FE3000C8700220087102E000200E4908800C48BA
:10FE40000078012810D10C480088401C80B20A4973
:10FE50000880B0F5FA6F0ADB00200880062004490C
:10FE600008720020487102E00020034908807047B2
:10FE7000787F0124720100247401002410B51B480E
:10FE8000407990BB1948007A00282EDD1748007A87
:10FE9000072823D2DFE800F02204090E13181D0002
:10FEA00000210D20FFF750FF19E000210E20FFF781
:10FEB0004BFF14E000210F20FFF746FF0FE0002169
:10FEC0001020FFF741FF0AE000211320FFF73CFF5D
:10FED00005E000211420FFF737FF00E000BF00BF5E
:10FEE0000248007A401E0149087210BD787F012443
:10FEF00000200349C870087148718870704700007D
:10FF0000787F01240122064BDA7000221A711A460A
:10FF1000D17101225A711A46907100229A7070476D
:10FF2000787F012408B5002000908DF800000220A1
:10FF30008DF8010000208DF802000023032269469D
:10FF4000982000F029F808BD10B5FFF755FEFFF71F
:10FF500095FF10BD38B5044600200090012C0DD14E
:10FF60008DF8000055208DF801008DF80200002367
:10FF7000032269469E2000F00FF80CE000208DF867
:10FF800000008DF801008DF802000023032269466D
:10FF90009E2000F001F838BD2DE9F04190B00646F2
:10FFA0000F461546984640216846F0F78BFA002424
:10FFB00081208DF800008DF8016000BF05E0395DFB
:10FFC000A01C0DF80010601CC4B2AC42F7DB00208E
:10FFD00012494870002408E0104840781DF80410C9
:10FFE00008440E494870601CC4B2A81CA042F3DC4F
:10FFF0000A484078C0F1FF01A81C0DF80010B8F1C4
:020000040803EF
:10000000000F03D180213046FFF77CFFE91C6846D2
:10001000F8F7E8FF10B0BDE8F0810000787F012418
:1000200010B500240E48008800F4004070B10D485F
:10003000C07940B900F018F8044614B100F09AF8FD
:1000400001E000F00DF9002005490880054800791D
:10005000022804D100200349087100F08BF810BD7C
:10006000640100242E77012470B5002400260025A9
:1000700000BF08E01B4840781B49495D0844194906
:100080004870681CC5B2032DF4DB1748C0781549C9
:100090004978C1F1FF01884201D04FF0FF36124884
:1000A0000478407840EA04240F48807840EA042429
:1000B0000C488079042809D006280FD100EE104A98
:1000C000B8EE400A002004F0DBFE08E000EE104A23
:1000D000B8EE400A012004F0D3FE00E000BF00BFEC
:1000E000304670BD2E7701241E77012410B500F034
:1000F0006FFE01200449087000F0E2F800F0CAF831
:10010000002000F0DDF810BD2E7701247CB50546F7
:100110000C4600200090019055208DF800008DF8CD
:1001200001509DF800009DF8011008440E494870E8
:100130001CB90021284600F09DF806220B496846AC
:10014000F8F722FF09488078084908700846C07807
:10015000487008460079887008464079C87048F2AF
:100160000400034908807CBD2E7701241E770124FA
:100170006401002410B509488078401CC0B20749CA
:100180008870052806DC0120C87088790021FFF7F7
:10019000BDFF01E000F064F810BD00002E770124DF
:1001A0001B48C078C0B11A48C078012805D1022088
:1001B0001749C87000201749088016480088401C5D
:1001C00080B214490880C82809DB00200880104943
:1001D000C8700220087102E000200E4908800C4817
:1001E0000078012810D10C480088401C80B20A49D0
:1001F0000880B0F57A7F0ADB0020088002200449DD
:1002000008720020487102E000200349088070470E
:100210002E7701246C0100246E01002410B50F48D4
:100220004079D0B90D48007A002816DD0B48007AD5
:10023000012806D0022809D100210420FFF766FF1B
:1002400005E000210620FFF761FF00E000BF00BFCE
:100250000248007A401E0149087210BD2E77012421
:1002600000200349C8700871487188707047000009
:100270002E7701240122064BDA7000221A711A46E9
:10028000D17101225A711A46907100229A707047FA
:100290002E77012408B5002000908DF800008DF81D
:1002A00001008DF80200002303226946172000F0A8
:1002B00029F808BD10B5FFF7B3FEFFF7AFFF10BD7B
:1002C00038B5044600200090012C0DD18DF80000B7
:1002D0008DF8010055208DF80200002303226946A5
:1002E0001A2000F00FF80CE000208DF800008DF8C7
:1002F00001008DF802000023032269461A2000F055
:1003000001F838BD2DE9F04190B006460F4615467C
:10031000984640216846F0F7D5F80024A5208DF8CE
:1003200000008DF8016000BF05E0395DA01C0DF8EC
:100330000010601CC4B2AC42F7DB002012494870C8
:10034000002408E0104840781DF8041008440E49C5
:100350004870601CC4B2A81CA042F3DC0A48407874
:10036000C0F1FF01A81C0DF80010B8F1000F03D177
:1003700080213046FFF77EFFE91C6846F8F714FE3F
:1003800010B0BDE8F08100002E77012470B503465F
:100390009818B0F1026F01D9032070BD0AB900208E
:1003A000FBE7012600240BE01D780878A84204D062
:1003B000FF2D01D00220F0E700265B1C491C641CC5
:1003C0009442F1D3012E01D10020E6E70120E4E7B9
:1003D000F0B587B004460025002600200190F5F70F
:1003E0002FF9204600F020F8054601260020029053
:1003F00020200690B4F1016F02D30220039001E0A7
:10040000012003900495059601A902A8F4F7C2FF04
:100410000746F5F75DF8384607B0F0BD01480068BB
:1004200070470000DC01002401460020384A914258
:1004300002D2B1F1006F05D2364A914204D2B1F135
:10044000016F01D3002062E0334A914202D2304A68
:10045000914205D2314A914204D22E4A914201D3AF
:10046000012054E02E4A914202D22B4A914205D2F9
:100470002C4A914204D2294A914201D3022046E0FB
:10048000294A914202D2264A914205D2274A9142F4
:1004900004D2244A914201D3032038E0244A9142F5
:1004A00002D2214A914205D2224A914204D21F4AE5
:1004B000914201D304202AE01F4A914202D21C4AF1
:1004C000914205D21D4A914204D21A4A914201D367
:1004D00005201CE01A4A914202D2174A914205D2E5
:1004E000184A914204D2154A914201D306200EE0E7
:1004F000B1F1016F02D2124A914205D2124A9142E1
:1005000004D2104A914201D3072000E0072070472F
:10051000000002080000120800000408000014088F
:10052000000006080000160800000808000018086F
:1005300000000A0800001A0800000C0800001C084F
:1005400000000E0800001E08FFFF1F0800B5B5B030
:10055000142130A8EFF7B6FFBC2101A8EFF7B2FFD6
:100560004FF4005001900020199001A8F5F7E0FD2C
:1005700018B124212FA0F2F72FF900BF35480068E9
:1005800040F40050334908600846006800F4005009
:10059000009000BF00BF00BF2E481038006840F038
:1005A00010002C49103908600846006800F010005F
:1005B000009000BF00BF4FF4E04030900220319027
:1005C00000203290022033900520349030A9224838
:1005D000F5F766F82148224908604FF4800048602A
:1005E00000211F4881600721C160002101614FF097
:1005F00080714161890081614FF0C041C16100217A
:10060000016241628162C1624FF080414163002119
:100610008163C163016441648164C16401654165B2
:100620008165F7F7BFFD18B14E2102A0F2F7D4F8AB
:1006300035B000BD2E2E5C2E2E5C48617264776151
:1006400072655C7372635C6273705F687370693447
:100650002E630000F044025800100258003401409C
:10066000ECD1012400B587B0142102A8EFF72AFFCE
:1006700000BF3E48006840F010003C490860084652
:10068000006800F01000019000BF00BF00BF0846E6
:10069000006840F0040008600846006800F00400AC
:1006A000019000BF00BF00BF0846006840F0800016
:1006B00008600846006800F08000019000BF00BF9D
:1006C00000BF0846006840F0010008600846006866
:1006D00000F00100019000BF00BF00BF08460068A5
:1006E00040F0020008600846006800F00200019037
:1006F00000BF00BF00BF0846006840F00800086067
:100700000846006800F00800019000BF00BF4FF4E9
:1007100000400290002003900120049002A9144898
:10072000F4F7BEFF4CF61100029000200390012068
:10073000049002A90F48F4F7B3FF4FF480700290C1
:10074000002003900120049002A90B48F4F7A8FFB1
:100750004FF4C0500290002003900120049002A9A1
:100760000648F4F79DFF07B000BD0000E0440258C2
:1007700000100258000C02580008025800000258ED
:1007800010B586B0142101A8EFF79CFE00BF3548D4
:10079000006840F01000334908600846006800F027
:1007A0001000009000BF00BF00BF0846006840F086
:1007B000040008600846006800F00400009000BFD4
:1007C00000BF00BF0846006840F08000086008468F
:1007D000006800F08000009000BF00BF00BF084626
:1007E000006840F0010008600846006800F0010061
:1007F000009000BF00BF00BF0846006840F0020044
:1008000008600846006800F00200009000BF00BFCA
:1008100000BF0846006840F008000860084600680D
:1008200000F00800009000BF00BF002002900120EF
:100830000390002411E004EB44000B4901EB80001D
:100840000089019004EB4401074A02EB81014868EA
:1008500001A9F4F725FF601CC4B2012CEBDB06B044
:1008600010BD0000E04402584002002400B587B0EB
:10087000142102A8EFF726FE00BF2748006840F0C9
:100880001000254908600846006800F0100001903B
:1008900000BF00BF00BF0846006840F010000860BD
:1008A0000846006800F01000019000BF00BF00BFC4
:1008B0000846006840F0100008600846006800F034
:1008C0001000019000BF00BF012240211348F4F73F
:1008D000F7FF012220211148F4F7F2FF0122102135
:1008E0000E48F4F7EDFF4020029001200390002015
:1008F0000490059002A90948F4F7D2FE2020029046
:1009000002A90648F4F7CCFE1020029002A9034881
:10091000F4F7C6FE07B000BDE044025800100258CC
:1009200010B5B6B00446142131A8EFF7CBFDBC21B9
:1009300002A8EFF7C7FD042002900020269002A82D
:10094000F5F7F6FB18B1362185A0F1F745FF00BF9A
:100950008C48006840F008008A4908600846006832
:1009600000F00800019000BF00BF00BF85481438A8
:10097000006840F0020083491439086008460068A6
:1009800000F00200019000BF00BF00BF08460068F1
:1009900040F4001008600846006800F40010019060
:1009A00000BF00BFC0203190022032900020339061
:1009B000022034900820359031A97348F4F770FE76
:1009C00072487349086009204860002170488160BE
:1009D000C1604FF480610161002141618161C161A9
:1009E0004FF400310162F3F75FF818B159215CA0B0
:1009F000F1F7F2FE00BF66486649C86708466449D9
:100A0000886300BF64486349086008464460002169
:100A10008160C16001610C2141610021816101623D
:100A2000416210205B49886201025A48C16300207C
:100A3000584948660846F8F794F918B16E2148A05D
:100A4000F1F7CAFE4FF4007254495248F8F726F9FC
:100A50004F4800685249884258D04D480068504974
:100A60001831884252D04A4800684D493031884296
:100A70004CD0474800684A494831884246D04448EB
:100A8000006847496031884240D041480068444985
:100A9000783188423AD03E480068414990318842D6
:100AA00034D03B4800683E49A83188422ED03848AF
:100AB00000683C49884229D03548006839491831D6
:100AC000884223D0324800683649303188421DD0F0
:100AD0002F48006833494831884217D02C480068B5
:100AE00030496031884211D0294800682D49783159
:100AF00088420BD0264800682A499031884205D0A8
:100B0000234800682749A831884208D12048006856
:100B1000006820F008001E490968086007E01C48CA
:100B20000068006820F00400194909680860102076
:100B300018490968086217490968086220201549A0
:100B400009680862402013490968086200220221EE
:100B50008E20F5F724F88E20F5F70DF836B010BD8D
:100B60002E2E5C2E2E5C48617264776172655C7318
:100B700072635C6273705F6C7075617274312E6346
:100B800000000000F44402580004025808540258BF
:100B9000609E0124D09D0124000C00580000003804
:100BA000100002401004024010B5002417481849F4
:100BB0000860002048607F2115488160FF21C160E6
:100BC000002101618161C16100201EF0DBFA84B265
:100BD0000F48F7F707F808B1012010BD43F2F220E3
:100BE00084420ED0401C84420BD0002338223B218B
:100BF0000620F9F7B3F90323162204211420F9F78C
:100C000097F9F9F7BFF80020E7E700000040005827
:100C1000A483012400B587B0142102A8EFF752FC89
:100C200000BF3C48006840F001003A4908600846AF
:100C3000006800F00100019000BF00BF00BF08463F
:100C4000006840F0010008600846006800F00100FC
:100C5000019000BF00BF00BF0846006840F00200DE
:100C600008600846006800F00200019000BF00BF65
:100C700000BF0846006840F01000086008460068A1
:100C800000F01000019000BF00BF00221021224898
:100C9000F4F716FE002220211F48F4F711FE00226F
:100CA00002211E48F4F70CFE00224FF400611C489C
:100CB000F4F706FE1020029001200390002004901B
:100CC000059002A91448F4F7EBFC2020029002A939
:100CD0001148F4F7E5FC0220029002A90F48F4F74E
:100CE000DFFC4FF40060029002A90D48F4F7D8FC35
:100CF000012100201DF082FF012108461DF07EFF2A
:100D0000012102201DF07AFF012103201DF076FF52
:100D100007B000BDE0440258000002580004025829
:100D20000010025810B586B00446142101A8EFF750
:100D3000C9FB00BF1248006840F008001049086075
:100D40000846006800F00800009000BF00BF0022C5
:100D50004FF480610B48F4F7B3FD4FF480600190CD
:100D600001200290002003900220049001A9054870
:100D7000F4F796FC204600F0B9FF06B010BD000065
:100D8000E0440258000C025800B587B000BF0E487E
:100D9000006840F008000C4908600846006800F050
:100DA0000800019000BF00BF0120039000200490C4
:100DB000032005908020029002A90448F4F770FCFB
:100DC0001FF020FD07B000BDE0440258000C02589F
:100DD00000B5B5B0142130A8EFF774FBBC2101A811
:100DE000EFF770FB00BF2E48006840F480402C49AC
:100DF00008600846006800F48040009000BF00BF13
:100E000000BF27480838006840F00200244908392C
:100E100008600846006800F00200009000BF00BFB4
:100E20004FF4444030900220319000203290022054
:100E300033900520349030A91A48F4F731FC1A4851
:100E40001A4908604FF4800048600021174881600B
:100E50000721C160002101614FF08071416189006B
:100E600081614FF0E041C161002101624162816214
:100E7000C1624FF08041416300218163C16301641D
:100E800041648164C164016541658165F7F78AF950
:100E900018B1452106A0F1F79FFC35B000BD000058
:100EA000E8440258000402580038004074D201247B
:100EB0002E2E5C2E2E5C48617264776172655C73C5
:100EC00072635C6273705F68737069322E630000D6
:100ED00010B5002004490870002211464FF0005060
:100EE00000F004F810BD0000F001002470B50646C3
:100EF0000C46154621480068B04208D120480068D9
:100F0000A04204D11F480068A84200D170BD1B4810
:100F100006601B4804601B4805601B481B490860AD
:100F20000846C66100218160446105610721C160F6
:100F300000210162416281620721C16209040163EB
:100F40004FF0806181610021C16341634FF0004136
:100F50004165480A0D4948600846F7F707F918B196
:100F6000C8210BA0F1F738FC0848F7F71BF918B1B6
:100F7000CE2107A0F1F730FC00BFC7E7E001002455
:100F8000E4010024E801002400300140D89E01243F
:100F90002E2E5C2E2E5C48617264776172655C73E4
:100FA00072635C6273705F7370695F6275732E63E6
:100FB000000000002DE9F04F93B004460D46914625
:100FC0009A464C216846EFF77DFA204601F068FA10
:100FD0005B4884420BD05B48844208D05A48844224
:100FE00005D05A48844202D05948844203D1594816
:100FF0000068460802E0574800684608642D0AD297
:1010000042F20F7842F21070B6FBF0F0B0FBF5F050
:10101000401E87B213E040F6B830854209D24FF047
:1010200063086420B6FBF0F0B0FBF5F0401E87B219
:1010300005E04FF00008B6FBF5F0401E87B20094C3
:10104000CDF804800397002104910291059180213D
:1010500006916846F7F796FD18B17D213EA0F1F79D
:10106000BBFB0098C06840F001000099C8604FF0D9
:10107000000B3348844202D14FF0190B51E0B4F118
:10108000804F02D14FF01C0B4BE03B48844202D111
:101090004FF01D0B45E03948844202D14FF01E0B42
:1010A0003FE03748844202D14FF0320B39E03548F7
:1010B000844202D14FF0360B33E03348844202D1F0
:1010C0004FF0370B2DE01F48844202D14FF02C0B1C
:1010D00027E02E48844202D14FF02B0B21E02C4810
:1010E000844202D14FF02C0B1BE02A48844202D1EB
:1010F0004FF02D0B15E01448844202D14FF0740BD1
:101100000FE01248844202D14FF0750B09E01048FD
:10111000844202D14FF0760B03E097210EA0F1F745
:101120005BFB524649465846F4F739FD5846F4F7FA
:1011300022FD6846F7F75EFD13B0BDE8F08F0000B2
:101140000000014000040140004001400044014013
:1011500000480140000000242E2E5C2E2E5C4861C9
:101160007264776172655C7372635C6273705F74E2
:10117000696D6572732E6300000400400008004032
:10118000000C004000100040001400400018004017
:10119000001C00400020004010B5B6B004461421E9
:1011A00031A8EFF78FF9BC2102A8EFF78BF90220E5
:1011B000029000201F9002A8F4F7BAFF18B1362160
:1011C00094A0F1F709FB00BF9A48006840F4801032
:1011D000984908600846006800F48010019000BF3C
:1011E00000BF00BF93480838006840F004009149F0
:1011F000083908600846006800F00400019000BF4C
:1012000000BF00BF0846006840F0080008600846BC
:10121000006800F00800019000BF00BF00BF8548D3
:101220001038006840F00100824910390860084613
:10123000006800F00100019000BF00BF4FF4805033
:101240003190022032900020339002203490082008
:10125000359031A97848F4F723FA04203190022020
:10126000329000203390022034900820359031A92C
:101270007248F4F715FA72487249086041204860D4
:10128000002170488160C1604FF4806101610021DC
:1012900041618161C1614FF400310162002141620D
:1012A000F2F702FC18B161215AA0F1F795FA00BFDC
:1012B00064486549C86708466249886300BF634857
:1012C000614908600846446000218160C160016195
:1012D0000C21416100218161C161016241621020E4
:1012E0005949886201025848C163F7F73AFD18B1BD
:1012F000762148A0F1F770FA4FF400725449524831
:10130000F7F7CCFC4F4800684D496039884257D008
:101310004C4800684A494839884251D049480068D9
:101320004749303988424BD046480068444918390B
:10133000884245D0434800684149884240D04148EE
:1013400000683F49183188423AD03E4800683C491D
:101350003031884234D03B480068394948318842AE
:101360002ED0384800683B49884229D0354800686B
:1013700038491831884223D0324800683549303125
:1013800088421DD02F48006832494831884217D022
:101390002C4800682F496031884211D029480068E4
:1013A0002C49783188420BD0264800682949903171
:1013B000884205D0234800682649A831884208D1D0
:1013C00020480068006820F008001E49096808608D
:1013D00007E01C480068006820F00400194909680B
:1013E00008601020184909680862174909680862EE
:1013F00020201549096808624020134909680862DD
:10140000002204213520F4F7CAFB3520F4F7B3FBA2
:1014100036B010BD2E2E5C2E2E5C48617264776152
:1014200072655C7372635C6273705F756172743550
:101430002E630000E844025800080258000C0258CD
:1014400070000240589A0124C899012400500040BD
:10145000000C01301004024010B5B6B0044614214F
:1014600031A8EFF72FF8BC2102A8EFF72BF80220E4
:10147000029000201F9002A8F4F75AFE18B1342100
:1014800087A0F1F7A9F900BF8D48006840F08040BF
:101490008B4908600846006800F08040019000BF5A
:1014A00000BF00BF86480838006840F0100084493B
:1014B000083908600846006800F01000019000BF7D
:1014C00000BF00BF7E481038006840F001007C4932
:1014D000103908600846006800F00100019000BF64
:1014E00000BF4FF4C0703190022032900020339042
:1014F000022034900720359031A97248F4F7D0F8D3
:101500007148724908604F20486000216F4881602F
:10151000C1604FF480610161002141618161C1615D
:101520004FF40031016200214162F2F7BDFA18B1B7
:1015300058215BA0F1F750F900BF64486449C867BF
:1015400008466249886300BF6248614908600846EE
:10155000446000218160C16001610C214161002172
:101560008161C161016241621020594988620102B2
:101570005748C163F7F7F5FB18B16C2148A0F1F7A4
:101580002BF94FF4006254495148F7F787FB4F4855
:1015900000684D499039884257D04C4800684A4904
:1015A0007839884251D049480068474960398842B3
:1015B0004BD04648006844494839884245D04348A2
:1015C00000684149303988423FD0404800683E4970
:1015D0001839884239D03D4800683B49884234D0A8
:1015E0003A4800683849183188422ED03748006898
:1015F0003A49884229D0354800683849183188422C
:1016000023D0324800683549303188421DD02F48F8
:10161000006832494831884217D02C4800682F4969
:101620006031884211D0294800682C4978318842BD
:101630000BD02648006829499031884205D02348BC
:1016400000682649A831884208D12048006800680F
:1016500020F008001D490968086007E01B48006881
:10166000006820F004001949096808601020184932
:101670000968086216490968086220201449096847
:1016800008624020124909680862002204215220A1
:10169000F4F785FA5220F4F76EFA36B010BD000068
:1016A0002E2E5C2E2E5C48617264776172655C73CD
:1016B00072635C6273705F75617274372E630000D1
:1016C000E844025800100258A0000240589D01242E
:1016D000C89C01240078004000160130100402402C
:1016E00010B5B6B00446142131A8EEF7EBFEBC21CC
:1016F00002A8EEF7E7FE0220029000201F9002A849
:10170000F4F716FD18B158217FA0F1F765F800BF76
:101710008548006840F0004083490860084600683A
:1017200000F00040019000BF00BF00BF7E480838B5
:10173000006840F010007C490839086008460068DD
:1017400000F01000019000BF00BF00BF76481038C5
:10175000006840F0020074491039086008460068CB
:1017600000F00200019000BF00BF03203190022072
:10177000329000203390022034900820359031A917
:101780006A48F3F78DFF6A486A490860512048604B
:10179000002168488160C1604FF4806101610021CF
:1017A00041618161C16101624162F2F77DF918B165
:1017B0007C2155A0F1F710F800BF5E485E49C8676C
:1017C00008465C49886300BF5C485B49086008467E
:1017D000446000218160C16001610C2141610021F0
:1017E0008161C16101624162102053498862010236
:1017F0005148C163F7F7B5FA18B1912142A0F0F74B
:10180000EBFF4C4800684E49884258D04948006870
:101810004B491831884252D0464800684849303117
:1018200088424CD04348006845494831884246D0F8
:101830004048006842496031884240D03D480068D5
:101840003F49783188423AD03A4800683C49903163
:10185000884234D0374800683949A83188422ED0B0
:10186000344800683249884229D0324800683049FB
:101870001831884223D02F4800682D4930318842E2
:101880001DD02C4800682A494831884217D0294881
:10189000006827496031884211D0264800682449F1
:1018A000783188420BD02348006821499031884222
:1018B00005D0204800681E49A831884208D11D483B
:1018C0000068006820F008001A490968086007E00D
:1018D00018480068006820F004001649096808608C
:1018E0001020154909680862002205215320F4F7E9
:1018F00056F95320F4F73FF94FF4006211490E48AE
:10190000F7F7CCF936B010BD2E2E5C2E2E5C486158
:101910007264776172655C7372635C6273705F7529
:10192000617274382E630000E844025800100258B7
:1019300010040240FCD001246CD00124007C004043
:1019400010000240001E013010B5B6B0044614214C
:1019500031A8EEF7B7FDBC2102A8EEF7B3FD0120D8
:1019600002900020209002A8F4F7E2FB18B1362183
:1019700087A0F0F731FF00BF8D48006840F01000ED
:101980008B4908600846006800F01000019000BF15
:1019900000BF00BF86481038006840F0010084494D
:1019A000103908600846006800F00100019000BF8F
:1019B00000BF00BF7E481838006840F001007C4935
:1019C000183908600846006800F00100019000BF67
:1019D00000BF4FF4C060319002203290002033905D
:1019E000022034900720359031A97248F3F758FE51
:1019F0007148724908602920486000216F48816061
:101A0000C1604FF480610161002141618161C16168
:101A10004FF40031016200214162F2F745F818B13C
:101A200059215BA0F0F7D8FE00BF64486449C8673D
:101A300008466249886300BF6248614908600846F9
:101A4000446000218160C16001610C21416100217D
:101A50008161C161016241621020594988620102BD
:101A60005748C163F7F77DF918B16E2148A0F0F728
:101A7000B3FE4FF4007254495148F7F70FF94F483D
:101A800000684D49884258D04C4800684A4918318E
:101A9000884252D0494800684749303188424CD08A
:101AA0004648006844494831884246D04348006867
:101AB00041496031884240D0404800683E49783111
:101AC00088423AD03D4800683B499031884234D042
:101AD0003A4800683849A83188422ED03748006813
:101AE0003A49884229D03548006838491831884237
:101AF00023D0324800683549303188421DD02F4804
:101B0000006832494831884217D02C4800682F4974
:101B10006031884211D0294800682C4978318842C8
:101B20000BD02648006829499031884205D02348C7
:101B300000682649A831884208D12048006800681A
:101B400020F008001D490968086007E01B4800688C
:101B5000006820F00400194909680860102018493D
:101B60000968086216490968086220201449096852
:101B700008624020124909680862002204212520D9
:101B8000F4F70DF82520F3F7F6FF36B010BD00008E
:101B90002E2E5C2E2E5C48617264776172655C73D8
:101BA00072635C6273705F7573617274312E63006F
:101BB000F0440258000002581000024058840124EA
:101BC000C8830124001001400000013010040240CD
:101BD00010B5B6B00446142131A8EEF773FCBC2151
:101BE00002A8EEF76FFC0220029000201F9002A8CE
:101BF000F4F79EFA18B1522130A0F0F7EDFD00BFC6
:101C00003648006840F400303449086008460068EF
:101C100000F40030019000BF00BF00BF2F4808381B
:101C2000006840F008002D4908390860084600683F
:101C300000F00800019000BF00BF6020319002203A
:101C4000329000203390022034900720359031A943
:101C50002348F3F725FD23482349086008464460DC
:101C600000218160C16001610C214161002181611D
:101C7000C1610162416210201B49886201021A4859
:101C8000C163F7F76EF818B18A210CA0F0F7A4FD34
:101C90001020154909680862202013490968086264
:101CA0004020114909680862002204212620F3F728
:101CB00076FF2620F3F75FFF36B010BD2E2E5C2E88
:101CC0002E5C48617264776172655C7372635C62FA
:101CD00073705F7573617274322E6300E84402584A
:101CE000000C0258004400404885012410B5B6B0ED
:101CF0000446142131A8EEF7E5FBBC2102A8EEF75B
:101D0000E1FB0220029000201F9002A8F4F710FAD5
:101D100018B1412187A0F0F75FFD00BF8D48006832
:101D200040F480208B4908600846006800F4802059
:101D3000019000BF00BF00BF86480838006840F02F
:101D400008008449083908600846006800F0080067
:101D5000019000BF00BF00BF7E481038006840F00F
:101D600001007C49103908600846006800F0010055
:101D7000019000BF00BF4FF44070319002203290BC
:101D800000203390022034900720359031A972480A
:101D9000F3F786FC7148724908602D2048600021E5
:101DA0006F488160C1604FF4806101610021416131
:101DB0008161C1614FF40031016200214162F1F79C
:101DC00073FE18B164215BA0F0F706FD00BF644804
:101DD0006449C86708466249886300BF6248614930
:101DE00008600846446000218160C16001610C21E7
:101DF000416100218161C161016241621020594944
:101E0000886201025748C163F6F7ABFF18B1792128
:101E100048A0F0F7E1FC4FF4006254495148F6F74E
:101E20003DFF4F4800684D493039884257D04C48F3
:101E300000684A491839884251D0494800684749E2
:101E400088424CD04648006844491831884246D000
:101E50004348006841493031884240D040480068DA
:101E60003E49483188423AD03D4800683B4960319C
:101E7000884234D03A4800683849783188422ED0B8
:101E8000374800683A49884229D0354800683849BF
:101E90001831884223D032480068354930318842B1
:101EA0001DD02F48006832494831884217D02C484D
:101EB00000682F496031884211D0294800682C49B8
:101EC000783188420BD026480068294990318842F1
:101ED00005D0234800682649A831884208D1204807
:101EE0000068006820F008001D490968086007E0E4
:101EF0001B480068006820F0040019490968086060
:101F000010201849096808621649096808622020EB
:101F100014490968086240201249096808620022D1
:101F200004212720F3F73BFE2720F3F724FE36B0E9
:101F300010BD00002E2E5C2E2E5C4861726477610D
:101F400072655C7372635C6273705F7573617274E7
:101F5000332E6300E8440258000C0258400002404F
:101F600058970124C896012400480040000201301F
:101F70001004024010B5B6B00446142131A8EEF7A3
:101F8000A1FABC2102A8EEF79DFA022002900020DF
:101F90001F9002A8F4F7CCF818B1362185A0F0F70D
:101FA0001BFC00BF8B48006840F400208949086092
:101FB0000846006800F40020019000BF00BF00BF89
:101FC00084480838006840F00400824908390860F5
:101FD0000846006800F00400019000BF00BF00BF89
:101FE0007C481038006840F001007A4910390860D8
:101FF0000846006800F00100019000BF00BF4FF4E8
:1020000040603190022032900020339034900820BC
:10201000359031A97048F3F743FB70487049086068
:102020003F20486000216E488160C1604FF48061AC
:102030000161002141618161C16101624162F1F789
:1020400033FD18B15A215BA0F0F7C6FB00BF64480E
:102050006449C86708466249886300BF62486149AD
:1020600008600846446000218160C16001610C2164
:10207000416100218161C1610162416210205949C1
:10208000886201025748C163F6F76BFE18B16F21F1
:1020900048A0F0F7A1FB4FF4007254495148F6F7FD
:1020A000FDFD4F4800684D494839884257D04C489B
:1020B00000684A493039884251D049480068474948
:1020C000183988424BD0464800684449884246D077
:1020D0004348006841491831884240D04048006870
:1020E0003E49303188423AD03D4800683B4948314A
:1020F000884234D03A4800683849603188422ED04E
:10210000374800683A49884229D03548006838493C
:102110001831884223D0324800683549303188422E
:102120001DD02F48006832494831884217D02C48CA
:1021300000682F496031884211D0294800682C4935
:10214000783188420BD0264800682949903188426E
:1021500005D0234800682649A831884208D1204884
:102160000068006820F008001D490968086007E061
:102170001B480068006820F00400194909680860DD
:102180001020184909680862164909680862202069
:10219000144909680862402012490968086200224F
:1021A00004213420F3F7FBFC3420F3F7E4FC36B0D1
:1021B00010BD00002E2E5C2E2E5C4861726477618B
:1021C00072655C7372635C6273705F757361727465
:1021D000342E6300E84402580008025858000240B8
:1021E000D898012448980124004C0040000A01308E
:1021F0001004024010B5B6B00446142131A8EEF721
:1022000061F9BC2102A8EEF75DF9012002900020DF
:10221000209002A8F3F78CFF18B1362186A0F0F7C2
:10222000DBFA00BF8C48006840F020008A49086053
:102230000846006800F02000019000BF00BF00BF0A
:1022400085481038006840F0040083491039086060
:102250000846006800F00400019000BF00BF00BF06
:102260007D481838006840F001007B491839086043
:102270000846006800F00100019000BF00BFC020C8
:1022800031900220329000203390022034900720B9
:10229000359031A97148F3F703FA71487149086024
:1022A0004720486000216F488160C1604FF4806121
:1022B0000161002141618161C1614FF4003101621E
:1022C00000214162F1F7F0FB18B159215AA0F0F753
:1022D00083FA00BF63486449C86708466149886358
:1022E00000BF624860490860084644600021816080
:1022F000C16001610C21416100218161C161016204
:10230000416210205849886201025748C163F6F7BC
:1023100028FD18B16E2148A0F0F75EFA4FF4006274
:1023200053495148F6F7BAFC4E4800684C49783991
:10233000884257D04B48006849496039884251D09B
:10234000484800684649483988424BD045480068AB
:1023500043493039884245D04248006840491839DD
:1023600088423FD03F4800683D4988423AD03D48C6
:1023700000683B491831884234D03A4800683849EF
:10238000303188422ED0374800683A49884229D0F7
:102390003448006837491831884223D031480068F2
:1023A0003449303188421DD02E48006831494831C7
:1023B000884217D02B4800682E496031884211D0DE
:1023C000284800682B49783188420BD0254800689E
:1023D00028499031884205D0224800682549A83113
:1023E000884208D11F480068006820F008001D4995
:1023F0000968086007E01B480068006820F00400D6
:1024000018490968086010201749096808621649C8
:1024100009680862202014490968086240201249AE
:1024200009680862002204214720F3F7B8FB47201F
:10243000F3F7A1FB36B010BD2E2E5C2E2E5C48614A
:102440007264776172655C7372635C6273705F75EE
:1024500073617274362E6300F0440258000802580B
:1024600088000240D89B0124489B012400140140AD
:10247000000E0130100402400748006840F08070F0
:10248000054908600020054948600846006840F09A
:102490000100086070470000FCED00E0001000E063
:1024A00038B50446824884420DD100BF8148006897
:1024B00040F001007F4908600846006800F0010014
:1024C000009000BFF2E0B4F1804F0FD100BF794817
:1024D0000838006840F0010076490839086008466D
:1024E000006800F00100009000BFDFE07248844205
:1024F0000FD100BF6F480838006840F002006D49F6
:10250000083908600846006800F00200009000BF2B
:10251000CCE06A4884420FD100BF664808380068A2
:1025200040F004006349083908600846006800F07C
:102530000400009000BFB9E0614884420FD100BFA1
:102540005C480838006840F008005A4908390860BB
:102550000846006800F00800009000BFA6E0594857
:1025600084420FD100BF53480838006840F0100083
:102570005049083908600846006800F010000090D3
:1025800000BF93E0504884420FD100BF494808384B
:10259000006840F020004749083908600846006894
:1025A00000F02000009000BF80E0484884420DD138
:1025B00000BF4048006840F002003E4908600846FD
:1025C000006800F00200009000BF6FE040488442C5
:1025D0000FD100BF37480838006840F04000354947
:1025E000083908600846006800F04000009000BF0D
:1025F0005CE0384884420FD100BF2E48083800689C
:1026000040F080002B49083908600846006800F057
:102610008000009000BF49E02F4884420FD100BFE6
:1026200024480838006840F480702249083908605E
:102630000846006800F48070009000BF36E027482C
:1026400084420DD100BF1B48006840F48030194916
:1026500008600846006800F48030009000BF25E064
:102660001F4884420DD100BF1248006840F400307A
:10267000104908600846006800F40030009000BF70
:1026800014E0184884420DD100BF0A48006840F4A5
:102690008020084908600846006800F48020009007
:1026A00000BF03E0BD2110A0F0F796F838BD000090
:1026B00000000140F04402580004004000080040BF
:1026C000000C0040001000400014004000040140D5
:1026D00000180040001C0040002000400040014065
:1026E00000440140004801402E2E5C2E2E5C4861C3
:1026F0007264776172655C7372635C6273705F743D
:10270000696D6572732E630010B503469818B0F1B9
:10271000026F01D9012010BD0AB90120FBE7002496
:1027200004E013F8010B01F8010B641C9442F8D388
:102730000020F0E70120014908707047F0010024F3
:102740000020014908707047F00100242DE9F04194
:1027500088B00546884614462819B0F1026F03D99F
:10276000012008B0BDE8F0810CB90020F9E722464D
:1027700041462846FDF70AFE07460FB90020F0E75C
:10278000012080F3108800BFF2F75AFF002610E006
:10279000202241466846EDF76DFE08F120086A46A2
:1027A00029460120F2F7B6FE08B9203500E025E001
:1027B000761CB6EB541FEBD304F01F00B8B1002118
:1027C00000910191002002900390049105910690E0
:1027D000079004F01F0241466846EDF74BFE6A463B
:1027E00029460120F2F796FE00B107E000BFF2F79C
:1027F0006FFE002080F3108800BFB2E7F2F768FE9A
:10280000002080F3108800BF0120AAE700B587B040
:1028100000BF00BF1A48006840F001001849086076
:102820000846006800F00100019000BF00BF00BF33
:1028300000BF00BF0846006840F00400086008467A
:10284000006800F00400019000BF00BF00BF4FF41B
:10285000807002900120039004900320059002A94B
:102860000848F2F71DFF4FF400700290112003900A
:1028700002A90548F2F714FF1CF0FEFA07B000BDEC
:10288000E0440258000002580008025800B587B022
:1028900000BF00BF1A48006840F0080018490860EF
:1028A0000846006800F00800019000BF00BF00BFAC
:1028B00000BF00BF0846006840F0080008600846F6
:1028C000006800F00800019000BF00BF00BF4FF497
:1028D000805002900120039004900320059002A9EB
:1028E0000848F2F7DDFE4FF40050029011200390EB
:1028F00002A90448F2F7D4FE1CF0F0FB07B000BDBB
:10290000E0440258000C025808B50C480068B0F5C5
:10291000805F00D908BD0A4800900848008883B24B
:10292000084A09490948F5F7F2FE20B140F295112D
:1029300007A0EFF751FF00BFECE70000EC01002417
:1029400040420F0050B0012450A00124D89E012421
:102950002E2E5C2E2E5C48617264776172655C730A
:1029600072635C6273705F7370695F6275732E630C
:102970000000000038B91449144A1160144951602C
:102980001449916070471049104A1160016809B1FB
:10299000016811600E490D4A5160416809B14168F2
:1029A00051600021094A916011460968064A914226
:1029B00007D106494968064A914202D10549034AAE
:1029C000916000BFDEE7000039D002081C0200243D
:1029D000B1CC0208D5E7040870B5044602F074F8DB
:1029E000C5B22A4602A12046FAF7C8F870BD000019
:1029F0002564000010B50246FF2004E012F8013BF8
:102A00004340044CE05C0B1EA1F10104E1B2F5D19E
:102A100010BD000020F7050810B50246FF2004E0B5
:102A200012F8013B4340044CE05C0B1EA1F1010491
:102A3000E1B2F5D110BD000020F8050830B502461E
:102A4000002300200B4604E012F8014B6040034CC9
:102A5000205C1C1EA3F10103F6D130BD20F905084E
:102A60002DE9FE4F0646884617463C48006802900E
:102A700000253B4800680090A9463A48007848B3D2
:102A800039480078E8B93948826928466D1C46F80B
:102A9000202036484069441E35480068844210D3DF
:102AA00033480068334909680844A04209D3202DFF
:102AB00007D2454505D228466D1C46F820404FF008
:102AC00001092D48007888B16A4602A901A805F0DD
:102AD000B1FC0BE0EDF754FC8246EDF74EFC82456D
:102AE00004D16A4602A901A805F0A4FC1E4800789A
:102AF00000B1029F2AE03868041F04F0010000B909
:102B000023E03868441E1A480068001D84421BD325
:102B100017480068174909680844A04214D3202DBB
:102B200012D2201F02F00AFA70B145450CD2022DD4
:102B300006D1B9F1000F03D07068A04200D104E0C3
:102B400028466D1C46F8204000BF3F1D00990298A2
:102B50000844B842CFD82846BDE8FE8F240500249B
:102B60002805002435050024360500249C7505241D
:102B70002C05002430050024380500242DE9F041FF
:102B800090B007460E4635462C4600200F90202276
:102B90007B4907A8EDF76EFC7A48006806907A48F2
:102BA000006805907948007848B9794A79A17BA0F6
:102BB000F9F7D4FF81A0F9F7D1FF00BFFEE7804805
:102BC000007848B1724A7FA174A0F9F7C7FF7BA0D3
:102BD000F9F7C4FF00BFFEE70120794908707CA027
:102BE000F9F7BCFF75A0F9F7B9FF00F039F9C7F3A1
:102BF00080007849087008460078C8B105F015FCD7
:102C000010B105F012FC00E073A080467449886A98
:102C10004146F9F7A3FF69A0F9F7A0FFEDF7ADFB77
:102C20000546044605AA06A90FA805F003FC06E020
:102C30006B49C86AF9F792FF60A0F9F78FFF20355A
:102C40002946384621F02EFE0546A08B00F4007080
:102C500000B12D1D0698854204D3DDE90510084416
:102C6000A8420DD2DDE905104318024629465D4809
:102C7000F9F774FF51A0F9F771FF01205A49087064
:102C80002A46DDE9051003F003F85549086BF9F70A
:102C900065FF4AA0F9F762FF544920680860606840
:102CA0004860A0688860E068C86020690861606961
:102CB0004861A0698861E069C8610846C0684B4AFC
:102CC0000A999268099BCDE90132CDE90310474882
:102CD000406800904548089B026845A00799F9F7AD
:102CE0003DFF36A0F9F73AFF4048C2693F490E98C8
:102CF00089690D9BCDE90131CDE903023B4840696B
:102D000000903A480C9B026939A00B99F9F726FF0D
:102D10002AA0F9F723FF41A0F9F720FF27A0F9F730
:102D20001DFF4E480068314908624C48001D00787C
:102D300081F8240049481030006888624748401DE7
:102D4000007881F82C004548143000680863434837
:102D5000801D0088888641480830006888633F48A5
:102D60000C300088C8633D4818300088086405F0BE
:102D7000FDF8284619F0C4FA10B0BDE8F081000053
:102D800020590608240500242805002434050024C1
:102D90000A590608696E69745F6F6B0028257329EC
:102DA0002068617320617373657274206661696C59
:102DB00065642061742025732E0000000D0A000058
:102DC00035050024216F6E5F6661756C740000002C
:102DD00000000000380500244E4F5F4E414D450075
:102DE0004458060848670608360500249C750524E3
:102DF000202025733A2025303878202025733A206A
:102E000025303878202025733A2025303878202046
:102E100025733A2025303878000000003D3D3D3DC7
:102E20003D3D3D3D3D3D3D3D3D3D3D3D3D3D3D3DD2
:102E30003D3D3D3D3D3D3D3D3D3D3D3D3D3D3D3DC2
:102E40003D3D3D3D3D3D3D3D3D3D3D3D3D3D3D3DB2
:102E50003D3D3D3D3D3D3D3D3D3D000024ED00E01F
:102E600010B50549054B064A48680649F9F776FE4C
:102E700005A0F9F773FE10BD445806085A740524DE
:102E800039740524187405240D0A000070B5044631
:102E90000E461546202221461648EDF73CFB20221F
:102EA00031461548EDF737FB202229461348EDF748
:102EB00032FB13481349086013480968401A134944
:102EC000086013481349086013480968401A1349F9
:102ED00008600E48006838B911490868F9F73EFEE5
:102EE00010A0F9F73BFE70BD01200F49087000BF2C
:102EF000F9E7000018740524397405245A74052470
:102F0000E882052424050024E8A2052428050024DD
:102F1000000002082C050024E067060830050024A4
:102F2000445806080D0A0000340500242DE9F04736
:102F300004460F4690469946FBF7AEFD064600252F
:102F4000AA460F2229466D1C625429466D1C625404
:102F5000112229466D1C62543068C0F3074229468D
:102F60006D1C62543088C0F3072229466D1C6254E0
:102F7000327829466D1C625429466D1C04F8018084
:102F80003248007A012802D10020304908722F48C7
:102F90000068000E29466A1CD5B260542B480068B0
:102FA000C0F307422846691CCDB222542748008846
:102FB000C0F307222846691CCDB222542348027868
:102FC0002846691CCDB2225420484068000E29468C
:102FD0006A1CD5B260541D484068C0F307422846B9
:102FE000691CCDB2225419488088C0F307222846B4
:102FF000691CCDB22254154802792846691CCDB20D
:103000002254002011490860486001222846691CAA
:10301000CDB222542846691CCDB204F80090A91EF6
:10302000A01CFFF70BFD82462846691CCDB204F8B0
:1030300000A0FF222846691CCDB222542846691CF4
:10304000CDB222543D80BDE8F08700006405002425
:1030500010B504462146002016F0EAFC05498860B8
:103060000846048088682146EDF72CFA014800F0F4
:103070001DFF10BD7005002410B5024690885388CE
:10308000984201D1002010BD93889068C05C087000
:103090009088401C138890FBF3F403FB140090808D
:1030A0000120F0E770B50446A0680578012D03D132
:1030B0000120FCF791F902E00320FCF78DF970BDC7
:1030C00070B50446FBF7F0FC0546A0680078287050
:1030D000A06840786870A0688078A870A068C07800
:1030E000E870A0680079A872A0684179E972A068C8
:1030F00081792973A068C1796973A068007AA8737F
:10310000A068417AE973A068817A2974A068C17ABD
:1031100069740120FCF760F960790121FCF716F968
:1031200064202AF0A3FD0120FCF720F903F03EFC07
:1031300070BD00002DE9F04F89B00746FBF71EFD7A
:103140000546FBF76FFC8346FBF7AAFC064600200A
:1031500005900690079008900490804600248146D0
:1031600082464BA1B868EDF7C4F9044674B140211A
:103170002846EDF7A7F9E41D05F140032A4646A1CC
:103180002046EDF75BFA4FF0010A5BE045A1B86815
:10319000EDF7AFF904463CB3641DA1462C2120464F
:1031A000EDF7C5F90446E4B100202070641CFBF77C
:1031B00099FE402105F14400EDF784F940212846AD
:1031C000EDF780F905F1840305F1440232A1484688
:1031D000EDF734FA05F140032A462FA12046EDF71A
:1031E0002DFA4FF0010A2DE030A1B868EDF781F912
:1031F0000446ECB100203060083404AA08A807A9EE
:1032000006ABCDE90102009105AA2BA12046EDF7FE
:1032100015FA4FFA80F80598307006987070079884
:10322000B0700898F070049870604FF0030A09E0DD
:103230003CB978797421FCF789F8404609B0BDE8BB
:10324000F08F00BF0120FCF7C7F878790121FCF767
:103250007DF864202AF00AFDBAF1010F06D0BAF118
:10326000020F07D0BAF1030F0DD107E00220FCF7DF
:103270007DF809E00820FCF779F805E0D6E90001BF
:10328000FBF7B6FF00E000BF00BF4046D6E70000F6
:103290006F75746572232300255B5E3A5D3A256481
:1032A00000000000616C6C232300000075706461F5
:1032B000746523230000000025642E25642E2564F8
:1032C0002E25643A2564000070B50446FBF7ECFB3C
:1032D0000546A0680078A8770120FCF77DF86079A2
:1032E0000121FCF733F864202AF0C0FC0120FCF730
:1032F0003DF870BD38B5044600200090A068007805
:103300008DF80000A06840788DF801006846FCF751
:103310006BF860790121FCF719F838BD1FB5044638
:10332000A0688079A1684979A2681279A368DB78DE
:10333000CDE90032CDE90210A068837842780178A7
:103340000020F7F789FB0C20FCF710F80120FCF7B0
:1033500043F860790121FBF7F9FF1FBD38B504463A
:10336000A06800788DF80000A06840788DF8010012
:10337000A06880788DF80200A068C0788DF80300FE
:103380006846FCF741F80120FCF726F86079012136
:10339000FBF7DCFF38BD2DE9FF4104460026A0798C
:1033A000801E052190FBF1F0C6B2002523E005EB5D
:1033B0008500801DA168085C0A4605EB8501491D52
:1033C000515C05EB8502121DA3689A5C1F4605EB54
:1033D0008503DB1CFB5CCDE90032CDE9021005EB77
:1033E0008500801CA7683B5C7A7839780120F7F764
:1033F00033FB681CC5B2B542D9DB0C20FBF7B6FF26
:103400000120FBF7E9FF60790121FBF79FFFBDE891
:10341000FF8138B5044600200090A06800788DF840
:103420000000A06840788DF801006846FBF7BEFEFA
:1034300060790121FBF78AFF38BD38B504460020CA
:103440000090A068007840B28DF80000A068407835
:1034500040B28DF801006846FBF7BAFE60790121A1
:10346000FBF774FF38BD00002DE9F0419CB0FBF77D
:1034700013FB0746002019901A901B90002464212A
:103480006846EDF71FF80025A0460026642168462F
:1034900000F068FCC5B2002D74D0691F0DF1020068
:1034A000FFF7CCFA8046E81E1DF80000404506D024
:1034B00071269DF869003146FBF748FF18E10021AD
:1034C000E81E0DF800109DF802008DF868009DF8C8
:1034D000030000049DF8041040EA01209DF8051047
:1034E000084319909DF86800112800D000E19DF86C
:1034F00006008DF869001998396888420AD09DF84D
:103500006900B12806D070269DF869003146FBF7A6
:103510001DFFEDE09DF807409DF8080040EA0424F7
:103520009DF8090040EA04249DF80A0040EA0424BA
:10353000704804609DF80B409DF80C0040EA04249C
:103540009DF80D0040EA04249DF80E0040EA042492
:10355000684844609DF80F008DF86A0004A81B902D
:103560009DF86900E22871D023DCB32862D011DC19
:10357000A8287BD007DCA32864D0A4286AD0A72879
:1035800067D16BE0AFE0A9286CD0AA2877D0B1282A
:10359000F6D153E0DA286ED006DCC4286CD0D228ED
:1035A00071D0D928ECD189E0DE2867D0E128E7D1B5
:1035B0006EE0F3283AD00EDCE6286ED006DCE32875
:1035C00068D0E42867D0E528DAD165E0F1280DD08D
:1035D000F228D5D11AE0F4380B287FD2DFE800F0CA
:1035E0000A120E7E1E227E7E7E7E1A0019A8FFF72A
:1035F000A1FD77E019A8FFF763FD73E019A8FFF7B5
:103600001CFF6FE019A801F066F86BE019A801F043
:1036100049F867E019A801F033F863E019A801F050
:1036200005F85FE019A8FFF7F4FE5BE019A8FFF7C3
:103630004BFE57E019A800F05FF853E019A801F01D
:1036400063F84FE019A800F0CBFF4BE021E00DE05C
:1036500000E043E019A801F06BF843E019A8FFF778
:103660007DFE3FE019A8FFF796FE3BE019A8FFF7A3
:1036700055FE37E003E01CE028E004E01FE019A855
:10368000FFF738FE2EE01EF015FB1EF021FB29E0AF
:1036900000BF00BF00BF00BF00BF01201549087276
:1036A0001B9A1278521ED1B29DF8690000F052FBAD
:1036B00018E01B990878FBF7F3FC13E000BF1B9A96
:1036C00011789DF86900FBF7B5FE0BE01B9B5A785B
:1036D00019789DF86900FBF70BFE03E019A8FFF7C6
:1036E000E1FC00BF00E0002570B21CB0BDE8F08135
:1036F00070B2FAE76405002410B5044629F02AFEEA
:1037000020B160797721FBF721FE10E0607901217B
:10371000FBF71CFEC8202AF0A9FAFBF713FA0228CF
:1037200002D129F0CDFF02E0012029F0C9FF10BD30
:1037300030B502465088401C148890FBF4F504FB19
:10374000150083B29088984205D05488906801553E
:103750005380012030BD0020FCE72DE9F0410446F4
:103760000F46FBF799F906460025A8460F22294681
:103770006D1C625429466D1C6254112229466D1C31
:1037800062543068C0F3074229466D1C6254308889
:10379000C0F3072229466D1C6254327829466D1CFD
:1037A0006254FF2229466D1C625400222846691C7F
:1037B000CDB222542846691CCDB222542846691C39
:1037C000CDB222542846691CCDB222542846691C29
:1037D000CDB222542846691CCDB222542846691C19
:1037E000CDB222542846691CCDB22254012228466B
:1037F000691CCDB222542846691CCDB22254A91EA0
:10380000A01CFFF71BF980462846691CCDB204F8BE
:103810000080FF222846691CCDB222542846691C2C
:10382000CDB222543D80BDE8F08100002DE9F34F78
:10383000ADB08946FBF730F98246FBF79FF90746A2
:10384000FBF732F90446FBF7F7F88046FBF778FA06
:103850000546FBF725F9064680210DA8ECF732FE58
:10386000142108A8ECF72EFE002007901022F3A1E7
:1038700008A8DAF80030F9F781F908A8ECF761FE3A
:10388000A0F1010B594608A8FFF7D8F807900021CE
:103890002D9815F031FF01230022EAA12D9815F093
:1038A0006FFF00212D9815F03BFF80210DA8ECF74C
:1038B00009FE1122E5A10DA8F9F760F901230DAA6F
:1038C000E4A12D9815F086FF80210DA8ECF7FAFDF4
:1038D000E1484368E1A102680DA8F9F74FF9012317
:1038E0000DAAE1A12D9815F075FF0020DA490860B6
:1038F0004860087280210DA8ECF7E4FDDBA10DA85B
:10390000DAF80020F9F73AF901230DAAD8A12D9889
:1039100015F060FF0123CAA2D6A12D9815F05AFF19
:10392000FBF7B6F8834601235A46D3A12D9815F02C
:1039300051FF80210DA8ECF7C5FD0DA820F098FEE1
:1039400001230DAACDA12D9815F044FF80210DA8CB
:10395000ECF7B8FD07F14402C9A10DA8D7F88430EF
:10396000F9F70CF901230DAAC7A12D9815F032FF24
:1039700080210DA8ECF7A6FD3A46C1A10DA83B6C2D
:10398000F9F7FCF801230DAAC0A12D9815F022FF2C
:1039900080210DA8ECF796FDF178B2787068CDE93A
:1039A0000021029073783278B9A10DA8F9F7E6F8F2
:1039B00001230DAABAA12D9815F00CFF06F0A6F868
:1039C000834601235A46B7A12D9815F003FF04F052
:1039D000F1FE834601235A46B4A12D9815F0FAFE54
:1039E00080210DA8ECF76EFD04F0DEFE83465A46FA
:1039F0009EA10DA8F9F7C2F801230DAAADA12D983B
:103A000015F0E8FE80210DA8ECF75CFDFBF79AF8B5
:103A100083465A4695A10DA8F9F7B0F801230DAADF
:103A2000A5A12D9815F0D6FE80210DA8ECF74AFD32
:103A3000607A217AE279A379CDE90032CDE90210EA
:103A4000637922799DA10DA8F9F798F801230DAAB1
:103A5000A2A12D9815F0BEFE80210DA8ECF732FD35
:103A6000E078A178CDE90010637822789CA10DA8B8
:103A7000F9F784F801230DAA9CA12D9815F0AAFE50
:103A800080210DA8ECF71EFD607B217BCDE90010A5
:103A9000E37AA27A92A10DA8F9F770F801230DAA92
:103AA00093A12D9815F096FE80210DA8ECF70AFD44
:103AB000607C217CCDE90010E37BA27B88A10DA86E
:103AC000F9F75CF801230DAA8AA12D9815F082FE62
:103AD00080210DA8ECF7F6FC607F227FE17EA37EBB
:103AE000CDE90231CDE90420607E217ECDE90010D0
:103AF000E37DA27D80A10DA8F9F740F801230DAA6E
:103B000083A12D9815F066FE80210DA8ECF7DAFC54
:103B10004FF47A71D8F80400B0FBF1FB00200346A3
:103B20005A467CA100900DA8F9F728F801230DAAA8
:103B30007BA12D9815F04EFE80210DA8ECF7C2FC5C
:103B40004FF47A71D8F80800B0FBF1FB5A4647A150
:103B50000DA8F9F713F801230DAA72A12D9815F0FD
:103B600039FE80210DA8ECF7ADFC4FF47A71D8F83E
:103B70000C00B0FBF1FB5A463CA10DA8F8F7FEFF84
:103B800001230DAA68A12D9815F024FE80210DA80F
:103B9000ECF798FC98F8102034A10DA8F8F7EEFF88
:103BA00001230DAA61A12D9815F014FE80210DA806
:103BB000ECF788FCA989A879AA88CDE900200291B0
:103BC0006B882A885AA10DA8F8F7D8FF01230DAAFF
:103BD0005BA12D9815F0FEFD80210DA8ECF772FC7D
:103BE000FBF7DEF883465A4620A10DA8F8F7C6FF7A
:103BF00001230DAA54A12D9815F0ECFD80210DA8EC
:103C0000ECF760FC51A10DA8079AF8F7B7FF002365
:103C10000DAA4FA12D9815F0DDFD01212D9815F06D
:103C20007FFD01212D9815F067FD2D98ECF789FC9B
:103C3000A9F800002FB0BDE8F08F000025782564BA
:103C400045310000636F6465000000002530327864
:103C50000000000076657200640500242530386499
:103C60002530396400000000716E000025640000FA
:103C700074696400636D6400746E000074736E0098
:103C800025733A2564000000697369006F73690049
:103C900025642E25642E25642E25643A25640000B3
:103CA000757369006963636964000000696D656923
:103CB0000000000064626D00746D000025303278F1
:103CC0002D253032782D253032782D253032782D43
:103CD000253032782D253032780000006D61630088
:103CE00025642E25642E25642E256400697000004D
:103CF0006E6D00006777000025642E25642E256414
:103D00002E25642C25642E25642E25642E25640022
:103D10006D69700025642C25642C2564000000006A
:103D200072740000706C0000706E0000707400000F
:103D300025642C25642C25642C25642C2564000026
:103D40006F706F76630000007572000025780000C8
:103D50006372630070B504460D4629462046FBF7A2
:103D600075F970BD78B504460D4600260020009018
:103D7000474800784649087081E04FF47A70454919
:103D8000086069464448FFF777F99DF80000434909
:103D9000097840EA0120414908804148008830B94B
:103DA000084600884FF2F001884200D067E03C48A6
:103DB000008850B9F0213A4802880088401C384BEE
:103DC0001880A1540020374908703548008806281B
:103DD00003D19DF800002E490870314800880F2853
:103DE00003D19DF800002F4908702D480088A84293
:103DF00009DA9DF800102A4802880088401C284BE8
:103E00001880A15409E00026002027490880244991
:103E1000088024490870304678BD9DF8000022498A
:103E2000097840EA012020490880084600884FF6BA
:103E3000FF71884211D11B48007813301849098856
:103E400088420ADC16480688002017490880144971
:103E500008800F4908703046DEE7124800781330BA
:103E60000F490988884209DC002600200E49088095
:103E70000B4908800B4908703046CDE700BF064863
:103E800007C800F087FC00283FF777AF0020C3E7A2
:103E9000390000243000002470050024360000247E
:103EA0002C0000243800002434000024002141802C
:103EB000818070470748006850B106480068401E7E
:103EC000044908600846006810B9002002490880CB
:103ED00070470000300000242C00002410B54FF47F
:103EE0009670FFF7B5F810BD38B504460020009075
:103EF000002524B1012C26D0022C62D142E002F030
:103F0000ABFB08B903251DE06846FAF7D1FD9DF823
:103F1000000050B99DF8010038B99DF8020020B9A1
:103F20009DF8030008B900250CE000F03DFE0128D3
:103F300001D1012506E000F037FE022801D1042559
:103F400000E002253DE06846FAF7C2FD9DF800005A
:103F500050B99DF8010038B99DF8020020B99DF8CC
:103F6000030008B900250CE000F024FE012801D16F
:103F7000012506E000F01EFE022801D1042500E024
:103F800002251EE06846FAF77BFE9DF8000050B956
:103F90009DF8010038B99DF8020020B99DF8030092
:103FA00008B900250CE000F025FE012801D101250B
:103FB00006E000F01FFE022801D1042500E00225E2
:103FC00000BF00BF284638BD2DE9F04F2DED048B12
:103FD000ADF5297D04460F46FAF75EFDA890002551
:103FE0000020A790A690402196A8ECF76BFAA9466E
:103FF000402186A8ECF766FA232229466D1C6254FC
:1040000029466D1C6254302229466D1C6254294693
:104010006D1C625429466D1C625429466D1C625405
:10402000402196A8ECF74EFAFE48007A012812D1FA
:104030000020FC49087208464368FBA1026896A864
:10404000F8F79CFD96A92046ECF747FA0020F549C1
:104050000860486007E0F8A196A8F8F78FFD96A9D8
:104060002046ECF73AFA402196A8ECF72BFAA898EC
:10407000F3A1026896A8F8F781FD96A92046ECF70F
:104080002CFA402196A8ECF71DFA1122EEA196A871
:10409000F8F774FD96A92046ECF71FFAEDA120462B
:1040A000ECF71BFA402196A8ECF70CFA0020FAF77F
:1040B00069FD06463246E9A196A8F8F75FFD96A984
:1040C0002046ECF70AFA402196A8ECF7FBF901200C
:1040D000FFF70AFF06460020FFF706FF8246334639
:1040E0005246E0A196A8F8F749FD96A92046ECF7BC
:1040F000F4F9402196A8ECF7E5F9002000F0C0FDA6
:10410000B7EEC00AB0EE408B53EC182BD8A196A89E
:10411000F8F734FD96A92046ECF7DFF9402196A880
:10412000ECF7D0F9012000F0ABFDB7EEC00AB0EE1D
:10413000408B53EC182BD0A196A8F8F71FFD96A939
:104140002046ECF7CAF9402196A8ECF7BBF901200C
:1041500000F0D2FCB7EEC00AB0EE408B002000F0B9
:10416000CBFCB7EEC00AB0EE409B8DED008B53EC5C
:10417000192BC3A196A8F8F701FD96A92046ECF7E4
:10418000ACF9402196A8ECF79DF9012000F0BCFCA9
:10419000B7EEC00AB0EE408B002000F0B5FCB7EEE1
:1041A000C00AB0EE409B8DED008B53EC192BB8A1EB
:1041B00096A8F8F7E3FC96A92046ECF78EF9402183
:1041C00096A8ECF77FF900F07FFC0646032000F08C
:1041D00087FC8246022000F083FC8346012000F029
:1041E0007FFC0590002000F07BFCCDE900BA029630
:1041F00004900246AAA196A8059BF8F7BFFC96A9D1
:104200002046ECF76AF9402196A8ECF75BF900F03C
:10421000EBFC06463246ABA196A8F8F7AFFC96A990
:104220002046ECF75AF9402196A8ECF74BF9FAF73B
:1042300023F80646FAF72CF8824633465246A4A1E4
:1042400096A8F8F79BFC96A92046ECF746F9402182
:1042500096A8ECF737F9012000F038FD064600205B
:1042600000F034FD8246334652469EA196A8F8F7E8
:1042700085FC96A92046ECF730F9402196A8ECF78A
:1042800021F903201AF00EFD064602201AF00AFD5D
:10429000824601201AF006FD834600201AF002FD36
:1042A0005B46024694A1CDE900A6059096A8F8F7D2
:1042B00065FC96A92046ECF710F9402196A8ECF78A
:1042C00001F9402186A8ECF7FDF800261DE03046F4
:1042D0001AF0E8FC01280FD1002000F0D1FCB7EE65
:1042E000C00AB0EE408B86A901EBC60053EC182B38
:1042F00088A1F8F743FC06E086A901EBC60000227E
:1043000086A1F8F73BFC701CC6B2052EDFDB8CA83B
:104310008AA988AB86AACDE9001081A196A8F8F7F2
:104320002DFC96A92046ECF7D8F8402196A8ECF78A
:10433000C9F8402186A8ECF7C5F8002611E0B11CA9
:10434000C8B200F09DFCB7EEC00AB0EE408B86A963
:1043500001EBC60053EC182B6EA1F8F70FFC701C94
:10436000C6B2052EEBDB8CA88AA988AB86AACDE95C
:10437000001070A196A8F8F701FC96A92046ECF76A
:10438000ACF8402196A8ECF79DF8F9F77BFF0646BC
:1043900032466DA196A8F8F7F1FB96A92046ECF7F6
:1043A0009CF8FBF7B7FB8046402196A8ECF78AF80B
:1043B00098ED020BB0EEC00BB0EE408B98ED000B09
:1043C000B0EEC00BB0EE409B8DED008B53EC192B83
:1043D0005FA196A8F8F7D2FB96A92046ECF77DF8E6
:1043E0004FF4007106A8ECF76DF806A8EEF796F901
:1043F00006A92046ECF771F85BA12046ECF76DF8B2
:104400002046ECF79EF880B2A790A798821F57A18C
:1044100096A8F8F7B3FB9DF85802A0709DF85902D2
:10442000E070A7E064050024514E3D253038642536
:104430003039643B00000000514E3D303B0000002D
:104440005449443D25643B005645523D2530327861
:104450003B00000043503D262600000044543D250B
:10446000733B00004D4E3D25642C25643B0000004D
:10447000563D252E32663B00413D252E32663B00DF
:10448000483D252E32662C252E32663B000000006A
:10449000543D252E32662C252E32663B000000004E
:1044A00044533D253031642C253031642C25303186
:1044B000642C253031643B503D25643B5350443DD2
:1044C000303B000050413D253031643B000000008E
:1044D0004F563D253031643B4F4350533D253031DD
:1044E000643B000057415445523D253031642C2532
:1044F0003031643B0000000052454C41593D2530AD
:1045000031642C253031642C253031642C25303138
:10451000643B0000252E3266000000002564000088
:104520004348563D25732C25732C25732C25733B4E
:10453000000000004348413D25732C25732C257352
:104540002C25733B000000004D49553D25643B0080
:104550004C41543D252E3036663B4C4E473D252E72
:104560003036663B0000000026260000253034640B
:10457000000000009DF85A0220719DF85B026071F6
:10458000AFF21C012046EBF7B4FF8146B9F1000FF2
:1045900002D10020388019E04846EBF7D2FF0646EA
:1045A00031464846FEF74AFAA690402196A8EBF716
:1045B00089FF09A196A8A69AF8F7E0FA96A92046DD
:1045C000EBF78BFF2046EBF7BCFF38800DF5297D1C
:1045D000BDEC048BBDE8F08F25303278232300003A
:1045E00070B50446FAF758FA054600263421281D0E
:1045F000EBF768FFA068EBF7A4FFC6B226B96079B5
:104600007421FAF7A3FE10E0002005E0A1680A5C1F
:10461000291D0A54411CC8B2B042F7DB0420FAF746
:10462000A5FE60790121FAF791FE70BD1CB5044624
:10463000A06800788DF80000A06840788DF801002F
:10464000A06880788DF80200A068C0788DF803001B
:10465000A06800798DF80400A06840798DF8050005
:10466000A06880798DF80600A068C0798DF80700F1
:104670006846FAF7F5FD60790121FAF767FE1CBD7F
:1046800070B50446A068057825B960797421FAF7F9
:104690005DFE06E02846FAF7FFFD60790121FAF792
:1046A00055FE70BD70B50446A0684078A1680978D1
:1046B00040EA0125A068867825B960797421FAF767
:1046C00045FE07E031462846FAF7F0FD6079012102
:1046D000FAF73CFE70BD70B50446A0680678A06885
:1046E0008078A168497840EA012525B9607974216C
:1046F000FAF72CFE07E031462846FAF7E9FD607923
:104700000121FAF723FE70BD70B50446A068057854
:10471000A068407840EA0525A068807840EA052531
:10472000A068C07840EA05252846F6F78FFB70BDE3
:104730003EB504460020009001900290A0684078A9
:10474000A168097840EA0120ADF80000A068C078AF
:10475000A168897840EA0120ADF80200A06840799C
:10476000A168097940EA0120ADF80400A068C07989
:10477000ADF80600A068407AA168097A40EA0120F5
:10478000ADF808006846FAF71DFF60790121FAF7D5
:10479000DDFD3EBD07B5BDF80200BDF800100844C0
:1047A000BDF80410401ABDF8001090FBF1F201FBB7
:1047B000120080B20EBD0000F8B505460E4600247A
:1047C00000270020009000BF0FE0295D0848FEF799
:1047D000AFFF07463FB969460548FEF74DFC295D26
:1047E0000348FEF7A5FF601C84B2B442EDDBF8BDC0
:1047F000700500242DE9F041AEB006460C46FAF7EC
:104800004BF9054680210EA8EBF75CFE342101A888
:10481000EBF758FE0027102246A101A82B68F8F7F5
:10482000ADF901A8EBF78DFEA0F10108414601A802
:10483000FEF704F907460021304614F05DFF01231E
:1048400000223EA1304614F09BFF80210EA8EBF71A
:1048500039FE3C4843683CA102680EA8F8F78EF97F
:1048600001230EAA3BA1304614F0B4FF00203549C5
:104870000860486008720021304614F051FF802122
:104880000EA8EBF71FFE112233A10EA8F8F776F958
:1048900001230EAA32A1304614F09CFF80210EA8FD
:1048A000EBF710FE2FA10EA82A68F8F767F901238D
:1048B0000EAA2DA1304614F08DFF01231EA22BA1BC
:1048C000304614F087FF012329A22CA1304614F0B2
:1048D00081FF01232AA22EA1304614F07BFF802104
:1048E0000EA8EBF7EFFD0EA81FF0C2FE01230EAAE3
:1048F00029A1304614F06EFF80210EA8EBF7E2FDEF
:104900003A4626A10EA8F8F739F900230EAA24A1E9
:10491000304614F05FFF0121304614F001FF012101
:10492000304614F0E9FE3046EBF70BFE20802EB047
:10493000BDE8F0812578256445330000636F646528
:1049400000000000640500242530386425303964F7
:1049500000000000716E0000253032780000000079
:10496000766572002564000074696400636D6400FC
:10497000464E2D4A5454592D505900006D6F640015
:10498000312E302E372E3230323531323230000077
:10499000737973766572000074736E002578000079
:1049A000637263002DE9F04705460F4616469846A8
:1049B000A7EB05094FF400720D492846FDF7A4FE48
:1049C000002406E0305D04EB0901094A5054601CE4
:1049D00084B24445F6D30BF0FBF82846FBF7F8FC0D
:1049E0004FF4007202492846FDF7B0FEBDE8F0879B
:1049F000A481012470B504460420F4F795F80A4810
:104A0000046025464FF47A7045434FF0E02000697A
:104A100040F002004FF0E02108610846456100695E
:104A200040F00100086170BDF801002430B5044673
:104A3000002504E04FF47A7000F004F86D1CA542E4
:104A4000F8D330BD70B5034600224FF0E0267569FB
:104A50000D4E366803FB06F44FF0E026B16910E016
:104A60004FF0E026B06988420BD0884202D20E1A7D
:104A7000324402E02E1A0E4432440146A24200D3D0
:104A800000E0EDE700BF70BDF801002400B587B07D
:104A9000002003900290019001AA02A903A805F04A
:104AA00009FABDF90C000490BDF908000590BDF9A4
:104AB0000400069004A80BF08DF8024880ED040A6B
:104AC00007B000BD040A0020044890ED040ABCEEC3
:104AD000C00A10EE100A80B270470000040A0020DD
:104AE000014602488A1C805C70470000380A00209A
:104AF00010B5FAF7C1FE10BD024901EB800191ED3E
:104B0000000A70470C0A0020024901EB800191ED78
:104B1000000A7047040A002010B50024214890F8CC
:104B2000340001280AD10021084600F041F9012192
:104B300008460BF045F9FAF713FC24E0194890F801
:104B4000340002280ED10021084600F031F901217D
:104B500008460BF035F91BF04FFC4FF47A70FAF76A
:104B6000F3FD10E00F4890F8340004280BD1002129
:104B7000084600F01DF9012108460BF021F94FF419
:104B80007A70FAF7E1FD002408E02046F4F784FA91
:104B900004493431621C8854601CC4B2082CF4DB14
:104BA00010BD0000040A0020014890F83E00704744
:104BB000040A0020014890F83F007047040A0020D2
:104BC000014890F83C007047040A0020014605485F
:104BD00000EB810090ED000ABCEEC00A10EE100A56
:104BE000C0B27047300A0020014890F83500704785
:104BF000040A0020014890F840007047040A002091
:104C000000B589B0002004900590069007900090B0
:104C100001900290039018480078401C16490870D3
:104C200008460078642825DB0020087004A968463F
:104C3000F8F7E2FF60B99DED000BB7EEC00B0F482F
:104C400080ED020A9DED040BB7EEC00B80ED000A6B
:104C500006A902A8F8F7F0FE60B99DED020BB7EEC9
:104C6000C00B064880ED030A9DED060BB7EEC00BA6
:104C700080ED010A09B000BD4F000024040A0020A5
:104C800006281CD2DFE800F003070B0F13170D49AD
:104C900091ED050A70470B4991ED060AFAE70949BB
:104CA00091ED070AF6E7074991ED080AF2E7054991
:104CB00091ED090AEEE7034991ED0A0AEAE79FED53
:104CC000020AE7E7040A002000000000014602484B
:104CD0008A1D805C70470000380A0020314890F837
:104CE0003E00B0B92F4890F83F0090B92E480078A8
:104CF000012803D02C484078012825D1294890F874
:104D00003E0029490870274890F83F00487001206C
:104D10007047244890F83E00012804D0214890F8BC
:104D20003F00012810D12048007868B91E4840781B
:104D300050B91C4890F83E001B490870194890F87B
:104D40003F0048700120E3E7164890F83E001649FE
:104D50000870144890F83F004870124890F84000DE
:104D600050B912480078012815D10E4890F840003B
:104D70000E4908700120CBE70A4890F8400001284E
:104D800009D10A48007830B9064890F84000074930
:104D900008700120BCE7034890F840000349087000
:104DA0000020B5E7040A00204C0000244E00002437
:104DB000014A115470470000380A0020014981F867
:104DC0003E007047040A0020014981F83F00704707
:104DD000040A0020014981F841007047040A0020BC
:104DE000014981F840007047040A0020062840D29B
:104DF000DFE800F0030F17232F37DFED1F0A80EEE7
:104E0000201AF6EE000A71EE600A1C49C1ED070A8D
:104E10002FE0DFED190A80EE201A184981ED081AFB
:104E200027E0DFED150A80EE201AF6EE000A71EE9B
:104E3000600A1249C1ED090A1BE09FED0F1AC0EE8E
:104E4000010AB6EE001A70EEC10A0C49C1ED0A0A59
:104E50000FE0DFED090A80EE201A084981ED0B1AF8
:104E600007E0DFED050A80EE201A044981ED0C1AF7
:104E700000BF00BF7047000019A49544040A002039
:104E800010B1012810D107E0DFED080A80EE201AEA
:104E9000074981ED051A07E0DFED060A80EE201ACA
:104EA000034981ED061A00BF00BF70474C527F4690
:104EB000040A0020F8DD9B4610B5044600F001F816
:104EC00010BD12E001F048F8FFF726FEFFF798FE4C
:104ED000FFF7DCFDFBF738F8FBF7ECF9FFF708FE0E
:104EE0000AF076FE0A2028F0C1FEEBE770B5064610
:104EF0000D46F9F7D1FD044625B1012D08D0022D4C
:104F000013D10BE00AA130462268F7F737FE0CE018
:104F1000221D09A13046F7F731FE06E004F1380200
:104F200005A13046F7F72AFE00BF00BF70BD0000A4
:104F300025303658000000002573000001460B881C
:104F40004A8802F47840B0F5784F06D103F47840EF
:104F5000B0F5704F01D10120704702F47F40B0F5E9
:104F60008E4F01D10120F7E70020F5E770B500244E
:104F700006E0194850F8240000B903E0601CC4B2F0
:104F8000042CF6DB00BF042C0CDA00F029F81249DF
:104F900041F82400084650F8240018B10F48047066
:104FA000204670BD00240D480078401CC5B20EE0BC
:104FB000042D00DB0025084850F8250018B10748EB
:104FC00005702846EDE7601CC4B2681CC5B2042C0D
:104FD000EEDB0420E5E70000F0E402247802002480
:104FE00070B52E2027F09FFF05460DB9002070BD3B
:104FF00000BFEBF72DFA86B2B6F5806F06DB3246BE
:105000000C49284627F0ECFB044601E06FF007044A
:1050100004F108000028ECD024B1284627F0BEFF98
:105020000020E4E700220449284627F0AFFF284685
:10503000DDE70000A8000608A1560308014600208D
:1050400051B1CA7A521C022A06DACA7A521C034BA0
:1050500053F8222002B10120704700007C02002496
:105060002DE9F04105460E46002428E004EB4400FB
:105070003A4951F8200000B304EB440001EB8000F2
:10508000007AA84219D104EB4401344F07EB8101A7
:105090004A6805EB0511324F07EB011101F11000D1
:1050A00004EB44012D4F57F821303146984700203A
:1050B00004EB44013A4642F82100601CC4B2042CBF
:1050C000D4DB002421E0AC4200D11CE004EB04104E
:1050D000234901EB0010807A022813D104EB04105D
:1050E00001EB0010C07B05EB05111D4A02EB01111D
:1050F000C97B884206D1042005EB051102EB0111A2
:10510000C87304E000BF601CC4B2042CDBDB00BF2A
:1051100005EB0510124901EB0010C07B04281BDAD7
:1051200005EB05110E4A02EB0111C97B0D4A52F83D
:10513000210027F033FF002005EB0511084A02EBA0
:105140000111C97B074A42F82100042005EB051133
:10515000034A02EB0111C873BDE8F08140E9022463
:1051600000E50224F0E4022410B5002404E0204607
:1051700000F006F8601CC4B2042CF8DB10BD00007F
:1051800070B5054605EB0510334901EB001400BF6F
:10519000042D08DB00BF31A340F21C4239A140A01E
:1051A000F7F7DCFC00BF00BFA07A002845D001283B
:1051B00004D0022812D0032840D135E000F010F9C5
:1051C00020810220A0720020E072012020730020C4
:1051D0006073284600F062FB06463BE0207B401EE1
:1051E000C0B22073F8B9607B401CC0B26073042861
:1051F00012D12046FFF722FF38B1E07A401CE0725E
:10520000012020730020607308E000212846FFF78A
:1052100027FF0020A0721DE0607B2073284600F06D
:105220003DFB064600BF15E0206818B12068401E0F
:10523000206008B90020A0720CE00BE000BF00BFA6
:1052400006A340F25B4220A115A0F7F787FC00BF40
:1052500000BF00BF00BF70BD00E502242E2E5C2EF3
:105260002E5C4D6964646C6577617265735C6C7704
:1052700069705C7372635C636F72655C646E732EDD
:1052800063000000617272617920696E6465782044
:105290006F7574206F6620626F756E647300000016
:1052A000417373657274696F6E20222573222066C4
:1052B00061696C6564206174206C696E6520256489
:1052C00020696E2025730A00756E6B6E6F776E20F5
:1052D000646E735F7461626C6520656E74727920B0
:1052E00073746174653A00002DE9F04706460F4675
:1052F0009046444600BF2146384616F055FD054607
:10530000002D03DB4FF6FF70844203D14FF6FF7090
:10531000BDE8F087601C84B205F0C000C02802D14F
:105320004FF6FF70F4E721E02146384616F03CFDC9
:105330008146B9F1000F02DA4FF6FF70E8E73078E6
:10534000EBF77FF8824609F0FF00EBF77AF8824529
:1053500002D04FF6FF70DBE74FF6FF70844200D1BA
:10536000D6E7601C84B2761C6D1E00BF002DDBDC0E
:10537000761C2146384616F017FD0546002D02DA48
:105380004FF6FF70C4E7002DB5D14FF6FF70844291
:1053900000D1BDE7601C80B2BAE7000070B50546D9
:1053A0000E4605EB05100C4901EB00140320A0721A
:1053B00026600A492068884201D908462060211DDC
:1053C0002846FFF74DFE206820B9A07A032801D1B6
:1053D0000020A07270BD000000E50224803A0900A0
:1053E00070B500BFEBF734F885B2002411E004EB90
:1053F00004100A4901EB0010807A022807D104EB5F
:10540000041001EB00100089A84200D1EAE7601CFB
:10541000C4B2042CEBDB284670BD000000E502247A
:105420002DE9FF4F83B08B4691469A460025002414
:1054300036E004EB04105B4901EB0010807A02288F
:105440002CD104EB04100A4602EB001000F110010D
:105450004FF48072039813F043FBF8B900261BE069
:1054600006EB4600504951F8200098B906EB46007B
:1054700041F8209006EB460001EB8000C0F804A044
:1054800006EB460001EB800004726FF0040007B0E9
:10549000BDE8F08F701CC6B2042EE1DB601CC4B204
:1054A000042CC6DB002002904FF00408002417E013
:1054B00004EB04103B4901EB0015A87A00B911E098
:1054C000A87A03280AD1A97B384A1278511AC8B29F
:1054D0000299884201DD0290A04600BF601CC4B260
:1054E000042CE5DB00BF042C13D1B8F1040F07DA5C
:1054F00008EB08102B4901EB0010807A032802D03A
:105500004FF0FF30C3E7444604EB0410254901EB9C
:105510000015002700260CE006EB4600224951F852
:10552000200020B906EB460001EB800703E0701C69
:10553000C6B2042EF0DB00BF17B94FF0FF30A6E76C
:105540003C720120A87219480078A873C7F800902F
:10555000C7F804A0BBF1FF0F01D2584600E0FF20BE
:10556000019005F11000019A0399EAF783FF0022E8
:1055700005F1100101980A54FFF7F8FCE873E87B85
:10558000042804DB0020A8723860401E7FE707482B
:105590000078401C054908702046FFF7F1FD6FF0C8
:1055A000040074E700E5022440E9022479020024A3
:1055B000F8B504460D4616461F4600203B463246C7
:1055C00029460090204600F001F8F8BD2DE9F0478B
:1055D00005460E4617469846DDF8209016B10DB1E7
:1055E000287818B96FF00F00BDE8F0872846EAF771
:1055F000A8FF0446FF2C02D96FF00F00F4E73146F4
:10560000284609F081FD08B10020EDE73146284623
:1056100000F018F808B90020E6E70648006810B95D
:105620006FF00500E0E743463A4621462846FFF77B
:10563000F7FED9E77C02002400BF00BF00BF00BF17
:105640007047000070B506460D46002421E004EBCB
:105650000410124901EB0010807A032817D104EBE3
:1056600004100A4602EB001000F110014FF48072A2
:10567000304613F035FA50B900BF35B104EB0410D1
:10568000064901EB001040682860002070BD601CD6
:10569000C4B2042CDBDB6FF00F00F7E700E5022457
:1056A0002DE9F04F89B017469A463889102800DA5C
:1056B000EBE000230C2206A9384615F097FE0C28D3
:1056C00073D1BDF8180010F082FC81460025D8E0A7
:1056D00005EB05106F4901EB0016B07A02286ED178
:1056E00030894845FBD1BDF81C0010F070FC8346A2
:1056F000BDF81E0010F06BFC80469DF81A0000F00B
:10570000800000B9C1E0BBF1010F00D0BDE0F17A2B
:10571000614A52F82110DAF80000884200D0B4E063
:105720000C22394606F11000FFF7DEFD04464FF665
:10573000FF718C4200D1A8E02346042202A938461A
:1057400015F054FE042800D09FE0BDF80A00B0F523
:10575000807F05D100BFBDF80800B0F5807F00D084
:1057600093E0201DB0F5803F00DB8EE0201D84B269
:105770009DF81B0000F00F0060B13046FFF75EFCA3
:1057800000286DD003207073012030732846FFF786
:10579000F7FC7AE05EE02146384600F083F90446E3
:1057A0004FF6FF70844201D16FE06DE023460A227C
:1057B00003A9384615F01AFE0A2801D065E05EE01C
:1057C00004F10A00B0F5803F00DB5EE004F10A005E
:1057D00084B2BDF80E00B0F5807F28D1BDF80C0072
:1057E000B0F5807F22D1BDF81400B0F5806F1DD1D7
:1057F0002346042201A9384615F0F8FD042800D0FC
:1058000043E005EB0511234A02EB011101984860C2
:10581000384615F0FFFE049810F0CCFB01460090CE
:105820002846FFF7BBFD09B0BDE8F08F00BFBDF80B
:10583000140010F0CCFB2044B0F5803F00DB24E0E6
:10584000BDF8140010F0C3FB204484B2A8F101009D
:105850001FFA80F8B8F1000F02DD3889A0429ADC07
:10586000384615F0D7FE00212846FFF7F9FB002047
:1058700005EB0511074A02EB01118872D3E7681C9A
:10588000C5B2042DFFF624AF00BF384615F0C2FEA6
:1058900000BFC8E700E502247C0200242DE9F04F98
:1058A00089B083460BEB0B10554901EB001500BF87
:1058B000E87A022808DB00BF52A340F2FA225BA17B
:1058C00060A0F7F74BF900BF00BFE87A674951F8CD
:1058D000200040B900215846FFF7C2FB0020A87203
:1058E00009B0BDE8F08F05F11000EAF72AFE12308A
:1058F00080B24FF4207201460290362015F0B2FAC1
:105900000746002F71D00020069007900890288944
:1059100010F05DFBADF8180001208DF81A000002B0
:10592000ADF81C000C2206A9384616F023F905F143
:105930001004641E0C2600BF641CA0464FF0000932
:1059400004E009F1010000F0FF09641C20782E2812
:1059500002D020780028F4D1A4EB080080B2049093
:1059600006EB0900401CB0F5803F00DB41E04A46F1
:105970003146384615F06FFF701C83B241463846F9
:10598000049A16F091F906EB0900401C86B22078C3
:105990000028D1D100223146384615F05CFF701C3A
:1059A00086B24FF48070ADF81400ADF8160033469F
:1059B000042205A9384616F077F9E97B03913520D2
:1059C0000190E97A294800EB81000290284A039966
:1059D00052F821003946DDE9013227F01DFB8246ED
:1059E000384615F017FE02E0FFE74FF0FF3A504649
:1059F00076E7384615F00EFE6FF0050070E7000000
:105A000000E502242E2E5C2E2E5C4D6964646C65CC
:105A100077617265735C6C7769705C7372635C63E9
:105A20006F72655C646E732E63000000646E732099
:105A3000736572766572206F7574206F662061726F
:105A400072617900417373657274696F6E202225EB
:105A50007322206661696C6564206174206C696ED4
:105A60006520256420696E2025730A007C020024CD
:105A7000F0E4022430B50346002079B10C686CB123
:105A8000086858B1040E064D6C74050C044C25745E
:105A9000050AE5732546A8730124EC7130BD0000AA
:105AA000B0D503242DE9F04106460F463C4600BF21
:105AB0002146621C94B2304616F076F90546002D58
:105AC00000DB1CB94FF6FF70BDE8F08105F0C000A7
:105AD000C02800D114E060193189884202DB4FF6FA
:105AE000FF70F1E7601984B22146304616F05CF988
:105AF0000546002D02DA4FF6FF70E5E7002DD7D1FD
:105B000000BF4FF6FF70844200D1DDE7601C80B219
:105B1000DAE710B5FFF728FB10BD00002DE9F041D2
:105B200004460D4600BF05F00300002808D000BF62
:105B30000BA34FF4B67214A11BA0F7F70FF800BF28
:105B400000BF2E461EF0F8FF0746A06800683060D0
:105B5000A068066038461FF085F8BDE8F0810000B7
:105B60002E2E5C2E2E5C4D6964646C6577617265C7
:105B7000735C6C7769705C7372635C636F72655C95
:105B80006D656D702E6300006D656D705F6672658A
:105B9000653A206D656D2070726F7065726C79204A
:105BA000616C69676E656400417373657274696FD7
:105BB0006E2022257322206661696C656420617401
:105BC000206C696E6520256420696E2025730A00AB
:105BD00070B505461EF0B0FF0646A8680468002CA4
:105BE00016D02068A968086000BF04F003000028F0
:105BF00008D000BF09A34FF48C7212A11AA0F6F7C7
:105C0000ADFF00BF00BF30461FF02CF8204670BD2E
:105C100030461FF027F80020F9E700002E2E5C2EFA
:105C20002E5C4D6964646C6577617265735C6C773A
:105C300069705C7372635C636F72655C6D656D70D7
:105C40002E6300006D656D705F6D616C6C6F633A03
:105C5000206D656D702070726F7065726C79206157
:105C60006C69676E65640000417373657274696F77
:105C70006E2022257322206661696C656420617440
:105C8000206C696E6520256420696E2025730A00EA
:105C90002DE9F04105460E46144610271E480078AF
:105CA000D8B11E48007840B11D4988692146F6F7F1
:105CB00055FF1CA0F6F752FF07E01949C8692146B5
:105CC000F6F74CFF17A0F6F749FFAC4201D22C467D
:105CD00003E0A819A04200D2AC1911490869F6F7EF
:105CE0003DFF10A0F6F73AFF09E021460EA022681A
:105CF000F6F734FF0BA0F6F731FF241D7F1EA8191D
:105D0000A04201D9002FF0D10EA0F6F727FF05A081
:105D1000F6F724FFBDE8F08136050024380500249D
:105D2000445806080D0A00002020616464723A207D
:105D30002530387820202020646174613A20253095
:105D4000387800003D3D3D3D3D3D3D3D3D3D3D3DC7
:105D50003D3D3D3D3D3D3D3D3D3D3D3D3D3D3D3D73
:105D60003D3D3D3D3D3D3D3D0000000070B50346DD
:105D700000220F4D2D680F4EB5FBF6F505FB03F421
:105D800000BF0D4D696810E00B4D686888420CD06B
:105D9000884202D9451A2A4403E0C1F1FF3505447F
:105DA0002A440146A24200D300E0EDE700BF70BDE7
:105DB0000000002440420F00001000E070B50446CF
:105DC0000D462088F8B9EDB1022D12D1E08A0128E4
:105DD00018D0E08A042804D104210020FEF7E8FF4F
:105DE00010E0E08A06280DD102210020FEF7E0FF36
:105DF00008E0032D06D1A08A012803D1012100204B
:105E0000FEF7D6FF00BF00BF70BD0000F0B589B03F
:105E1000FAF7B6FC002426E0434D00200BE043498E
:105E200011F83010A14204D1404901EBC0014D6886
:105E300005E0411CC8B23E4909788842EFDB00BF4B
:105E40001C223C4902A8EAF715FBADF80840C4EB58
:105E5000C401394A02EB81001C2202A90895EAF725
:105E600009FB601CC4B2012CD6DB00242CE000BF6F
:105E700004F16400C0B205462B4E00200BE02F4910
:105E800011F83010A94204D12C4901EBC0014E6831
:105E900005E0411CC8B22A4909788842EFDB00BFFF
:105EA000242224491C316846EAF7E4FAADF8085088
:105EB00004EBC401234A02EB8100242269460896C0
:105EC000EAF7D8FA601CC4B2012CD0DB1E481F4987
:105ED00001231C4ACDE900101946174800F0C2F80A
:105EE00000241BE01A4800EBC4052878A0F16401E7
:105EF000C9B20F46012F0FDA00260AE06A68915DE9
:105F000007EBC7020F4B03EB820000F03BF8701C5D
:105F1000C6B26878B042F1DC601CC4B20D480078AB
:105F20008442DFDB09B0F0BD3002002490FC05089C
:105F300099FC05084CFC0508C8D3012494FC05080D
:105F40009AFC0508E4D30124BD5D0308652A020814
:105F50008CFC050898FC050810B503494868804783
:105F6000044600F0A3F810BD2802002410B5EFF796
:105F7000B3FC10BD70B504460D4629462046EFF728
:105F80008DFC70BD70B506460C46204600F01AF830
:105F90000546002D00DA70BD2946304600F002F8B3
:105FA00000BFF8E710B500BF01F01F04012303FA9A
:105FB00004F24B0950F8233013434C0940F82430C5
:105FC00000BF10BD30B504460F4A002100BF09E0F4
:105FD000C1EBC105106830F82500A04201D1084688
:105FE00030BD491C90888842F2DC1369918806E034
:105FF0009888A04201D10846F2E71B68491C002B93
:10600000F6D1581EECE70000A0D301242DE9F041A1
:106010000746134C00250DE0C5EBC503226802EBD3
:106020008300E16988478046424629463846F9F7A9
:1060300088FD6D1CA088A842EEDC2669A5880AE0D0
:10604000301DE16988478046424629463846F9F7BF
:1060500078FD36686D1C002EF2D1BDE8F08100009D
:10606000A0D301242DE9F04782460D4616461F466F
:10607000DDE908890C4CB9F1000F02D0B8F1000F2E
:1060800002D10020BDE8F08728212046EAF71AFA5D
:10609000C4F800A0A580A660A781C4F81890C4F831
:1060A0001C800120EEE70000A0D301241CB50446AB
:1060B0000020009001906846FFF7A8FF214668463F
:1060C00000F058F81CBD2DE9F04707460C46154670
:1060D0001E46DDF8208031462846F9F757FD00F0CE
:1060E000FF0931462046F9F751FD00F0FF0A43460B
:1060F0004A465146384617F00FFFBDE8F0872DE9B4
:10610000FC4706460F4615461C46DDF82880002051
:106110000090019040212046F9F743FD08B9BDE801
:10612000FC874023224629466846F9F7F7FC4022BF
:1061300021466846F9F71CFD08B9012000E000205F
:1061400081464023224639466846F9F7E7FC40225B
:1061500021466846F9F70CFD08B9012000E000204F
:10616000824643464A465146304617F0D5FE00BFA8
:10617000D5E700002DE9F84F81460E46304C00254A
:106180000CE00096C5EBC502216801EB82002B46AE
:106190004A4604F12001FFF796FF6D1CA088A84233
:1061A000EFDCD4F81080A5880BE02B464A4604F1BA
:1061B000200108F104000096FFF785FFD8F8008061
:1061C0006D1CB8F1000FF0D1002511E0009605EB31
:1061D000C502A16801EB820305EBC50201EB820158
:1061E00001F108004A4604F12001FFF788FF6D1C09
:1061F000A089A842EADC676909E03B1D4A4604F130
:10620000200107F10C000096FFF779FF3F68002F8F
:10621000F3D104F120014A464023002004E052F863
:1062200020C041F820C0401CA3F1010C4FF0010A2E
:106230000AEB5C1C8445F2D800BFBDE8F88F000073
:10624000A0D301240246501A704700002DE9F05FE8
:1062500080460E46444600BF44B900BF4DA34FF4EC
:10626000DC7257A15AA0F6F779FC00BF00BF1EF000
:1062700063FC834600206060267294F8200040F0A2
:10628000010084F8200065780020607058461EF0F8
:10629000E9FCA06A20B1002204212046A36A9847A5
:1062A000A06A20B1002211462046A36A9847A06A3E
:1062B00020B1002202212046A36A9847304611F0FF
:1062C0006BF8824604F1100030B1206920B15146CC
:1062D00004F110001EF056FE04F1140030B16069A4
:1062E00020B1514604F114001EF04CFE012D03D0E4
:1062F000042D01D0032D3ED194F82000C0F3800975
:1063000000BF00BF94F8200000F0FB0084F82000DC
:1063100000BF00BFB9F1000F2CD100BF606A40B9C7
:1063200000BF1CA34FF4F37233A129A0F6F716FCAB
:1063300000BF00BF042D03D10020616A087101E095
:10634000606A0671606A006800F10C0700BF0FB157
:10635000386840B900BF0FA340F2EF122DA11CA076
:10636000F6F7FCFB00BF00BF0020606238461FF05C
:10637000A9F800BF0CE000BF606A40B100BF05A3F0
:1063800040F2F7122AA112A0F6F7E8FB00BF00BF07
:10639000BDE8F09F2E2E5C2E2E5C4D6964646C650A
:1063A00077617265735C6C7769705C7372635C6152
:1063B00070695C6170695F6D73672E630000000037
:1063C000636F6E6E20213D204E554C4C0000000046
:1063D000417373657274696F6E2022257322206683
:1063E00061696C6564206174206C696E6520256448
:1063F00020696E2025730A00636F6E6E2D3E6375F3
:106400007272656E745F6D736720213D204E554C2E
:106410004C000000696E61766C6964206F705F6388
:106420006F6D706C657465645F73656D000000006E
:10643000636F6E6E2D3E63757272656E745F6D7301
:1064400067203D3D204E554C4C0000000146002980
:1064500002DC4842112801DB0520704702484A420D
:1064600050F82200F9E70000E8FE050838B50446B8
:10647000002000906A461649098863692068984799
:10648000002802DA6FF0040038BD1249098800982C
:10649000084010490988884206D00F4909880098A9
:1064A000084008B10220EFE70A490988009808402F
:1064B00008490988884201D00320E5E7009800F4E4
:1064C0008070B0F5807F01D00420DDE70520DBE798
:1064D0000C0200240E02002410020024F8B5044629
:1064E000002700200090002500266A460221284649
:1064F000636998471F203A49088004203949088079
:106500001020394908800020384908606068002858
:1065100056D1A06808B1A0688047202020600025DF
:1065200014E06A462E480188284663699847002887
:1065300002DA6FF0040608E0009800F01F00A8429D
:1065400002D12560002603E000BF6D1C1F2DE8D995
:1065500000BF20681F2801D96FF0020656BB4FF418
:1065600000420021236920689847002826DB6A46FC
:10657000002163692068984700281CDBA0698047D8
:10658000074612E0A0698047C01BB0F5FA7F09D822
:106590006A460021636920689847002805DA6FF091
:1065A000040607E06FF0010604E0009800F40040E4
:1065B0000028E7D104E06FF0040601E06FF0030665
:1065C0005EB9A0698047074600BFA0698047C01B2D
:1065D000B0F5FA6FF9D9012060603046F8BD0000CF
:1065E0000C0200240E0200241002002408020024E1
:1065F00002462AB1C86818B1886808B1086910B99C
:106600004FF0FF307047086890604B68D360CB68EC
:1066100053618B6813610B6993610020F2E738B511
:1066200004460020009000256A4600216369206826
:10663000984700280CDB009840F4805000902369B4
:1066400020680021009A9847002803DA2D1F01E0F6
:106650006FF00405284638BD0148407870470000B7
:10666000B0D503240148807870470000B0D50324DA
:106670000148007970470000B0D5032410B500240C
:106680002B4890F82800012807D12948407820B9E4
:1066900012F002F9002027490870254890F82800D8
:1066A00050B92448007838B900F08EF9642027F0FA
:1066B000DDFA01201F4908701D4890F8280070B9C4
:1066C0001D480078401CC0B21B490870642809DBD3
:1066D000002008700120164981F8290002E00020FE
:1066E00015490870124890F8290001281DD1002092
:1066F0000F4981F829004FF47A7027F0B7FA0C4857
:10670000807808B100F060F90948007908B100F01C
:1067100067F90748407908B100F078F912F0C4F938
:1067200000200349487003490870204610BD00004E
:10673000B0D50324550000245400002470B5002671
:106740000024F8F7F9F9054603207F4908707F48CF
:10675000007A10B17D48407A00B970BD7C4800785D
:1067600000287DD17948007810B101285CD12DE056
:106770007848F8F79DF97748007808BB7548407865
:10678000F0B974488078D8B97248C078C0B9002090
:10679000FEF714FB6D480078401C6C4908700846F1
:1067A000007869490978884206DB0120FEF712FB70
:1067B000002066490870087200206549087004E0EE
:1067C00010F09CFE0120624908705DE06148F8F716
:1067D0007FF96048007808BB5E484078F0B95D48B2
:1067E0008078D8B95B48C078C0B90020FEF7ECFAD1
:1067F00056480078401C55490870084600785249B0
:106800000978884206DB0120FEF7E4FA00204F49B0
:106810000870087200204E49087004E010F06EFE07
:1068200001204B4908702FE04A48F8F729FA4948F7
:10683000007818BB4748407800BB46488078E8B9E4
:106840004448C078D0B90020FEF7CAFA3F48007823
:10685000401C3E490870084600783B49097800E032
:1068600013E0884206DB0120FEF7B4FA0020374926
:106870000870087200203649087004E010F03EFEEF
:1068800001203349087000BF00BF3148007801285B
:1068900058D1304810F0FEFE0646012E52D000209E
:1068A0002B49087001F006FE044626BB27480078F5
:1068B00010B1012814D109E0AC4203DC0120FEF73D
:1068C0007DFA02E00220FEF779FA13E0AC4203DC25
:1068D0000120FEF779FA02E00220FEF775FA09E0DE
:1068E000AC4203DC0120FEF77BFA02E00220FEF757
:1068F00077FA00BF12E01548007810B1012808D1DE
:1069000003E00020FEF75AFA07E00020FEF75CFAE9
:1069100003E00020FEF764FA00BF00BF00200B492F
:10692000487208460078401C0870084600780649FE
:106930000978884206DB0120FEF74CFA0020034963
:106940000870087200BF08E757000024AC15002447
:10695000560000245800002410B51348007A88B966
:1069600011484068401C10494860F8F701F90E4989
:106970004968884217D200200B490870012008722C
:10698000487210E00848407A68B907484068401CDF
:1069900005494860F8F7E6F803494968884202D299
:1069A00001200149487210BDAC15002401200249A4
:1069B00081F8290070470000B0D50324014981F80F
:1069C0002D007047B0D5032410B5044812F0A8F884
:1069D0000120024981F82A0010BD0000B0D503242F
:1069E0000120024981F82C0070470000B0D5032433
:1069F0000548407800B970470348407910B9012034
:106A00000149487100BFF6E7B0D5032401200249CF
:106A100081F82E0070470000B0D5032410B504465D
:106A200000F002F810BD000031E0FFF727FE00F093
:106A3000CFF8FFF7DDFFF8F785F8012801D1FFF760
:106A4000BDFFFFF77BFEF8F77DF8022802D000F0CB
:106A500021F807E00E48807820B1FFF7B5FF6420E9
:106A600027F004F90A48407801280DD126F072FC7D
:106A7000012809D10648807820B1FFF7A5FFC8207A
:106A800027F0F4F826F06CFC142027F0EFF8CCE7A0
:106A9000B0D5032410B500244A48407800B910BD91
:106AA000484890F82D0040B94648807820B1FFF75B
:106AB0008BFF642027F0DAF8F1E74248407801289C
:106AC00062D14048C07900285ED13E4880790128D3
:106AD0005AD13C4890F8240001063A4890F8250025
:106AE00041EA0041374890F8260041EA0020354944
:106AF00091F8271008430206324890F82400010656
:106B0000304890F8250041EA00412E4890F82600D0
:106B100041EA00202B4991F82710084300F47F40F8
:106B200042EA0022274890F824000106254890F800
:106B3000250041EA0041234890F8260041EA002060
:106B4000204991F82710084300F47F0042EA102200
:106B50001C4890F8240001061A4890F8250041EAE4
:106B60000041184890F8260041EA0020154991F8A4
:106B70002710084342EA1060134908600023134AB3
:106B800004F14400FEF714FD0E488078B8B90D48B2
:106B9000807940B90B4811F0C3FF1FF003FA0120C0
:106BA000084988700BE00748C079012807D10548DB
:106BB00011F0B6FF1FF0F6F901200249887000BFFE
:106BC0006DE70000B0D5032450000024755A030877
:106BD00010B50748407800B910BD0548007920B9C4
:106BE00026F088F801200249087100BFF4E7000090
:106BF000B0D5032470B50546002411E004EB440031
:106C0000094901EBC000067D4EB104EB440001EBE5
:106C1000C0008068A84202D1204600F083F9641CBD
:106C20000A2CEBDB70BD000090D303242DE9FF5F3D
:106C30000646894617464FF00A0AD346D046002436
:106C40000A200390002002900190009000BF73E0A2
:106C500004EB4400764901EBC000057DB8F10A0F52
:106C600002D10DB9A04665E0002D63D000BF012D13
:106C70000AD0022D08DA00BF6EA340F2231279A1D8
:106C800088A0F5F76BFF00BF00BFAEB104EB440175
:106C9000674A02EBC1013068496888420CD13FB1B4
:106CA00004EB4400114601EBC0008068B84203D1F8
:106CB000204604B0BDE8F09F012D28D104EB44002C
:106CC0005B4951F8300080B104EB440001EBC00097
:106CD000418A029881422DDB039404EB440054491D
:106CE00001EBC000408A029024E004EB44005049CC
:106CF00001EBC000418A019881421BDBA24604EBF4
:106D000044004B4901EBC000408A019012E0022D83
:106D100010DB04EB4400464901EBC000418A0098B7
:106D2000814207DBA34604EB4400414901EBC0006C
:106D3000408A0090601C04B20A2C89DB09F0020032
:106D400028B9B8F10A0F05D109F0010010B94FF0C8
:106D5000FF30AEE7B8F10A0F01DA444631E0BBF18B
:106D60000A0F11DA5C4600BF04EB4400304951F8C9
:106D7000300040B100BF2FA340F26D1253A149A0D3
:106D8000F5F7ECFE00BF0CE0BAF10A0F01DA544649
:106D900007E003980A2801DA039C02E04FF0FF3075
:106DA00087E700BF0A2C08DB00BF22A340F27F1256
:106DB0004CA13CA0F5F7D2FE00BF00BF204600F07A
:106DC000B1F800BF0A2C08DB00BF1AA340F28312FF
:106DD00044A134A0F5F7C2FE00BF00BF00BF04EB22
:106DE0004400134901EBC000007D40B100BF11A376
:106DF0004FF4C27240A12BA0F5F7B0FE00BF00BF58
:106E000036B104EB44010A4A02EBC1013068486024
:106E1000002004EB4401064A02EBC101488204EB66
:106E20004400114601EBC0008760204641E70000A6
:106E300090D303242E2E5C2E2E5C4D6964646C6509
:106E400077617265735C6C7769705C7372635C63A5
:106E50006F72655C697076345C6574686172702EFF
:106E6000630000007374617465203D3D2045544803
:106E70004152505F53544154455F50454E44494E32
:106E800047207C7C207374617465203E3D2045540E
:106E9000484152505F53544154455F535441424C12
:106EA00045000000417373657274696F6E2022257E
:106EB0007322206661696C6564206174206C696E60
:106EC0006520256420696E2025730A006172705F59
:106ED0007461626C655B695D2E71203D3D204E558D
:106EE0004C4C000069203C204152505F5441424CC0
:106EF000455F53495A4500006172705F7461626C6E
:106F0000655B695D2E7374617465203D3D20455459
:106F1000484152505F53544154455F454D50545978
:106F20000000000010B5044604EB44000C4951F881
:106F3000300060B104EB4401094A52F8310014F00A
:106F400069FB002004EB4401054A42F831000020AF
:106F500004EB4401024A02EBC101087510BD0000B8
:106F600090D30324F0B587B007460D4600BF0DB996
:106F700007B0F0BD00BF7C682088B0F5807F08D1E5
:106F80002079062805D16079042802D16088082874
:106F900003D0384614F03EFBEAE7D4F80E00069022
:106FA000A0690590686808B9002607E00598696837
:106FB000884201D1012000E0002006460EB10120E8
:106FC00000E00220034604F1080206A9284600F06A
:106FD00093FCE088B0F5807F03D0B0F5007F15D139
:106FE00013E086B1022206AB04F10800291DCDE9A9
:106FF0000232CDE9001005F12A0302462631284667
:1070000000F02AFB00E000BF01E000E000BF00BF8D
:10701000384614F0FFFA00BFAAE700002DE9FE434E
:1070200004460F461546A94600BF44B900BF5DA3FC
:1070300040F21E3267A16BA0F5F790FD00BF00BFC4
:1070400000BF47B900BF57A340F21F326FA165A030
:10705000F5F784FD00BF00BF00BF45B900BF51A3D5
:107060004FF448726CA15FA0F5F778FD00BF00BF38
:107070002146286807F0A8FA10B1DFF8AC8186E055
:10708000287800F0F000E02816D101208DF80400E7
:1070900000208DF805005E208DF80600687800F06D
:1070A0007F008DF80700A8788DF80800E8788DF843
:1070B00009000DF1040869E02868A1680840D4E9D6
:1070C0000112114088420ED0288880B24FF6A96183
:1070D000884208D0E06810B104F10C0903E06FF0B9
:1070E0000300BDE8FE835148007800EB40005049A2
:1070F00001EBC000007D02281BDB4C48007800EB50
:10710000400001EBC0008068A04212D147490978D5
:1071100001EB4101464A02EBC101D9F80000496880
:10712000884206D1414802783946204600F082F86C
:10713000D7E7002622E006EB46003D4901EBC00000
:10714000007D022818DB06EB460001EBC0008068DA
:10715000A04211D106EB4601354A02EBC101D9F834
:1071600000004968884207D13048067032463946E7
:10717000204600F05FF8B4E7701CC6B20A2EDADBD6
:107180003A464946204600F005F9AAE700BF4FF409
:107190000060434604F12A0239460090204600F080
:1071A000F3FC9EE72E2E5C2E2E5C4D6964646C65AC
:1071B00077617265735C6C7769705C7372635C6332
:1071C0006F72655C697076345C6574686172702E8C
:1071D000630000006E6574696620213D204E554CA9
:1071E0004C000000417373657274696F6E20222534
:1071F0007322206661696C6564206174206C696E1D
:107200006520256420696E2025730A007120213DC8
:10721000204E554C4C00000069706164647220215E
:107220003D204E554C4C0000B000060840030024A1
:1072300090D30324F8B505460E46144600BF04EB70
:107240004400314901EBC000007D022808DA00BF8C
:107250002EA340F2EE2239A144A0F5F77FFC00BF37
:1072600000BF04EB4400284901EBC000007D022868
:1072700039D104EB440001EBC000408AB0F58E7FA9
:1072800011DD04EB44000A4602EBC000011D284654
:1072900000F0A2FA38BB032004EB44011A4A02EBC7
:1072A000C10108751FE004EB4400174901EBC00061
:1072B000408AB0F5877F16DB04EB44000B4603EBF6
:1072C000C00000F10C0204EB440003EBC000011D00
:1072D000284600F08DFA30B9032004EB44010A4A35
:1072E00002EBC10108754FF40060009004EB44000C
:1072F000054901EBC00000F10C0305F12A023146FB
:10730000284600F041FCF8BD90D303242E2E5C2EBD
:107310002E5C4D6964646C6577617265735C6C7733
:1073200069705C7372635C636F72655C69707634FC
:107330005C6574686172702E630000006172705F3A
:107340007461626C655B6172705F6964785D2E73F5
:1073500074617465203E3D204554484152505F534E
:10736000544154455F535441424C45004173736549
:107370007274696F6E2022257322206661696C65C4
:1073800064206174206C696E6520256420696E201C
:1073900025730A002DE9FC5F81460F46164609F168
:1073A0002A0001904FF0FF3A4FF0000B4946386831
:1073B00007F00AF938B9387800F0F000E02802D078
:1073C0000FB1386818B96FF00F00BDE8FC9F4A464E
:1073D00001213846FFF72AFC8046B8F1000F02DA97
:1073E0004FFA88F0F1E700BFB8F17F0F08D300BF74
:1073F00069A340F2C13274A177A0F5F7AFFB00BFDB
:1074000000BF08F0FF0404EB44007D4901EBC0001D
:10741000007D78B94FF0010B012004EB4401784A5C
:1074200002EBC101087504EB4400114601EBC000FA
:10743000C0F8089000BF04EB4400714901EBC000A4
:10744000007D01280FD004EB440001EBC000007D5B
:10745000022808DA00BF50A340F2CD3269A15EA035
:10746000F5F77CFB00BF00BFBBF1000F00D1E6B910
:107470003946484600F0B0F98246BAF1000F11D102
:1074800004EB44005E4901EBC000007D012809D1F6
:10749000BBF1000F06D1002004EB4401584A02EB77
:1074A000C10148820EB950468FE700BF46B900BF00
:1074B00039A340F2E9325DA147A0F5F74FFB00BFC9
:1074C00000BF04EB44004E4901EBC000007D0228E0
:1074D00011DB594804704FF40060009004EB440045
:1074E00001EBC00000F10C0331464846019A00F060
:1074F0004BFB82464EE004EB4400414901EBC000E7
:10750000007D012846D100200090354618E000BFDC
:107510006889298988420AD1286840B100BF1EA322
:1075200040F2F93245A12CA0F5F718FB00BF00BFCF
:10753000287B00F0400010B10120009002E02D688F
:10754000002DE4D100BF009838B132464FF42071CD
:107550000E2013F0E7FE054603E03546284614F0FA
:107560003DFAA5B104EB4400254951F8300030B193
:1075700004EB4401224A52F8310014F04BF804EBBA
:1075800044001F4941F830504FF0000A01E04FF02D
:10759000FF3A00BF504618E72E2E5C2E2E5C4D6938
:1075A00064646C6577617265735C6C7769705C7339
:1075B00072635C636F72655C697076345C65746875
:1075C0006172702E6300000074797065206F7665BB
:1075D00072666C6F77000000417373657274696F37
:1075E0006E2022257322206661696C6564206174B7
:1075F000206C696E6520256420696E2025730A0061
:1076000090D303246172705F7461626C655B695D25
:107610002E7374617465203D3D2050454E44494EA3
:1076200047206F7220535441424C45007120213D48
:10763000204E554C4C000000400300246E6F20701B
:1076400061636B65742071756575657320616C6C21
:107650006F776564210000002DE9FC5F06460F4648
:1076600090469946DDE90CAB0020019000BF46B979
:1076700000BF31A340F25F423BA13FA0F5F76EFA95
:1076800000BF00BF4FF420721C210E2013F0EAFB54
:1076900005461DB94FF0FF30BDE8FC9F00BF68896B
:1076A0001C2808DA00BF24A340F26A423CA132A0A1
:1076B000F5F754FA00BF00BF6C680F980EF087FC16
:1076C000E08000BF96F83000062808D000BF1AA35B
:1076D00040F271423F4928A0F5F740FA00BF00BFD1
:1076E000D9F80000A060B9F80400A081DBF8000020
:1076F000C4F81200BBF80400E082DAF80000C4F815
:107700000E000E980068A0614FF480702080082061
:107710006080062020710420607140F60600434618
:107720003A4629460090304600F02EFA284613F0DB
:1077300071FF00250198AFE72E2E5C2E2E5C4D695F
:1077400064646C6577617265735C6C7769705C7397
:1077500072635C636F72655C697076345C657468D3
:107760006172702E630000006E6574696620213DB1
:10777000204E554C4C000000417373657274696F64
:107780006E2022257322206661696C656420617415
:10779000206C696E6520256420696E2025730A00BF
:1077A000636865636B2074686174206669727374C2
:1077B00020706275662063616E20686F6C64207350
:1077C0007472756374206574686172705F68647246
:1077D00000000000BC5C060870B504460D46034A74
:1077E0002946204600F004F870BD0000B0000608ED
:1077F0007FB504460D4616460121074A201D04F1B7
:107800002A038DE825000391324619462046FFF7EA
:1078100023FF04B070BD0000B600060870B5002458
:1078200064E004EB4400334901EBC000057D002D0A
:107830005BD004EB440001EBC000408A401C04EB29
:1078400044012C4A02EBC101488204EB440011467A
:1078500001EBC000408AB0F5967F0DDA04EB4400DE
:1078600001EBC000007D01280AD104EB440001EBCC
:10787000C000408A052803DB2046FFF753FB34E0B5
:1078800004EB44001B4901EBC000007D032807D135
:10789000042004EB4401174A02EBC101087524E0FF
:1078A00004EB4400134901EBC000007D042807D11C
:1078B000022004EB44010F4A02EBC101087514E0F9
:1078C00004EB44000B4901EBC000007D01280CD102
:1078D00004EB44020B4603EBC202111D04EB44020D
:1078E00003EBC2029068FFF777FF641C0A2C98DB59
:1078F00070BD000090D303242DE9F84305460E46E1
:107900001746984600BF95F83000062808D000BFFB
:107910002EA340F2A91239A141A0F5F71FF900BF2B
:1079200000BF5EB1306848B12946306806F04CFEB1
:1079300020B9307800F0F000E02803D16FF00F009C
:10794000BDE8F8832A4641463046FFF76FF9044602
:10795000002C01DA60B2F3E7022004EB44013A4A5A
:1079600002EBC101087504EB4400114601EBC000B5
:10797000856004EB440001EBC0003968C160B98840
:107980000182002004EB440102EBC101488204EBB8
:107990004400114651F83000B0B104EB440051F8F6
:1079A0003090002004EB440142F831004FF40060B5
:1079B0003B4605F12A0249460090284600F0E4F8CB
:1079C000484613F027FE00BF0020B9E72E2E5C2E9C
:1079D0002E5C4D6964646C6577617265735C6C776D
:1079E00069705C7372635C636F72655C6970763436
:1079F0005C6574686172702E630000006E65746966
:107A0000662D3E6877616464725F6C656E203D3DF3
:107A1000204554485F4857414444525F4C454E000E
:107A2000417373657274696F6E202225732220661C
:107A300061696C6564206174206C696E65202564E1
:107A400020696E2025730A0090D303241CB5F2F739
:107A500009F81748007A8DF800001548407A8DF82B
:107A600001001348807A8DF802001148C07A8DF821
:107A700003000F48007B8DF804000D48407B8DF813
:107A800005000C480C490860C1F804D001210A48DF
:107A900001720A4901610A49C1604FF4BF61416145
:107AA000ECF75CFF08B900201CBD0120FCE70000DA
:107AB000B0D503240080024018D301240000043014
:107AC000600004302DE9F04104460E464FF00E08E8
:107AD00060890E2800DC4FE0E07B18B996F834008E
:107AE000401CE0736568AF89287800F00100B0B1F0
:107AF0002878012809D1687888B9A8785E280ED13D
:107B0000607B40F01000607309E006221D492846A2
:107B1000E8F72CFD18B9607B40F008006073082F6F
:107B200003D0B7F5C16F22D110E096F8310000F014
:107B3000080000B920E04146204613F09FFF00B145
:107B40001AE03146204606F0B1FE11E096F8310009
:107B500000F0080000B90FE04146204613F08EFF08
:107B600000B109E031462046FFF7FCF900E003E0F0
:107B700000BF0020BDE8F081204613F04BFD00203F
:107B8000F8E70000B00006082DE9F04705460E466C
:107B900017469846DDF8209048460EF018FA8246BF
:107BA0000E21304613F0E4F800B122E07468A4F826
:107BB0000CA0D8F800002060B8F80400A080386855
:107BC000C4F80600B888608100BF95F83000062828
:107BD00008D000BF08A34FF4997212A11EA0F4F7B9
:107BE000BDFF00BF00BF31462846AA699047BDE8E7
:107BF000F0876FF00100FAE72E2E5C2E2E5C4D69A7
:107C000064646C6577617265735C6C7769705C73D2
:107C100072635C6E657469665C65746865726E65D6
:107C2000742E63006E657469662D3E6877616464C6
:107C3000725F6C656E206D757374206265203620EE
:107C4000666F722065746865726E65745F6F7574B7
:107C50007075742100000000417373657274696F60
:107C60006E2022257322206661696C656420617430
:107C7000206C696E6520256420696E2025730A00DA
:107C800038B504466B46224600210248EDF7F3F86A
:107C9000009838BD18D3012410B5044600BF44B97C
:107CA00000BF0CA340F2791215A119A0F4F756FFFA
:107CB00000BF00BF732084F83200742133200155C7
:107CC0001D4860611D48A06120460DF09BFC00200E
:107CD00010BD00002E2E5C2E2E5C4D6964646C6518
:107CE00077617265735C6C7769705C617263685C04
:107CF00065746865726E657469662E6300000000C5
:107D00006E6574696620213D204E554C4C00000084
:107D1000417373657274696F6E2022257322206629
:107D200061696C6564206174206C696E65202564EE
:107D300020696E2025730A001D700308ED580408A1
:107D400006460024354600BF4FF0FF310B4800685F
:107D500026F0EAFE0128F7D100BF28460DF052FDBB
:107D600004463CB1294620462A69904710B1204676
:107D700013F050FC002CF0D1E6E700005C03002477
:107D80002DE9F84F05460E46DDB1AF69002F12DA36
:107D90001CF0D2FE8146A869002808DA16B9A86945
:107DA000401EA86148461CF05DFFBDE8F88FAF6932
:107DB00048461CF057FF384600F088FB04460CB9D3
:107DC000F3E7F2E74FF001081CF0B6FE8146052EFE
:107DD00024D2DFE806F0030E151C20002089401C89
:107DE00000B22081B4F90800012801DD4FF000083D
:107DF00020E02089401E00B220814FF0000819E0E9
:107E0000608908B14FF000080120608112E0002075
:107E1000608180460EE00120A0810BE000BF00BF22
:107E200019A340F6F61223A126A0F4F797FE00BF8F
:107E300000BF00BF00BFA07B00B3B8F1000F1DD092
:107E4000B4F90800002801DD012000E0002082468E
:107E5000608908B1012000E000208346A08908B1B4
:107E6000012000E00020009048461CF0FBFE5A462E
:107E700051463846009B18F021F802E048461CF0B5
:107E8000F1FE00BF91E700002E2E5C2E2E5C4D69A6
:107E900064646C6577617265735C6C7769705C7340
:107EA00072635C6170695C736F636B6574732E637E
:107EB00000000000756E6B6E6F776E206576656EE4
:107EC00074000000417373657274696F6E2022251F
:107ED0007322206661696C6564206174206C696E30
:107EE0006520256420696E2025730A002DE9F04184
:107EF00080460E460EB1307810B90020BDE8F08102
:107F0000344600252BE008F1F40040F825402746D0
:107F100026212046E8F70BFB04461CB10020207008
:107F2000641C08E020213846E8F701FB04460CB148
:107F30000020207000243D213846E8F7F8FA074673
:107F40003FB100203870781C08F59A7141F825007F
:107F500004E0002108F59A7040F825106D1C102DE2
:107F600001DA002CCFD12846C8E7000010B5BE4882
:107F700090F83800C0F3400030B1BC49486BF4F7CA
:107F8000EDFDBBA0F4F7EAFDB748806BC0F380704D
:107F900000287DD0B44890F8240000285BD0B24877
:107FA00090F8240000F0010030B1B049886BF4F77C
:107FB000D5FDAFA0F4F7D2FDAB4890F82400C0F394
:107FC000400030B1A949C86BF4F7C8FDA8A0F4F788
:107FD000C5FDA54890F82400C0F3C00030B1A34906
:107FE000086CF4F7BBFDA2A0F4F7B8FD9E4890F82A
:107FF0002400C0F3001030B19C49486CF4F7AEFD8A
:108000009BA0F4F7ABFD984890F82400C0F3401013
:1080100030B19649886CF4F7A1FD95A0F4F79EFD68
:10802000914890F82400C009A8B18F4890F8240026
:1080300000F0010028B98C4890F82400C0F34000FB
:1080400048B1894A916A894AD2F89000F4F786FDCE
:1080500087A0F4F783FD844890F82C00002864D0B2
:10806000814890F82C0000F0010030B17F49C86CC5
:10807000F4F774FD7EA0F4F771FD7B4890F82C00B6
:10808000C0F3400040B17949086DF4F767FD00E0A6
:108090009BE077A0F4F762FD734890F82C00C0F3E2
:1080A000800030B17149486DF4F758FD70A0F4F7C5
:1080B00055FD6D4890F82C00C0F3C00030B16B49FD
:1080C000886DF4F74BFD6AA0F4F748FD664890F818
:1080D0002C00C0F3001030B16449C86DF4F73EFDC8
:1080E00063A0F4F73BFD604890F82C00C0F340100B
:1080F00030B15E49086EF4F731FD5DA0F4F72EFD56
:10810000594890F82C00C00978B1574890F82C00D5
:10811000C0F3400048B1544A116B544AD2F894005D
:10812000F4F71CFD52A0F4F719FD4F48808E00288B
:108130004BD04D4890F8340000F0010030B14B496D
:10814000486EF4F70BFD4AA0F4F708FD464890F896
:108150003400C0F3400030B14449886EF4F7FEFCAF
:1081600043A0F4F7FBFC404890F83400C0F38000D3
:1081700030B13E49C86EF4F7F1FC3DA0F4F7EEFCD7
:10818000394890F83400C0F3C00030B13749086F67
:10819000F4F7E4FC36A0F4F7E1FC3348808EC0F33A
:1081A000002030B13149486FF4F7D8FC30A0F4F723
:1081B000D5FC2D48808EC0F3402030B12B49886F0C
:1081C000F4F7CCFC2AA0F4F7C9FC2748806BC00F59
:1081D000002848D02448C06B002844D0224890F89A
:1081E0003C0000F0010030B12049C86FF4F7B6FC44
:1081F0001FA0F4F7B3FC1C4890F83C00C0F340000B
:1082000038B11A49D1F88000F4F7A8FC18A0F4F7A7
:10821000A5FC154890F83C00C0F3800038B1134924
:10822000D1F88400F4F79AFC11A0F4F797FC0E48FB
:1082300090F83C00C0F3C00038B10C49D1F8880078
:10824000F4F78CFC0AA0F4F789FC074890F83C008E
:10825000C0F3001038B10549D1F88C00F4F77EFC6A
:1082600003A0F4F77BFC10BD9C7505244458060858
:108270000D0A000013B50C464FF6FF730122694644
:108280000248F0F7ADFD00981CBD000048850124B0
:1082900070B50D46044602E02946FFF7EBFF14F8DF
:1082A000010B0028F8D170BD2DE9FC4105460C46B4
:1082B0001CF042FC07466B4601AA2146284600F006
:1082C0001FF8064638461CF0CDFC26B16A4620460B
:1082D000019900F002F8BDE8FC8170B506460D4634
:1082E0001446206838B11EB1206813F093F902E0FB
:1082F000206811F0B8FB15B1284611F0F9FC70BDEB
:1083000010B5044660681860002060602068106046
:1083100000202060012010BD0146D1E90102801A31
:10832000704710B50446204600F002F810BD00006A
:1083300010B5014600200FE000EB4002084B03EBB4
:10834000C2028A4207D1002200EB4003044C04EB36
:10835000C3031A7502E0401C0A28EDDB00BF10BD04
:1083600030D90324002114E001EB41000B4A02EB59
:10837000C000007D60B9012001EB4102074B03EB17
:10838000C202107501EB41001A4602EBC0007047B3
:10839000491C0A29E8DB0020F9E7000030D9032452
:1083A00070B50646FFF7DEFF05460DB9002070BD2B
:1083B0000D4C11E030466168E8F7CAF858B9A0687A
:1083C0002860E0686860E068A8600020E860207CC1
:1083D00028742846EBE72468002CEBD12846FFF7E9
:1083E000A7FF0020E3E70000A45706082DE9F041AD
:1083F00004460F461646D4E90110884203D14FF0D7
:10840000FF30BDE8F081D4E90101451AB54200DD35
:108410003546A268206881182A463846E8F72AF8C7
:10842000A0682844A0602846EBE710B525F004FDBD
:1084300010BD000070B506460C4615464CB90E4AF4
:108440000EA111A0F4F78AFB17A0F4F787FB00BF79
:10845000FEE74DB9084A15A10BA0F4F77FFB12A067
:10846000F4F77CFB00BFFEE725F000FE206025F05E
:1084700003FE8000286070BDDC58060873746172CA
:10848000745F616464720000282573292068617339
:1084900020617373657274206661696C6564206124
:1084A000742025732E0000000D0A000073697A65A0
:1084B000000000000148C088704700001CD703245A
:1084C00010B504462046F6F7BBFA10BD70B5054658
:1084D000284624F061F9044634B900BF0920034955
:1084E000086000BF002070BD2046FCE77803002430
:1084F00070B5044631480068F0B131480068D8B121
:1085000030480068C0B1002512E02D48006850F8DE
:10851000251004F12E00E8F71BF840B9C02204F141
:1085200030012846254B1B689847608570BD6D1C3F
:10853000244800688542E8DB04F12E00E8F701F8E2
:10854000A72804D204F12E00E7F7FBFF00E0A720E4
:10855000064612221CA104F13000E7F78BFF3246D9
:1085600004F12E0104F14200E7F784FF06F1120046
:1085700004F13001084419A10A6802608A888280E7
:1085800089798171002206F1190004F130010A5441
:108590000846E7F7D6FF064600BFB6F5803F08D38A
:1085A00000BF10A340F295221BA11FA0F4F7D6FA3A
:1085B00000BF00BF668500BFB8E70000DC030024F1
:1085C000E4030024E00300243C623E2A2A2A554E9C
:1085D0004B4E4F574E205441472000002A2A2A3C38
:1085E0002F623E002E2E5C2E2E5C4D6964646C65FD
:1085F00077617265735C6C7769705C6C7769705FCA
:108600006170705C7765625F7365727665725C68D5
:10861000747470642E6300006C656E203C3D2030E5
:108620007866666666000000417373657274696FF0
:108630006E2022257322206661696C656420617456
:10864000206C696E6520256420696E2025730A0000
:10865000F0B503460C461546642093FBF0F0C6B215
:10866000642093FBF0F700FB1730C1B2132E02DD3C
:1086700001F16400C1B20846CF1701EB977701EB17
:10868000A707BAB2072092FBF0F700FB172082B2CF
:108690005719601EDFF834C01CF80000384482B25D
:1086A000CF1701EB9777BF10A1EB87071FB9032CFA
:1086B00001DA501E82B2072092FBF0F700FB172070
:1086C00082B202B90722D0B2F0BD000020FC05083A
:1086D00010B5012208210848EDF7F2F840F2DA70EF
:1086E00025F0C4FA002208210348EDF7E9F86420D8
:1086F00025F0BCFA10BD00000010025830B5044649
:1087000000250948008800F4004050B10648008860
:10871000C0F30E00044908802146044811F050F9C6
:108720000546284630BD00005E010024B86E0124D5
:1087300010B566210148E7F7C5FE10BDB8760124E3
:1087400010B5A6B0802106A8E7F7BCFE0D4B0FCBF5
:1087500002AC0FC401220CA106A8F4F70FFA06A878
:10876000E7F7EFFE04464FF47A70022302AA21468F
:10877000009006A800F082FB00200849487026B04F
:1087800010BD000010F7050841542B4D4950434CD3
:108790004F53453D25640D0A00000000B8760124C2
:1087A00000487047D1760124014880797047000065
:1087B000B876012400487047E676012400487047E7
:1087C000C176012400487047F67601240D48C07830
:1087D000C01E072813D2DFE800F00406080A0C0EBA
:1087E0001000012070470620FCE70220FAE7032072
:1087F000F8E70420F6E70720F4E70520F2E7002079
:10880000F0E70000B87601240148007870470000C6
:10881000B87601242DE9F04107460C4600250026D4
:10882000A84604B10FB9BDE8F0812A488078012834
:1088300007D024F08FFD022824D101F061F901282E
:1088400020D12548008800F4004008B9002503E045
:1088500021480088C0F30E052819B0F5006F00DB31
:10886000E1E71E49481922463946E7F703FE281971
:1088700005B2A8B240F4004017490880002017490B
:10888000485525E0122216A13846E7F785FE00B1CB
:10889000C9E707F112062C213046E7F748FE0646E5
:1088A00006B9C0E7761C3046E8F732F81FFA80F8C0
:1088B000B8F1000F00D1B6E72C213046E7F737FEBC
:1088C000064606B9AFE7761C41463046FBF774FF13
:1088D00000BFA8E7B87601245E010024B86E012429
:1088E0000D0A2B4D49505552433A20227274637041
:1088F000222C000000B587B0142102A8E7F7E2FDA2
:1089000000BF3D48006840F010003B490860084641
:10891000006800F01000019000BF00BF00BF0846D3
:10892000006840F0100008600846006800F0100081
:10893000019000BF00BF00BF0846006840F008007B
:1089400008600846006800F00800019000BF00BF02
:1089500000BF0846006840F0040008600846006850
:1089600000F00400019000BF00BF01220221234853
:10897000ECF7A6FF002204212148ECF7A1FF00221A
:1089800008211F48ECF79CFF00224FF400511D48BE
:10899000ECF796FF04200290012003900020049041
:1089A0000220059002A91648ECF77AFE08200290F2
:1089B00001200390002004900220059002A9104895
:1089C000ECF76EFE0220029001200390002004903C
:1089D0000220059002A90948ECF762FE4FF400500E
:1089E00002900120039000200490059002A9054800
:1089F000ECF756FE07B000BDE0440258000C0258E8
:108A0000001002580008025810B5FFF773FF4FF42A
:108A1000E130F8F765FE10BD10B5002000F0F0F869
:108A200000200149087010BDB87601242DE9F041FD
:108A300094B004460D46402104A8E7F743FD002604
:108A40000020039002900027804600F0D9F82346CA
:108A5000012219A104A80095F4F790F864221FA13F
:108A600004A800F057FAF8B94FF4FA721CA10020DC
:108A700000F050FA1DA12048E7F73BFD804600209A
:108A80000290039002AB03AA1CA14046E7F7D6FD73
:108A9000C7B2029828B9022F03D101201B494870A0
:108AA00004E04FF0FF3601E04FF0FF3600F05CFAD3
:108AB000304614B0BDE8F08141542B4D49504F5021
:108AC000454E3D25642C22544350222C22257322EE
:108AD0002C25732C3130302C300D0A004F4B000008
:108AE0002B4D49504F50454E3A0000002B4D4950F8
:108AF0004F50454E3A200000B86E01242B4D49508E
:108B00004F50454E3A2025642C256400B876012448
:108B1000F0B5A5B004460D46802105A8E7F7D2FCC4
:108B200000260E4B0FCB01AF0FC7234601220CA12D
:108B300005A80095F4F722F805A8E7F702FD074617
:108B40004FF47A70022301AA3946009005A800F07C
:108B500095F90646304625B0F0BD000000F705083F
:108B600041542B4D49504F50454E3D25642C2254C5
:108B70004350222C222573222C25642C3130302C9A
:108B8000300D0A0010B5002000F03AF8002001492D
:108B9000487010BDB876012470B588B006460C4602
:108BA00020216846E7F78EFC0025234601220EA10E
:108BB0006846F3F7E3FF142210A1684600F0AAF913
:108BC000054600F0D1F925B921463046F3F71EFFDE
:108BD00003E021463046F3F719FF0A2025F046F856
:108BE000284608B070BD000041542B4D49505345F4
:108BF0004E443D25642C25640D0A00003E00000013
:108C000010B588B0044620216846E7F75BFC0122D6
:108C100009A16846F3F7B2FF00221146684600F04A
:108C200079F90A2025F022F800200849487000F060
:108C30009BF908B010BD000041542B4D4950434CE6
:108C40004F53453D25640D0A00000000B87601240D
:108C50007CB500250024002600BF27E04FF400610A
:108C60001648E7F72FFC322215A117A000F052F9A1
:108C7000B8B913A11148E7F73CFC06466B4601AAB8
:108C800014A13046E7F7DAFCC5B2022D09D10098ED
:108C9000012802D00098052803D100F065F90020D2
:108CA0007CBDC82024F0E2FF601CC4B2032CD5DBDD
:108CB00000F05AF94FF0FF30F2E70000B86E0124DF
:108CC0002B43455245473A0041542B4345524547B3
:108CD0003F0D0A002B43455245473A2025642C2579
:108CE000640000002DE9F04705460E464FF00009EC
:108CF00000240027A0460DB1002028600EB10020FE
:108D0000306041480088C0F30E094048008848455B
:108D100002DB0020BDE8F0873D493C4A12888818F4
:108D20003CA1E7F7E6FB0446002C2FD13849374A2F
:108D3000128888183CA1E7F7DCFB04466CB1344884
:108D400032490988014404F11800401A2F49098862
:108D500008442E4908800220DCE72D492B4A12885E
:108D6000881837A1E7F7C5FB04466CB128482749A6
:108D70000988014404F11100401A24490988084473
:108D8000224908800220C5E70020C3E710342C21C7
:108D90002046E7F7CCFB07465FB91D481B49098809
:108DA0000844201A194909880844184908800020F5
:108DB000B0E77C1C2046E7F7ABFD80462C2120461F
:108DC000E7F7B5FB07465FB9114810490988084421
:108DD000201A0E49098808440C490880002099E7A8
:108DE0007C1C05B12C600EB1C6F8008004EB0801B4
:108DF0000748064A12881044081A0449098808449A
:108E000002490880002085E75E01002460010024FB
:108E1000B86E01242B4D49505552433A20227274AA
:108E20006370222C000000002B4D49505552433AEC
:108E30002022646973636F6E6E222C312C31000026
:108E40002B434D45204552524F523A203535300084
:108E500010B5012204210848ECF732FD4FF4FA70F6
:108E600024F004FF002204210348ECF729FD6420CC
:108E700024F0FCFE10BD0000001002582DE9F04760
:108E800080460E4615461F46DDF820A04FF000092B
:108E9000B8F1000F0DD0002E0BDD00201A4908801C
:108EA0001A49088001201A498870B1B24046F3F788
:108EB000ADFD05B127B9002015498870BDE8F087E0
:108EC00000241AE055F8340018B105EBC4004068DE
:108ED00000B911E005EBC40255F834005168524660
:108EE00000F066FD8146B9F1000F04D0002008496A
:108EF00088704846E2E700BF641CBC42E2D3002011
:108F00000349887000BFD9E75E0100246001002496
:108F1000B87601242DE9F04106460D461446002797
:108F20000120104988703046E7F70BFB1FFA80F8E4
:108F300041463046F3F76AFD8DB184B108E028461A
:108F4000FFF7DCFB08B1002706E00A2024F08EFEC4
:108F5000601E80B2041EF2D100BF04B90227384659
:108F6000BDE8F081B876012410B5002004490880DE
:108F7000044988704FF400610348E7F7A3FA10BD75
:108F80005E010024B8760124B86E01242DE9F04377
:108F9000A1B006460C4617460025A84606B11CB9E6
:108FA000002021B0BDE8F08300202849088028492E
:108FB00008800120274988702346012226A101A8A4
:108FC000F3F7DCFD01A8E7F7BCFA80461FFA88F149
:108FD00001A8F3F71BFD3A46052124A000F0E8FCA8
:108FE000054605B904E000201A4988702846D8E7EC
:108FF00000BF002015490880154908800120154947
:109000008870A1B23046F3F701FD224619A101A8EC
:10901000F3F7B4FD01A8E7F794FA81463A464946CA
:1090200001A800F0C5FC054625B10020094988705B
:109030002846B6E73A46062113A000F0B9FC0546DB
:109040000020044988702846ABE700005E01002438
:1090500060010024B876012441542B4D49505345FA
:109060004E443D25642C25640D0A00000D0A3E0D7A
:109070000A0000000D0A2B4D495053454E443A203A
:10908000312C25640D0A00000D0A4F4B0D0A00001B
:1090900030B58BB000250024182105A8E7F712FA97
:1090A00000BF33E04FF400611C48E7F70BFA3222AF
:1090B0001BA11DA0FFF72EFF18BB19A11748E7F74A
:1090C00018FA0446ECB10834182105A8E7F7FAF9B4
:1090D0000AA809A908AA07ABCDE90032CDE9021018
:1090E00006AB05AA13A12046E7F7A8FA059800F5F4
:1090F000FA600590012105A8F6F714F800200BB0DE
:1091000030BDC82024F0B2FD681CC5B2032DC9DBF8
:10911000FFF72AFF4FF0FF30F1E70000B86E01249F
:109120002B43434C4B3A200041542B43434C4B3F81
:109130000D0A000025642F25642F25642C25643A30
:1091400025643A2564000000F0B58DB000200C9035
:109150000B90002500260024182105A8E7F7B2F996
:109160000027FE48C0780D286FD2DFE800F0071214
:109170003158B6D8FDFCFBFAF9F8F7000020F849A1
:109180000870F8490870FFF7A3FA0120F349C87086
:109190009CE3FFF75DFE0220F049C8700020F04913
:1091A0000870F0480078401CC0B2EE4908700328EF
:1091B0000DDB0020EA490870EA490870FFF7D4FE89
:1091C0000020E6490870C870401E0DB0F0BD7DE378
:1091D0001922E5A1E5A0FFF79DFE68B9002211461E
:1091E000E4A0FFF797FE0320DC49C8700120087156
:1091F0000020DB49087011E00A2024F037FD002030
:10920000D6490871D6480078401CD54908700846F0
:1092100000781E2802DD0120D049C87056E34FF4C3
:109220000061D648E7F74EF96422D5A1D6A0FFF732
:1092300071FE00282DD100221146D6A0FFF76AFE4C
:10924000142024F013FD002616E033E36422D7A196
:10925000D8A0FFF75FFE054665B9D9A1C748E7F773
:1092600048F90446083414222146BC481930E7F76F
:1092700001F903E0701CC6B2032EE7DB00BF042037
:10928000B649C8700121B54841710020B449087041
:1092900022E0142024F0EAFC0021B0484171B048DB
:1092A0000078401CAE490870084600781E2813DD7F
:1092B0000120AA49C8704103C448ECF7EFFA01281D
:1092C00005D100224103C148ECF7FAFA04E001227B
:1092D0005103BE48ECF7F4FAF8E24FF40061A748F6
:1092E000E7F7F0F81922BAA1BCA0FFF713FE30B9D6
:1092F00005209A49C8700020994908700EE0142092
:1093000024F0B4FC96480078401C95490870084643
:1093100000780A2802DD01209049C870D6E24FF497
:1093200000619648E7F7CEF81922AFA1B0A0FFF789
:10933000F1FDB8BBACA19148E7F7DBF8044600208B
:109340000B900C900BAB0CAAACA12046E7F776F97A
:10935000C5B20C98632815D0022D06E08AE262E2BD
:1093600019E2C6E1E7E08CE02DE00BD10C98401C3F
:10937000C1B27A48817106207849C87000207849C6
:1093800008701FE0C82024F071FC75480078401C6C
:1093900073490870084600781E2813DD01206F49C4
:1093A000C8700FE0FFE7C82024F060FC6C4800782C
:1093B000401C6B490870084600781E2802DD012019
:1093C0006649C87082E24FF400616C48E7F77AF8AA
:1093D00019228DA18EA0FFF79DFD00283DD18AA105
:1093E0006648E7F786F8044600200B900C900BAB1C
:1093F0000CAA8AA12046E7F721F9C5B20C9830B92A
:10940000022D04D10022114688A0FFF783FD0B989E
:10941000012802D00B9805280BD1022D09D101217A
:109420004E48C17107204D49C87000204C49087052
:1094300026E000214948C1714FF4827024F016FCE7
:1094400047480078401C4649087008460078322892
:1094500016DD01204149C87012E000213F48C1716A
:109460004FF4827024F002FC3D480078401C3C49D7
:10947000087008460078322802DD01203749C8709C
:1094800024E24FF400613D48E7F71CF819226BA174
:109490006CA0FFF73FFDD0BB68A13848E7F729F87B
:1094A00004460CB30834182105A8E7F70BF80AA8FE
:1094B00009A908AA07ABCDE90032CDE9021006AB35
:1094C00005AA63A12046E7F7B9F8059800F5FA6008
:1094D0000590012105A8F5F725FE00202049087018
:1094E00008201E49C87025E000211C48C171C82011
:1094F00024F0BCFB1A480078401C19490870084643
:109500000078142816DD01201449C87012E0FFE726
:1095100000211248C171C82024F0A8FB104800782F
:10952000401C0F49087008460078142802DD01200D
:109530000A49C870CAE164224AA14DA0FFF7EAFCBB
:1095400050B948A10D48E6F7D4FF044600200B901F
:109550000C900BAB0CAA93E0B8E00000B8760124A5
:1095600063010024620100244F4B000041540D0AA6
:1095700000000000415445300D0A0000B86E01247F
:10958000524541445900000041542B4350494E3F3D
:109590000D0A000041542B4D4346473D2273696D2F
:1095A000686F74222C30220D0A0000002B494343BF
:1095B00049443A0041542B49434349440D0A0000B1
:1095C0002B49434349443A20000000000008025858
:1095D0002B4346554E3A20310000000041542B43A6
:1095E00046554E3F0D0A00002B4353513A200000D0
:1095F00041542B4353510D0A000000002B4353519B
:109600003A2025642C2564002B43455245473A00F7
:1096100041542B43455245473F0D0A002B434552C9
:1096200045473A2025642C256400000041542B4313
:10963000455245473D320D0A000000002B43434C84
:109640004B3A200041542B43434C4B3F0D0A000042
:1096500025642F25642F25642C25643A25643A253A
:10966000640000002B4D495043414C4C3A0000002F
:1096700041542B4D495043414C4C3F0D0A000000D2
:1096800094A12046E6F7DAFFC5B20B98012808D16D
:10969000022D06D10A209349C87000209249087013
:1096A00026E0642024F0E2FA8F480078401C8E49BE
:1096B00008700846007814281ADD002211468BA095
:1096C000FFF728FC09208749C87011E00021854870
:1096D000C171642024F0CAFA83480078401C824992
:1096E000087008460078142802DD01207D49C87002
:1096F000ECE04FF400618448E6F7E4FE1922AFF293
:10970000981182A0FFF706FC88BBC822AFF2AC011B
:109710000020FFF7FFFB82A17B48E6F7EAFE044644
:1097200000200B900C900BAB0CAA6AA12046E6F728
:1097300085FFC5B20B98012808D1022D06D10A2059
:109740006849C87000206849087023E04FF48270AF
:1097500024F08CFA64480078401C6349087008467D
:109760000078142816DD01205E49C87012E0FFE77A
:1097700000215C48C171642024F078FA5A480078CE
:10978000401C5949087008460078142802DD012061
:109790005449C8709AE04FF400615B48E6F792FEC6
:1097A000322262A164A0FFF7B5FB48BB66A1564810
:1097B000E6F79FFE044610214A480930E6F782FE8C
:1097C000484A093263A12046E6F738FFC5B2012DA9
:1097D00003D10B204349C87024E0C82024F046FA86
:1097E00041480078401C4049087008460078142819
:1097F00018DD00213B48C17101203A49C87011E0D1
:10980000C82024F033FA38480078401C36490870E4
:1098100008460078142805DD01203249C87000216F
:109820003048C17152E04FF400613748E6F74AFE14
:109830006422AFF2CC214CA0FFF76CFBB0B9AFF2C1
:10984000D8213148E6F755FE04467CB12E48201A4F
:10985000801FC7B2282123483E30E6F733FE3A4640
:109860002949891C1F483E30E6F704FE0C201D499B
:10987000C8702BE04FF400612348E6F723FE322244
:109880003CA13EA0FFF746FB80B93AA11E48E6F78F
:1098900030FE044654B1102112482E30E6F712FE75
:1098A0000F22E11D0F482E30E6F7E4FD0D200D4993
:1098B000C8700BE001200B49087000200A490870AD
:1098C00031490870FFF750FB00207EE400BF012003
:1098D0007BE400002B4D495043414C4C3A20256419
:1098E0002C256400B87601246301002441542B43E5
:1098F0004744434F4E543D312C224950222C2243A1
:109900004D494F54220D0A00B86E012441542B4D8D
:10991000495043414C4C3D312C310D0A00000000B0
:109920002B4D495043414C4C3A2000002B434750AB
:10993000414444520000000041542B4347504144ED
:1099400044523D310D0A00002B43475041444452DC
:109950003A2000002B434750414444523A20312CD6
:1099600022255B5E225D000041542B43474D520D82
:109970000A0000002B4347534E3A200041542B432A
:1099800047534E3D310D0A006201002410B50022FC
:1099900002210648EBF794FF42F2107024F066F9BA
:1099A000012202210148EBF78BFF10BD000C025889
:1099B0002DE9F04107460C4616463C480088C0F3A6
:1099C0000E0807B114B90020BDE8F081A0452CDBDA
:1099D0003749384A1288881822463946E6F7C6FDC4
:1099E00030B9344800882044324908800020EBE731
:1099F0002F49304A1288881815222FA1E6F7B6FDA4
:109A000088B92B492B4A1288114401F1150030A165
:109A1000E6F76FFD054625B1A81C2549401A2549E2
:109A200008800220D0E70320CEE7002E01DC0320CF
:109A3000CAE736E0052024F019F9761F1B48008894
:109A4000C0F30E08A0452CDB19491A4A1288881861
:109A500022463946E6F78AFD30B916480088204488
:109A6000144908800020AFE71149124A128888186B
:109A7000152211A1E6F77AFD88B90D490D4A128821
:109A8000114401F1150012A1E6F733FD054625B199
:109A9000A81C0749401A07490880022094E70320C0
:109AA00092E7002EC6DC01208EE700005E01002454
:109AB000B86E0124600100240D0A2B4D4950555207
:109AC000433A2022646973636F6E6E222C0000009B
:109AD0000D0A000070B504460D46074890F82B00AB
:109AE00040B92A4621460548E6F7C4FC0120024950
:109AF00081F82B0070BD0000387F012438770124E5
:109B00000148007870470000B815002410B5FEF732
:109B100047FE10BD70B5054615B1012D0DD103E00E
:109B2000FEF742FE044609E0FEF76EFE18B9FEF7A6
:109B30004DFE044600E0062400E000BF00BF2046C2
:109B400070BD00002DE9F04106460C46002524B109
:109B5000012C0BD0022C5ED154E0FEF725FE074607
:109B60003A462FA13046F3F709F855E0FEF74CFED0
:109B7000002841D1FEF72AFE0546082D35D2DFE840
:109B800005F0040A161C222E1028264A26A130466B
:109B9000F2F7F4FF2FE0254A23A13046F2F7EEFF5B
:109BA00029E0234A20A13046F2F7E8FF23E0214ACA
:109BB0001DA13046F2F7E2FF1DE01F4A1AA1304610
:109BC000F2F7DCFF17E01D4A17A13046F2F7D6FF87
:109BD00011E01B4A14A13046F2F7D0FF0BE0194AFE
:109BE00011A13046F2F7CAFF05E0174A0EA1304630
:109BF000F2F7C4FF00BF04E0144A0BA13046F2F7AD
:109C0000BDFF09E0FEF7DAFD07463A4606A13046F9
:109C1000F2F7B4FF00E000BF00BFBDE8F081000034
:109C2000256400009FF605082573000078F60508F6
:109C3000BDF605086AF6050883F6050891F60508DD
:109C4000CDF60508B0F605085EF6050852F60508DB
:109C500010B50648C07838B100210448C170FEF73D
:109C600091FF00200149087010BD0000B8150024C4
:109C7000034A106001F50042024B1A807047000051
:109C80005C000024600000240120014988707047B6
:109C9000B815002401210148C1707047B81500248F
:109CA00010B5044600F002F810BD00000024F4F7DF
:109CB00049FF012801D1FCF781FE3BA0F2F74EFFDE
:109CC000FEF7A2FE00BF0021012006F079F828214E
:109CD0003B48E6F7F7FBFEF72BFD04E005F078FFC5
:109CE0000A2023F0C3FFFFF72FFA0128F6D0FEF772
:109CF0008BFD012803D00120FCF760FEE3E7012182
:109D0000084606F05DF84EE0F4F71CFF012822D06B
:109D100023F020FB022818D000F058F8FFF798FF36
:109D200027480078012816D12648008800F4004012
:109D300088B124480088C0F30E0123480068FEF76C
:109D40002BFF00201F49088005E023F003FB0228B9
:109D500001D123F0DBFB601C044641F270718842A4
:109D60000BD91748007840B90024FEF771FF28B1DD
:109D7000FEF752FEFFF788FF00E00024FEF744FDE7
:109D8000012802D10E48807840B10120FCF716FE70
:109D9000FEF742FE00200A49887094E705F018FF9C
:109DA0000A2023F063FFAFE767736D5F7461736B25
:109DB0005F66756E6374696F6E2072756E200A003F
:109DC000B8150024600000245C0000247CB5002548
:109DD000002000900190F4F7D1FE0446304800784E
:109DE000002854D12F48007870B9FEF731FF40B1F8
:109DF000FEF712FEFFF748FF0021012005F0E0FF0B
:109E00007CBD012027490870206C30B1207820B13A
:109E100025A12046E6F79CFB38B90120FCF7CEFDD2
:109E20000121084605F0CCFF31E021A16846226CF3
:109E3000F2F7A4FE69462046FEF7F8FDC5B28DB9DB
:109E40000020FCF7BBFD0221012005F0B9FF012035
:109E5000F5F7F6F8012012490870F5F787F8F4F7DE
:109E6000D7FD14E00121084605F0AAFF00200C49A7
:109E7000087008464078401C48700846407803281F
:109E800005DD00204870FEF7C7FDFFF7FDFE044822
:109E9000007810B900200349087000BFB0E7000047
:109EA000B815002462000024302E302E302E3000F1
:109EB000256400007CB506460C4615466846EFF75B
:109EC00034FABDF800003080BDF802002080BDF8F3
:109ED0000400288000207CBD1CB504462348047083
:109EE00000F048F801A90F20EFF796FA9DF804005A
:109EF000332802D04FF0FF301CBDEFF7A3FA00204B
:109F0000009002E00098401C009019490098884297
:109F1000F8D30720EFF736FC0220EFF7C9FB022049
:109F2000EFF757FB0020EFF772FB0120EFF7E3FAA2
:109F30000720EFF7C2FA0120EFF7DDFA0120EFF773
:109F4000F8FA3320EFF71CFB1420EFF728FBFF2073
:109F5000EFF70BFBFF20EFF731FB8020EFF775FBEE
:109F60008020EFF78BFB0020C6E700004C020024A6
:109F700040420F0010B50548007818B1EFF70EFA0F
:109F8000002010BDEFF795FA0120FAE74C020024FB
:109F90002DE9F04104460D4616461AF076FA44F0D3
:109FA00080001AF06BFA002705E000201AF066FA2C
:109FB0002870781C87B2B742F7DB1AF065FA0020E8
:109FC000BDE8F0812DE9F04105460C4616461AF031
:109FD0005CFA25F080001AF051FA002705E014F829
:109FE000010B1AF04BFA781C87B2B742F7DB1AF074
:109FF0004BFA0020BDE8F0810146302905DB392904
:10A0000003DCA1F1300040B27047612905DB66290D
:10A0100003DCA1F1570040B2F6E7412905DB4629F0
:10A0200003DCA1F1370040B2EEE74FF0FF30EBE781
:10A030002DE9F04105460E4690462F4600BF00BF71
:10A040000121304620F094FD01F028F804461CB9A7
:10A050004FF0FF30BDE8F081214630461BF01EFF77
:10A06000094930461FF0F8FF084930461CF0BCFD96
:10A070000422074930461EF0C9FF0649304620F049
:10A0800019FD0020E6E7000015A60308E9A0030873
:10A09000CDA50308ABAD030870B505460C460021FD
:10A0A00028461BF0FBFE002128461FF0D5FF0021AB
:10A0B00028461CF099FD0022114628461EF0A6FFF6
:10A0C0000021284620F0F6FC204600F0F5FF284647
:10A0D0001CF0A8F8064626B10422024928461EF0C4
:10A0E00095FF70BDCDA5030870B504460E46254604
:10A0F00015B1284600F0E0FF70BD00002DE9F74FD4
:10A10000064691464FF00008002086F82C00019882
:10A1100000782F2827D10198407820BB002414E034
:10A12000434951F83400FEF73BF98046404850F867
:10A1300034000190B8F1000F06D03D4800EBC40098
:10A14000007986F82C0002E0641C052CE8D300BFDF
:10A15000B8F1000F64D101A800F072F88046002029
:10A1600086F82C005CE03F210198E6F7E0F905460F
:10A1700015B1002028706D1C2E48006870B32E4861
:10A18000006858B300271CE02B48006850F83710CF
:10A190000198E6F7DDF998B929463046FDF7A6FEA5
:10A1A00082462548006800EBC70006F59A7306F161
:10A1B000F4025146D0F804C03846E047019004E06C
:10A1C0007F1C1C4800688742DEDB00BF194800681E
:10A1D000874203D115B16D1E3F2028700198FEF70C
:10A1E000DFF88046B8F1000F03D101A800F028F88D
:10A1F0008046B8F1000F13D0002086F82C00002410
:10A200000BE00E4850F824100198E6F772F918B1E7
:10A21000012086F82C0002E0641C042CF1D300BF5E
:10A220004A4641463046019B00F038F8BDE8FE8FB3
:10A23000B8570608EC030024E8030024CC030024EC
:10A2400070B504460CA020602068FEF7A9F805460A
:10A250007DB90CA020602068FEF7A2F8054645B93C
:10A260000BA020602068FEF79BF805460DB9002082
:10A270002060284670BD00002F3430342E68746D85
:10A280006C0000002F3430342E68746D0000000024
:10A290002F3430342E7368746D6C00002DE9F0415A
:10A2A00004460D4616469846002D43D000202085D2
:10A2B00084F8F1002868E0616868606228682062BC
:10A2C00025602868606000BF6868002808DA00BF61
:10A2D0001CA34FF4EC6228A12FA0F2F73FFC00BFB3
:10A2E00000BF686860610020207600BF2068007CA5
:10A2F000002808D100BF13A340F2677230A126A046
:10A30000F2F72CFC00BF00BF2068007CB8B1B6B1EA
:10A3100036A1626960681AF0D7FA07464FB1391D55
:10A320006268881A6168014461606169091A616143
:10A3300000BF04E0002020606060606120760020A3
:10A34000BDE8F0812E2E5C2E2E5C4D6964646C6538
:10A3500077617265735C6C7769705C6C7769705F4C
:10A360006170705C7765625F7365727665725C6858
:10A37000747470642E63000046696C65206C656EB1
:10A38000677468206D75737420626520706F7369DF
:10A390007469766521000000417373657274696F9A
:10A3A0006E2022257322206661696C6564206174C9
:10A3B000206C696E6520256420696E2025730A0073
:10A3C000485454502068656164657273206E6F74E0
:10A3D00020696E636C7564656420696E2066696CC3
:10A3E000652073797374656D000000000D0A0D0A15
:10A3F000000000002DE9F74F84B00C460498D0F817
:10A40000008000BFB8F1000F08D100BF4DA340F29B
:10A410003D6259A15BA0F2F7A1FB00BF00BF00BFE6
:10A4200044B900BF47A340F23E6260A155A0F2F7D5
:10A4300095FB00BF00BF206808B9606820B16FF0CD
:10A44000070007B0BDE8F08FA06810B9C4F8088015
:10A4500003E04146A06810F0D3FEA068006898B100
:10A46000A068008940F2FF31884202DAA0680089C2
:10A4700001E040F2FF30814600234A464E49A06881
:10A4800010F0B4FF4C4E04E0D8F80460B8F80A901D
:10A4900000BFB9F1070F42DB4A4648A130461AF027
:10A4A00013FA8246BAF1000F39D00020039004223B
:10A4B00043A13046E6F770F808B9F51C04E0002027
:10A4C00030716FF00F00BCE7681C801BA9EB000027
:10A4D00080B202903CA1681C029A1AF0F5F9074676
:10A4E0003FB936A1681C029A1AF0EEF9074601201E
:10A4F0000390681C381A80B201907FB1AF420DD929
:10A50000681C0090002028700022DDE90001425400
:10A510002046039A0099FFF7F1FD92E700BFA0687B
:10A5200010F0F7FE8346A0680089B0F5806F05DA69
:10A53000BBF10A0F02DC6FF0040082E76FF00F003E
:10A540007FE700002E2E5C2E2E5C4D6964646C65E6
:10A5500077617265735C6C7769705C6C7769705F4A
:10A560006170705C7765625F7365727665725C6856
:10A57000747470642E6300007020213D204E554C91
:10A580004C000000417373657274696F6E20222560
:10A590007322206661696C6564206174206C696E49
:10A5A0006520256420696E2025730A0068732021C8
:10A5B0003D204E554C4C000020DA03240D0A0000CB
:10A5C00047455420000000002000000070B50546FB
:10A5D0000E462C462CB921463046FFF75DFD002083
:10A5E00070BD207E401C2076207E042805D12146A7
:10A5F0003046FFF751FD0020F2E74CB1206838B13A
:10A600002146304600F0A6F810B130461DF098FD06
:10A610000020E5E72DE9FF4107460E4698466FF01A
:10A620000C043D46B8F1000F02D1029800B18DB97B
:10A63000029838B10298018930461FF07DFD0298DA
:10A6400010F0E8FF29463046FFF726FD002004B051
:10A65000BDE8F0810298018930461FF06DFD286841
:10A6600000281BD13246294602A8FFF7C3FE044644
:10A6700000BF002C11D0601D00280ED00B30002828
:10A680000BD00838002808D000BF10A340F61102F4
:10A690001BA126A0F2F762FA00BF00BF601D30B117
:10A6A000A86820B1A86810F0B5FF0020A86024B900
:10A6B0002946304600F04EF806E004F1100018B9C3
:10A6C00029463046FFF7E8FC0020C0E72E2E5C2E1E
:10A6D0002E5C4D6964646C6577617265735C6C7740
:10A6E00069705C6C7769705F6170705C7765625FE0
:10A6F0007365727665725C68747470642E630000B2
:10A70000687474705F70617273655F72657175658E
:10A7100073743A20756E6578706563746564207231
:10A72000657475726E2076616C7565004173736532
:10A730007274696F6E2022257322206661696C65D0
:10A7400064206174206C696E6520256420696E2028
:10A7500025730A002DE9F84305460C464FF0000921
:10A7600000276069002842D1206830B92146284678
:10A77000FFF792FC0020BDE8F8832068FDF7CCFDD0
:10A78000002805DC21462846FFF786FC0020F2E77A
:10A79000E06808B1266915E0688E460000BFB0B2D7
:10A7A0000EF0BCFBE060E06808B1266105E03046D1
:10A7B00006EBD0714E10642EF1DC00BFE06808B9E2
:10A7C0000020D8E73246E1682068FDF70FFE064614
:10A7D000002E05DA21462846FFF75EFC0120CAE775
:10A7E0006661E06860606662E068E06100BF94F8FE
:10A7F0002C00002843D1B5F864006169884203D277
:10A80000B5F86400009012E0A08A80B2009000BF0A
:10A81000BDF800106069884208D000BFE3A340F291
:10A82000B132EFA1F7A0F2F799F900BF00BFB5F878
:10A8300032804FEA4800BDF80010884203DA4FEA40
:10A840004840000C009094F82C0008B1012000E072
:10A85000002003466A462846616801F065FE074607
:10A86000002F0BD14FF00109BDF8001060680844BB
:10A870006060BDF800106069401A606186E2B5F85A
:10A88000640000906168E06988424BD96168E069C2
:10A89000401AB5F86410884203DDB5F864000090F2
:10A8A00015E000BF6168E069401AB0F5803F08DB41
:10A8B00000BFBEA340F2CF32DCA1D2A0F2F74EF926
:10A8C00000BF00BFA08BA188401A80B20090B5F8ED
:10A8D00032804FEA4800BDF80010884203DA4FEAA0
:10A8E0004840000C009094F82C0008B1012000E0D2
:10A8F000002003466A462846616801F015FE0746B7
:10A900005FB94FF00109BDF800106068084460604D
:10A91000BDF800106069401A6061B5F8640008B9BC
:10A92000484628E7DDE1BDF8000008B9484622E7BF
:10A9300094F8F100052815D2DFE800F0031534A7DC
:10A94000F000E0690078C24909680978884203D1BB
:10A95000012084F8F1002085606A401E6062E06991
:10A96000401CE061BCE1208D052805D10020208538
:10A97000022084F8F10014E0E0690078218DB44AE7
:10A980001268515C884203D1208D401C208502E072
:10A99000002084F8F100606A401E6062E069401C9B
:10A9A000E0619DE1208DB0B9E069007820280BD0EE
:10A9B000E0690078092807D0E06900780A2803D008
:10A9C000E06900780D2806D1606A401E6062E06987
:10A9D000401CE06184E1E06900789E4909680978DB
:10A9E00088420FD0E069007820280BD0E069007819
:10A9F000092807D0E06900780A2803D0E0690078C8
:10AA00000D282CD1208D18B9002084F8F10035E0F4
:10AA1000032084F8F10000BF208DFF2808DD00BF6F
:10AA200062A340F237428CA176A0F2F797F800BFFC
:10AA300000BF94F8280084F82D000021228D04F135
:10AA40002E008154E06900788249096809788842BB
:10AA500002D10120208511E0002020850EE0208D0C
:10AA6000012808DAE0690178228D501C208504F164
:10AA70002E00815402E0002084F8F100606A401E3C
:10AA80006062E069401CE0612AE1208DB0B9E069B4
:10AA9000007820280BD0E0690078092807D0E06909
:10AAA00000780A2803D0E06900780D2806D1606A92
:10AAB000401E6062E069401CE06111E1E0690078DD
:10AAC000218D644A1268515C884242D1606A401EFE
:10AAD0006062E069401CE061208D022835D120468B
:10AAE000FDF706FD00202085042084F8F100E069D0
:10AAF00020626168206A884234D96168206A401AFD
:10AB0000BDF80010884204DA208CA188401A80B277
:10AB1000009094F82C0010B1012001E023E0002007
:10AB200003466A462846616801F0FEFC0746CFB935
:10AB30004FF00109BDF80010606808446060BDF87E
:10AB400000106069401A60610CE0208D401C208577
:10AB500008E0606A401E6062E069401CE06100201D
:10AB600084F8F100BCE06168206A88421DD9616800
:10AB7000206A401ABDF80010884204DA208CA188AF
:10AB8000401A80B20090BDF8000068B194F82C0023
:10AB900008B1012000E0002003466A4628466168AB
:10ABA00001F0C2FC074664E062E070E02E2E5C2EED
:10ABB0002E5C4D6964646C6577617265735C6C775B
:10ABC00069705C6C7769705F6170705C7765625FFB
:10ABD0007365727665725C68747470642E630000CD
:10ABE00068732D3E6C65667420646964206E6F74B2
:10ABF0002066697420696E746F207531365F742128
:10AC000000000000417373657274696F6E20222525
:10AC10007322206661696C6564206174206C696EC2
:10AC20006520256420696E2025730A0044617461E3
:10AC30002073697A6520646F6573206E6F74206677
:10AC4000697420696E746F207531365F742100005D
:10AC5000E0570608E457060868732D3E7461675F85
:10AC6000696E646578203C3D20307866660000009F
:10AC700000277FBB4FF00109BDF800106068084451
:10AC80006060BDF800106069401A606128E0208DA6
:10AC9000618D88421FDA608D218D401ABDF8001049
:10ACA000884204DA608D218D401A80B20090228D96
:10ACB00004F13000111801236A46284601F034FCE3
:10ACC000074667B94FF00109208DBDF80010084410
:10ACD000208504E004E00020208584F8F10000BF16
:10ACE00000BF606A10B1002F3FF41DAE94F8F10070
:10ACF00004284BD06168E069884247D96168E069FF
:10AD0000401AB5F86410884203DDB5F8640000907D
:10AD100018E000BF6168E069401AB0F5803F0BDBC6
:10AD200000BFAFF2781340F2FD42AFF20011AFF274
:10AD30002C10F1F713FF00BF00BFA08BA188401AB1
:10AD400080B20090688E4000BDF80010884203DA9F
:10AD5000688E4004000C009094F82C0008B101208B
:10AD600000E0002003466A462846616801F0DCFBEB
:10AD700007465FB94FF00109BDF80010606808444C
:10AD80006060BDF800106069401A6061606950B988
:10AD90002068FDF7C1FA002805DC21462846FFF7A8
:10ADA0007BF90020E7E44846E5E42DE9F04104465C
:10ADB0000E461746254615B90020BDE8F081002053
:10ADC000287629463046FFF7C5FC0020F5E700004D
:10ADD00070B505460C4600BF002D08D100BF0DA37D
:10ADE00040F6AB0218A11CA0F1F7B8FE00BF00BFEF
:10ADF00000BF002C08DC00BF06A340F6AC0220A177
:10AE000015A0F1F7ABFE00BF00BF24480560244841
:10AE1000046070BD2E2E5C2E2E5C4D6964646C65E2
:10AE200077617265735C6C7769705C6C7769705F71
:10AE30006170705C7765625F7365727665725C687D
:10AE4000747470642E6300006E6F206367697320F2
:10AE5000676976656E000000417373657274696F8F
:10AE60006E2022257322206661696C6564206174FE
:10AE7000206C696E6520256420696E2025730A00A8
:10AE8000696E76616C6964206E756D626572206FA3
:10AE9000662068616E646C6572730000E8030024CC
:10AEA000EC03002470B506460C46154600BF002E84
:10AEB00008D100BF14A340F6950220A125A0F1F708
:10AEC0004DFE00BF00BF00BF44B900BF0EA340F657
:10AED00096022AA11FA0F1F741FE00BF00BF00BFEC
:10AEE000002D08DC00BF08A340F6970227A119A097
:10AEF000F1F734FE00BF00BF2A4806602A4804600C
:10AF00002A48056070BD00002E2E5C2E2E5C4D6917
:10AF100064646C6577617265735C6C7769705C6C96
:10AF20007769705F6170705C7765625F7365727678
:10AF300065725C68747470642E6300006E6F2073B9
:10AF400073695F68616E646C657220676976656EAF
:10AF500000000000417373657274696F6E202225D2
:10AF60007322206661696C6564206174206C696E6F
:10AF70006520256420696E2025730A006E6F207499
:10AF800061677320676976656E000000696E76619F
:10AF90006C6964206E756D626572206F66207461E5
:10AFA00067730000DC030024E4030024E0030024B2
:10AFB000F0B58FB00646F3F7E1FD0446F3F732FD36
:10AFC000054614210AA8E5F77DFA002008900990AB
:10AFD00004210AA80AF092F9052108A80AF08EF9BE
:10AFE000F3F748FE4FF47A71B0FBF1F7D5F884100F
:10AFF000286CCDE90507CDE9031505F14400216C66
:10B00000CDE90041029004F1440204A13046D4F895
:10B010008430F1F7B3FD0FB0F0BD00005B22257363
:10B02000222C222564222C222573222C2225642204
:10B030002C222573222C222564222C222573222CDB
:10B04000222564222C22256473225D0030B587B04E
:10B050000546142102A8E5F735FAF3F721FD044669
:10B06000E078A178CDE900106378227805A102A8E4
:10B07000F1F784FD02AA06A128466368F1F77EFD78
:10B0800007B030BD25642E25642E25642E2564006E
:10B090005B222573222C222564225D0010B54FF41B
:10B0A000BA700DF03BFF044624B14FF4BA7120464C
:10B0B000E5F708FA204610BD10B5044684B12068B3
:10B0C00020B12068FDF72DF900202060E06820B154
:10B0D000E0680DF07DFD0020E06020460DF078FD79
:10B0E00010BD10B50346104609B10C6804B910BD77
:10B0F0000C68046000BFFAE72DE9F0478EB0002726
:10B10000B846B946BA46342101A8E5F7DBF952A39F
:10B1100055A258A101A8F1F731FD5849112208683C
:10B1200057A1E5F739FA8046B8F1000F03D0781E31
:10B130000EB0BDE8F0875149086856A1E5F7D9F986
:10B14000074617B96FF00100F2E73F1D53A13846DB
:10B15000E5F7CFF9054615B96FF00200E8E705F10C
:10B160000A0400E0641C20782028FBD020780928FD
:10B17000F8D02078222802D06FF00300D8E7641CB2
:10B1800022212046E5F7D3F9064616B96FF00400F0
:10B19000CEE7A6EB0409B9F1000F02D0B9F1400FD8
:10B1A00002D36FF00500C3E7402134480C30E5F7C7
:10B1B00089F94A46214631480C30E5F75BF93AA156
:10B1C0003846E5F796F9054615B96FF00500AFE783
:10B1D000AC1D00E0641C20782028FBD020780928D2
:10B1E000F8D02078222802D06FF00600A0E7641C77
:10B1F00022212046E5F79BF9064616B96FF00700B5
:10B2000096E7A6EB040ABAF1000F02D0BAF1FF0FDD
:10B2100002D96FF008008BE74FF4807117484C306B
:10B22000E5F750F95246214614484C30E5F722F92B
:10B2300012490C3101A8E5F78BF98046B8F1000FEF
:10B2400001D0012074E7B8F1000F01D102206FE7AF
:10B250006FF009006CE70000312E302E372E3230AF
:10B260003235313232300000464E2D4A5454592D79
:10B270005059000025732D2573000000847F0124A0
:10B28000485454502F312E3120323030204F4B0D46
:10B290000A0000000D0A0D0A000000002276657207
:10B2A00073696F6E223A00002275726C223A0000B8
:10B2B00070B50025002400261F4908681FA1E5F786
:10B2C00018F9044644B91C488068B0F5806F01D372
:10B2D000681E70BD0020FCE7241D17480068251A71
:10B2E0001549086817A1E5F704F9044624B1124886
:10B2F00000682844A04202D84FF0FF30E9E70F343D
:10B3000000E0641C20782028FBD020780928F8D0A1
:10B310002046E5F7FDFA0646B6F5005F02DB6FF062
:10B320000100D6E704488068401BB04201D20120EA
:10B33000CFE70220CDE70000847F01240D0A0D0A2B
:10B3400000000000436F6E74656E742D4C656E676F
:10B3500074683A0010B50024FDF7F2F921F0F6FF09
:10B3600004460020A07310BD10B500240A480068F0
:10B3700050B1094800680EF07BFC074800680EF0E9
:10B38000B7FC00200449086021F0E0FF04460021DA
:10B3900061730120207310BD880100242DE9F0475E
:10B3A00006460F4600240025A04621F0CFFF0446A4
:10B3B00000BF15E0304603F0AFFF81463946FDF788
:10B3C000A7FB8046B8F1000F04D10120A073002034
:10B3D000BDE8F0874FF47A7022F048FC681CC5B2D3
:10B3E000032DE7DB0020A073401EF1E72DE9F041BB
:10B3F00006460F4600240025A04621F0A7FF04467C
:10B4000000BF11E039463046FDF782FB8046B8F1B7
:10B41000000F04D10120A0730020BDE8F08132208C
:10B4200022F024FC681CC5B2032DEBDB0020A073C6
:10B43000401EF2E72DE9F04105460E460027B846CA
:10B4400021F084FF804600BF29E000221146102031
:10B450000EF0CCFD154908600846006800B91CE0F4
:10B4600032462946114800680EF024FC04463CB1DF
:10B470000E4800680EF03CFC00200C4908600CE00F
:10B48000012188F80D100A2008490968C8610220C6
:10B4900088F80C000020BDE8F081781CC7B2032FAB
:10B4A000D3DBFBF783FA4FF0FF30F4E78801002489
:10B4B0002DE9F843002400200090002780468146B3
:10B4C000002500265049A1F81C0200BF4E48B0F8E4
:10B4D0008C2100F5A6714DA0F1F740FB4A48B0F869
:10B4E0008C1100F5A670FFF781FF044684B140F689
:10B4F000B83022F0BBFB4CA0F1F730FBFFF72AFF7E
:10B50000761C0A2E03D94FF0FF30BDE8F883DDE743
:10B5100000260221012004F053FC64E03A48B0F810
:10B520008C1100F5A67000F0F5FD044634B12146FB
:10B5300040A0F1F713FBFFF70DFFC7E700203249EA
:10B54000886000278046814639E0684600F030FD7B
:10B550000446E01C10B9FFF7FDFEB7E724B1FFF782
:10B56000F9FE6FF00100D0E70098A8B927B90127CC
:10B57000EAF7B2F980460BE0EAF7AEF98146A9EBAB
:10B58000080042F21071884202D3FFF7E3FE9DE704
:10B590000A2022F06BFB12E00027FFF789FE044629
:10B5A000022C03D00A2022F061FB08E01648B0F814
:10B5B0001822B0F81C1222A0F1F7D0FA00E0C4E77C
:10B5C00000BF00F06FFC04465CB1601D30B96D1C1B
:10B5D0000A2D02D96FF0020097E704E06FF0030034
:10B5E00093E7002500BF0848B0F81C020649B1F8EF
:10B5F0001812884292DBFFF7ADFE0021012004F013
:10B60000DFFB002081E70000847F01240ACEDECF2B
:10B61000DFC1ACBDD3B7FECEF1C6F72025733A2506
:10B6200064202E2E2E0A0000636C6F736531350A7C
:10B6300000000000636C6F7365393A25640A0000EE
:10B640000AB6CE3A2025752F25750A002DE9F84F48
:10B650000024002000900027804681460025002617
:10B660004E49A1F81C0200BF4D4803F055FE82462A
:10B670004A48B0F88C2151464AA0F1F76FFA474882
:10B68000B0F88C114648FFF7D5FE04463CB1761C55
:10B690000A2E03D94FF0FF30BDE8F88FE4E700260B
:10B6A0000221084604F08CFB67E03C48B0F88C119E
:10B6B0003B4800F08FFD044604F10F0010B9FFF77E
:10B6C00053FED1E724B1FFF74FFE6FF00100E3E72F
:10B6D00000203249886000278046814639E068466C
:10B6E00000F08CFC0446E01C10B9FFF73DFEBBE700
:10B6F00024B1FFF739FE6FF00200CDE70098A8B93A
:10B7000027B90127EAF7E8F880460BE0EAF7E4F802
:10B710008146A9EB080042F21071884202D3FFF77C
:10B7200023FEA1E70A2022F0A1FA12E00027FFF78A
:10B73000BFFD0446022C03D00A2022F097FA08E04D
:10B740001648B0F81822B0F81C121DA0F1F706FA3E
:10B7500000E0C4E700BF00F0A5FB04465CB1601D3B
:10B7600030B96D1C0A2D02D96FF0020094E704E095
:10B770006FF0030090E7002500BF0848B0F81C02F6
:10B780000649B1F8181288428FDBFFF7EDFD002162
:10B79000022004F015FB00207EE70000847F0124D6
:10B7A000948101240AD3D0CFDFC1ACBDD3B7FECE84
:10B7B000F1C6F72025733A2564202E2E2E0A0000AC
:10B7C0000AB6CE3A2025752F25750A00F8B5002453
:10B7D000002000900025002600273448B0F88C2176
:10B7E00000F5A67132A0F1F7B9F93048B0F88C1124
:10B7F00000F5A670FFF7FAFD04460CB1681EF8BD0F
:10B800000221012004F0DCFA2848B0F88C1100F580
:10B81000A67000F049FD044624B1FFF79BFD6FF0D0
:10B820000300ECE70020214988602CE0684600F026
:10B83000BFFB044624B1FFF78DFD6FF00400DEE787
:10B840000098B0B925B90125EAF746F806460CE09C
:10B85000EAF742F80746B81B42F21071884204D357
:10B86000FFF778FD6FF00500C9E70A2022F0FEF926
:10B8700009E00025FFF71CFD04461CB90A2022F050
:10B88000F5F900E000E0D1E700BFFFF763FD00211C
:10B89000022004F095FA002000F0DAF80446002CAB
:10B8A00002DA6FF00600AAE70020A8E7847F0124EF
:10B8B0000ACEDECFDFC1ACBDD3B7FECEF1C6F720D6
:10B8C00025733A2564202E2E2E0A00002DE9FC4116
:10B8D00000240020019000250026002700904A48FF
:10B8E00090F84C01302804DB474890F84C01392887
:10B8F0000BDD6B46454A69464548F9F759FE044653
:10B900006CB14FF0FF30BDE8FC816946404803F060
:10B91000FBFB0446012C02D06FF00100F3E73A482C
:10B920000099C0F8101200F5047003F0F5FC804691
:10B930003548B0F88C21414636A0F1F70FF932486E
:10B94000B0F88C1100F50470FFF774FD044614B1D3
:10B950006FF00200D7E70221084604F031FA2A48C6
:10B96000B0F88C1100F5047000F0DAFC044624B144
:10B97000FFF7FAFC6FF00300C5E70020224988605A
:10B980002FE001A800F03AFB044624B1FFF7ECFCDD
:10B990006FF00400B7E70198C8B925B90125E9F7A8
:10B9A0009BFF06460FE0E9F797FF0746B81B42F2F8
:10B9B0001071884207D31EA0F1F7D0F8FFF7D4FC2E
:10B9C0006FF005009FE70A2022F050F909E00025FA
:10B9D000FFF76EFC04461CB90A2022F047F900E08C
:10B9E00000E0CEE700BFFFF7BFFC0021022004F01B
:10B9F000E7F9002000F02CF80446002C02DA6FF082
:10BA0000060080E700207EE7847F0124E3B003087E
:10BA1000D08001240AD3D0CFDFC1ACBDD3B7FECED6
:10BA2000F1C6F72025733A2564202E2E2E0A000039
:10BA30000A68747470B8FCD0C22CCEDECAFDBEDDBC
:10BA4000BDD3CAD5B3ACCAB12E2E2E2E0A0000002B
:10BA50002DE9F041064600270025204911220868FB
:10BA60001FA1E4F799FD074617B1681EBDE8F081F4
:10BA70001A4908681FA1E4F73CFD044614B96FF0A9
:10BA80000100F3E70F3400E0641C20782028FBD08D
:10BA900020780928F8D02046E4F747FF054606B18C
:10BAA00035600E48C0F814524FF480600B49A1F87D
:10BAB0001A02801CB5FBF0F100FB115010B16FF0C1
:10BAC0000200D3E740F20240B5FBF0F00349A1F8D1
:10BAD00018020020A1F81C0200BFC7E7847F0124E0
:10BAE000485454502F312E3120323030204F4B0DDE
:10BAF0000A000000436F6E74656E742D4C656E67AE
:10BB000074683A002DE9F84F07460E4600240020DD
:10BB10000090804681468246384603F0FDFB83460E
:10BB20003246594634A0F1F719F831463846FFF746
:10BB300035FC04461CB14FF0FF30BDE8F88F022100
:10BB4000012004F03DF93146384600F031FC04464E
:10BB500024B1FFF7FFFB6FF00100EEE700202D4955
:10BB600088602FE0684600F023FA044624B1FFF70E
:10BB7000F1FB6FF00200E0E70098D0B9B8F1000FD8
:10BB800005D14FF00108E9F7A7FE81460DE0E9F77E
:10BB9000A3FE8246AAEB090042F21071884204D348
:10BBA000FFF7D8FB6FF00300C7E70A2022F05EF82A
:10BBB00008E04FF00008FFF77BFB0446022C00D0A2
:10BBC00000E000E0CEE700BFFFF7C4FB0021022049
:10BBD00004F0F6F8FFF790FA0446002C02DA6FF052
:10BBE0000400AAE7012C05D100F0A0F805460DB12C
:10BBF000E01FA2E72046A0E70ACEDECFDFC1ACBD42
:10BC0000D3B7FECEF1C6F72025733A2564202E2E39
:10BC10002E0A0000847F01242DE9F84F07460E46C6
:10BC2000002400200090804681468246384603F07A
:10BC300073FB83463246594634A0F0F78FFF3146F6
:10BC40003846FFF7F7FB04461CB14FF0FF30BDE864
:10BC5000F88F0221084604F0B3F83146384600F068
:10BC6000F1FB044624B1FFF77FFB6FF00100EEE724
:10BC700000202D4988602FE0684600F0BFF9044697
:10BC800024B1FFF771FB6FF00200E0E70098D0B934
:10BC9000B8F1000F05D14FF00108E9F71DFE81460C
:10BCA0000DE0E9F719FE8246AAEB090042F2107195
:10BCB000884204D3FFF758FB6FF00300C7E70A2060
:10BCC00021F0D4FF08E04FF00008FFF7F1FA044636
:10BCD000022C00D000E000E0CEE700BFFFF744FBFD
:10BCE0000021022004F06CF8FFF706FA0446002C4D
:10BCF00002DA6FF00400AAE7012C05D100F016F873
:10BD000005460DB1E01FA2E72046A0E70AD3D0CF39
:10BD1000DFC1ACBDD3B7FECEF1C6F72025733A25FF
:10BD200064202E2E2E0A0000847F01242DE9FC477A
:10BD30004FF000090027B846002507224FA15148BF
:10BD4000E4F72AFC20B9DFF83C9109F107090BE080
:10BD500008224DA14B48E4F71FFC18B94FF0FF3003
:10BD6000BDE8FC87DFF81C914E463A213046E4F7E7
:10BD7000DEFB0446002C2DD12F213046E4F7D7FB03
:10BD8000044614B96FF00100EAE7A71B6FB921F070
:10BD9000DDFA05462879E978CDE90010AB786A78B4
:10BDA0003CA13F48F0F7EAFE0DE0402F02D36FF0D0
:10BDB0000200D5E740213A48E4F784FB3A46314691
:10BDC0003748E4F757FB50202E494C39A1F88C0135
:10BDD000A1463AE0A71B6FB921F0B8FA05462879C9
:10BDE000E978CDE90010AB786A782AA12C48F0F701
:10BDF000C5FE0DE0402F02D36FF00300B0E74021F5
:10BE00002748E4F75FFB3A4631462548E4F732FB22
:10BE1000601CE4F77DFD8046B8F1000F03D04FF6BB
:10BE2000FF70804502D36FF0040099E715494C3943
:10BE3000A1F88C81661C2F213046E4F778FB06467A
:10BE400016B96FF005008BE7B1464E463046E4F771
:10BE500078FB07460FB1802F02D36FF007007FE712
:10BE600080210F484230E4F72DFB3A4631460C481A
:10BE70004230E4F7FFFA002072E700006874747043
:10BE80003A2F2F00D07F012468747470733A2F2FDB
:10BE90000000000025642E25642E25642E256400F4
:10BEA000D08001242DE9F04700240026002700253A
:10BEB000A046A1464FF4700A2E491C2208682EA104
:10BEC000E4F76AFB064616B1601EBDE8F087294913
:10BED000086831A1E4F70DFB044614B96FF00100C6
:10BEE000F3E70F3400E0641C20782028FBD0207892
:10BEF0000928F8D02046E4F718FD074640F2024032
:10BF0000874202D06FF00200DFE727A12046E4F766
:10BF1000F0FA044614B96FF00300D6E7251D4FF47C
:10BF200080612846E5F786FC804695F8010495F87F
:10BF3000001440EA0129C84502D06FF00400C4E7AC
:10BF40000C48B0F81C020B49B1F81A12484300F52E
:10BF5000700A0848B0F81A225146284614F028FD05
:10BF60000448B0F81C02401C0249A1F81C02002041
:10BF7000ABE70000847F0124485454502F312E3108
:10BF800020323036205061727469616C20436F6ECC
:10BF900074656E7400000000436F6E74656E742DDE
:10BFA0004C656E6774683A000D0A0D0A00000000C7
:10BFB0007CB50446002500200190009004B120606B
:10BFC000694601A8FCF78EFE054615B16FF0020028
:10BFD0007CBD019808B1009808B90020F8E7DDE9B8
:10BFE000001000F063F8054615B16FF00100EFE7AF
:10BFF0000CB1009820600020EAE700002DE9F8432A
:10C0000004464FF00008002000900025002600277D
:10C0100004B120602448006818B94FF0FF30BDE833
:10C02000F8836946204800680EF0C8F8804618F189
:10C030000F0F2FD018F1030F22D0B8F1000F28D125
:10C0400021F0D6FB0098056809E06989686800F06E
:10C050002DF8064606B104E0688907442D68002DD6
:10C06000F3D100BF21F014FC00980DF0FCFC00207F
:10C0700000900EB1801ED2E704B127600020CEE709
:10C08000009820B100980DF0EEFC002000900020F8
:10C09000C5E700BF009820B100980DF0E4FC002037
:10C0A00000906FF00200BAE78801002470B50546E1
:10C0B0000C461748006860B94FF4006014494860A6
:10C0C0000846416800200DF0B3FC114908600020CB
:10C0D00088600F4880682044B0F5006F02D94FF0A7
:10C0E000FF3070BD0A490968094A926888182246DB
:10C0F0002946E4F7BFF9064880682044044988606F
:10C10000002103480068024A926881540020E8E751
:10C11000847F01242DE9F043C1B005460E464FF45B
:10C12000807101A8E4F7CEF901AC00BF00BF00BFE9
:10C13000174A18A12046F0F721FD2046E4F701FA3E
:10C14000044433462A4618A12046F0F717FD20463E
:10C15000E4F7F7F904441848B0F81C0200EB40205B
:10C16000470007F201494B463A4614A12046F0F732
:10C1700005FD2046E4F7E5F9044401A8211A41F23F
:10C180008832FCF703FF8046404641B0BDE8F083AB
:10C190001281012447455420257320485454502FC0
:10C1A000312E310D0A000000486F73743A20257358
:10C1B0003A25640D0A000000847F012452616E67F5
:10C1C000653A2062797465733D25642D25640D0AF6
:10C1D0000D0A00002DE9F047C2B007460D464FF4A6
:10C1E000807102A8E4F76EF902AC00BF00BF00BF87
:10C1F0001B4A1CA12046F0F7C1FC2046E4F7A1F938
:10C200000444384603F088F882462B4652461AA169
:10C210002046F0F7B3FC2046E4F793F904441A48AB
:10C22000B0F81C0200EB4020460006F201494B46E4
:10C23000324616A12046F0F7A1FC2046E4F781F92A
:10C2400004440020009002A8221A012302A91548E4
:10C2500000680EF0BFF98046404642B0BDE8F08766
:10C260001281012447455420257320485454502FEF
:10C27000312E310D0A000000486F73743A20257387
:10C280003A25640D0A000000847F012452616E6724
:10C29000653A2062797465733D25642D25640D0A25
:10C2A0000D0A000088010024F0B5C1B005460E4615
:10C2B0004FF4807101A8E4F705F901AC00270E4A9C
:10C2C0000EA12046F0F75AFC2046E4F73AF9044460
:10C2D00033462A460EA12046F0F750FC2046E4F7EC
:10C2E00030F9044401A8211A4FF47A72FCF74EFE8B
:10C2F0000746384641B0F0BD12810124484541440B
:10C3000020257320485454502F312E310D0A00003F
:10C31000486F73743A2025733A25640D0A0D0A009C
:10C320002DE9F041C2B006460D464FF4807102A8D7
:10C33000E4F7C8F802AC0027124A13A12046F0F730
:10C340001DFC2046E4F7FDF80444304602F0E4FF0B
:10C3500080462B46424611A12046F0F70FFC2046AE
:10C36000E4F7EFF804440020009002A8221A012309
:10C3700002A90E4800680EF02DF90746384642B073
:10C38000BDE8F081128101244845414420257320F5
:10C39000485454502F312E310D0A0000486F7374E9
:10C3A0003A2025733A25640D0A0D0A0088010024FD
:10C3B0002DE9F041C0B006460D464FF48071684645
:10C3C000E4F780F86C46002710A213A12046F0F78E
:10C3D000D5FB2046E4F7B5F80444304602F09CFF54
:10C3E00080462B46424613A12046F0F7C7FB204665
:10C3F000E4F7A7F804446846211A4FF47A72FCF770
:10C40000C5FD0746384640B0BDE8F081464E2D4A8E
:10C410005454592D50590000474554202F25732F4F
:10C42000696E666F2E74787420485454502F312EE4
:10C43000310D0A00486F73743A2025733A25640D54
:10C440000A0D0A002DE9F041C2B006460D464FF430
:10C45000807102A8E4F736F802AC002712A215A1F9
:10C460002046F0F78BFB2046E4F76BF80444304697
:10C4700002F052FF80462B46424615A12046F0F7B7
:10C480007DFB2046E4F75DF804440020009002A8FC
:10C49000221A012302A9124800680EF09BF80746F1
:10C4A000384642B0BDE8F081464E2D4A5454592DCD
:10C4B00050590000474554202F25732F696E666F31
:10C4C0002E74787420485454502F312E310D0A00A8
:10C4D000486F73743A2025733A25640D0A0D0A00DB
:10C4E000880100240EB500200090019002900120E8
:10C4F00000900A48B0F8180202900848B0F81A02F2
:10C5000001900C220649684614F052FA054808F0DA
:10C51000E8FE4FF47A70F3F717F90EBD847F01241B
:10C5200000FCFF0008D401242DE9F04707468846A7
:10C530001546994600BF002D08D100BF14A34FF443
:10C54000EB7220A123A0F0F709FB00BF00BF2C88ED
:10C5500000BF4B462246414638461FF095F9064635
:10C56000701C68B9B7F8640018B1B7F866005828AD
:10C5700001DB012404E0204604EBD071C1F34F0439
:10C58000701C08B9012CE4DC2C803046BDE8F08733
:10C590002E2E5C2E2E5C4D6964646C65776172652D
:10C5A000735C6C7769705C6C7769705F6170705CEC
:10C5B0007765625F7365727665725C6874747064C7
:10C5C0002E6300006C656E67746820213D204E5517
:10C5D0004C4C0000417373657274696F6E202225A4
:10C5E0007322206661696C6564206174206C696ED9
:10C5F0006520256420696E2025730A0010B502218C
:10C600000148FEF7E5FB10BDE85706082DE9F041AB
:10C6100080460E4615460024002721A12868E3F72E
:10C6200097FF002838D101241CE056F824001EA1F1
:10C63000E3F78EFF38B955F824001EA1E3F788FF11
:10C6400008B9781CC7B256F824001CA1E3F780FF94
:10C6500030B955F82400F2F7A9FB08B9781CC7B225
:10C66000601CC4B24445E0DB022F0DD1F2F7ACFBF5
:10C67000012804D114A1002013F018FD09E016A12F
:10C68000002013F013FD04E017A140F2911013F005
:10C690000DFD0020BDE8F0814FF0FF30FAE700000B
:10C6A0006C6F67696E000000757365726E616D6511
:10C6B00000000000726F6F740000000070617373FF
:10C6C000776F726400000000225355434345535373
:10C6D00021222C223122000022535543434553533B
:10C6E00021222C223022000022696E636F72726553
:10C6F0006374206163636F756E74206F7220706164
:10C700007373776F72642122000000002DE9F041FD
:10C7100090B006460F4615460024A0461EA1286884
:10C72000E3F716FF002833D101242BE057F824004B
:10C730001DA1E3F70DFF18BB14211E48E3F7C2FE4D
:10C7400055F82400E3F7FDFE00F0FF08B8F10C0FE8
:10C7500001DD4FF00C0855F8241042461548E3F768
:10C7600089FE15A1002013F0A1FC402211492839AF
:10C770006846E3F77FFE0F4838380FC8F2F74CFCE5
:10C78000601CC4B2B442D1DB002010B0BDE8F0811F
:10C790004FF0FF30F9E700006368616E6765506134
:10C7A0007373776F7264000070617373776F726474
:10C7B0000000000058DE03242253554343455353E1
:10C7C0002122000010B5044606A12068E3F7C0FE50
:10C7D00028B906A1002013F069FC002010BD4FF01D
:10C7E000FF30FBE773656C65637400002222000074
:10C7F0002DE9F04105468846164615A13068E3F755
:10C80000A7FE08BB012419E0224631464046EDF759
:10C81000E5FD074627B111A1652013F047FC0FE0A5
:10C82000681EA04208D112A1002013F03FFC642032
:10C8300021F01CFAFAF7BAF8601CC4B2AC42E3DB90
:10C8400000BF0020BDE8F0814FF0FF30FAE70000A4
:10C850006C6F63616C5F736176650000227061725A
:10C86000616D65746572206572726F7221220000BD
:10C870002253554343455353212200002DE9F041F3
:10C8800005460F4616460024A04615A13068E3F77A
:10C890005FFE08BB012419E0224631463846EDF719
:10C8A00055FF8046B8F1000F04D010A1652013F0A9
:10C8B000FDFB0DE0681EA04206D111A1002013F07F
:10C8C000F5FB642021F0D2F9601CC4B2AC42E3DB7A
:10C8D00000BF0020BDE8F0814FF0FF30FAE7000014
:10C8E00072656D6F74655F73617665002270617249
:10C8F000616D65746572206572726F72212200002D
:10C900002253554343455353212200002DE9F04162
:10C9100005460F4616464FF00008002417A1306860
:10C92000E3F716FE002825D101241DE022463146FA
:10C930003846EDF7BBFC8046B8F1000F04D012A1D9
:10C94000652013F0B3FB11E0681EA0420AD113A1C9
:10C95000002013F0ABFB642021F088F9FAF734F8DB
:10C96000FDF792F9601CC4B2AC42DFDB00BF0020CF
:10C97000BDE8F0814FF0FF30FAE700007365745FA7
:10C98000736176650000000022706172616D6574EC
:10C990006572206572726F72212200002253554326
:10C9A00043455353212200002DE9F04105460F462F
:10C9B00016464FF00008002413A13068E3F7C8FDC5
:10C9C000F0B9012416E0224631463846EDF73EFF25
:10C9D0008046B8F1000F04D00FA1652013F066FB6C
:10C9E0000AE0681EA04203D110A1002013F05EFBF4
:10C9F000601CC4B2AC42E6DB00BF0020BDE8F081A1
:10CA00004FF0FF30FAE700007468726573686F6C6E
:10CA1000645F73617665000022706172616D657498
:10CA20006572206572726F72212200002253554395
:10CA300043455353212200002DE9F04105460F469E
:10CA400016460024A04615A13068E3F781FD08BB17
:10CA5000012419E0224631463846EDF7B9FF8046F9
:10CA6000B8F1000F04D010A1652013F01FFB0DE0FA
:10CA7000681EA04206D111A1002013F017FB64200C
:10CA800021F0F4F8601CC4B2AC42E3DB00BF00202C
:10CA9000BDE8F0814FF0FF30FAE700007570646187
:10CAA00074655F736176650022706172616D657493
:10CAB0006572206572726F72212200002253554305
:10CAC000434553532122000070B504460D461646D7
:10CAD00043A12068E3F73CFD30B9002028803046B0
:10CAE00000F016FE002070BD41A12068E3F730FD84
:10CAF00030B900202880304600F030FC0020F2E7FA
:10CB00003FA12068E3F724FD30B90020288030469B
:10CB100000F076FD0020E6E73DA12068E3F718FD70
:10CB200030B900202880304600F0B6FA0020DAE75D
:10CB30003AA12068E3F70CFD30B900202880304688
:10CB400000F0B0FC0020CEE738A12068E3F700FD3C
:10CB500030B900202880304600F028FD0020C2E7D0
:10CB600036A12068E3F7F4FC30B900202880304675
:10CB700000F0CCFC0020B6E734A12068E3F7E8FC25
:10CB800030B900202880304600F09AFB0020AAE748
:10CB900031A12068E3F7DCFC30B900202880304662
:10CBA00000F01AFB00209EE72FA12068E3F7D0FCDD
:10CBB00030B9002028803046FEF7FAF9002092E7CD
:10CBC0002CA12068E3F7C4FC30B90020288030464F
:10CBD000FEF73CFA002086E74FF0FF3083E70000C5
:10CBE0005641436F6C6C656374696F6E00000000A2
:10CBF0006F74686572436F6C6C656374696F6E0007
:10CC00005468726573686F6C6444617461000000FD
:10CC1000426569646F75446174610000737769747B
:10CC200063685374617475730000000073797374E2
:10CC3000656D5374617475730000000073797374CB
:10CC4000656D53657474696E670000006770727378
:10CC500053657474696E67006E6574776F726B5399
:10CC6000657474696E6700007365727665727365CA
:10CC7000740000007570646174655F6164647200C3
:10CC80002DE9F04105460F46164600240EA13068F6
:10CC9000E3F75EFCA0B901240DE022463146384698
:10CCA00013F01CFA681EA04203D109A1002013F062
:10CCB000FDF9601CC4B2AC42EFDB0020BDE8F0819E
:10CCC0004FF0FF30FAE70000737769746368000083
:10CCD00022535543434553532122000070B5054666
:10CCE0000E46144639A12068E3F732FC50B9F2F73A
:10CCF00037FB38A1002013F0D9F9642020F0B6FFEB
:10CD0000002070BD36A12068E3F722FC48B931A1AC
:10CD1000002013F0CBF94FF47A70F2F715FD0020E4
:10CD2000EFE731A12068E3F713FC58B929A10020EF
:10CD300013F0BCF913F060FB4FF47A70F2F704FDC6
:10CD40000020DEE72AA12068E3F702FC48B921A110
:10CD5000002013F0ABF914F0ADFF14F0B9FF002080
:10CD6000CFE727A12068E3F7F3FB38B919A100202A
:10CD700013F09CF9F2F712F90020C2E725A1206810
:10CD8000E3F7E6FB38B913A1002013F08FF9F2F7AF
:10CD9000FDF80020B5E725A12068E3F7D9FB38B9F5
:10CDA0000CA1002013F082F9F2F7E8F80020A8E7C0
:10CDB00024A12068E3F7CCFB28B925A1002013F0BB
:10CDC00075F900209DE74FF0FF309AE772657365B3
:10CDD0007400000022535543434553532122000061
:10CDE0007265626F6F740000656163726573000045
:10CDF00073696E676C655F636C656172000000004B
:10CE00007265706F72745F73696E676C655F746969
:10CE10006D6500007265706F72745F73696E676C28
:10CE2000655F63757272656E740000007265706F85
:10CE300072745F73696E676C655F636F6E66696756
:10CE4000000000006C6F67696E496E697400000035
:10CE50005B22726F6F74222C2220225D0000000082
:10CE600070B505460E46144627A12068E3F770FB0F
:10CE700080B920F06FFA20B126A1002013F016F936
:10CE800006E0012020F01CFC25A1002013F00EF983
:10CE9000002070BD25A12068E3F75AFB80B920F07F
:10CEA00059FA20B11BA1002013F000F906E002207E
:10CEB00020F006FC1AA1002013F0F8F80020E8E7A3
:10CEC0001DA12068E3F744FBD8B920F043FA20B154
:10CED00010A1002013F0EAF811E0F1F7A7FD38B92E
:10CEE000012020F0EDFB0EA1002013F0DFF806E09A
:10CEF000022020F0E5FB0AA1002013F0D7F8002063
:10CF0000C7E74FF0FF30C4E77570646174656C77F4
:10CF100069700000225550444154494E4721220077
:10CF200022535543434553532122000075706461D9
:10CF300074656770727300007570646174655F6F0B
:10CF40007461000010B500F03BF9FFF757FB0020BB
:10CF500000F002F810BD000070B506461BF05CF84A
:10CF6000044600BF002C08D100BF1DA340F6630299
:10CF700028A12FA0EFF7F2FD00BF00BF012120463E
:10CF80001DF0F6FD50223146204618F08BFF054675
:10CF900000BF002D08D000BF11A340F667022EA1EC
:10CFA00023A0EFF7DBFD00BF00BFFF2120461AF0F2
:10CFB00031FF044600BF002C08D100BF08A340F693
:10CFC00069022CA11AA0EFF7C9FD00BF00BF2146DE
:10CFD000204618F063FF2F49204618F0A6FE70BDCA
:10CFE0002E2E5C2E2E5C4D6964646C6577617265D3
:10CFF000735C6C7769705C6C7769705F6170705C92
:10D000007765625F7365727665725C68747470646C
:10D010002E63000068747470645F696E69743A20EE
:10D020007463705F6E6577206661696C656400008B
:10D03000417373657274696F6E20222573222066B6
:10D0400061696C6564206174206C696E652025647B
:10D0500020696E2025730A0068747470645F696EBD
:10D0600069743A207463705F62696E6420666169F6
:10D070006C65640068747470645F696E69743A20EA
:10D080007463705F6C697374656E206661696C654A
:10D090006400000031A0030830B52DED028B9FB075
:10D0A0000546602107A8E3F70DFAF2F733FD0446C1
:10D0B0009FED330AB0EE408A00200590069094ED73
:10D0C000080BB7EEC00BB0EE408ABCEEC80A10EEFB
:10D0D000100A80B205909DED050AB8EE400A38EEC0
:10D0E000400AB0EE408A9FED270A28EE000ABCEE07
:10D0F000C00A8DED060A24A10FA8DDE90523EFF78C
:10D100003DFD227D22A107A8EFF738FD227D20A159
:10D110000BA8EFF733FD94ED081BB0EE410B53EC79
:10D12000102B1CA10FA8EFF729FD94ED001BB0EE0A
:10D13000410B53EC102B19A117A8EFF71FFD94ED2D
:10D14000021BB0EE410B53EC102B14A113A8EFF708
:10D1500015FDE27C0EA11BA8EFF710FD1BAA17A876
:10D1600013A90FABCDE90031CDE902020BAB07AA41
:10D170000BA12846EFF702FD1FB0BDEC028B30BDBE
:10D18000000000000000C84225642E2530326400F3
:10D1900025640000252E3266000000002566000090
:10D1A0005B222573222C222573222C222573222C0C
:10D1B000222573222C222573222C222573225D0026
:10D1C00010B5272202490348FDF76CFE10BD000090
:10D1D0000004002479A2020830B5BDB00446C8217D
:10D1E0000BA8E3F76FF9002009900A9000210BA823
:10D1F00008F084F8022110A808F080F8012115A891
:10D2000008F07CF803211AA808F078F8092129A869
:10D2100008F074F807211FA808F070F8082124A866
:10D2200008F06CF80D2138A808F068F8F1F784FCD4
:10D2300005462A4612A109A8EFF7A0FC0A212EA84C
:10D2400008F05CF80B2133A808F058F833A82EA991
:10D2500009AB38AACDE90523CDE9071024A81FA9F9
:10D2600029AA1AABCDE90132CDE9031015A810ABFC
:10D270000BAA04A100902046EFF780FC3DB030BD22
:10D28000256400005B222573222C222573222C2288
:10D290002573222C222573222C222573222C222551
:10D2A00073222C222573222C222573222C222573F3
:10D2B000222C222573222C222573225D00000000DF
:10D2C00030B5A3B0044600202190229018211BA85D
:10D2D000E3F7F8F85C2104A8E3F7F4F8002121A8AB
:10D2E000FCF730FC01211BA8FCF72CFCFCF70EFC22
:10D2F00005462A4611A104A8EFF740FCFBF762FAA5
:10D3000005462A460DA10DF12E00EFF737FCFBF77D
:10D3100051FA05462A4609A113A8EFF72FFC13A8D6
:10D320000DF12E0104AA1BABCDE90021029021AA28
:10D3300003A12046EFF722FC23B030BD2573000087
:10D340005B222573222C222573222C222573222C6A
:10D35000222573222C222573225D000010B52DEDAD
:10D36000028BBEB00446202136A8E3F7ABF8242197
:10D370002DA8E3F7A7F878210FA8E3F7A3F89FED0E
:10D38000440AB0EE408A43A000680E900020F7F7F0
:10D39000BBFBB0EE408AB7EEC80A53EC102B3EA19F
:10D3A00036A8EFF7EBFB0020F7F7A6FBB0EE408ABC
:10D3B000B7EEC80A53EC102B37A138A8EFF7DEFB05
:10D3C0000120F7F7A1FBB0EE408AB7EEC80A53EC94
:10D3D000102B31A13AA8EFF7D1FB0120F7F78CFB16
:10D3E000B0EE408AB7EEC80A53EC102B2AA13CA835
:10D3F000EFF7C4FB2DA8F5F7EFFA00210DF1BB0004
:10D400000DF09AFC01210DF1C2000DF095FC0221F6
:10D410000DF1C9000DF090FC032134A80DF08CFC37
:10D4200000210FA820F028FF01210DF15A0020F063
:10D4300023FF00211EA8ECF7F7FA01210DF1960059
:10D44000ECF7F2FA0DF196001EA90DF15A020FAB9E
:10D45000CDE90932CDE90B1034A8C11FCA1FD31F73
:10D46000CDE90532CDE907102DAA3CA80EAB3AA9AB
:10D47000CDE90113CDE9030238A836AA0849009086
:10D480002046EFF77BFB3EB0BDEC028B10BD0000E9
:10D4900000000000E2848300252E326600000000B8
:10D4A000685E060810B588B00446182102A8E3F7A4
:10D4B00009F8002102A8EDF74DFB01210DF10B0049
:10D4C000EDF748FB02210DF10E00EDF743FB0321C0
:10D4D0000DF11100EDF73EFB0DF11100C11E831F90
:10D4E00002AACDE9001003A12046EFF747FB08B0E0
:10D4F00010BD00005B222573222C222573222C22D2
:10D500002573222C222573225D00000010B5A4B0E3
:10D510000446502110A8E2F7D5FF202108A8E2F721
:10D52000D1FF00200690079008A8FAF7C9FF002154
:10D5300010A8F7F7DBFC012115A8F7F7D7FC0221AB
:10D540001AA8F7F7D3FC1FA8F1F7D2FA062106A80C
:10D5500007F0D4FE0C210DF11B0007F0CFFE0DF1FA
:10D560001B0006AB1FA91AAACDE902130192049071
:10D5700015A810AB08AA03A100902046EFF7FEFA09
:10D5800024B010BD5B222573222C222573222C226D
:10D590002573222C222573222C222573222C22254E
:10D5A00073222C222573225D0000000010B598B074
:10D5B00004465C2101A8E2F785FF002101A818F0CC
:10D5C00075FA01210DF1220018F070FA022110A85D
:10D5D00018F06CFA10A80DF1220301AA03A1009023
:10D5E0002046EFF7CBFA18B010BD00005B22257380
:10D5F000222C222573222C222573225D000000009C
:10D6000030B597B00546382109A8E2F75BFFF1F77E
:10D6100097FB044622882EA109A8EFF7AFFA62888B
:10D620002BA10DF12900EFF7A9FAA28828A10DF18D
:10D630002E00EFF7A3FAA27925A10DF13300EFF741
:10D640009DFA94F9072022A10EA8EFF797FA94F912
:10D6500008201FA10DF13D00EFF790FA94F9092081
:10D660001BA10DF14200EFF789FA94F90A2018A1E5
:10D670000DF14700EFF782FAA28915A113A8EFF781
:10D680007DFAA27B12A10DF15100EFF777FAE27B50
:10D690000FA10DF15600EFF771FA0DF15601481F79
:10D6A00013AA531FCDE90532CDE907010A3A19390A
:10D6B0000EA8431FCDE90130CDE903120A38431FFC
:10D6C00009AA04A100902846EFF758FA17B030BD18
:10D6D000256400005B222573222C222573222C2234
:10D6E0002573222C222573222C222573222C2225FD
:10D6F00073222C222573222C222573222C2225739F
:10D70000222C222573222C222573225D000000008A
:10D7100010B590B00446302104A8E2F7D3FE0021F2
:10D7200004A8EFF701FA012106A8EFF7FDF902219D
:10D7300008A8EFF7F9F903210AA8EFF7F5F9042192
:10D740000CA8EFF7F1F905210EA8EFF7EDF90EA8F7
:10D750000CA90AAA08ABCDE90032CDE9021006AB4C
:10D7600004AA03A12046EFF709FA10B010BD00008B
:10D770005B222573222C222573222C222573222C36
:10D78000222573222C222573222C222573225D0050
:10D7900070B505460C4622460321284600F05CF988
:10D7A00070BD00002DE9FF5F05468A466A48806823
:10D7B0000390039800780007860E142E00DAC2E06A
:10D7C0006889042800D2BEE06868047814B1082C87
:10D7D00075D102E009F09CFEB0E0DFF87C9109F120
:10D7E00014095D48007D00F0F000E02800D1AEE0B3
:10D7F000594A1168506900F0E7FE00B1A7E0288996
:10D80000082800D29FE0284600F08AFE20B1284672
:10D810000DF000FFBDE8FF9F06F10E0128460DF058
:10D82000A7FA002840D0288930441FFA80FB2889B5
:10D83000584500DD8BE04FF4207259460E200DF064
:10D8400011FB074607B982E0798906F10800814299
:10D8500003D238460DF0DEFE79E03246786803994F
:10D86000E2F708FE314638460EF008F900280DD0E0
:10D8700000BF00BF39A3B82243A151A0EFF76EF952
:10D8800000BF00BF38460DF0C5FE60E029463846AF
:10D890000DF09CFD18B138460DF0BCFE57E028464F
:10D8A0000DF0B8FE3D4612E006F10E0128460EF0DE
:10D8B000E5F860B100BF00BF28A3C92200E02BE05B
:10D8C00049A13FA0EFF74AF900BF00BF3FE0D5F8FC
:10D8D0000480314628460DF04BFAE0B96F68D9F85C
:10D8E0000000F8601C4800693861002088F80000DA
:10D8F000A8F80200FF203872002078810120002162
:10D90000FF230A46CDE9010A00914946284601F065
:10D91000E1F8834600BF11E0032C0ED00B2C0CD095
:10D920000C2C0AD0042C08D0052C06D00D2C04D0C9
:10D930000E2C02D0112C00D000BF00BF00BF284623
:10D940000DF068FE66E728460DF064FE62E72846A3
:10D950000DF060FE00BF5DE770E902242E2E5C2E04
:10D960002E5C4D6964646C6577617265735C6C777D
:10D9700069705C7372635C636F72655C6970763446
:10D980005C69636D702E630069636D705F696E70B2
:10D9900075743A206D6F76696E6720722D3E7061E6
:10D9A000796C6F616420746F2069636D70206865A5
:10D9B00061646572206661696C65640A000000003C
:10D9C000417373657274696F6E202225732220661D
:10D9D00061696C6564206174206C696E65202564E2
:10D9E00020696E2025730A0069636D705F696E702F
:10D9F00075743A20726573746F72696E67206F7206
:10DA00006967696E616C20702D3E7061796C6F6121
:10DA100064206661696C65640A00000010B501202D
:10DA200010F082FD094908600846006808B9012025
:10DA300010BD002206490548006810F096FD054912
:10DA40000248006810F054FC0020F1E77C03002439
:10DA50001DE30408A80006082DE9FF5F0646894675
:10DA600092464FF01C083089404501DAB6F808802C
:10DA700008F1080081B24FF4207222200DF0F2F973
:10DA800004460CB9BDE8FF9F00BF618908F108009A
:10DA9000814208D200BF19A34FF4B87222A12DA071
:10DAA000EFF75CF800BF00BFD6F804B0656885F8F2
:10DAB000009085F801A00020A880E8807168626865
:10DAC00002F108004246E2F7D5FCDBF80C000390B7
:10DAD00003A801F0C1FA07465FB100206880012069
:10DAE0000021FF2303AACDE901070091204600F0A1
:10DAF000F1FF20460DF08EFD00BFC3E72E2E5C2EF9
:10DB00002E5C4D6964646C6577617265735C6C77DB
:10DB100069705C7372635C636F72655C69707634A4
:10DB20005C69636D702E6300636865636B20746865
:10DB30006174206669727374207062756620636117
:10DB40006E20686F6C642069636D70206D657373FF
:10DB500061676500417373657274696F6E20222579
:10DB60007322206661696C6564206174206C696E43
:10DB70006520256420696E2025730A0070B505466E
:10DB80000C4622460B212846FFF766FF70BD70B594
:10DB900004460D46607A022807D0607A01280AD12F
:10DBA000608910B16089A84205DD2946204600F051
:10DBB00029FB0120607270BD0348044908600448D5
:10DBC0000449086070470000E0000001440300249D
:10DBD000E0000002480300242DE9F8430746894687
:10DBE00090467889082804DA38460DF013FDBDE820
:10DBF000F8837C687989204600F088FC18B13846A3
:10DC00000DF008FDF3E74146484600F079F9054676
:10DC10001DB938460DF0FEFCE9E72078112802D046
:10DC200016283DD132E02249D8F800000968884220
:10DC300014D1201D08B1606880B9607808B90A2045
:10DC40006070D9F8246006B1366804E06178304627
:10DC5000FFF79DFF3668002EF8D116E0201DA0B119
:10DC6000606890B11249D8F800000968884207D16D
:10DC7000606800906946484600F042F9054600BFDA
:10DC80001DB161782846FFF782FF0AE0687A012813
:10DC900005D100206881022068720020287200E00F
:10DCA00000BF00BF38460DF0B5FC00BF9FE7000085
:10DCB00044030024F0B587B005460E4617461C46BF
:10DCC00040F29440ADF818000020ADF81A0004208E
:10DCD00006A90222CDE90124CDE903100020012389
:10DCE0003A4631460090284600F00EFF07B0F0BDDE
:10DCF0002DE9F04105460E466FF0050700BF30786C
:10DD000000F0F000E02802D03846BDE8F08100BF06
:10DD100000BF124930680968884202D16FF00500DF
:10DD2000F3E700BF0E48046814E094F8310000F0F7
:10DD3000200070B12DB1286818B160682968884248
:10DD400007D13146204600F00DF807460FB138469E
:10DD5000DBE72468002CE8D13846D6E744030024EA
:10DD6000D402002470B505460E4600BF307800F09E
:10DD7000F000E02802D06FF0050070BD00BF00BFCA
:10DD80001B4930680968884202D16FF00500F4E74A
:10DD900000BF00BF95F8310000F0200010B96FF00F
:10DDA0000500EAE700BF3146284600F0B9F804460E
:10DDB000D4B1607A98B9207B30B9A86B20B1012228
:10DDC00031462846AB6B984716222146284600F07C
:10DDD00063F90521204600F015FA01206072207BCE
:10DDE000401C20730020C8E74FF0FF30C5E700005B
:10DDF000440300242DE9F04105460E466FF0050767
:10DE000000BF307800F0F000E02802D03846BDE8CE
:10DE1000F08100BF00BF124930680968884202D112
:10DE20006FF00500F3E700BF0E48046814E094F8B3
:10DE3000310000F0200070B12DB1286818B1606881
:10DE40002968884207D13146204600F00DF8804607
:10DE500007B1474600BF2468002CE8D13846D6E712
:10DE600044030024D402002470B505460E4600BFCA
:10DE7000307800F0F000E02802D06FF0050070BDAF
:10DE800000BF00BF1D4930680968884202D16FF0A9
:10DE90000500F4E700BF00BF95F8310000F0200056
:10DEA00010B96FF00500EAE700BF3146284600F0E0
:10DEB00027F80446F4B1207B012816DC21462846C9
:10DEC00000F0C8F8207A20B117222146284600F039
:10DED000E3F8A86B20B1002231462846AB6B984787
:10DEE00021460B200BF0A0FA02E0207B401E20739D
:10DEF0000020C4E76FF00500C1E7000044030024E0
:10DF000010B502460B46516A06E048681C68A042FC
:10DF100001D1084610BD09680029F6D10020F9E7B3
:10DF20002DE9F04106460D46776A29463046FFF74F
:10DF3000E7FF044614B12046BDE8F0810B200BF04A
:10DF4000F7FA0446002C3BD00DB9002000E0286809
:10DF5000606000206081607220722073002F18D1F1
:10DF600000BF184928680968884201D1012000E0F3
:10DF70000020002808D100BF13A34FF486721DA112
:10DF800029A0EEF7EBFD00BF00BF00202060746207
:10DF900016E000BF0B4928680968884201D10120BA
:10DFA00000E0002040B100BF07A34FF48972284968
:10DFB0001DA0EEF7D3FD00BF00BF386820603C60B5
:10DFC0002046B9E7440300242E2E5C2E2E5C4D69BA
:10DFD00064646C6577617265735C6C7769705C739F
:10DFE00072635C636F72655C697076345C69676DDF
:10DFF000702E630069676D705F6C6F6F6B75705F1B
:10E0000067726F75703A2066697273742067726FF9
:10E010007570206D75737420626520616C6C737906
:10E020007374656D73000000417373657274696F7A
:10E030006E2022257322206661696C6564206174FC
:10E04000206C696E6520256420696E2025730A00A6
:10E05000005D060810B503460A460020596A06E02E
:10E060000C68944202D114680C6002E0096800292F
:10E07000F6D100BF09B96FF00F0010BD70B50546AD
:10E080006C6A04B1246804E005212046FFF77FFD97
:10E090002468002CF8D170BD2DE9F84380460E4667
:10E0A000154600270024234800680090A1464FF43D
:10E0B0002072082136200CF0D5FE0746002F36D0FE
:10E0C0007C6800BF7889082808D200BF1AA340F2F4
:10E0D000023224A132A0EEF741FD00BF00BFD8F804
:10E0E00004000090162D06D106F1040970686060E6
:10E0F0000120307205E0172D03D1DFF8CC90706855
:10E100006060162D01D0172D0ED125700020607093
:10E1100060800821204600F0F9F9608043464A46B5
:10E1200069463846FFF7C6FD38460DF073FABDE87C
:10E13000F8830000A80006082E2E5C2E2E5C4D6988
:10E1400064646C6577617265735C6C7769705C732D
:10E1500072635C636F72655C697076345C69676D6D
:10E16000702E630069676D705F73656E643A20633B
:10E170006865636B207468617420666972737420CB
:10E18000706275662063616E20686F6C64207374C2
:10E19000727563742069676D705F6D73670000004E
:10E1A000417373657274696F6E2022257322206635
:10E1B00061696C6564206174206C696E65202564FA
:10E1C00020696E2025730A004803002470B50546B7
:10E1D0000B492846FFF7A4FE04466CB1022060728A
:10E1E000207B401C2073A86B20B1012204492846E3
:10E1F000AB6B9847002070BD4FF0FF30FBE700008D
:10E200004403002470B504460D46022D06DDE2F7F6
:10E210001FF9B0FBF5F105FB110000E00120608162
:10E22000608908B90120608170BD000070B50546A5
:10E230000C46607A01280BD106496068096888425B
:10E2400006D002206072162221462846FFF724FFDE
:10E2500070BD00004403002470B50C48056811E04F
:10E260006C6A0CE06089002808DD6089401E6081CE
:10E27000608918B921462846FFF7D8FF2468002C8A
:10E28000F0D12D68002DEBD170BD0000D402002428
:10E2900010B500BF00224FF400711148E7F710FBE2
:10E2A00000BF00F029F800BF012291020C48E7F7F7
:10E2B00007FB00BF00F020F800BF00224FF4806190
:10E2C0000748E7F7FDFA00BF00F016F800BF01228B
:10E2D00051020348E7F7F4FA00BF00F00DF810BD53
:10E2E0000010025810B50520F7F740FD10BD10B51D
:10E2F0000520F7F73BFD10BD10B50520F7F736FDFB
:10E3000010BD000010B500BF012251020C48E7F714
:10E31000D7FA00BFFFF7F0FF00BF012291020848C3
:10E32000E7F7CEFA00BFFFF7E7FF00BF00224FF488
:10E3300080610348E7F7C4FA00BFFFF7DDFF10BDB7
:10E340000010025870B50546002400261EE0600645
:10E35000040E00BF012291021148E7F7B1FA00BF95
:10E36000FFF7CAFF4FF400710D48E7F797FA08B1BD
:10E37000601CC4B200BF00224FF480610848E7F778
:10E380009FFA00BFFFF7B8FF701CC6B2082EDEDB95
:10E3900015B9FFF7B7FF01E0FFF77AFF204670BD20
:10E3A0000010025870B50446002526E000BFE009C1
:10E3B00028B1012251021648E7F782FA05E000224F
:10E3C0004FF400711248E7F77BFA00BFFFF794FFA4
:10E3D00000BF012291020E48E7F772FA00BFFFF773
:10E3E0008BFF00BF00224FF480610948E7F768FA0D
:10E3F00000BF6006040E681CC5B2082DD6DB00BF46
:10E40000012251020248E7F75BFA00BF70BD00002D
:10E410000010025810B500BF012251021048E7F762
:10E420004FFA00BF00BF012291020D48E7F748FAFA
:10E4300000BFFFF761FF00BF00224FF400710848E2
:10E44000E7F73EFA00BFFFF757FF00BF00224FF487
:10E4500080610348E7F734FA00BFFFF74DFF10BDB6
:10E460000010025810B500BF00224FF400710C4894
:10E47000E7F726FA00BFFFF73FFF00BF0122910236
:10E480000748E7F71DFA00BFFFF736FF00BF01227C
:10E4900051020348E7F714FA00BFFFF72DFF10BD44
:10E4A0000010025870B50024002500BF012251025F
:10E4B0001548E7F705FA00BFFFF71EFF00BF01226E
:10E4C00091021148E7F7FCF900BFFFF715FF07E0DD
:10E4D000601CC4B2FA2C03DDFFF7C4FF012506E07F
:10E4E0004FF400710848E7F7D9F90028F0D100BFD0
:10E4F00000BF00224FF480610348E7F7E1F900BF55
:10E50000FFF7FAFE284670BD0010025830B50446E9
:10E510000D46294620460AF08FF9C04380B230BD2F
:10E52000F0B5064600270024354619E06989686879
:10E530000AF082F90444A0B200EB1444688900EBAD
:10E54000D0714910A0EB410149B10FB9012000E0A1
:10E5500000200746E0B2C4F3072141EA00242D68F9
:10E56000002DE3D127B1E0B2C4F3072141EA002432
:10E57000E04380B2F0BD00002DE9F0410B3020F007
:10E580000706104D19E02068B04215D3B0420AD9F1
:10E59000871B201DD4F80480E1F76CFFA019C0E9A7
:10E5A0000078286004E060682860201DE1F762FFC1
:10E5B000201D2660BDE8F081251D2C68002CE2D1CD
:10E5C0000020F7E74C05002418B502460092D0431E
:10E5D00000B10AB9012018BD91F8310000F0020025
:10E5E00008B90020F7E74868904201D10020F2E71F
:10E5F00000988B681840D1E901342340984208D133
:10E60000886822EA00008C68E343984201D1012027
:10E61000E1E70020DFE700002DE9F74F8CB004466A
:10E620000F464FF00008398DA1F11400C11700EB1F
:10E630005171C1F3CF0A1420059060680990DDF88C
:10E64000249099F8000000F00F001421B1EB800F26
:10E6500004D06FF005000FB0BDE8F08F00BF6089F7
:10E66000142802DA6FF00500F5E700BFB9F80600DC
:10E6700007F0ADFC04900498C0F30C0007900498D8
:10E6800000F400500390208914381FFA80FBBDE08D
:10E690004FF6FF7000EACA00584501DD584603E016
:10E6A0004FF6FF7000EACA0008904FF42072142160
:10E6B0000E200CF0D7FB054605B9ADE000BF688918
:10E6C000142808DA00BF56A34FF4497260A168A06D
:10E6D000EEF744FA00BF00BF142268680999E1F719
:10E6E000C9FED5F8049008980A9054E0618905980D
:10E6F000081A80B2029000BF61890598814208DA49
:10E7000000BF47A340F22D3263A159A0EEF726FACD
:10E7100000BF00BF02990A98884201DA0A9800E017
:10E7200002988046B8F1000F03D1002005902468BC
:10E7300031E000F04FFE06461EB928460CF06AFF95
:10E740006AE0616805980844334641224146CDE9B4
:10E75000000800200CF02AFD0B900B9830B93046D1
:10E7600000F03EFE28460CF055FF55E020460DF027
:10E7700035F974614C48306128460B990CF040FD26
:10E780000A98A0EB080080B20A900A9810B1002005
:10E790000590246800BF0A980028A7D10598404436
:10E7A00080B20590388D1438584501DB012000E017
:10E7B000002006900798C0F30C000490069808B15A
:10E7C000039818B1049840F400500490049807F09E
:10E7D000FEFBA9F806000899143188B207F0F7FB90
:10E7E000A9F802000020A9F80A007B6929463846EA
:10E7F0000E9A984728460CF00DFF0898ABEB0000E6
:10E800001FFA80FB0798504480B20790BBF1000FBD
:10E810007FF43EAF00201EE74FF0FF301BE7000003
:10E820002E2E5C2E2E5C4D6964646C65776172657A
:10E83000735C6C7769705C7372635C636F72655C48
:10E84000697076345C6970345F667261672E63004C
:10E8500074686973206E65656473206120706275E9
:10E860006620696E206F6E652070696563652100A2
:10E87000417373657274696F6E202225732220665E
:10E8800061696C6564206174206C696E6520256423
:10E8900020696E2025730A00702D3E6C656E203E47
:10E8A0003D20706F6666000015FB03082DE9F84FE8
:10E8B00006460F464FF0010B756828780421B1EB2E
:10E8C000201F05D030460CF0A5FE0020BDE8F88FD3
:10E8D000287800074FEA9068688807F078FB81463F
:10E8E0003189494503DD494630460CF0C9FF70893E
:10E8F000404505DB3089484502DBB8F1140F04DAE6
:10E9000030460CF087FE0020E0E728696149486145
:10E91000E86808610846007D00F0F000E0281CD19E
:10E9200097F8310000F02000A8B114313846FFF705
:10E93000E7FA80B1584800905648406900998842EB
:10E9400007D15448103010B11038006908B94FF0A1
:10E95000000B3C461CE000241AE0384600F0A0F80A
:10E9600008B13C4614E000244A48007D7F280FD0BF
:10E970004A48046809E0BC4200D105E0204600F0A6
:10E980008FF800B103E000BF2468002CF3D100BF72
:10E99000BBF1000F10D03F4908693946FFF714FE5C
:10E9A00028B93C48007C00F0F000E02804D1304653
:10E9B0000CF030FE002089E724B930460CF02AFE26
:10E9C000002083E7E8884FF63F71084038B13046B1
:10E9D00000F0CAF906460EB9002077E775682D48A1
:10E9E00004604760856028780007800E2949888187
:10E9F000394630460FF0DAFC8246BAF1010F3FD0BB
:10EA0000414630460DF03AF8687A01280FD00228C6
:10EA100012D0062806D0112815D1394630461DF0EF
:10EA200085FF2CE03946304618F002FB27E03946D6
:10EA30003046FEF7B7FE22E0164A14323946304619
:10EA4000FFF7CAF81BE0BAF1020F14D01149486968
:10EA50002146FFF7B9FD70B90E48007D00F0F000C7
:10EA6000E02808D00FFA88F130460CF0CBFE0221E6
:10EA70003046FEF78DFE30460CF0CCFD00BF00BFE7
:10EA80000020044908604860886088810861486106
:10EA900000BF1BE770E90224E0000001D40200245B
:10EAA00010B5044694F8310000F0010070B16068C0
:10EAB00060B1074840696168884205D004494869E7
:10EAC0002146FFF781FD08B1012010BD0020FCE7C1
:10EAD00070E902242DE9F04786B004460D4616463B
:10EAE0001F46DDE90F9ADDF838800020CDE902A04D
:10EAF0003B4632462946CDE900890490204600F085
:10EB000003F806B0BDE8F0872DE9F04F87B007465F
:10EB10000C4615469846DDE913ABDDF84090129E91
:10EB2000069425B10CB1206808B9301D06901198E3
:10EB300043462A4601A9A1E8410CCDF80090384689
:10EB4000069900F003F807B0BDE8F08F2DE9FF4FFC
:10EB500081B005468A469346109F129E00BFA87B4F
:10EB6000012808D000BF4DA34FF4557256A159A0FB
:10EB7000EDF7F4FF00BF00BFBBF1000F71D04FF005
:10EB800014084FF0000926B3282E04DD6FF00500AD
:10EB900005B0BDE8F08FF01C20F003001FFA80F9EB
:10EBA00008EB09001FFA80F8494628460CF0E0F807
:10EBB00010B16FF00100EBE7324668681199E1F798
:10EBC00059FC4E4505DAA9EB06016A689019E1F790
:10EBD00079FC142128460CF0CBF810B16FF001003D
:10EBE000D6E76C6800BF6889142808D200BF2BA341
:10EBF0004FF4627241A137A0EDF7B0FF00BF00BF34
:10EC0000049820720F986072DBF800002061404683
:10EC10004FEAE87108EB9171C1F3870141F04001BF
:10EC200021700E986070288907F0D1F9608000206B
:10EC3000E0803E48008807F0CAF9A0803B48008881
:10EC4000401C3A490880BAF1000F03D138480068E7
:10EC5000E06002E0DAF80000E060002060810AE095
:10EC6000FFE76889142802DA6FF0010090E76C680A
:10EC700020690090EB46388D48B12889398D88424B
:10EC800005DD5A4639462846FFF7C6FC80E75A4656
:10EC9000294638467B6998477AE700002E2E5C2E7D
:10ECA0002E5C4D6964646C6577617265735C6C772A
:10ECB00069705C7372635C636F72655C69707634F3
:10ECC0005C6970342E630000702D3E726566203DD5
:10ECD0003D203100417373657274696F6E20222587
:10ECE0007322206661696C6564206174206C696EB2
:10ECF0006520256420696E2025730A0063686563BA
:10ED00006B20746861742066697273742070627518
:10ED1000662063616E20686F6C6420737472756323
:10ED2000742069705F686472000000004C03002466
:10ED3000A80006082DE9F04786B004460D461646A1
:10ED40001F46DDE90F9ADDF838800020CDE902A0EA
:10ED50003B4632462946CDE9008904902046FFF71C
:10ED6000F5FE06B0BDE8F0872DE9F14F84B00498B8
:10ED70004568287800F00F001421B1EB800F00D017
:10ED800011E1E88807F023F9C0F30C004FF6FF719A
:10ED900001EAC00A688807F01AF9074628780007D0
:10EDA000810E02910299B94200DDFCE00298381A06
:10EDB00087B204980CF0ADFA06467D4801888819A0
:10EDC0000A280ADD3146284600F03AFE20B178488C
:10EDD000008830440A2800DDE5E07648046811E048
:10EDE0006069E968884209D1A0692969884205D12A
:10EDF000A089A988884201D1012000E0002000B14B
:10EE000002E02468002CEBD100BF34B9314628461B
:10EE100000F002FD044694B9C5E0E88807F0D7F891
:10EE2000C0F30C0058B9E08907F0D1F8C0F30C002A
:10EE300028B11422294604F10800E1F71BFBE888F9
:10EE4000012121EA50100190019850B10AEB07010D
:10EE500088B2504503DB4FF6EB71884200DD80E05D
:10EE600000BF2046019A049900F000FB83460BF195
:10EE7000010000B975E04E48008830444C490880D4
:10EE8000019840B10AEB070188B2A083A17F41F04D
:10EE90000101A17700BFBBF1010F60D1A08B14303D
:10EEA00080B2009060684068D0F800906068456863
:10EEB000142204F108012846E1F7DCFA009807F073
:10EEC00086F868800020E8806881606804900DE022
:10EED000D9F804000390142148460CF0CFFD4946B0
:10EEE00004980CF08DF90398D0F80090B9F1000F58
:10EEF000EED130480068844202D14FF000080EE0A5
:10EF00002C48D0F8008006E0D8F80000A04200D1DC
:10EF100004E0D8F80080B8F1000FF5D100BF4146F9
:10EF2000204600F01DFC04980CF0F3F9064600BFE3
:10EF30001F480088B04208DA00BF1FA340F29B229E
:10EF400029A130A0EDF70AFE00BF00BF18480088D5
:10EF5000801B17490880049805B0BDE8F08F002099
:10EF6000FAE700BF44B900BF13A34FF42A722FA1E0
:10EF700024A0EDF7F3FD00BF00BF606890B900BFAB
:10EF80000C480068844208D000BF0BA340F2AB22BB
:10EF900029A11CA0EDF7E2FD00BF00BF0021204623
:10EFA00000F0DEFB00BF04980CF034FB0020D3E738
:10EFB00058030024540300242E2E5C2E2E5C4D6931
:10EFC00064646C6577617265735C6C7769705C739F
:10EFD00072635C636F72655C697076345C6970340F
:10EFE0005F667261672E630069705F72656173733B
:10EFF0005F70627566636F756E74203E3D20636C52
:10F00000656E0000417373657274696F6E2022250E
:10F010007322206661696C6564206174206C696E7E
:10F020006520256420696E2025730A0069707220AE
:10F03000213D204E554C4C006E6F742066697273F2
:10F0400074616C74686F756768206A757374206585
:10F050006E7175657565640010B50246107800F034
:10F06000F000E02805D12548006810B12348006869
:10F0700010BD2348016821E091F8310000F0010043
:10F08000D8B191F83100C0F38000B0B14868A0B1A8
:10F0900010688B681840D1E901342340984201D1AF
:10F0A0000846E5E791F8310000F0020028B9106841
:10F0B000CB68984201D10846DAE709680029DBD11C
:10F0C00010480068A0B10F48006890F8310000F0C7
:10F0D000010068B10B48006890F83100C0F380006F
:10F0E00030B108480068406810B110787F2801D11D
:10F0F0000020BDE703480068BAE700005003002481
:10F10000D4020024D80200242DE9FF470646884691
:10F110006F46347800BFE1F787F90068005D20286A
:10F1200003D0002004B0BDE8F08700254FF00A09A5
:10F13000302C0ED1701C06460478782C01D0582C47
:10F1400005D14FF01009701C0646047801E04FF01D
:10F15000080900BFE1F768F90068005D20280FD1B9
:10F16000B9F1080F04D1A4F13000082800D328E039
:10F17000A4F1300005FB0905701C06460478E9E798
:10F18000B9F1100F1CD1E1F74FF9006810F804A095
:10F190008AEA8A0000F0800090B1E1F745F9006842
:10F1A000005D00F0080008B1612100E0412104F198
:10F1B0000A00401A40EA0515701C06460478C9E7A3
:10F1C00000BF00BF2E2C09D103A8874201D3002025
:10F1D000A8E720C7701C064604789CE700BF00BF64
:10F1E00044B1E1F721F90068005D00F0010008B9C1
:10F1F000002097E76846381A012101EBA000052896
:10F2000042D2DFE800F0030506142800002089E759
:10F2100045E0B5F1807F01D3002083E70098FF2807
:10F2200001D900207EE7009845EA006537E0B5F592
:10F23000803F01D3002075E70098FF2802D801988D
:10F24000FF2801D900206DE700980006019940EAE7
:10F250000140054323E0FF2D01D9002062E700981B
:10F26000FF2805D80198FF2802D80298FF2801D965
:10F27000002057E700980006019940EA01400299F2
:10F2800040EA012005430AE000BF00BF09A3FB22BA
:10F2900014A117A0EDF762FC00BF00BF00BF00BFC4
:10F2A000B8F1000F04D0284606F084FEC8F800002C
:10F2B000012037E72E2E5C2E2E5C4D6964646C6550
:10F2C00077617265735C6C7769705C7372635C63A1
:10F2D0006F72655C697076345C6970345F61646418
:10F2E000722E6300756E68616E646C656400000068
:10F2F000417373657274696F6E20222573222066D4
:10F3000061696C6564206174206C696E6520256498
:10F3100020696E2025730A0010B5044610220249A8
:10F32000204600F003F810BD80D403242DE9FC47EB
:10F3300006460B4614464FF0000C30680190194603
:10F3400001AA00273CE0002500BF10784FF00A0911
:10F3500090FBF9FA09FB1A0000F0FF08107890FB07
:10F36000F9F0107008F1300000F0FF0A284605F1AE
:10F37000010909F0FF050DF800A010780028E4D17C
:10F380000BE060460CF1010CA04202DB0020BDE85E
:10F39000FC871DF8050001F8010B281EA5F10109E5
:10F3A00009F0FF05EDD160460CF1010CA04201DB34
:10F3B0000020ECE72E2001F8010B521C781CC7B28C
:10F3C000042FC0DB4FF00009481E014680F8009072
:10F3D0001846DCE710B506200AF0AAF810BD0000B8
:10F3E00010B5044600BF44B900BF07A34FF4317203
:10F3F00011A114A0EDF7B2FB00BF00BF214606200B
:10F400000AF012F810BD00002E2E5C2E2E5C4D6905
:10F4100064646C6577617265735C6C7769705C734A
:10F4200072635C636F72655C697076345C697034BA
:10F430005F667261672E63007020213D204E554C3F
:10F440004C000000417373657274696F6E20222551
:10F450007322206661696C6564206174206C696E3A
:10F460006520256420696E2025730A002DE9F74F79
:10F4700084B006468846002501200190D8F8040093
:10F4800002900299488806F0A2FD8346029800780F
:10F490000007800E03900398584503DD681E07B0EF
:10F4A000BDE8F08F0398ABEB00001FFA80FB0299D8
:10F4B000C88806F08CFDC0F30C004FF6FF7101EA1E
:10F4C000C00A00BF00BFD8F8044000202060A4F8A4
:10F4D00004A00AEB0B00E080E088504502DA4FF010
:10F4E000FF30DCE7D6F804903EE0D9F80470A0883D
:10F4F000B988884220DAC4F800909DB1A088E988D4
:10F50000884203DBE088B988884202DD4FF0FF3093
:10F51000C5E7C5F80080E888A18888420BD00020A4
:10F52000019008E0E088B988884202DD4FF0FF30A2
:10F53000B5E7C6F804801AE0A088B988884202D1ED
:10F540004FF0FF30ABE7A088F988884202DA4FF02D
:10F55000FF30A4E72DB1E888B988884201D00020A7
:10F560000190D7F800903D46B9F1000FBDD100BF22
:10F57000B9F1000F27D1BDB100BFE888A18888424A
:10F5800008DD00BF3DA34FF4DB7248A14FA0EDF7AB
:10F59000E5FA00BF00BFC5F80080E888A18888426E
:10F5A00011D0002001900EE000BF706840B100BF94
:10F5B00032A34FF4DF724FA144A0EDF7CFFA00BFA2
:10F5C00000BFC6F80480069820B9B07F00F00100A3
:10F5D000002851D00198002848D0706818B1706890
:10F5E0004068808810B1002001903FE02546D4F8A3
:10F5F00000900BE0D9F80440E888A188884202D046
:10F600000020019005E02546D4F80090B9F1000FE4
:10F61000F0D100BF0198002828D000BF706840B921
:10F6200000BF16A340F2DF1240A128A0EDF796FA22
:10F6300000BF00BF00BF70684068A04208D100BF93
:10F640000EA34FF4F07239A120A0EDF787FA00BFA6
:10F6500000BF00BF206840B100BF08A34FF4F172A3
:10F6600036A11AA0EDF77AFA00BF00BF019808B1E1
:10F67000012014E7002012E7002010E72E2E5C2E58
:10F680002E5C4D6964646C6577617265735C6C7740
:10F6900069705C7372635C636F72655C6970763409
:10F6A0005C6970345F667261672E630063686563CE
:10F6B0006B20667261676D656E747320646F6E2770
:10F6C00074206F7665726C61700000004173736521
:10F6D0007274696F6E2022257322206661696C65E1
:10F6E00064206174206C696E6520256420696E2039
:10F6F00025730A006E6F2070726576696F757320CE
:10F70000667261676D656E742C2074686973206D14
:10F7100075737420626520746865206669727374FD
:10F7200020667261676D656E7421000073616E6999
:10F73000747920636865636B0000000076616C6912
:10F74000646174655F646174616772616D3A6E656E
:10F7500078745F70627566213D4E554C4C00000018
:10F7600070B504460D460E480068A04203D10C490E
:10F77000206808600EE000BF002D08D100BF09A37B
:10F7800040F2451213A11AA0EDF7E8F900BF00BF3F
:10F79000206828602146052009F046FE70BD000063
:10F7A000540300242E2E5C2E2E5C4D6964646C651F
:10F7B00077617265735C6C7769705C7372635C63AC
:10F7C0006F72655C697076345C6970345F66726113
:10F7D000672E630073616E69747920636865636B7B
:10F7E000206C696E6B6564206C69737400000000A6
:10F7F000417373657274696F6E20222573222066CF
:10F8000061696C6564206174206C696E6520256493
:10F8100020696E2025730A0070B505460E46052046
:10F8200009F086FE044664B93146284600F008F91E
:10F83000B04203DB052009F07BFE04460CB9002032
:10F8400070BD20212046E0F73DFE0F20E0770648FE
:10F8500000682060044804601422294604F108006E
:10F86000E0F708FE2046EBE7540300242DE9F047BB
:10F8700004468846002500BFA04507D100BF40A32D
:10F88000AB224BA14DA0EDF769F900BF00BFB8F165
:10F89000000F0DD000BFD8F80000A04207D000BF75
:10F8A00037A3AD224FA145A0EDF758F900BF00BF27
:10F8B0006068D0F80490B9F80400002824D1676883
:10F8C000D9F800006060142204F108017868E0F7BC
:10F8D000D1FD01213846FEF751F938460BF019FDEC
:10F8E000064600BFA819B0F5803F07DB00BF24A380
:10F8F000BC2241A131A0EDF731F900BF00BFA8192A
:10F9000085B238460BF086FE67681CE0D7F8049095
:10F91000BA46D9F8007050460BF0FBFC064600BF13
:10F92000A819B0F5803F07DB00BF15A3CC2232A198
:10F9300022A0EDF713F900BF00BFA81985B2504609
:10F940000BF068FE00BF002FE0D141462046FFF7D4
:10F9500007FF00BF30480088A84207DA00BF08A3AD
:10F96000D2222EA115A0EDF7F9F800BF00BF2A485A
:10F970000088401B284908802846BDE8F087000021
:10F980002E2E5C2E2E5C4D6964646C657761726509
:10F99000735C6C7769705C7372635C636F72655CD7
:10F9A000697076345C6970345F667261672E6300DB
:10F9B0007072657620213D20697072004173736515
:10F9C0007274696F6E2022257322206661696C65EE
:10F9D00064206174206C696E6520256420696E2046
:10F9E00025730A00707265762D3E6E657874203D31
:10F9F0003D2069707200000070627566735F667208
:10FA0000656564202B20636C656E203C3D2030785A
:10FA100066666666000000005803002469705F7225
:10FA2000656173735F70627566636F756E74203E97
:10FA30003D2070627566735F6672656564000000E4
:10FA40002DE9F84F05468946002700BF0026B2463B
:10FA50000020009083461B48046821E06069E96843
:10FA6000884207D1A0692969884203D1A089A98861
:10FA7000884201D0012000E0002068B10BF1010BA9
:10FA80001EB92646CDF800A006E0E07FF17F88424F
:10FA900002DC2646CDF800A0206800B1A24624680A
:10FAA000002CDBD12EB130460099FFF7DFFE8046F7
:10FAB00047444F4502DABBF1010FC7DC3846BDE8C9
:10FAC000F88F00005403002470B500250A4804682C
:10FAD0000FE0E07F002805DDE07F401EE07725464F
:10FAE000246806E02646246829463046FFF7BEFE15
:10FAF00000BF002CEDD170BD5403002438B504467E
:10FB000069462046FFF700FB08B1009838BD4FF06A
:10FB1000FF30FBE770B505462C4600BF44B900BF77
:10FB20000FA340F2CE221AA11CA0EDF717F800BFD8
:10FB300000BF00BFAC4208D000BF09A340F2CF22F3
:10FB400020A116A0EDF70AF800BF00BF606910B150
:10FB500060690BF05FFD2046FFF742FC70BD0000BE
:10FB60002E2E5C2E2E5C4D6964646C657761726527
:10FB7000735C6C7769705C7372635C636F72655CF5
:10FB8000697076345C6970345F667261672E6300F9
:10FB900070637220213D204E554C4C0041737365BB
:10FBA0007274696F6E2022257322206661696C650C
:10FBB00064206174206C696E6520256420696E2064
:10FBC00025730A00706372203D3D20700000000024
:10FBD0007047704710B52DED108B84B004469FED33
:10FBE0006E0AF0EE40EA9FED6C0AB0EE40FAB7EE16
:10FBF000000AF0EE40FAB7EE000A8DED030A9FED21
:10FC0000670BB0EE40CB9FED650BB0EE408B9FEDE8
:10FC1000630BB0EE40BB634A21681268881A002863
:10FC200001DB014600E041421E2905DB206800900F
:10FC30005C492068086002E05A4800680090594A10
:10FC400061685268881A002801DB014600E04142E1
:10FC50001E2905DB6068019052496068486002E037
:10FC60005048406801904F4AA1689268881A00285D
:10FC700001DB014600E041421E2905DBA06802903D
:10FC80004849A068886002E0464880680290009871
:10FC90004043019901FB0100029901FB010000EEC4
:10FCA000100AB8EEC00BB0EE40CBB0EE4C0BEDF747
:10FCB00057F9B7EEC00BB7EEC00AB0EE408BB5EE09
:10FCC000C08BF1EE10FA03D19FED370BB0EE408BF5
:10FCD0009DED000AB8EEC00B80EE081BB7EEC19B8D
:10FCE0009DED010AB8EEC00B80EE081BF7EEC19B3C
:10FCF0009DED020AB8EEC00B80EE081BB7EEC1AB5B
:10FD000029EE2E0A09EE8F0A0AEE2F0AF0EE40AA1B
:10FD100029EE091AB7EEC12A29EEA91AB7EEC11ABF
:10FD200032EE012B2AEE0A1AB7EEC11A32EE011B8F
:10FD3000B0EE410BEDF714F9B7EEC00BB7EEC00A09
:10FD4000B0EE40BBB5EEC0BBF1EE10FA03D19FEDB3
:10FD5000160BB0EE40BB9DED030AB7EEC00A2BEECA
:10FD6000000BB7EEEA1A81EE002BB0EE42DBB0EEEC
:10FD70004D0BECF7CDFF9FED0E1B20EE010B9FED21
:10FD80000E1B80EE012BB7EEC2EBB0EE4E0A04B0B4
:10FD9000BDEC108B10BD0000000000000000000052
:10FDA00000000000A01500248DEDB5A0F7C6B03E00
:10FDB00000000000008066401F85EB51B81E09401E
:10FDC00070B505460C4625B1012D16D0022D3CD14B
:10FDD00027E01F4884703CB1012C0BD10022402148
:10FDE0001C48E5F76DFD06E0012240211948E5F7C2
:10FDF00067FD00E000BF00BF28E0154804703CB17B
:10FE0000012C0BD1002210211248E5F759FD06E024
:10FE1000012210210F48E5F753FD00E000BF00BFAD
:10FE200014E00B4844703CB1012C0BD1002220217E
:10FE30000848E5F745FD06E0012220210548E5F7E1
:10FE40003FFD00E000BF00BF00E000BF00BF70BD8D
:10FE5000CC0100240010025810B520480088401C36
:10FE60001E49088008460088B0F5FA7F19DD002099
:10FE700008801B480078022803D110211948E5F7B3
:10FE800015FD17484078022803D120211548E5F7D1
:10FE90000DFD13488078022803D140211148E5F771
:10FEA00005FD11480088401C0F490880084600885D
:10FEB000C82811DD0020088009480078032803D1F4
:10FEC00010210848E5F7F2FC05484078032803D1E3
:10FED00020210448E5F7EAFC10BD0000D20100240F
:10FEE000CC01002400100258D40100240246B2FBC9
:10FEF000F1F001FB1020101A704770B504460D4652
:10FF00006119481E2946FFF7F1FF70BDF8B5044698
:10FF10000E4670E035E0E16DE06D401CE065206E5E
:10FF2000401E20664A09606E50F8220001F01F034F
:10FF300001229A40104018BB606D0844A26E126AFC
:10FF4000B0FBF2F302FB1300306005E0E06D401CF3
:10FF5000E065206E401E2066D4E9160282420DD074
:10FF6000E06D4009626E52F820005C22125D02F0E2
:10FF70001F0301229A4010400028E7D10020F8BD5D
:10FF800000BFD4E916018142C5D1206E68B91AA01C
:10FF90000090616DE06D431840F2472217A120A048
:10FFA000ECF7DCFD6FF01B00E9E7D4E9151008441D
:10FFB000A16E096AB0FBF1F201FB12006065A26E4E
:10FFC000216ED26AD00004F07DFDA0650021E165BC
:10FFD000A26ED16A606EE0F775FA012322461A49D3
:10FFE000204604F0A5F9054625B1204600F032F878
:10FFF0002846C4E700BF8DE7000000002E2E5C2ECF
:020000040804EE
:100000002E5C4D6964646C6577617265735C6C69C4
:1000100074746C6566735C6C66732E63000000001C
:1000200025733A25643A6572726F723A204E6F20DA
:100030006D6F7265206672656520737061636520FF
:10004000257525730A00000067000408816E0A6A9E
:100050000266704710B504460021A165E16520469F
:10006000FFF7F4FF10BD70B502460C461146486D0F
:10007000201A8D6E2D6A28448D6E2D6AB0FBF5F620
:1000800005FB1603886D98420CD95D09486E50F83F
:10009000250003F01F060125B54028435E094D6E7B
:1000A00045F82600002070BD2DE9FF4F87B081463E
:1000B0001F46DDF850A0DDF85C80DDF858B0002662
:1000C000002427E0A8EB0400082104F0FBFC06460E
:1000D00005A9159820443B1BCDE900A0CDE90216E7
:1000E0004846DDE9081200F0B5F905461DB128467D
:1000F0000BB0BDE8F08F0BEB0401324605A8E0F72A
:1001000035FA05462DB1002D01DA0120F0E7022075
:10011000EEE734444445D5D30020E9E770B5044602
:100120000E46A06E006AB04200D904E0FF220AA188
:1001300012A0ECF76BFDA06E3146C26890470546F1
:10014000002D00DC05E040F2011203A113A0ECF742
:100150005DFD284670BD00002E2E5C2E2E5C4D6984
:1001600064646C6577617265735C6C6974746C65EA
:1001700066735C6C66732E6300000000626C6F63D4
:100180006B203C206C66732D3E6366672D3E626C6F
:100190006F636B5F636F756E740000006572722031
:1001A0003C3D2030000000002DE9FF4705460C468D
:1001B000904699462068401C002850D02068801C3A
:1001C00000284CD02068A96E096A884200D204E059
:1001D0009E2224A12CA0ECF719FDAA6E9169A068BB
:1001E000FFF78BFE06460096E368D4E90012A86E7E
:1001F000D0F808C0E0470746002F00DC04E0A22248
:1002000018A12BA0ECF702FD1FB1384604B0BDE8E1
:10021000F087B9F1000F1DD04146284600F05AFA88
:10022000D4E90002E1683346CDE90216CDE90002C7
:10023000424600212846FFF737FF8246BAF1000FF9
:1002400001DA5046E2E7BAF1000F02D06FF0530036
:10025000DCE700BF2146284600F040FA00BF00203E
:10026000D4E700002E2E5C2E2E5C4D6964646C6514
:1002700077617265735C6C6974746C6566735C6CD1
:1002800066732E63000000007063616368652D3E35
:10029000626C6F636B203C206C66732D3E636667F7
:1002A0002D3E626C6F636B5F636F756E7400000050
:1002B000657272203C3D2030000000002DE9FF5F98
:1002C00006460C46DDF84480DDE90E75DDF840A0F9
:1002D000B81C18B1B06E006AB84200D904E0D3224D
:1002E00032A13BA0ECF792FC05EB0800B16EC969A6
:1002F000884200D804E0D4222CA144A0ECF786FC6C
:100300004EE02068B84238D16068A84235D86068AD
:10031000B16E896A0844A8422FD9B06E806A6268BB
:10032000AA1A811A404604F0CDFB81466268AA1AD7
:10033000E16888184A465146E0F79CF8CA444D44A3
:10034000A8EB09086268A91AA06804F0B4FBA060D1
:10035000A068B16E896A88420ED121463046DDE937
:100360000223FFF721FF8346BBF1000F03D058465D
:1003700004B0BDE8F09F00BF12E02068401C00B947
:1003800004E0F12209A12AA0ECF740FC2760B06E3E
:1003900081692846FFF7AAFD60600020A06000BFC9
:1003A000B8F1000FADD10020E2E700002E2E5C2E48
:1003B0002E5C4D6964646C6577617265735C6C6911
:1003C00074746C6566735C6C66732E630000000069
:1003D000626C6F636B203D3D2028286C66735F6202
:1003E0006C6F636B5F74292D3229207C7C20626CDA
:1003F0006F636B203C206C66732D3E6366672D3EF9
:10040000626C6F636B5F636F756E74006F666620FE
:100410002B2073697A65203C3D206C66732D3E630A
:1004200066672D3E626C6F636B5F73697A6500006F
:100430007063616368652D3E626C6F636B203D3D48
:100440002028286C66735F626C6F636B5F74292D64
:10045000312900002DE9FF4F83B006468846144637
:10046000DDE910A5DDF84C90DDF848B0B06E006A0B
:10047000504505D905EB0900B16EC969884204D918
:100480006FF0530007B0BDE8F08FB9E04F46B8F108
:10049000000F2AD0D8F80000504526D1D8E9010134
:1004A0000844A84221D9D8F80400A84216D8D8E9AF
:1004B0000120AA1A811A384604F004FB0746D8F82E
:1004C0000420AA1AD8F80C0081183A465846DFF7DB
:1004D000D1FFBB443D44A9EB070991E0D8F80400E3
:1004E000411B384604F0EEFA07462068504522D1F9
:1004F000D4E901010844A8421DD96068A84214D873
:10050000D4E90120AA1A811A384604F0DBFA07461A
:100510006268AA1AE06881183A465846DFF7AAFFCF
:10052000BB443D44A9EB07096AE06068411B3846BB
:1005300004F0C8FA07460698814522D3B06E406998
:10054000B5FBF0F100FB1150D8B9B06E40694845D9
:1005500017D8B06E41693846FFF7C8FC07460097C8
:10056000B06E5B462A465146D0F804C0E047019081
:10057000019808B1019885E7BB443D44A9EB070900
:100580003EE0B06E006A504500D904E06B221FA126
:1005900027A0ECF73BFBC4F800A0B06E41692846E9
:1005A000FFF7A4FC6060B26E5169069AA818FFF7C5
:1005B000A4FC0090B06EC169009804F083FA6168F1
:1005C000401A0190B06E816A019804F07BFAA06035
:1005D000A0680090E368D4E90012B06ED0F804C0BF
:1005E000E04702900298002800DC04E0762207A190
:1005F00017A0ECF70BFB029808B1029842E700BF86
:10060000B9F1000F7FF442AF00203BE72E2E5C2EA5
:100610002E5C4D6964646C6577617265735C6C69AE
:1006200074746C6566735C6C66732E630000000006
:10063000626C6F636B203C206C66732D3E63666753
:100640002D3E626C6F636B5F636F756E74000000AC
:10065000657272203C3D2030000000002DE9F04121
:1006600004460F46164698463146204600F032F8BA
:100670004346324639462046FFF796FD054615B1FA
:100680002846BDE8F081A06E016988470546002D27
:1006900000DC04E0C82203A10BA0ECF7B7FA28465F
:1006A000EFE700002E2E5C2E2E5C4D6964646C65B5
:1006B00077617265735C6C6974746C6566735C6C8D
:1006C00066732E6300000000657272203C3D20308E
:1006D000000000004FF0FF320A60704770B5054619
:1006E0000C46AA6E916AFF22E068DFF7E4FE4FF045
:1006F000FF30206070BD000070B50B461C46002125
:1007000012E0655C454005F00F05094E56F825508E
:1007100085EA1010655C80EA251505F00F0556F88E
:10072000255085EA1010491C9142EAD370BD0000A3
:1007300098FE0508014691FAA1F0B0FA80F07047E2
:100740002DE9FF4F89B01F46DDE916B8DDF860904E
:10075000BBE008A90998FFF7D9FB04461CB1204665
:100760000DB0BDE8F08FDDE90810FFF7D7FC0446B7
:100770002CB104F1540000B999E02046F0E7BBF138
:10078000000F06D10898C8F800000020C9F8000042
:10079000E6E7ABF10100079007A9099800F01AF904
:1007A00082460798401C07900998806EC069079997
:1007B000884232D0002525E0012005A9CDE9007549
:1007C000CDE902100798431B00210B9A0998FFF707
:1007D00041FE04460CB12046C2E7012005A9089A53
:1007E0000346CDE90025CDE9021009A807C8FFF7A7
:1007F00065FD04462CB104F1540000B957E02046D1
:10080000AEE76D1C07988542D6D30898C8F800005B
:100810000798C9F800000020A2E70AF1010A504633
:10082000FFF788FF461C0697002536E0069804F07F
:1008300052FD0690042106AAA800089BCDE90030CD
:10084000CDE90221012309A807C8FFF737FD0446B7
:10085000069803F050FA06902CB104F1540000B948
:1008600025E020467CE7701EA84215D0042106AA88
:10087000A800069BCDE90030CDE902210B460021FE
:100880000B9A0998FFF7E6FD0446069803F033FA41
:1008900006900CB1204663E76D1CB542C6D308989C
:1008A000C8F80000B000C9F80000002058E707A011
:1008B000009040F6DA2206A10EA0089BECF74EF954
:1008C000DDE90901FFF706FF00BF42E70000000075
:1008D0002E2E5C2E2E5C4D6964646C6577617265AA
:1008E000735C6C6974746C6566735C6C66732E63A0
:1008F0000000000025733A25643A64656275673A22
:100900002042616420626C6F636B206174203078D8
:10091000257825730A0000002DE9FF4F85B0834636
:10092000DDE91478129E46B94FF0FF3038600020A0
:10093000C8F8000009B0BDE8F08F701E049004A94B
:10094000584600F047F8044613A9584600F042F80C
:1009500005462BE02046FFF7EDFE611B0390481C87
:1009600004F0E9F8401E0290039904F0ABF88146C8
:10097000042108AA4FEA8900089BCDE90030CDE99F
:1009800002210B465846DDE90612FFF763FD824659
:10099000089803F0B0F90890BAF1000F01D0504662
:1009A000C8E7012000FA09F0241A00BFAC42D1D8F0
:1009B000089838601398C8F800000020BAE710B50E
:1009C0000446206803F097F92060606803F093F90B
:1009D000606010BD2DE9F04180460D462E68D8F8C4
:1009E0006800C069A0F10807B6FBF7F414B900204D
:1009F000BDE8F081601E04F0E0F8801C042101FBDA
:100A00001060B0FBF7F4204604F0D7F807FB146140
:100A1000042202FB101028602046E9E710B50446C6
:100A2000206804F058FC2060606804F054FC6060AA
:100A300010BD2DE9FF4F87B083461F46DDE9149AAC
:100A4000B9F1000F03D100200BB0BDE8F08FA9F180
:100A50000100069006A95846FFF7BCFF05463CE09A
:100A600039461698D04706460EB13046ECE70DB928
:100A70000020E9E705F00100C0F10204A00004A98C
:100A80000022A300CDE90072CDE902105846DDE94D
:100A90000812FFF7DFFC0646049803F02CF90490D7
:100AA000059803F028F905900EB13046CCE74FF0D9
:100AB00000080AE004A850F828101698D047064607
:100AC0000EB13046C0E708F10108601E4045F1DC78
:100AD00004A951F820702D1B00BFC1E710B50446D2
:100AE000A06E006B10B9E06803F0EEF8A06E406BEA
:100AF00010B9E06903F0E8F8A06E806B10B9606E81
:100B000003F0E2F8002010BD70B504460D46E1691F
:100B100001FB05F00FF08EFC002070BD2DE9F041C7
:100B200004460D4617461E46DDF81880E06905FBB1
:100B30000071424630460FF03BFF0020BDE8F081D7
:100B40002DE9F04104460D4617461E46DDF8188093
:100B5000E06905FB0071424630460FF0C7FD0020FA
:100B6000BDE8F0810146002070472DE9FF470546AA
:100B70000C46002714E007F1010909EBD970401079
:100B8000A9EB400004EB80012846FFF7BFF980463F
:100B9000B8F1000F03D0404604B0BDE8F0877F1CD9
:100BA000022FE8DB0020A060042204F108000023EB
:100BB0002168CDE90013CDE9020213462A4600213F
:100BC0002846FFF747FC0646A06803F094F8A060AB
:100BD00026B106F1540008B13046DDE7A86E406A40
:100BE000002808DDAA6E526A521C42F00101A0687A
:100BF000FFF783F9A0600420E060401F206100201F
:100C0000A082401EA0610146E1610020A075E07550
:100C100000BFC1E72DE9F04706460F4690469946CA
:100C20004B4642463946304601F0E2F80446002C75
:100C300002DA2046BDE8F08744B10021304603F0D7
:100C4000DBF805460DB12846F4E700BF0020F1E7C8
:100C50002DE9F04104460D461646274633462A46FE
:100C6000D7E9000100F011F8BDE8F0812DE9F0416D
:100C700004460D4617462646284604F0F1FA316828
:100C8000084430600020BDE8F0812DE9F04F87B0C6
:100C900082460D4616469946304604F0E1FA07466C
:100CA000686838446969884204D96FF01B0007B04E
:100CB000BDE8F08F26F00041AA6881EA020004F046
:100CC00004FB0690042306AA2946504600F032F998
:100CD00004460CB12046EAE706F0004048B93B1F45
:100CE0004A462946504600F025F9044664B320469A
:100CF000DDE7CB464FF0000822E0012205ABDBF830
:100D000004004044DBF80010CDE90232CDE90010C8
:100D1000381FA0EB0803524600215046FFF79AFB0C
:100D200004460CB12046C2E7012305AA29465046D5
:100D300000F000F904460CB12046B8E708F10108BC
:100D4000381F4045D9D800BF26F00040A8600020D9
:100D5000ADE700002DE9F04F8BB007460C46BA6EA8
:100D60009169626802F10800FFF7C7F805460020A4
:100D70000A9009907BE06068001D08900899681A45
:100D800040F2FE3103F09EFE089900EB010BAB45EB
:100D900005D2A5F10801584603F094FE83464FF0B2
:100DA000FF300790042107AA20680B46CDE901B265
:100DB000039100903A4600213846FFF74BFB8146ED
:100DC000B9F1000F06D009F1540018B148460BB034
:100DD000BDE8F08F079802F07EFFC043C00F069079
:100DE000069800F5A060524941EA00500899ABEB23
:100DF000010108430790A168079A81EA020004F004
:100E000064FA0490042204A9E068FFF775FCE0602E
:100E1000E06804F060FA0590082204ABD4E9000110
:100E20008DE80B00039200233A4607F11001384683
:100E3000FFF744FA8146B9F1000F01D04846C6E7F2
:100E40000A9820B96068001D0A90E0680990079828
:100E500004F027FA001D616808446060DDE90601BE
:100E600081EAC070A0604FF0FF30E06000BF6068B2
:100E7000A84280D300233A4607F110013846FFF715
:100E8000EDFB8246BAF1000F01D050469FE726697C
:100E9000DDF8288047E04FF0FF3BB14626E00A9896
:100EA000814505D10998834502D06FF053008EE744
:100EB000012108AA2068CDE901920391009008F170
:100EC0000400A0EB09033A4600213846FFF7C2FAB6
:100ED0008246BAF1000F01D0504678E7012208A9F6
:100EE0005846FFF709FC834609F1010908F104009F
:100EF0008145D4D3BBF1000F02D06FF0530066E7F9
:100F0000A5EB080040F2FE3103F0DCFD00EB080623
:100F1000AE4205D2A5F10801304603F0D3FD0646E6
:100F200006F1040800BFAE42B5D300204FE7000031
:100F300000FC0F002DE9FF4106460C4617461D46F2
:100F4000D4E90001002332468DE88300039506F1C1
:100F500010013046FFF7B2F98046B8F1000F03D018
:100F6000404604B0BDE8F0812A463946E068FFF704
:100F7000C3FBE0606068284460600020F1E7000087
:100F80002DE9FF4F97B006460C469346DDF8948056
:100F90004FF000092146304600F014FF8246A06859
:100FA000401CA0609D4903C9CDE91501BAF1000FAD
:100FB00005D015A9204603F0C5FD00B1F0E029E1F8
:100FC0001822964908310CA8DFF754FA60680C9093
:100FD000B06E806C10B1B06E806C01E0B06EC06914
:100FE0000838119030466168FFF798F805463DB122
:100FF00005F1540000B9D3E028461BB0BDE8F08FDE
:10100000A06804F068F9A060042304F108020CA9A8
:101010003046FFF78FFF0546A06802F06CFEA06027
:101020002DB105F1540000B9BAE02846E5E70CA857
:10103000CDE9156015AA7A4BC8F1000000B22699D7
:10104000CDE90732CDE905100021764A1A984B1EEA
:10105000CDE900B0CDE9031802920A463046249942
:1010600001F066FC05462DB105F1540000B997E08A
:101070002846C2E704F1180003F084FDE8B904F142
:10108000180003F08FFDE07D00F5C060664941EA7D
:10109000005040F0080204F118030CA93046FFF795
:1010A000F4FD054604F1180003F061FD2DB105F1D2
:1010B000540000B974E028469FE7002009900A9088
:1010C0000B90B9F1000F09D106F13C0109A803F01A
:1010D00049FA06F1300109A803F044FA06F1480183
:1010E00009A803F03FFA09986FF30900099009AACB
:1010F0002146304600F0F2FC05460DB128467CE75B
:1011000009A803F013FA80B909A803F01CFA09AB87
:10111000464A0CA93046FFF7B8FD05462DB105F14A
:10112000540000B93CE0284667E70CA93046FFF7B9
:1011300011FE05462DB105F1540000B930E02846F6
:101140005BE70D98B16E8969B0FBF1F201FB12000B
:1011500000B905E04FF4E96235A13EA0EBF756FD7A
:10116000204603F01AFD2698A0EB0800A0820D98F7
:10117000E0600E9820610020129013903F4A149076
:1011800007CA12AB07C3C6E91312B064B9F1000F66
:1011900005D1D6E90D12306BC6E91012F0633AE0C2
:1011A0004FF0010906F110013046FFF793FABAF14A
:1011B000000F08D126A0009040F25A721CA130A066
:1011C0006368EBF7CBFC1549203103C9CDE9150164
:1011D00015A9204603F0B6FC58B91DA0009040F2B6
:1011E0005F7213A12FA06368EBF7B8FC6FF01B00D0
:1011F00003E7211D3046FEF789FE07463FB107F1A0
:101200001C0010B9BAF1000F01D13846F5E64FF0D5
:10121000000A00BFD4E600BF4846EEE6B0FC050871
:10122000510C040800FC0F4000FC0F000CFCFF7F79
:101230002E2E5C2E2E5C4D6964646C657761726540
:10124000735C6C6974746C6566735C6C66732E6336
:1012500000000000636F6D6D69742E6F6666202557
:10126000206C66732D3E6366672D3E70726F675FFC
:1012700073697A65203D3D2030000000A4FC05081C
:1012800025733A25643A64656275673A2042616461
:1012900020626C6F636B2061742030782578257331
:1012A0000A00000025733A25643A7761726E3A208D
:1012B0005375706572626C6F636B2030782578208F
:1012C000686173206265636F6D6520756E77726902
:1012D0007461626C6525730A000000002DE9FC4111
:1012E00006460F46144606F148022146304600F0F5
:1012F000F5FB054615B12846BDE8FC8104F1180050
:1013000003F050FCE07D00F5C0600C4941EA00505C
:1013100040F00800009004F11800012301906A4693
:1013200039463046FFF776FC054604F1180003F015
:101330001EFC0DB12846DFE70020DDE700FC0F00B2
:101340007FB504460D4616460020431ECDE9003009
:101350000290324629460390204600F003F804B07C
:1013600070BD00002DE9FF4F91B005460C46924636
:101370004FF0FF301090DAF80000A96E096A884239
:1013800005D2DAF80400A96E096A884204D36FF026
:10139000530015B0BDE8F08F00200E900F9000268E
:1013A000002736E004220EA800EB870000235AF83D
:1013B0002710CDE90013CDE9020213462A46002189
:1013C0002846FFF747F880460EA951F8270002F09B
:1013D00092FC0EA941F82700B8F1000F04D008F1E3
:1013E000540008B14046D4E708F1540181B10EAB76
:1013F00053F82710781C00EBD0735B10A0EB43036D
:101400000DF1380C5CF823208B1A002B00DD3E46D2
:101410007F1C022FC6DB304606EBD0714910A6EBCD
:1014200041015AF821102160701C00EBD071491065
:10143000A0EB41015AF821106160304606EBD071F3
:101440004910A6EB41010EAA52F82110A16000201C
:10145000E0600D90DBE14FF000084FF0FF300C90A2
:1014600000200B90F34903C9CDE909010020089041
:10147000DDF84090A06803F02EFFA060042204F184
:101480000801501FFFF738F90790A06802F033FCFD
:10149000A06066E10C9803F0E3FE8044042106AAF4
:1014A0002068CDE9018203910090A86E2A460021B0
:1014B000C3692846FEF7CEFF07463FB107F1540047
:1014C00010B90020A0754DE1384662E7042206A954
:1014D0000798FFF711F90790069802F0FCFB0C99AA
:1014E00048400690069803F0D3FE90B90C9803F09C
:1014F000E3FEB0F5A06F09D1E068A96E8969B0FB81
:10150000F1F201FB120008B9012000E00020A075F3
:1015100028E1069803F0A4FE4044A96EC9698842F8
:1015200002D90020A0751DE106980C90069803F0E2
:10153000C3FEB0F5A06F46D1042205AB08F104004C
:101540002168CDE90232CDE90010A86E2A460021BB
:10155000C3692846FEF77EFF07463FB107F15400F6
:1015600010B90020A075FDE0384612E7059802F09A
:10157000C2FB059007990598814202D00020A07512
:10158000F0E0069803F068FE0C9981EAC0700C90B8
:10159000042207A9E86AFFF7AFF8E862CDF84090A7
:1015A000069803F05DFE4044E0600C9820610B98C3
:1015B000A0820998A0610A99E1610898E0754FF04E
:1015C000FF300790CDE04FF0040B20E0012205AB87
:1015D00008EB0B0120688DE80B000392A86E2A46E9
:1015E0000021C3692846FEF735FF07463FB107F1E2
:1015F000540010B90020A0750EE03846C9E601225B
:1016000005A90798FFF778F807900BF1010B0698EA
:1016100003F026FE5845D9D800BF069803F04CFECB
:1016200060B9069803F027FE0B9988425CDB0698A8
:1016300003F021FE401C80B20B9055E0069803F0A9
:101640003BFEB0F5806F25D1069803F02EFE0B9976
:10165000084480B20B90784909EA010077490843B1
:101660000699884202D149F000493DE009F10100A4
:10167000A0B3069803F0FFFD8346484603F0FBFD48
:10168000834531DC069803F010FE002141EA8020FA
:10169000814429E0069803F00FFEB0F5C06F23D116
:1016A000069803F0D9FD00F001000890082209AB6C
:1016B00008F104002168CDE90232CDE90010A86EDE
:1016C0002A460021C3692846FEF7C4FE074647B1F3
:1016D00007F1540018B90020A07543E004E0384633
:1016E00057E609A803F043FA0699149801401E9A98
:1016F0001040814234D12068049008F10400059024
:1017000004AADDE920300699984703900398002841
:1017100007DA0398543010B90020A07522E003982E
:1017200037E6039810B9DDF8189018E04449069898
:10173000084009EA0101884202D14FF0FF390EE06A
:10174000039802280BD1069803F095FD834648467E
:1017500003F091FD834502DC069840F0004900BF8C
:1017600000BF97E600BFE068A8B3214605F13C0042
:1017700002F0C2FEE8B1E86B03F07DFD0746109869
:1017800003F079FD874204D1109840F0004010909A
:101790000FE01098401C60B1E86B03F06CFD074649
:1017A000109803F068FD874203DA1098A0F5806076
:1017B00010901F9848B1109803F05DFD0746A18A6C
:1017C00003F080F981B21F980180109803F060FD4A
:1017D00010B11098DDE50AE0109803F04CFDA18AE5
:1017E000884202DA6FF00100D3E50020D1E52046FF
:1017F00003F0D3F9701C00EBD0714910A0EB41014C
:101800000EAA52F82110A1600D98401C0D900D9861
:101810000228FFF620AE0BA16068CDE900014FF46D
:10182000996209A111A02368EBF798F96FF05300B2
:10183000AFE500009CFC050800FC0F000000F04F25
:1018400000FCFF7F000000002E2E5C2E2E5C4D69F8
:1018500064646C6577617265735C6C6974746C65E3
:1018600066735C6C66732E630000000025733A2576
:10187000643A6572726F723A20436F727275707457
:101880006564206469722070616972206174207BD4
:10189000307825782C20307825787D25730A000053
:1018A0002DE9FF4F89B080460E469346DBF8005085
:1018B0000C9818B140F2FF310C980180DFF8649168
:1018C000D8F82000B061D8F82410F161A8E000BF7A
:1018D00055A12846DEF792FE054453A12846DEF7BF
:1018E0009BFE0446012C05D1012250A12846DEF7BB
:1018F0003DFE38B1022C07D102224DA12846DEF769
:1019000035FE08B92544E3E705EB040A01200890F9
:101910001FE045A15046DEF771FE824442A15046C9
:10192000DEF77AFE074607B914E0022F0DD1022236
:101930003FA15046DEF71AFE38B90898401E0890BD
:10194000089828B90AEB0705C2E70898401C0890D8
:10195000BA44DEE700BF287818B948460DB0BDE8A4
:10196000F08FCBF80050484603F0ABFC022802D0C1
:101970006FF01300F2E7484603F07DFC40F2FF31C0
:1019800088421DD0484603F076FC4FF0005141EAF2
:10199000802040F00800069006F118000090254ACB
:1019A00031464046069B00F082F8079007980028D1
:1019B00001DA0798D2E706F1180003F0D8F800BF63
:1019C0002AE02F212846DEF7B2FD08B90C9800E086
:1019D0000020CDE905850794049005A9164A0498CE
:1019E0004FF0F043CDE90040CDE9022106F11802A5
:1019F00031464046FFF7B6FC8146B9F1000F01DAE7
:101A00004846ABE7B9F1000F00D006E0F07D10B911
:101A10006FF00100A2E700BFD3E700BF254400BF7D
:101A200055E7000000FC2F002F0000002E000000F2
:101A30002E2E000000FC0F703D1A04082DE9FF5FF8
:101A400004460F4616462546D5F80080B14638466E
:101A500003F027FC0390A868039903F033F882464B
:101A60006868D9E900125346CDE9020ACDE90012AF
:101A7000424600214046FEF717FB8346BBF1000FAC
:101A800003D0584604B0BDE8F09F384603F009FC87
:101A9000A968884209D0384603F003FCA968884247
:101AA00001D90120EEE70220ECE70020EAE72DE96A
:101AB000FE4305460E4617461C46DDF828802046A4
:101AC00003F0EFFB8146002023463A4631468DE87D
:101AD0000103284600F0CAF8BDE8FE832DE9FF4166
:101AE00007468846164601A8134B134A0C3A41464E
:101AF00000903846FFF7DBFF0546002D05DAA81CED
:101B000018B1284604B0BDE8F081A81C88B101AC2A
:101B1000206802F0F0F82060606802F0ECF8606085
:101B2000A06802F0E8F8A06000BF01A9304602F00A
:101B300019FD0020E6E700000C00F07F2DE9FF4FC3
:101B400083B0804616461C46DDF85490139DDDF8A0
:101B500050A005EB0900D8F86810C969884204D97B
:101B60006FF0530007B0BDE8F08F79E04F462EB319
:101B70003068801C10BBD6E901010844A8421DD979
:101B80007068A84214D8D6E90120AA1A811A3846EA
:101B900002F098FF07467268AA1AF06881183A4660
:101BA0005046DEF767FCBA443D44A9EB070957E00D
:101BB0007068411B384602F085FF07462068801C8C
:101BC00010BBD4E901010844A8421DD96068A842AD
:101BD00014D8D4E90120AA1A811A384602F072FFFB
:101BE00007466268AA1AE06881183A465046DEF74E
:101BF00041FCBA443D44A9EB070931E06068411B50
:101C0000384602F05FFF07466FF001002060D8F809
:101C1000680041692846FEF769F96060D8F86820D5
:101C20005169109AA818FEF768F90290D8F8680070
:101C3000816A029802F046FFA060D4E9020261685E
:101C4000CDE9001202904046DDE91123049900F02D
:101C50000DF88346BBF1000F01DA584682E700BF5A
:101C6000B9F1000F82D100207CE700002DE9F04F90
:101C700087B081460D4692461E46D5F80CB02869BD
:101C800006900024294609F13C0002F035FC78B1A9
:101C9000504603F0F0FA58B1D9F83C0003F0EBFAE3
:101CA0000746304603F0E7FA874201DCA4F580647A
:101CB0007AE0069803F0D4FAABEB000B069F042100
:101CC00006AA28680B46CDE901B2039100904A4666
:101CD00000214846FEF7BEFB0590059818B105980F
:101CE00007B0BDE8F08F069801F0F5FF784020F0CE
:101CF00000400690504603F0BEFAF8B1384603F0B3
:101D0000DBFAB0F5806F19D1384603F0B4FA80469B
:101D1000301B03F0B0FA804510DC301B2749084027
:101D200027490843B84202D16FF00100D8E738468E
:101D300003F0BBFA002141EA802004440AEA0701CB
:101D4000301B00EA0A0081422DD1384603F097FA91
:101D500010B16FF00100C3E7384603F0A2FA049017
:101D6000129902F0AFFE80460BF10401DDE910206C
:101D700011442A684346CDE90208CDE900214A46CC
:101D800000214846FEF766FB0590059808B10598C6
:101D9000A6E7129AA2EB0801119A02EB0800DEF7FF
:101DA00091FB38199CE700BF069803F059FA001D13
:101DB00058457FF67EAF6FF0010091E700FC0F0001
:101DC0000000104010B50246906E406A00280DDDFC
:101DD0008868401C936E5B6A5B1C43F00103B0FB98
:101DE000F3F403FB140008B9012010BD0020FCE748
:101DF0002DE9FF4F9DB004460D469A46A76A2BE099
:101E000007F10800854226D0294602F09BFE10BB50
:101E1000B87901281FD1386B00F48010D8B1F86A66
:101E2000A16E896A884216D93946204601F070FAB7
:101E30008046B8F1000F03D0404621B0BDE8F08FD6
:101E40003946204600F0E6FF8046B8F1000F01D089
:101E50004046F2E700BF3F68002FD1D128681B90B1
:101E600068681C902022294613A8DEF703FB0BA804
:101E7000CDE900A02A4613A920461F9B00F0FCF9DB
:101E80000646002E01DA3046D7E71BA9284602F0A5
:101E900059FE20B9202213A92846DEF7EBFA022EBC
:101EA00036D104F1480229462046FFF717FE0746BF
:101EB0000FB13846C1E70B981B900C981C9005F1A8
:101EC000180002F06FFEE87D00F5C060B64941EAF7
:101ED000005040F00800089005F11800099000201B
:101EE0000121CDE9001008AB1BAA0BA9204600F088
:101EF000C3F9064605F1180002F039FE002E01DA9A
:101F000030469AE720220BA913A8DEF7B3FA00BFE8
:101F100000200A903EE1A5A3DDE913201C99CDE93C
:101F20000203CDE900124FF40C62A1A1A9A01B9BF2
:101F3000EAF714FE002604F120011BA802F002FEBD
:101F400018B91398206214996162A76A17E007F123
:101F500008011BA802F0F6FD18B91398B86014998F
:101F6000F960B879022809D107F12C011BA802F009
:101F7000E9FD18B91398F862149939633F68002F86
:101F8000E5D10BAA1BA9204602F0B2F88046B8F1B1
:101F9000000F04DA08F1020008B140464DE708F1ED
:101FA000020008B1012000E00020099008F10200C1
:101FB000002868D00121204602F05EF98346BBF17B
:101FC000000F01D0584638E740F2FF370BA904F163
:101FD000300002F091FAE0B1206B03F04CF90746B3
:101FE00072A10C98CDE90171009040F6ED0270A14C
:101FF00086A00B9BEAF7B2FD002240F2FF3120469B
:1020000002F016F9404603F036F9B84201DDA8F5B2
:1020100080680B9803900C98049013A802F0C2FDFE
:102020000020059006900790089040F2FF3087420C
:1020300003D0864840EA872000E0002013A9CDE9BC
:102040000781059000200221CDE9001005AB03AA0D
:102050000BA9204600F010F9064613A802F087FDF0
:10206000002E01DA3046E8E6012E0BD103981B90D2
:1020700004981C9020220BA913A8DEF7FBF901207D
:102080000A9087E000BF0BAA1BA9204602F09EF829
:102090008146B9F1000F04D009F1020008B14846A9
:1020A000CBE6099810B109F1020000B105E04FF448
:1020B00011623FA166A0EAF7A9FD09F1020000281C
:1020C00067D004F1300002F027FA50B1099841427C
:1020D000204602F0D1F88146B9F1000F01D0484600
:1020E000ABE640F2FF370BA904F1300002F004FA2E
:1020F000A8B1206B03F0BFF807462CA10C98CDE9DE
:102100000171009040F6211229A140A00B9BEAF733
:1021100025FD002240F2FF31204602F089F80B989D
:102120001B900C981C9013A802F03CFD0020059019
:1021300006900790089040F2FF30874203D0434852
:1021400040EA872000E0002005909DF8430000F55C
:10215000C060154941EA005040F0080013A9CDE9DC
:10216000070100200221CDE9001005AB1BAA0BA935
:10217000204600F081F8064613A802F0F8FC002E75
:1021800001DA304659E620220BA913A8DEF772F9CE
:1021900000BF00BF012E3FF4BEAE0A9808B1032075
:1021A0004BE6002049E6000000FC0F0000000000A4
:1021B0002E2E5C2E2E5C4D6964646C6577617265B1
:1021C000735C6C6974746C6566735C6C66732E63A7
:1021D0000000000025733A25643A64656275673A29
:1021E0002052656C6F636174696E67207B3078255F
:1021F000782C20307825787D202D3E207B30782566
:10220000782C20307825787D25730A0025733A25AF
:10221000643A64656275673A20466978696E67203A
:102220006D6F7665207768696C652072656C6F6389
:102230006174696E67207B307825782C2030782592
:10224000787D20307825780A25730A000000F04F49
:102250002128686173706172656E7420262620657E
:102260007272203D3D204C46535F4552525F4E4FA7
:10227000454E5429000000002DE9F04F9BB0074661
:102280000D4690461E46DDE9249A00201A901990CA
:10229000002440E056F8340003F013F840F2014106
:1022A000884203D1A88A401CA88233E056F8340043
:1022B00003F007F840F2FF4188420FD1A88A0028B6
:1022C00000DD05E040F2DF72CAA1D3A0EAF79EFC70
:1022D000A88A401EA882012019901BE056F83400FD
:1022E00002F0EAFFB0F5C06F14D106EBC4004068FD
:1022F0000068A86106EBC40040684168E96156F8CF
:10230000340002F0A9FF00F00100E87505F11800A3
:1023100002F02DFC641C4C45BCDB199808B3A88A5C
:10232000F8B9BAF1000F00D005E040F2EC72B1A1AB
:10233000BDA0EAF76BFC52462946384601F046FF3D
:1023400004462CB1A01C18B120461BB0BDE8F08F8C
:10235000A01C28B19AF8170010B102201A90C4E00E
:1023600000BFA87D002872D01822B1490CA8DEF762
:1023700081F828680C90E8680D9028690E90E8684C
:102380001090B86E806C10B1B86E806C01E0B86EC1
:10239000C0690838119005F1180002F003FC0CA880
:1023A000CDE9157015A8A34900220592CDE90621B3
:1023B000CDE901920392009604920890294638468E
:1023C000D5E9032300F0B4FA044605F1180002F041
:1023D000CEFB3CB104F11C0008B1383000B96DE00F
:1023E0002046B2E7002009900A900B9007F13001D7
:1023F00009A802F0B7F807F13C0109A802F0B2F809
:1024000007F1480109A802F0ADF809986FF3090037
:10241000099009A802F08AF8E0B909AA29463846C5
:10242000FFF75CFB04460CB120468EE709A802F0DA
:102430008AF809AB804A0CA93846FEF726FC044608
:1024400044B104F11C0008B1383008B936E034E07A
:1024500020467AE70CA93846FEF77CFC04463CB1DE
:1024600004F11C0008B1383000B927E020466CE7C1
:102470000D98B96E8969B0FBF1F201FB120000B949
:1024800005E040F636025BA16CA0EAF7BFFB0D98B1
:10249000E8600E982861D7E90D12386BC7E9101271
:1024A000F8630020129013906E4A149007CA12AB82
:1024B00007C3C7E91312B86417E000BF07F11001A2
:1024C0003846FEF707F9A88A00214B463246CDE987
:1024D000005102902946384600F006F91A901A98E1
:1024E000002801DA1A9830E700BFD8F800001790EA
:1024F000D8F804001890BC6A78E017A904F1080025
:1025000002F020FB002870D12022294604F10800A7
:10251000DDF7B0FF04F1080040454CD04FF0000B50
:1025200047E056F83B0002F0CCFE40F2FF41884203
:102530000CD156F83B0002F09EFEA188884205D1DE
:102540004FF0FF30A0600146E16030E056F83B00FC
:1025500002F0B7FE40F2FF41884210D156F83B002E
:1025600002F089FEA188884209DAA088401EA08076
:10257000A07902281BD1A06A401EA06217E056F87D
:102580003B0002F09EFE40F2014188420FD156F816
:102590003B0002F070FEA188884208DCA088401C45
:1025A000A080A079022802D1A06A401CA0620BF191
:1025B000010BCB45B5DB11E0A188A08B081AA080E8
:1025C00004F1200204F108013846FEF7B9FE834603
:1025D000BBF1000F01D05846B7E600BFA188A08B21
:1025E000814202DBE07F0028E6D12468002C84D100
:1025F0001A98AAE62E2E5C2E2E5C4D6964646C65DA
:1026000077617265735C6C6974746C6566735C6C1D
:1026100066732E63000000006469722D3E636F755F
:102620006E74203E2030000070646972000000006B
:10263000ECFC0508510C04080CFCFF7F636F6D6D0A
:1026400069742E6F66662025206C66732D3E636666
:10265000672D3E70726F675F73697A65203D3D201C
:1026600030000000E0FC05082DE9FF4F8BB0054667
:102670000C469146DDE9197BDDF860A003A92846E8
:10268000FEF773FA8046B8F1000F03D040460FB052
:10269000BDE8F08FE07D8DF82300A0690990E16925
:1026A0000A91CDE9017BCDF800A04A4603A928464E
:1026B0000E9BFEF765FC0646002E01DA3046E6E783
:1026C0000398A0610499E1610120E07505F1200102
:1026D000204602F037FA20B91FB9039828620499FE
:1026E00069620020D3E700002DE9FF4F8BB005465B
:1026F0000F46DDE918A81A9E6CE044463FE0002032
:102700000A900AA95B4A604200B2CDE90560CDE9B2
:102710000721A0B20022584B0E99CDE90232019157
:1027200004900D98531E51460090284600F000F981
:102730008346BBF1000F03D058460FB0BDE8F08FC1
:10274000301BFF2817D2AA6E9169926C12B1AA6E43
:10275000926C01E0AA6ED2695008FDF7CEFB099099
:10276000A96EC969A1F12400099902F0ABF90A998F
:10277000884200D306E0301B04EB500400BF301B3E
:102780000128BCD800BF444500D124E0A0B2CDE967
:1027900000A0029639462846DDE90D23FFF764FFC5
:1027A0008146B9F1000F04D009F11C0008B1484678
:1027B000C3E7B9F1000F0BD030A17868CDE9000173
:1027C00040F2A9722EA137A03B68EAF7C7F902E0F0
:1027D000A6B200BF91E700BF3D4903C9CDE9090199
:1027E00039462846FFF7EEFA002838D009A93846BE
:1027F00002F0A8F9002832D1284601F087FD814671
:10280000B9F1000F01DA484697E7A86E006AB9EB04
:10281000500F23D219A0009040F2BD7218A12DA034
:10282000BB68EAF79BF9CDE900A80296394628462D
:10283000DDE90D23FFF718FF044624B104F11C0065
:1028400008B1204679E73CB10CA340F2C7720CA155
:102850002CA0EAF783F900E0464600BF00BFCDE9AF
:1028600000A8029639462846DDE90D23FEF788FBCD
:1028700063E700006D0C040800FC0F40000000003E
:102880002E2E5C2E2E5C4D6964646C6577617265DA
:10289000735C6C6974746C6566735C6C66732E63D0
:1028A0000000000025733A25643A7761726E3A2081
:1028B000556E61626C6520746F2073706C69742052
:1028C0007B307825782C20307825787D25730A0098
:1028D000D8FC050825733A25643A64656275673A41
:1028E00020457870616E64696E67207375706572DB
:1028F000626C6F636B20617420726576202575258C
:10290000730A000025733A25643A7761726E3A20A3
:10291000556E61626C6520746F20657870616E64BD
:10292000207375706572626C6F636B25730A0000AB
:102930002DE9FF4FB3B00F4615469846DDF818A1B4
:10294000DDF81091002448E1404602F089FC28445B
:10295000F968884227D2404602F082FC05440421EF
:1029600013AA38680B46CDE901520391009000216B
:10297000339A1046FDF76EFD1090109818B110981C
:1029800037B0BDE8F08F139801F0A5F980EA080090
:1029900040F00040139038681190281D129011AE3D
:1029A000DDF84C8011E0419800280BDD409800686C
:1029B0001390409846684098083040904198401ED7
:1029C000419002E00020149008E1DFF8F0B2429854
:1029D0000BEA00001399014042980BEA0000439A69
:1029E0001040814200D0F8E0429802F044FC0028F8
:1029F00040D0032C00D205E040F24E32B0A1B9A085
:102A0000EAF704F9CDE903580297409805904198F8
:102A100006904298079043980890ADF82490459806
:102A2000ADF82600ADF828A047980B9048980C9078
:102A30001398CDE90D06DDE91101CDE90F01C4EBD5
:102A4000041115AA02EB81003C2202A9DDF712FD58
:102A5000641C002042904390814645908246A348E2
:102A60004790601EC0EB001015A901EB80002C30D0
:102A70004890B2E000BF429802F0FDFB58B11398B5
:102A800002F0F9FB484505DB139802F0F4FB459989
:102A9000884200DBA1E0139802F013FC00284FD01D
:102AA000139802F00EFC40F20111884249D18F497F
:102AB0004798884200D190E03C2102A8DDF702FD52
:102AC000CDE90358029740980590419806904298A6
:102AD000079043980890ADF824904598ADF82600EB
:102AE000ADF828A047980B904898C4EB041115AA9C
:102AF0000C9002EB81003C2202A9DDF7BBFC641CB8
:102B0000139802F0CEFB1FFA80FB139802F0B3FB80
:102B10000190374600254FF0FF380020409041904B
:102B2000734842904FF000504390D9460BF101009A
:102B300080B245900198A0EB0B0050440FFA80FA48
:102B40004AE0139802F0BDFBB0F5817F32D14FF01F
:102B5000000B29E01096139802F08DFB504481027F
:102B60000BEB4B00109E16F8200000F5407041EA78
:102B700000500BEB4B0106EB8101896808430F9075
:102B80000BEB4B0006EB80004268479B0F9948987F
:102B9000984714901498002801DA1498F0E61498D5
:102BA00000B106E00BF1010B139802F07AFB5845D7
:102BB000D0D811E0002040EA8A20139A81183246CA
:102BC000479B4898984714901498002801DA149865
:102BD000D6E6149800B101E000BFB5E600BF002CB6
:102BE00069D0601EC0EB001015A951F82070601E5E
:102BF000C0EB001001EB80004568601EC0EB0010C8
:102C000001EB8000D0F80880601EC0EB001001EBE3
:102C10008000C0684090601EC0EB001001EB800097
:102C200000694190601EC0EB001001EB800040691C
:102C30004290601EC0EB001001EB80008069439061
:102C4000601EC0EB001001EB8000B0F81C90601E0D
:102C5000C0EB001001EB8000C08B4590601EC0EB04
:102C6000001001EB8000B0F920A0601EC0EB001046
:102C700001EB8000406A4790601EC0EB001001EB42
:102C80008000806A4890601EC0EB001001EB80005D
:102C9000C06A1390601EC0EB001001EB8000066B51
:102CA000601EC0EB001001EB8001D1E90D01CDE900
:102CB0001101641EDFE6149862E600000000F07F58
:102CC0002E2E5C2E2E5C4D6964646C657761726596
:102CD000735C6C6974746C6566735C6C66732E638C
:102CE000000000007370203C20330000F52C040825
:102CF00000FC0F602DE9F04706460D46904634462D
:102D000005F0805008B11B4800E01B48074607EA61
:102D100005002168394088420DD0206802F0AFFAE2
:102D200048B9144805EA0001144A20681040144AC2
:102D30001043814204D1002020600120BDE8F087CB
:102D4000284602F0B9FAB0F5806F11D1284602F09A
:102D500092FA8146206802F08EFA814508DC284606
:102D600002F0A3FA002141EA802021680844206093
:102D70000020E3E700FCFF7F00FC0F7000FC0F0069
:102D80000000F04F70B504460E4600250DB12846F0
:102D900070BD3146A06A01F0A0FE00B105E041F22D
:102DA0008A5205A10DA0E9F731FF3146204600F017
:102DB000C5FA05462846EBE72E2E5C2E2E5C4D69A3
:102DC00064646C6577617265735C6C6974746C655E
:102DD00066735C6C66732E63000000006C66735F44
:102DE0006D6C6973745F69736F70656E286C667360
:102DF0002D3E6D6C6973742C202873747275637426
:102E0000206C66735F6D6C6973742A2966696C65E2
:102E100029000000F0B597B005460C46206B00F481
:102E2000802060B1206B00F4801020B904F14001D3
:102E30002846FDF74FFC206B20F480202063206B98
:102E400000F40030002879D0676B206B00F480100C
:102E5000002860D154223A4902A8DDF70BFBA06A92
:102E60000C90E16A0D91606B0F9095E80F0012AE27
:102E70000FC629462846FDF72DFC22E0012301AAB2
:102E800002A9284600F084F80646002E02DA3046F1
:102E900017B0F0BD012301AA2146284600F00EF923
:102EA0000646002E01DA3046F2E72868401C38B1A9
:102EB00012A92846FDF70EFC29462846FDF70AFC14
:102EC00000BF616BE06A8142D8D321E001232A462A
:102ED00004F140012846FDF767F906462EB106F1D8
:102EE000540000B902E03046D2E712E015A000908D
:102EF00040F65F4214A11DA0A36BE9F72FFE214607
:102F0000284600F0BBFD06460EB13046C0E700BFC4
:102F1000DCE700BF04E0E16A606B01F0CCFD6063B8
:102F2000A06BA062616BE162206B20F40030206333
:102F3000206B40F480302063676300BF0020A7E768
:102F400020FD0508000000002E2E5C2E2E5C4D6931
:102F500064646C6577617265735C6C6974746C65CC
:102F600066735C6C66732E630000000025733A255F
:102F7000643A64656275673A2042616420626C6FEE
:102F8000636B206174203078257825730A00000077
:102F90002DE9F04F87B006460C4692461F46D046B4
:102FA000B946616BE06A814203D3002007B0BDE8F7
:102FB000F08F626BE06A811A384601F083FD0746A4
:102FC000B94672E0206B00F4802020B1E06BB16E56
:102FD000C969884222D1206B00F48010A8B904F19D
:102FE0003C00011F636BE26ACDE90023CDE90210CA
:102FF000021D00213046A36AFDF78EFC8346BBF11B
:10300000000F01D05846D1E704E06FF00100A06343
:10301000606BE063206B40F480202063B06EC06979
:10302000E26B811A484601F04DFD0546206B00F425
:103030008010E0B1A0881F4A42EA8020E16BCDE910
:103040000485CDE902011C49B06EC06904F140035A
:103050000022CDE9000104F108013046FEF76EFDC3
:103060008346BBF1000F01D058469FE713E0D4E937
:103070000E018DE803010395B06E04F140020021BA
:10308000C3693046FDF7E6F98346BBF1000F01D076
:1030900058468BE700BF606B28446063E06B2844B0
:1030A000E063A844A9EB050900BFB9F1000F89D17D
:1030B00038467BE70000102000FCF7FF2DE9F04FB9
:1030C00085B005460C4692469946CDF810A04F466D
:1030D000206B00F4801048B3626BD019E16A01F0F4
:1030E000EAFC8046AA6E926C12B1AA6E926C01E064
:1030F000AA6ED269D108AA6E906A01F0E3FC064676
:10310000314640F2FE3001F0DDFC80450ED921460B
:10311000284600F0FDF806463EB1206B40F4002042
:103120002063304605B0BDE8F08F00BF9CE0206B07
:1031300000F4003020B1E06BA96EC96988424ED11D
:10314000206B00F48010002840D1206B00F4003088
:1031500008BB606BF8B104F13C010A1F606B401EB4
:10316000E36ACDE90030CDE902210A1D002128469D
:10317000A36AFDF7D1FB8346BBF1000F05D0206B9E
:1031800040F4002020635846CCE704F14001284673
:10319000FDF7A4FA00BF2846FCF758FF04F13C00F5
:1031A000011F626BCDE9002102902A46011D2846CD
:1031B000A36BFDF7C5FA8046B8F1000F05D0206B70
:1031C00040F4002020634046ACE704E06FF00100CB
:1031D000A063606BE063206B40F400302063A86E56
:1031E000C069E26B811A384601F06CFC06462BE0A0
:1031F0000498D4E90E120123CDE90206CDE90012AC
:103200002A4604F140012846FDF758F88046B8F1F7
:10321000000F09D008F1540000B906E0206B40F41B
:103220000020206340467DE70FE02146284600F05D
:1032300025FC8046B8F1000F05D0206B40F400203B
:10324000206340466EE700BFD2E700BF606B3044AA
:103250006063E06B3044E063049830440490BF1B2B
:103260002846FCF7F3FE00BF002F7FF460AF48460E
:1032700058E700002DE9F04104460E4617469846EF
:10328000002515B12846BDE8F0813146A06A01F05D
:1032900024FC00B905E041F2665206A10EA0E9F750
:1032A000B5FC43463A463146204600F05BF80546F9
:1032B0002846E8E72E2E5C2E2E5C4D6964646C6512
:1032C00077617265735C6C6974746C6566735C6C51
:1032D00066732E6300000000216C66735F6D6C697D
:1032E00073745F69736F70656E286C66732D3E6DC5
:1032F0006C6973742C2028737472756374206C6607
:10330000735F6D6C6973742A2966696C65290000A6
:1033100070B506460C46606BE0633046FCF796FEDF
:103320002146304600F0AAFB05460DB1284670BD87
:10333000206B20F4801020630020F8E770B505466C
:103340000C462146284600F056FA064621462846F5
:1033500001F0D2FB206D006810B9E06C00F0B4FC05
:10336000304670BD2DE9F84304460D4616461F460B
:1033700005483B46324629460090204600F006F8B4
:1033800080464046BDE8F88314FD05082DE9FF4F4F
:1033900087B081460C461F46DDF850A007F00200BA
:1033A00002280BD1484600F08FFE8046B8F1000F8E
:1033B00003D040460BB0BDE8F08F00BFC4F850A06A
:1033C000276300206063E0630021E164231D09AAF4
:1033D000191D4846FEF764FA0646002E08DAB01CAE
:1033E00020B9A08840F2FF31884201D135461CE166
:1033F0000120A0712146484601F06BFBB01CB0BB18
:1034000007F4807010B96FF001050EE10998DDF73F
:1034100098F88046D9F86C00404502D26FF0230539
:1034200003E1182101A8DDF74DF8A088844941EA9D
:1034300080200190A0884FF4801141EA802040EA6A
:103440000800039009990491A0887E4941EA8020F0
:103450000323059001AA04F108014846FDF7DAFBB1
:10346000054605F11C0018B96FF0230001E005E0E6
:103470002846054605B1D8E0724E32E007F40070E8
:1034800010B16FF01005D0E0304601F01AFF0128AE
:1034900002D06FF01405C8E007F4806040B1A08846
:1034A000684941EA8026206B40F48030206318E0B0
:1034B00004F128000090A0884FF0005141EA8020DC
:1034C00040F00803604A04F108014846FEF7EFFAAD
:1034D0000646002E01DA3546A7E004F12800FDF784
:1034E0006EFA4FF000084BE094F8300000F0010055
:1034F00060B3206D406808EB480100EB8100406834
:103500000090206D406808EB480110F8210000F59C
:1035100040700005A18840EA8120216D496808EBD0
:10352000480201EB8201896840EA0103474A04F13D
:1035300008014846FEF7BBFA8346BBF1000F04DAE8
:103540000BF1020008B15D466FE000BF94F8300057
:1035500000F00200022811D1206D406808EB4801FC
:1035600000EB81008068D9F87410884202D96FF0AE
:103570001B055AE0206B40F48030206308F10108FD
:10358000206D80684045AFD8206D006818B1206D6F
:103590000168E1640AE0D9F86810886A01F084FAE9
:1035A000E064E06C10B96FF00B053EE004F14001FF
:1035B0004846FDF793F8304601F083FE40F20121C2
:1035C000884230D16FF00100A062304601F069FE00
:1035D000E062206B40F480102063A06A2064002128
:1035E0006164D9F86800816AA164E06AD8B140F2E8
:1035F000FE31A06C01F066FAA1884FF0005242EA59
:10360000812140EA010BE06C5B460F4A04F108019E
:1036100000904846FEF74BFA8046B8F1000F01DAF9
:10362000454602E000BF0020C4E6206B40F40020C5
:10363000206321464846FFF781FE2846BAE600008F
:10364000000010400000102000FC0F7000FCFF7F05
:103650002DE9F04106460C461746984694F830008E
:1036600000F0010000B105E040F6EA420CA115A00F
:10367000E9F7CCFA206B00F4003048B1214630461F
:10368000FFF7C8FB054615B12846BDE8F08100BF2D
:1036900043463A4621463046FFF77AFCF5E70000FC
:1036A0002E2E5C2E2E5C4D6964646C6577617265AC
:1036B000735C6C6974746C6566735C6C66732E63A2
:1036C000000000002866696C652D3E666C616773BA
:1036D0002026204C46535F4F5F52444F4E4C592991
:1036E000203D3D204C46535F4F5F52444F4E4C5956
:1036F0000000000070B505460E4600231A4631460C
:10370000284600F007F80446002C01DA204670BD78
:103710000020FCE72DE9FC5F81460C4616461F465B
:10372000656B0FB935461CE0012F0AD1606B304440
:10373000002803DA6FF01500BDE8FC9F606B851967
:103740000FE0022F0DD12146484600F046F800EB6D
:10375000060ABAF1000F02DA6FF01500ECE75546E1
:1037600000BFD9F87000A84202D26FF01500E3E75D
:10377000606BA84201D12846DEE7206B00F40030E0
:10378000F0B9606B019001A94846FDF723F9824624
:10379000009569464846FDF71DF98346DA450ED186
:1037A000606C009988420AD8D4E911100844009945
:1037B000884204D965630098E0632846BCE700BFEF
:1037C00021464846FFF726FB8046B8F1000F01D09E
:1037D0004046B1E765632846AEE770B505460C463E
:1037E000206B00F4003020B1E16A606B01F063F9F6
:1037F00070BDE06AFCE72DE9F04387B081460C46D6
:10380000206B00F4002018B1002007B0BDE8F08361
:1038100021464846FFF7FEFA05462DB1206B40F4DD
:10382000002020632846F0E7206B00F48030002859
:1038300043D004F1080001F0A5F900283DD1206B28
:1038400000F4801028B140F20126E76CD4F82C80F7
:103850000BE040F20226D4E90A01CDE9010101A8FA
:10386000FDF7DCF801AF4FF008083005A18840EA09
:10387000812040EA0800CDE90307A0884FF081517C
:1038800041EA8020216D896808430590206D4168D8
:103890000223069103AA04F108014846FDF7BAF98C
:1038A00005462DB1206B40F4002020632846ACE78C
:1038B000206B20F48030206300BF0020A5E70000CB
:1038C0002DE9F84F06460C4691461F4694F8300005
:1038D00000F00200022800D105E040F655522BA16D
:1038E00033A0E9F793F9206B00F4802058B121460A
:1038F0003046FFF78FFA8046B8F1000F02D04046FD
:10390000BDE8F88F00BF208E00F4006028B1616B25
:10391000E06A814201D2E06A6063606B3844316FD3
:10392000884202D96FF01A00EAE7206B00F40030F9
:10393000D8B9616BE06A814217D9D4F834A0E06A43
:1039400060630EE00020009001236A462146304665
:10395000FFF7B4FB8046B8F1000F01DA4046CFE72D
:1039600000BF606B5045EDD300BF3B464A46214641
:103970003046FFF7A3FB0546002D01DA2846BFE7D6
:10398000206B20F4002020632846B9E72E2E5C2E01
:103990002E5C4D6964646C6577617265735C6C69FB
:1039A00074746C6566735C6C66732E630000000053
:1039B0002866696C652D3E666C6167732026204C15
:1039C00046535F4F5F57524F4E4C5929203D3D2083
:1039D0004C46535F4F5F57524F4E4C59000000000A
:1039E0002DE9F04704460E4617469846002515B1C6
:1039F0002846BDE8F0873146A06A01F06EF800B1B4
:103A000005E041F2AC5206A10EA0E9F7FFF84346EB
:103A10003A4631462046FFF71BFE81464846E8E716
:103A20002E2E5C2E2E5C4D6964646C657761726528
:103A3000735C6C6974746C6566735C6C66732E631E
:103A4000000000006C66735F6D6C6973745F69736E
:103A50006F70656E286C66732D3E6D6C6973742C87
:103A60002028737472756374206C66735F6D6C6963
:103A700073742A2966696C6529000000F0B589B065
:103A800005460C468AE008A92846FCF73FFA064698
:103A900016B1304609B0F0BD28460899FCF73EFB48
:103AA00006462EB106F1540000B968E03046F1E751
:103AB000002748E0206B00F48010D0B1012107AA54
:103AC000A088374B43EA8020CDE90372059102902C
:103AD0003449E06BC01B04F140030022CDE9000132
:103AE00004F108012846FEF729F80646A6B130463B
:103AF000D0E7012107AAA06BCDE9017203910090E4
:103B0000E06BC31B2A4604F140012846FCF7A2FCE7
:103B100006460EB13046BDE7012007A9089A0346C4
:103B2000CDE90027CDE902102A4605F1100128460B
:103B3000FCF7C4FB06462EB106F1540000B91EE0A6
:103B40003046A7E77F1CE06BB842B3D8AB6E9A6AE9
:103B5000E969E06CDCF78EFC2869206469696164BE
:103B6000A969A16405F110012846FCF7B7FD089882
:103B7000A063206B40F40030206300208AE70AA095
:103B800000904FF4416209A111A0089BE8F7E6FFFD
:103B900005F110012846FCF79DFD00BF73E700000A
:103BA0000000102000FCF7FF000000002E2E5C2E0D
:103BB0002E5C4D6964646C6577617265735C6C69D9
:103BC00074746C6566735C6C66732E630000000031
:103BD00025733A25643A64656275673A20426164E8
:103BE00020626C6F636B20617420307825782573B8
:103BF0000A00000070B505460E4600240CB12046B0
:103C000070BD31462846FFF775FD04462046F7E7AC
:103C10002DE9F04704460E4617469846002515B193
:103C20002846BDE8F0873146A06A00F056FF00B193
:103C300005E041F2BE5206A10EA0E8F7E7FF4346B9
:103C40003A4631462046FFF73BFE81464846E8E7C4
:103C50002E2E5C2E2E5C4D6964646C6577617265F6
:103C6000735C6C6974746C6566735C6C66732E63EC
:103C7000000000006C66735F6D6C6973745F69733C
:103C80006F70656E286C66732D3E6D6C6973742C55
:103C90002028737472756374206C66735F6D6C6931
:103CA00073742A2966696C652900000070B50546A1
:103CB0000E4600240CB1204670BD3146284600F067
:103CC00083FF04462046F7E710B50446214600204E
:103CD00005F094FE10BD01B59DF8000000069DF8AA
:103CE000011040EA01409DF8021040EA01209DF8D1
:103CF0000310084308BD01B59DF800009DF80110B0
:103D000040EA01209DF8021040EA01409DF80310AE
:103D100040EA016008BD0000F0B58DB0044604F132
:103D20003C0000F0DFFB10B900200DB0F0BDE06BEF
:103D300001F0A1FA074619A1606CCDE9017100906C
:103D400041F2661216A11FA0236CE8F707FF04F1E9
:103D5000400203A92046FDF7F3FA05460DB12846B7
:103D6000E3E7E06B01F087FA0646002240F2FF31FC
:103D7000204600F05DFA00200B900C901D4840EAB0
:103D8000862001230B900BAA03A92046FCF742FFD3
:103D900005460DB12846C8E70020C6E70000000030
:103DA0002E2E5C2E2E5C4D6964646C6577617265A5
:103DB000735C6C6974746C6566735C6C66732E639B
:103DC0000000000025733A25643A64656275673A1D
:103DD00020466978696E67206D6F7665207B307844
:103DE00025782C20307825787D203078257825732B
:103DF0000A0000000000F04F2DE9F047A2B0044691
:103E0000894604F1300000F087FB18B9002022B089
:103E1000BDE8F087002600BF202281491AA8DCF700
:103E200029FBE6E020AA12A92046FDF789FA804680
:103E3000B8F1000F01D04046E9E79DF87F00002867
:103E400072D10AAA20A9204600F052F90546002D99
:103E500003DAA81C08B12846D9E7A81C00283DD1E0
:103E6000B9F1000F3AD06FA11AA8C069CDE90001DD
:103E700041F2A1126CA175A0209BE8F76FFE04F13E
:103E8000480212A92046FDF729FE8046B8F1000F2E
:103E900001D04046BBE718A800F084FE9DF85F0003
:103EA00000F5C060744941EA005040F008000890F5
:103EB00018A80123099008AA1AA92046FDF798FF1F
:103EC000074618A800F053FE002F01DA38469EE797
:103ED000701C46B2032F00D19EE78AE0A81C002880
:103EE00078D008A82B46654A0AA900902046FDF71D
:103EF000DEFD0746002F01DA384688E708A800F003
:103F000036FE20A808990268914203D109994268B7
:103F1000914207D008994268914206D109990268F6
:103F2000914202D1012101E05DE00021002958D138
:103F30003CA31AAADDE90810D269CDE90203CDE954
:103F4000002141F2CA1238A14DA0209BE8F706FEDD
:103F500040F2FF3A1AA904F1300000F0CDFAA8B1FE
:103F6000206B01F088F982462EA11B98CDE901A1B2
:103F7000009041F2D5122CA151481A9BE8F7EEFDB2
:103F8000002240F2FF31204600F052F908A800F06C
:103F900009FE234B20330FCBCDE90623CDE90401E5
:103FA00040F2FF30824503D0464840EA8A2000E0D4
:103FB000002008A902230791049004AA1AA9204608
:103FC000FDF716FF074608A800F0D1FD002F02DA22
:103FD00038461CE706E0701C46B2032F00D11BE7F1
:103FE00007E000BF00BF202212A91AA8DCF742FA9E
:103FF00000BF20A800F0C6FD00283FF413AF00BFAB
:10400000206B01F04EF9C0B20746314600F05AFD70
:10401000404245B22946204600F02EF9F7E600005E
:104020001CFE0508000000002E2E5C2E2E5C4D6943
:1040300064646C6577617265735C6C6974746C65DB
:1040400066735C6C66732E630000000025733A256E
:10405000643A64656275673A20466978696E6720DC
:104060006F727068616E207B307825782C203078F4
:1040700025787D25730A000000FC0F0000FCFF7FFF
:1040800025733A25643A64656275673A2046697813
:10409000696E672068616C662D6F727068616E2052
:1040A0007B307825782C20307825787D202D3E2097
:1040B0007B307825782C20307825787D25730A0090
:1040C0006C5A06080000F04F70B505462846FFF709
:1040D00023FE04460CB1204670BD01212846FFF79F
:1040E0008BFE04460CB12046F6E70020F4E7000002
:1040F0002DE9F04188B006460F4614460020A06125
:104100000121E161804626E0B06E006AB8EB500FF5
:1041100004D36FF0530008B0BDE8F08108F1010846
:104120000596386806907968079105A80E4900221F
:104130000E4BCDE90032CDE902100D4B04F118020F
:1041400021463046FDF70EF905461DB1A81C08B101
:104150002846E0E700BF04F1180000F013FD002836
:10416000D2D06FF00100D6E77541040808000020A6
:10417000FF03F07F2DE9F04786B006468A461446D5
:1041800037463D68A046082204ABD8E900018DE817
:104190000B000392A86E2A4605F11001C369284658
:1041A000FCF758F98146B9F1000F03D0484606B034
:1041B000BDE8F08704A800F0DAFC391D04A800F07F
:1041C000C1FC08B10120F2E70020F0E72DE9F04141
:1041D0000646884614460020A0610121E1610027BF
:1041E0001CE0B06E006AB7EB500F03D36FF05300C2
:1041F000BDE8F0817F1C414604F1180000F0A2FCEC
:1042000008B90020F4E704F1180221463046FDF712
:1042100097F805460DB12846EAE700BF04F11800FB
:1042200000F0B0FC0028DCD06FF00100E0E70000F7
:1042300010B50F4C036B234040F2FF34A14203D072
:104240000C4C44EA812400E000242343036340F241
:10425000FF33994201D0136800E00023436340F22A
:10426000FF33994201D0546800E00024846310BDFC
:10427000FF0300800000F04F70B504460D46206B30
:1042800001F00FF808B9002D00DB05E041F24C12F7
:1042900008A111A0E8F7BAFC206B2844206304F1C0
:1042A000300000F039F9216B60F3DF7121630020E9
:1042B00070BD00002E2E5C2E2E5C4D6964646C6512
:1042C00077617265735C6C6974746C6566735C6C41
:1042D00066732E63000000006C66735F7461675F35
:1042E00073697A65286C66732D3E677374617465B3
:1042F0002E74616729203E2030207C7C206F7270F4
:1043000068616E73203E3D203000000038B50546E0
:104310000020009000236A460449284600F008F86F
:1043200004460CB1204638BD0098FCE7D54404088B
:104330002DE9FF4F8DB007460D46164620226349F2
:1043400005A8DCF797F84FF0000A7BE0B86E006A2A
:10435000BAEB500F04D36FF0530011B0BDE8F08FEB
:104360000AF1010A4FF000080CE00BA850F82810E1
:104370003046A8478146B9F1000F01D04846ECE726
:1043800008F10108B8F1020FEFDB0BAA05A93846C6
:10439000FCF7D6FF04460CB12046DEE74FF00008DC
:1043A0004BE003A800904FF0005040EA882040F016
:1043B0000803474A05A93846FDF779FB8146B9F15C
:1043C000000F05DA09F1020000B932E04846C4E7FF
:1043D00003A8FCF7F4FA484600F073FF40F202210C
:1043E00088420CD104988DE861003A460021384695
:1043F000039BFCF71EFB0446D4B12046ADE71098A2
:10440000B0B1484600F05DFFB0F5007F10D14FF02D
:10441000000B0AE003A850F82B103046A8470446CA
:104420000CB1204699E70BF1010BBBF1020FF1DB58
:1044300000BF08F101001FFA80F8BDF828004045D0
:10444000AFDC00BF0BA800F09DFB00283FF47EAF5F
:10445000BC6A37E0A079012800D032E0206B00F47C
:104460008030A0B1206B00F4801080B9E06A8DE844
:1044700061003A4604F140013846A36AFCF7D9FAD4
:104480008046B8F1000F01D0404666E700BF206BC0
:1044900000F40030A0B1206B00F4801080B9606B94
:1044A0008DE861003A4604F140013846A36BFCF701
:1044B000C0FA8046B8F1000F01D040464DE700BF7A
:1044C00000BF2468002CC5D1002046E7FCFD05088C
:1044D00000FC0F7002460B4611460868401C08603D
:1044E0000020704710B50446206800F0E5FE08B1D2
:1044F000012010BD0020FCE770B504460D46206881
:1045000000F0DAFE30B12946201D00F01BFB08B98F
:10451000012070BD0020FCE710B50446206800F0C3
:10452000C0FE08B1012010BD0020FCE702460021BA
:1045300005E052F8210008B100207047491C03290A
:10454000F7DB0120F9E710B50446206800F0C3FE50
:104550002060606800F0BFFE6060A06800F0BBFEF5
:10456000A06010BD10B50246002007E052F82030D0
:1045700051F82040634042F82030401C0328F5DB0E
:1045800010BD0000F0B589B004460D46A5660026B2
:10459000A06E406900B105E040F646729CA1A5A05E
:1045A000E8F734FBA06E806900B105E040F6477281
:1045B00097A1A7A0E8F72AFBA06E806A00B105E0EA
:1045C00040F6487292A1A9A0E8F720FBA06E806A8D
:1045D000A16E4969B0FBF1F201FB120000B905E0E0
:1045E00040F64C728AA1A8A0E8F710FBA06E806A82
:1045F000A16E8969B0FBF1F201FB120000B905E080
:1046000040F64D7282A1ACA0E8F700FBA06EC06935
:10461000A16E896AB0FBF1F201FB120000B905E05E
:1046200040F64E727AA1B0A0E8F7F0FAA06EC06929
:1046300008384FF0FF31B1FBF0F7384600F07BFA55
:104640008000A16EC969884200D805E040F6517229
:104650006FA1B248E8F7DAFAA06E406A00B105E04F
:1046600040F65A726AA1AEA0E8F7D0FAA06E006BCD
:1046700018B1A06E006BE06009E0A16E886A00F0DE
:1046800013FAE060E06810B96FF00B06BAE0A06EB4
:10469000406B18B1A06E416BE16109E0A16E886AC0
:1046A00000F002FAE061E06910B96FF00B06A9E0D2
:1046B00021462046FCF712F804F110012046FCF7D1
:1046C0000DF8A06EC06A00B105E040F6787250A106
:1046D0009AA0E8F79BFAA06E90F82C0000F0070073
:1046E00030B9A06E90F8380000F0030000B905E082
:1046F00040F6797246A19948E8F788FAA06E806B77
:1047000018B1A06E816B616609E0A16EC86A00F005
:10471000CBF96066606E10B96FF00B0672E0A06EA8
:10472000C06BFF2800D805E040F6867238A18CA047
:10473000E8F76CFAA06EC06BE066E06E08B9FF2087
:10474000E066A06E006CB0F1004F00D205E040F6CC
:104750008C722FA189A0E8F759FAA06E006C20672F
:10476000206F10B96FF000402067A06E406C40F2DF
:10477000FE31884200D805E040F6927224A188A05C
:10478000E8F744FAA06E406C6067606F10B940F2C1
:10479000FE306067A06E806CA16EC969884200D847
:1047A00005E040F698721AA184A0E8F72FFA4FF0BE
:1047B000FF302062014661620020A062E062069044
:1047C00007908A4A089007CA06AB07C3C4E91012CB
:1047D000E063002003900490854A059007CA03AB6C
:1047E00007C3C4E90D122063002000900190814AA4
:1047F000029007CA8DE80700C4E91312A0640020E4
:1048000009B0F0BD2046FCF769F93046F8E7000032
:104810002E2E5C2E2E5C4D6964646C65776172652A
:10482000735C6C6974746C6566735C6C66732E6320
:10483000000000006C66732D3E6366672D3E726556
:1048400061645F73697A6520213D203000000000BB
:104850006C66732D3E6366672D3E70726F675F7383
:10486000697A6520213D2030000000006C66732DC0
:104870003E6366672D3E63616368655F73697A6551
:1048800020213D20300000006C66732D3E6366677A
:104890002D3E63616368655F73697A652025206CCE
:1048A00066732D3E6366672D3E726561645F736952
:1048B0007A65203D3D2030006C66732D3E6366674F
:1048C0002D3E63616368655F73697A652025206C9E
:1048D00066732D3E6366672D3E70726F675F736906
:1048E0007A65203D3D2030006C66732D3E6366671F
:1048F0002D3E626C6F636B5F73697A652025206C57
:1049000066732D3E6366672D3E63616368655F7302
:10491000697A65203D3D203000000000045B0608F8
:104920006C66732D3E6366672D3E626C6F636B5FD2
:104930006379636C657320213D2030006C66732DB4
:104940003E6366672D3E6C6F6F6B61686561645F87
:1049500073697A65203E203000000000B05A0608D6
:104960006C66732D3E6366672D3E6E616D655F6D8F
:104970006178203C3D203235350000006C66732D97
:104980003E6366672D3E66696C655F6D6178203CAD
:104990003D203231343734383336343700000000AC
:1049A0006C66732D3E6366672D3E617474725F6D35
:1049B0006178203C3D203130323200006C66732D2E
:1049C0003E6366672D3E6D657461646174615F6D01
:1049D0006178203C3D206C66732D3E6366672D3EFA
:1049E000626C6F636B5F73697A65000074FD050824
:1049F00080FD05088CFD050810B596B021492248B8
:104A000000F08BF80446B4B11E491F48FFF74EF979
:104A100004461C491C4800F080F804465CB10BF0C9
:104A2000EBFC18491848FFF741F9044615491648A8
:104A300000F073F804460020009040F2031313A224
:104A400001A91148FEF716FC04236A4601A90E4885
:104A5000FEF7C6FF0098401C009001A90A48FFF726
:104A6000C9F804236A4601A90748FFF7D1F80AA04C
:104A70000099E8F773F801A90348FEF783F90020CD
:104A800016B010BD4CFE050808D40124626F6F7487
:104A90005F636F756E740000626F6F745F636F7534
:104AA0006E743A2025640A0010B5044621460020A1
:104AB00004F0BEFF10BD02468A4201D9104670477D
:104AC0000846FCE702468A4201D210467047084673
:104AD000FCE7826A0A608162704703B50A4669464C
:104AE00005E00868904201D101200CBD0968086802
:104AF0000028F6D100BFF8E7024602F1280007E0DF
:104B000003688B4203D103681B68036003E00068FD
:104B10000368002BF4D100BF704770B505460E4600
:104B200000240CB1204670BD3146284600F0BAF88A
:104B300004462046F7E70146481EB0FA80F0C0F16F
:104B400020007047024610680B6898420DD05068EC
:104B50004B68984209D010684B68984205D050685D
:104B60000B68984201D0012070470020FCE710B587
:104B700004462068FFF7BFF820606068FFF7BBF8C5
:104B8000606010BD01460868401C10B14868401CB8
:104B900008B9012070470020FCE701684268026004
:104BA0004160704710B50446206800F094FB206017
:104BB000606800F090FB606010BD10B504462046B0
:104BC000E7F7F0FF10BD000070B596B004460E4642
:104BD000002531462046FFF7D5FC054615B128468D
:104BE00016B070BDA26ED16A606EDBF76BFC002060
:104BF0006065A26E116AD26AD000FFF763FFA065FC
:104C00000021E1652046FBF721FA06A92046FBF7C3
:104C1000ACFF054605B13EE0182221496846DBF7A6
:104C200029FCA06EC0690190A06E006A0290E06E3F
:104C30000390206F0490606F0590684600F0F1FAD1
:104C400018221749183110A8DBF714FCCDF854D0FE
:104C5000032310AA06A92046FBF7DCFF054605B191
:104C600019E000208DF82E0000231A4606A92046E0
:104C7000FBF7D0FF054605B10DE00949303103C906
:104C8000CDE90E010EAA06A92046FCF759FB054600
:104C900005B100E000BF2046FBF720FF28469FE754
:104CA00098FD05082DE9F04794B004468A46514620
:104CB0002046FFF767FC06461EB1304614B0BDE83B
:104CC000F08720228B490CA8DBF7D4FB0027D1E02A
:104CD000A06E006AB7EB500F02D36FF0530603E1EA
:104CE0007F1C844A2032D2E900109268CDE90A0282
:104CF0000991099409A880490022804BCDE900322E
:104D0000CDE902107E4B12AA0CA92046FCF72AFB23
:104D10000546002D01DA2E46E6E0002D6DD028462E
:104D200000F0ADFA002868D10C9820620D996162FC
:104D300003A8744B724A0CA900902046FCF7B7FEFA
:104D40000546002D01DA2E46CEE003A800F04EFA0B
:104D50004FF6FF71039801EA104803981FFA80F993
:104D6000B8F1020F02D1B9F1000F0CDD66A0434685
:104D700041F2330265A1CDE900906DA0E7F7EEFEA8
:104D80006FF01506B0E0069898B10698E16E88427B
:104D90000DD95DA1E06ECDE9000141F23C025BA1BD
:104DA0006DA0069BE7F7DAFE6FF015069CE006980B
:104DB000E066079898B10798216F88420DD952A1F3
:104DC000206FCDE9000141F2470250A16EA0079B80
:104DD000E7F7C4FE6FF0150686E00798206708988D
:104DE000A8B10898616F88420FD947A1606FCDE9DB
:104DF000000141F2520245A100E031E06EA0089BA3
:104E0000E7F7ACFE6FF015066EE00898606705984E
:104E1000A16E096A88420ED03BA1A06E006ACDE95E
:104E2000000141F25C0239A16FA0059BE7F796FEF5
:104E30006FF0150658E00498A16EC96988420ED03B
:104E400031A1A06EC069CDE9000141F263022FA13A
:104E500071A0049BE7F782FE6FF0150644E000BFE7
:104E600004F130020CA92046FCF738FE064606B1D4
:104E70003AE000BF12A8FFF785FE00283FF428AFF4
:104E800004F12000FFF77EFE10B16FF015062BE055
:104E900004F13000FFF74AFB58B91BA2D4E90D0119
:104EA0008DE8070041F2790218A167A0236BE7F7AC
:104EB00055FE206B00F0ECF980F00100216B0844F6
:104EC0002063D4E90D12206BC4E91012E063A16ED7
:104ED000E06A096AB0FBF1F201FB1200606520464E
:104EE000FBF7B8F80020E9E6204600F06BF9304601
:104EF000E4E60000D0FD05083D1A04080800F00FA4
:104F000000FCFF7F18001020000000002E2E5C2EF9
:104F10002E5C4D6964646C6577617265735C6C6965
:104F200074746C6566735C6C66732E6300000000BD
:104F300025733A25643A6572726F723A20496E762B
:104F4000616C69642076657273696F6E2076256482
:104F50002E256425730A000025733A25643A65728C
:104F6000726F723A20556E737570706F72746564EB
:104F7000206E616D655F6D617820282575203E206B
:104F800025752925730A000025733A25643A657250
:104F9000726F723A20556E737570706F72746564BB
:104FA0002066696C655F6D617820282575203E203C
:104FB00025752925730A000025733A25643A657220
:104FC000726F723A20556E737570706F727465648B
:104FD00020617474725F6D617820282575203E20F1
:104FE00025752925730A000025733A25643A6572F0
:104FF000726F723A20496E76616C696420626C6FE0
:10500000636B20636F756E742028257520213D2009
:1050100025752925730A000025733A25643A6572BF
:10502000726F723A20496E76616C696420626C6FAF
:10503000636B2073697A652028257520213D202522
:10504000752925730A00000025733A25643A6465C2
:105050006275673A20466F756E642070656E64698C
:105060006E672067737461746520307825303878F6
:10507000253038782530387825730A002DE9F3413A
:1050800098B005462846FFF71FF804461CB1204695
:105090001AB0BDE8F081002319AA0EA92846FCF732
:1050A000FFFB0646002E06DB304600F0E4F840F237
:1050B000FF31884206D1002E01DA3046E8E76FF072
:1050C0001500E5E7A86A0490304600F0FAF80228D7
:1050D0003BD1304600F0CFF84FF0005141EA80203C
:1050E00040F0080802A84346344A0EA9009028461A
:1050F000FCF7DDFC0746002F01DA3846C8E702A8B6
:10510000FFF735FD02AA06A92846FCF719F904465F
:105110000CB12046BCE7BDF82C00002802DC04A836
:10512000C07F10B16FF02600B2E701212846FFF7DB
:10513000A3F804460CB12046AAE700208DF816001B
:10514000ADF8140004A8A86200BF002016901790C4
:10515000304600F090F81A4941EA80200123169069
:1051600016AA0EA92846FBF755FD04461CB1049863
:10517000A86220468CE70498A862304600F0A1F8A7
:10518000022819D1C11E2846FFF776F804460CB153
:1051900020467DE70EAA06A92846FFF717F8044621
:1051A0000CB1204674E706AA0EA92846FCF796F82B
:1051B00004460CB120466BE7002069E700FC0F7045
:1051C0000000F04F10B504462046FBF787FC10BDE9
:1051D00070B505460E4600240CB1204670BD314620
:1051E0002846FFF74BFF04462046F7E710B5044674
:1051F0002068FEF780FD20606068FEF77CFD60603F
:10520000A068FEF778FDA060E068FEF774FDE0603E
:105210002069FEF770FD20616069FEF76CFD60613A
:1052200010BD10B50446206800F055F82060606895
:1052300000F051F86060A06800F04DF8A060E068F0
:1052400000F049F8E060206900F045F820616069ED
:1052500000F041F8606110BD0146C1F3075070478E
:1052600070B50446204600F00AF80519284600F0FB
:1052700018F8001D70BD0146C1F389207047014632
:1052800041F30900401C08B9012070470020FCE7E9
:105290000146012000EBE17008B1012070470020B9
:1052A000FCE70146C1F30900704710B504462046EB
:1052B000FFF7D2FF40B210BD014601F0E040000D03
:1052C00070470146C1F30A50704710B504462046A6
:1052D000FEF701FD10BD10B504462046FEF70BFD9C
:1052E00010BD70B5054600240CB1204670BD28469F
:1052F000FFF768FF04462046F8E700007FB5064642
:105300000D46E9F7D1FB04460E2D12D2DFE805F079
:1053100007121D2833393F5B6671808E949CE078BC
:10532000A178CDE900106378227850A13046E7F7E4
:1053300025FC98E0607C217CCDE90010E37BA27B1A
:105340004AA13046E7F71AFC8DE0607B217BCDE96E
:105350000010E37AA27A45A13046E7F70FFC82E01D
:10536000607D217DCDE90010E37CA27C3FA1304629
:10537000E7F704FC77E040A241A13046E7F7FEFBE7
:1053800071E000223FA13046E7F7F8FB6BE0A07F19
:10539000012804D0022808D0042812D10BE00022F2
:1053A00038A13046E7F7EAFB0BE0012235A1304691
:1053B000E7F7E4FB05E0022232A13046E7F7DEFB27
:1053C00000BF00BF4FE0607E217ECDE90010E37D8D
:1053D000A27D26A13046E7F7D1FB44E0607F217F24
:1053E000CDE90010E37EA27E20A13046E7F7C6FBA0
:1053F00039E0607A217AE279A379CDE90032CDE90A
:1054000002106379227920A13046E7F7B7FB2AE042
:105410002220005D2121095DCDE900102020035DDF
:10542000E27F12A13046E7F7A9FB1CE015A1304648
:10543000626AE7F7A3FB16E094F82800421E11A168
:105440003046E7F79BFB0EE02C20005D2B21095D29
:10545000CDE900102A20035D94F8292003A13046ED
:10546000E7F78CFB00BF00BF7FBD000025642E2541
:10547000642E25642E256400302E302E302E300010
:105480002573000025640000253032782D25303248
:10549000782D253032782D253032782D2530327810
:1054A0002D253032780000002DE9FF4704460F46D5
:1054B0004FF0000CE046BDF808109DF80A009DF87A
:1054C0000B209DF80D60F3199DF80C5001280BD0AE
:1054D000032809D0052807D0072805D0082803D0BD
:1054E0000A2801D00C282ED14FF01F0C4FF01E08B7
:1054F000032821D14FF4C87991FBF9FA09FB1A1955
:10550000B9F1000F13D04FEAE17901EB99794FEA35
:10551000A909A1EB8909B9F1000F0BD14FF064097A
:1055200091FBF9FA09FB1A19B9F1000F02D04FF0FB
:105530001D0801E04FF01C08082801D0012833D1D4
:105540004FF01F0830E0042805D0062803D00928B2
:1055500001D00B2804D14FF01E0C4FF01F0823E0A0
:105560004FF01F084FF4C87991FBF9FA09FB1A199B
:10557000B9F1000F13D04FEAE17901EB99794FEAC5
:10558000A909A1EB8909B9F1000F0BD14FF064090A
:1055900091FBF9FA09FB1A19B9F1000F02D04FF08B
:1055A0001D0C01E04FF01C0C182B0EDB183B521C9D
:1055B0006D1C072D00DD0125624506DDA2EB0C0206
:1055C000401C0C2801DD0C38491C002B0DDA183367
:1055D000521E6D1E012D00DA0725012A05DA42460A
:1055E000401E012801DA0C20491E2180A070E270C3
:1055F000257163719DF80E60A6719DF80F60E671CC
:10560000BDE8FF872DE9F041A0B004460025002643
:105610000027A846642107A8DAF754FFF2F716FA24
:10562000062084F830005D48007A84F82A005B4840
:10563000417A2B2001555948817A2C200155574831
:10564000C17A2D2001555548017B2E200155534824
:10565000417B2F20015540F2DC50208594F8310029
:1056600040F02E0084F8310000BF0CE0C5EB85103F
:1056700000EBC5104A4901EBC00200232946494806
:10568000DEF7D4FE6D1C042DF0D3474803F03AFF3B
:1056900034214648DAF716FF2120444908604FF4C8
:1056A000403048610020086103A93E48DEF7CAFF88
:1056B00001208DF80D008DF8110003A93948DFF79E
:1056C00045FC03220021012018F0E8FE384908605B
:1056D0000220030222463749009037A00FF0FEFF58
:1056E000029038493848F0F783FF3748F0F7F6FE64
:1056F0003548F0F794FF4FF4FA60EFF797F9324826
:10570000F0F7B4FE0646701D30B9204605F0BFFA2A
:10571000204605F09FFA1FE0022E06D0032E09D086
:10572000042E0BD0052E11D10DE04FF400574FF48D
:10573000804810E000274FF480480CE04FF40057F9
:105740004FF0000807E00027B84604E04FF4005788
:105750004FF4804800BF00BF07A91248DEF787FE5C
:105760000D97CDF8308007A90E48DFF7DDFB0D4817
:10577000DFF75CFC204605F0C6FA204605F0A3FAE8
:1057800002E012A0E7F7EAF91D480088F2F778FA7C
:105790000028F6D020B0BDE8F0810000B0D5032489
:1057A0000002043018D30124BC00060890D403245E
:1057B0005C030024417D03086574685F746872654A
:1057C0006164000060030024C4D403244D4355D316
:1057D000EB504859D0BEC6ACCDA8D0C5CAA7B0DCE6
:1057E000A3ACC7EBBCECB2E9B5E7C2B7BBF2D5DFFF
:1057F000D4B4C2EBA3A1A3A1A3A1A3A10D0A00004D
:105800000C020024F0B58FB007460026002002905D
:105810000025302103A8DAF755FE00BF0CE0681C14
:1058200000EB400003A901EB800005EB450103AA52
:1058300002EB810188606D1C032DF0D303A927487A
:10584000DEF73EFF002846D102A92448DEF798FF84
:105850002248DEF7A9FDDDE90210002926DD00F06F
:105860001F0C0CEB0102034600BF00BF00BFBFF3DB
:105870004F8F00BF00BF00BF00BFDFF864C0CCF88F
:1058800000302033203A002AF7DC00BF00BF00BF01
:10589000BFF34F8F00BF00BF00BF00BF00BF00BFFE
:1058A000BFF36F8F00BF00BF00BF00BF00BF0D4838
:1058B00003F050FE044674B10B482061029880B298
:1058C0000399CDE90010029881B2234641220020BD
:1058D00005F06CFC064630460FB0F0BD18D301242D
:1058E0005CEF00E0BC000608B1B704082DE9F04108
:1058F0008CB080460E460024002730216846DAF737
:10590000E1FD354629E0042C04D36FF00B000CB008
:10591000BDE8F08104EB440168684DF82100688916
:1059200004EB44016A4602EB8101486054B104EB88
:105930004400694601EB8001601E00EB400002EB71
:1059400080008160286830B9002004EB44016A4679
:1059500002EB81018860641C2D68002DD3D1308951
:1059600004494860C1F808D014220348DFF75DFC01
:105970003846CCE790D4032418D301242DE9F84FFE
:1059800081460C4616464846F2F7A0FD07461FB969
:105990004FF0FF30BDE8F88F00BF102E05D16078C2
:1059A000022802D104F0030088B100BF6FF00F009D
:1059B000F0F74CFD804600BFB8F1000F02D0184848
:1059C000C0F8008000BF00BF4FF0FF30E2E700BF2B
:1059D00000BF60680090608800F0F9FA824600BF5E
:1059E00052466946386804F025F9054685B100BF7E
:1059F0002846F0F72BFD804600BFB8F1000F02D01B
:105A00000748C0F8008000BF00BF4FF0FF30C1E77B
:105A100000BF002000BF00BF00BF00BFBAE700000A
:105A2000780300242DE9F04107464FF0000838467E
:105A3000F2F74CFD04461CB94FF0FF30BDE8F08191
:105A4000206850B12068007800F0F000102801D1E3
:105A5000012000E0002080460CE000BF606840B1FB
:105A600000BF13A340F213321CA122A0E7F776F87F
:105A700000BF00BF384602F0E3FD206804F086FB5B
:105A800005466DB100BF2846F0F7E0FC064600BFB2
:105A90000EB12248066000BF00BF4FF0FF30CDE7D7
:105AA00041462046F2F700FC00BF00BF0020C5E7DA
:105AB0002E2E5C2E2E5C4D6964646C657761726578
:105AC000735C6C7769705C7372635C6170695C7342
:105AD0006F636B6574732E6300000000736F636BFC
:105AE0002D3E6C61737464617461203D3D204E55A0
:105AF0004C4C0000417373657274696F6E202225EF
:105B00007322206661696C6564206174206C696E23
:105B10006520256420696E2025730A00780300241F
:105B2000F0B587B0044600200390049005900690DD
:105B30000027E9F723F80646E8F7B6FF0546287878
:105B4000A0746978E174A9782175E9786175A87AFB
:105B5000A075E97AE175297B2176697B6176A87B5E
:105B6000A076E97BE176297C2177697C61772879C9
:105B7000207269796172A979A172E979E172297A51
:105B80002173697A6173A87C84F82400E97C25205C
:105B90000155297D26200155697D2720015506A83C
:105BA00005A904AB03AACDE9001014A106F1440035
:105BB000DAF744FD0746042F11D0802206F1440194
:105BC0001148DAF7D3FC38B1802206F144010E48BF
:105BD000DAF750FC0020E0710120A07109E00020FC
:105BE000A0710398A0730498E07305982074069838
:105BF0006074D6F88400206207B0F0BD25642E25BD
:105C0000642E25642E2564001CD6032410B586B0AE
:105C10000021084616F092FB9848FFF781FF97484D
:105C2000807C01069548C07C41EA00419348007D94
:105C300041EA00209149497D084302068F48807C53
:105C400001068E48C07C41EA00418C48007D41EA53
:105C500000208A49497D084300F47F4042EA00223F
:105C60008648807C01068548C07C41EA0041834823
:105C7000007D41EA00208149497D084300F47F000E
:105C800042EA10227D48807C01067C48C07C41EAC3
:105C900000417A48007D41EA00207849497D084367
:105CA00042EA106005907548807D01067348C07D0A
:105CB00041EA00417148007E41EA00206F49497E77
:105CC000084302066D48807D01066C48C07D41EAAC
:105CD00000416A48007E41EA00206849497E084345
:105CE00000F47F4042EA00226448807D0106634858
:105CF000C07D41EA00416148007E41EA00205F49E1
:105D0000497E084300F47F0042EA10225B48807D10
:105D100001065A48C07D41EA00415848007E41EAE8
:105D200000205649497E084342EA106004905348D7
:105D3000807E01065148C07E41EA00414F48007F05
:105D400041EA00204D49497F084302064B48807EC6
:105D500001064A48C07E41EA00414848007F41EAC6
:105D600000214648407F014301F47F4042EA00227F
:105D70004248807E01064148C07E41EA00413F48DA
:105D8000007F41EA00203D49497F084300F47F003D
:105D900042EA10223948807E01063848C07E41EA36
:105DA00000413648007F41EA00203449497F0843DA
:105DB00042EA106003903148417B007B2F4AD27A3F
:105DC000CDE9002002912D48837A427A017A2CA0F5
:105DD000E6F7C4FE2948407D00902848037DC27C38
:105DE000817C35A0E6F7BAFE2448407E0090234827
:105DF000037EC27D817D3CA0E6F7B0FE1F48407F58
:105E000000901E48037FC27E817E43A0E6F7A6FE77
:105E10004D484E49002203ABCDE90021029004AA6F
:105E200005A94B4804F0A4FC04462CB900201349F2
:105E30000870012006B010BD0120104908704448C8
:105E400004F002FF17F0D4FC03204FF48073404AA3
:105E50004049009040A00FF041FC029017F018FD5F
:105E60000020064981F82800F7F7A6FEF7F76AF840
:105E7000F7F7D4FDEFF7E0FB0020DBE7B0D5032414
:105E8000CDF8BFA8656EB5C44D4143B5D8D6B7CEE1
:105E9000AA3A2E2E2E2E2E2E2E2E2E2E2E2E2E2E9A
:105EA0002E2E25642E25642E25642E25642E256431
:105EB0002E25640D0A000000BEB2CCAC4950B5D806
:105EC000D6B72E2E2E2E2E2E2E2E2E2E2E2E2E2EC1
:105ED0002E2E2E2E2E2E2E2E2E2E25642E25642E88
:105EE00025642E25640D0A00D7D3CDF8D1DAC2EB94
:105EF0002E2E2E2E2E2E2E2E2E2E2E2E2E2E2E2EC2
:105F00002E2E2E2E2E2E2E2E2E2E25642E25642E57
:105F100025642E25640D0A00C4ACC8CFCDF8B9D8CD
:105F20002E2E2E2E2E2E2E2E2E2E2E2E2E2E2E2E91
:105F30002E2E2E2E2E2E2E2E2E2E25642E25642E27
:105F400025642E25640D0A001DC50508997C0308EB
:105F5000E0D503247D6004086574685F6C696E6B2E
:105F6000000000002DE9F04104462546686880479E
:105F70000FF0B0F906460D49286809684718B81BA4
:105F8000B0F1004F01D3012000E0002030B12968BA
:105F90008819224606490FF077FC04E0224604499E
:105FA00038460FF071FCBDE8F0810000300300249A
:105FB000655F04080146080601F47F4240EA0220BA
:105FC00001F47F0240EA122040EA11607047014666
:105FD0000806000C40EA11207047000008B50020B8
:105FE000009000BF6846804208D000BF0EA34FF467
:105FF000A972174917A0E6F7B1FD00BF00BF00BFA7
:1060000000BF0EF0FFFE02F0E7FE03F06BFA04F0B3
:1060100077FD16F07FFC10F0FFFFF7F7CDFDEFF7EF
:106020000BFB0FF0CDFC08BD2E2E5C2E2E5C4D69B7
:1060300064646C6577617265735C6C7769705C73BE
:1060400072635C636F72655C696E69742E630000D5
:106050005C5B0608417373657274696F6E2022255C
:106060007322206661696C6564206174206C696EBE
:106070006520256420696E2025730A0008B5044652
:1060800000200090264600253FE06B4601220021BB
:106090001E48DEF7F0FE009800F00400C0B90020B2
:1060A0001B4981F828006D1C022D00DB2DE000212A
:1060B0000220F9F785FE0020154948701348DFF7E4
:1060C0005EF8304604F0C6FD304604F0E0FD16E010
:1060D00000250F4890F8280088B901210220F9F71F
:1060E0006FFE01200A49487081F828000748DEF752
:1060F000E3FF304604F007FE304604F0E4FDF9F714
:1061000067FD642017F0B2FD00BFBEE718D301247D
:10611000B0D5032470B5064634462068406820B3E5
:106120002068007800F0F000102812D0202808D055
:10613000402816D12268A168506808F0D9F80546B1
:1061400012E0A2892368A168586816F049FB054649
:106150000AE0A2892368A16858680FF0A3FE0546EB
:1061600002E06FF0050500BF01E06FF00505257145
:1061700070BD000070B505462C4620684678206842
:10618000406800285ED02068007800F0F0001028F9
:1061900058D1207A032801D0022E53D0032E02D1E9
:1061A000F520207150E0012E02D1FB2020714BE040
:1061B000207A00F0010010B1206803F0A8FD00BFB4
:1061C0002068406A40B100BF20A34FF4F8622AA1C2
:1061D00030A0E6F7C3FC00BF00BF04202168487070
:1061E000206844620021206800F06EF8002828D062
:1061F00000BF20684078042808D000BF13A340F2F5
:10620000C5722EA123A0E6F7A9FC00BF00BF2D4850
:106210000EF0EEFF216801F10C0000210EF092FC5F
:1062200028480EF029FF00BF2068407840B100BF29
:1062300006A340F2C97221A116A0E6F78FFC00BFA9
:1062400000BF70BDF520207100BFFAE72E2E5C2E36
:106250002E5C4D6964646C6577617265735C6C7704
:1062600069705C7372635C6170695C6170695F6DB9
:1062700073672E6300000000616C726561647920B1
:1062800077726974696E67206F7220636C6F7369CF
:106290006E670000417373657274696F6E2022250A
:1062A0007322206661696C6564206174206C696E7C
:1062B0006520256420696E2025730A00737461745B
:1062C00065210000740200242DE9FC5F04468B4622
:1062D0000020019000BF44B900BF8AA340F2A5325C
:1062E00093A197A0E6F73AFC00BF00BF00BF20785B
:1062F00000F0F000102808D000BF82A340F2A632C0
:1063000099A18FA0E6F72AFC00BF00BF00BF60780C
:10631000042808D000BF7BA340F2A7329AA188A02E
:10632000E6F71CFC00BF00BF00BF606840B900BFBB
:1063300074A34FF46A729DA181A0E6F70FFC00BF21
:1063400000BF00BF606A40B900BF6EA340F2A9322F
:106350009BA17BA0E6F702FC00BF00BF6768606AF4
:1063600090F808A00AF001090AF00208BAF1030F38
:1063700001D1012517E0B9F1000F0AD0387D0528B9
:1063800005D0387D062802D0387D082801D10125A6
:1063900009E0B8F1000F05D0B87E00F0100008B198
:1063A000012500E000251DB1002138460FF076FDE3
:1063B000387D012804D1002138460FF0B6FC1BE0DF
:1063C000B9F1000F07D00021384613F045FE002137
:1063D00038460FF0AAFCB8F1000F03D00021384670
:1063E00014F068FB45B100221146384612F00EFE4B
:1063F0000021384610F0F8FB25B138460FF012FFA7
:10640000064605E042464946384614F0B8FB0646C3
:1064100016B9012001900EE0701C50B9606A407AF4
:1064200048B90120019035B138460FF077FC0026BD
:1064300001E001200190019878B3606A00680C3097
:106440000090606A0671002060626070E6B93DB13C
:106450006060A06A20B1002204212046A36A984708
:10646000B9F1000F06D0A06A20B1002211462046E3
:10647000A36A9847B8F1000F06D0A06A20B10022A5
:1064800002212046A36A9847BBF1000F02D0009872
:106490000FF018F80020BDE8FC9FFFE701980028E6
:1064A00021D100BF387D012808D100BF15A340F2DB
:1064B00044424AA122A0E6F751FB00BF00BFB8F159
:1064C000000F03D04E49384614F0F4FA01224D492A
:1064D000384612F09BFD4C49384610F085FB2146AA
:1064E00038460FF0DBFC00BF46B900BF05A34FF4F0
:1064F0008A6246A112A0E6F731FB00BF00BF30461A
:10650000C9E700002E2E5C2E2E5C4D6964646C651C
:1065100077617265735C6C7769705C7372635C61E0
:1065200070695C6170695F6D73672E6300000000C5
:10653000696E76616C696420636F6E6E00000000A6
:10654000417373657274696F6E2022257322206611
:1065500061696C6564206174206C696E65202564D6
:1065600020696E2025730A0074686973206973209E
:10657000666F7220746370206E6574636F6E6E73E5
:10658000206F6E6C79000000636F6E6E206D757306
:106590007420626520696E207374617465204E45B5
:1065A00054434F4E4E5F434C4F534500706362203F
:1065B000616C726561647920636C6F73656400005F
:1065C000636F6E6E2D3E63757272656E745F6D7370
:1065D0006720213D204E554C4C000000436C6F73EA
:1065E000696E672061206C697374656E20706362E8
:1065F000206D6179206E6F74206661696C210000E6
:10660000C5FF040805C104084D62030865727220C5
:10661000213D204552525F4F4B0000002DE9F041D3
:10662000064634462068406810B96FF00E058EE0CB
:106630002068007800F0F000102812D0202808D040
:1066400040287CD12268A168506807F09BFE05466F
:106650007CE0A2892368A168586816F01DF90546F8
:1066600074E020684078032802D16FF0080565E0E7
:106670002068407810B16FF009055FE0206809F0EC
:106680008DFDA2892368A1685868324B0FF052FF34
:106690000546002D52D1206890F82000C0F3400735
:1066A00003202168487000BF4FB100BF206890F8F8
:1066B000200040F00400216881F8200009E000BFBC
:1066C000206890F8200000F0FB00216881F820008D
:1066D00000BF00BF17B16FF004052EE020684462D0
:1066E00000BF20684078032808D000BF1AA340F2FA
:1066F000735224A125A0E6F731FA00BF00BF2D4850
:106700000EF076FD216801F10C0000210EF01AFA5E
:1067100028480EF0B1FC00BF20684078032808D15B
:1067200000BF0DA340F2775216A118A0E6F716FAA3
:1067300000BF00BFBDE8F08101E000BF06E000BF80
:1067400000BF6FF0050500BF00BF00BF00BF25718F
:1067500000BFEFE7B96704082E2E5C2E2E5C4D6952
:1067600064646C6577617265735C6C7769705C7387
:1067700072635C6170695C6170695F6D73672E63E1
:10678000000000007374617465210000417373653B
:106790007274696F6E2022257322206661696C65B0
:1067A00064206174206C696E6520256420696E2008
:1067B00025730A00740200242DE9F0470646894635
:1067C00090460027344614B9B81FBDE8F08700BFD3
:1067D0006078032808D000BF2FA340F2265239A1C9
:1067E00040A0E6F7BBF900BF00BF00BF606A002809
:1067F0000ED194F8200000F00400002808D100BF5A
:1068000025A340F2275241A136A0E6F7A7F900BF21
:1068100000BF606A30B1606A80F80480606A006816
:1068200000F10C07207800F0F000102805D1B8F135
:10683000000F02D1204609F0B1FC94F8200001219C
:1068400021EA900500BF00BF94F8200000F0FB0093
:1068500084F8200000BF00BF00BF05B157B905B9DB
:1068600047B100BF0CA340F2335238A11DA0E6F798
:1068700075F900BF00BF002060626070A06A20B19F
:10688000002202212046A36A984715B138460EF02F
:1068900019FE002099E700002E2E5C2E2E5C4D691B
:1068A00064646C6577617265735C6C7769705C7346
:1068B00072635C6170695C6170695F6D73672E63A0
:1068C00000000000636F6E6E2D3E7374617465206E
:1068D0003D3D204E4554434F4E4E5F434F4E4E4537
:1068E00043540000417373657274696F6E202225F2
:1068F0007322206661696C6564206174206C696E26
:106900006520256420696E2025730A0028636F6E58
:106910006E2D3E63757272656E745F6D73672021B4
:106920003D204E554C4C29207C7C20636F6E6E2D93
:106930003E696E5F6E6F6E5F626C6F636B696E67F0
:106940005F636F6E6E65637400000000626C6F635E
:106950006B696E6720636F6E6E656374207374611C
:106960007465206572726F720000000070B5064693
:1069700034462068457800BF002D0ED0206800788E
:1069800000F0F000102808D000BF54A340F261428C
:106990005DA162A0E6F7E2F800BF00BF1DB1022DC5
:1069A00001D0032D07D1032D08D1206890F82000D5
:1069B00000F0040010B9FB2020718DE000BF032D12
:1069C0000ED1206890F8200000F0040040B900BF0C
:1069D00042A340F27D425BA150A0E6F7BFF800BFA2
:1069E00000BF00202071206803F091F92068406802
:1069F000002861D02068007800F0F000102811D045
:106A0000202806D0402852D12168486807F0B0FD00
:106A10004EE000202168496848622168486816F005
:106A2000BDFA45E000BF2068406A40B100BF2BA31B
:106A300040F297424BA139A0E6F790F800BF00BFA3
:106A400004202168487003202072206844620021DD
:106A50002068FFF739FC002828D000BF2068407864
:106A6000042808D000BF1DA340F29D4244A12BA0E2
:106A7000E6F774F800BF00BF43480EF0B9FB216889
:106A800001F10C0000210EF05DF83F480EF0F4FA21
:106A900000BF2068407840B100BF10A340F2A1427F
:106AA00037A11EA0E6F75AF800BF00BF70BD00BFB7
:106AB00000BF0020216848602068806A20B12068FB
:106AC00000221146836A98472068806A20B12068B6
:106AD00000220221836A984700BFE7E72E2E5C2E32
:106AE0002E5C4D6964646C6577617265735C6C776C
:106AF00069705C7372635C6170695C6170695F6D21
:106B000073672E63000000006E6574636F6E6E2005
:106B10007374617465206572726F7200417373657E
:106B20007274696F6E2022257322206661696C651C
:106B300064206174206C696E6520256420696E2074
:106B400025730A00626C6F636B696E6720636F6EFA
:106B50006E65637420696E2070726F6772657373FF
:106B600000000000616C726561647920777269745D
:106B7000696E67206F7220636C6F73696E670000C7
:106B800073746174652100007402002470B50546B9
:106B90002C4620684068002861D0207C28B12068FD
:106BA00040680068A168086004E0206840684068A8
:106BB000A1680860002020712068007800F0F000D3
:106BC000102825D020280CD040283BD1207C28B18B
:106BD00020684068017CE068018001E0F5202071B8
:106BE0003CE0207C28B120684068418AE068018050
:106BF0000DE020684068007C00F0040010B9F5202A
:106C0000207104E020684068818AE068018025E006
:106C1000207C58B920684068007D20B12068406819
:106C2000007D012802D1F52020710AE0207C18B1F6
:106C300020684068C08A02E020684068008BE168F4
:106C400008800BE000BF00BF06A34FF4F06210A164
:106C500015A0E5F783FF00BF00BF00BF01E0F520EE
:106C6000207170BD2E2E5C2E2E5C4D6964646C65A7
:106C700077617265735C6C7769705C7372635C6179
:106C800070695C6170695F6D73672E63000000005E
:106C9000696E76616C6964206E6574636F6E6E5F99
:106CA0007479706500000000417373657274696FD8
:106CB0006E2022257322206661696C6564206174F0
:106CC000206C696E6520256420696E2025730A009A
:106CD00070B505462C46F520207120684068A8B1A3
:106CE0002068007800F0F00020280DD1607C28B9E1
:106CF000D4E90210F6F7FCFF207107E0D4E9021096
:106D0000F7F778F8207101E0FA20207170BD70B5B6
:106D100004462546002028712868406810B9284696
:106D200005F05AF870BD2DE9F04105462C460020CB
:106D3000207120684068C0B12068007800F0F00041
:106D4000102812D1A66800BFB6F5803F02D34FF6D7
:106D5000FF7000E0304687B221684868394613F07A
:106D6000EBF9F61B002EEFD100BFBDE8F0812DE955
:106D7000F04105462C46206803F01AF80646002E1E
:106D800041D12068406800283BD02068007800F09E
:106D9000F00020281AD040282FD1A068083018B160
:106DA000A068806800B107E0A26811682268506896
:106DB00007F000FC064608E0A36803F10802196822
:106DC0002368586807F0FFFB064619E0A068806852
:106DD00000B107E0A26811682268506816F006F951
:106DE000064609E0A768BB8907F1080239682768E9
:106DF000786816F011F9064602E06FF00A0600BF47
:106E000001E06FF00A062671BDE8F08170B5054615
:106E10002C46206802F0CCFF0646002E64D1206884
:106E2000007800F0F00010285CD12068407808B1AC
:106E3000761F59E020684068002850D00120216862
:106E4000487000BF2068406A40B100BF28A340F2EC
:106E5000267232A138A0E5F781FE00BF00BF00BF57
:106E6000606940B900BF22A340F227723CA132A062
:106E7000E5F774FE00BF00BF20684462002120686F
:106E800000F07EF8002829D000BF20684078012853
:106E900008D000BF16A340F22B7236A126A0E5F75A
:106EA0005DFE00BF00BF35480EF0A2F9216801F178
:106EB0000C0000210DF046FE30480EF0DDF800BF5A
:106EC00020684078012808D100BF09A340F22F7242
:106ED00028A119A0E5F742FE00BF00BF70BD6FF00A
:106EE0000A0601E06FF00506267100BFF6E7000014
:106EF0002E2E5C2E2E5C4D6964646C657761726524
:106F0000735C6C7769705C7372635C6170695C61FF
:106F100070695F6D73672E6300000000616C7265BD
:106F20006164792077726974696E67206F7220637B
:106F30006C6F73696E670000417373657274696F7B
:106F40006E2022257322206661696C65642061745D
:106F5000206C696E6520256420696E2025730A0007
:106F60006D73672D3E6D73672E772E6C656E2021D5
:106F70003D203000737461746521000074020024A8
:106F80002DE9F34F83B004460020019000BF44B9BF
:106F900000BFAEA340F27662B7A1BBA0E5F7DEFD6D
:106FA00000BF00BF00BF6078012808D000BFA7A3C2
:106FB00040F27762BEA1B4A0E5F7D0FD00BF00BFEC
:106FC00000BF606A40B900BFA0A34FF4CF62C0A168
:106FD000ADA0E5F7C3FD00BF00BF00BF606840B9CA
:106FE00000BF9AA340F27962C0A1A7A0E5F7B6FD61
:106FF00000BF00BF00BF606AD0E90501814208D32D
:1070000000BF92A340F27A62BEA19FA0E5F7A6FD61
:1070100000BF00BF00BF606A8089002808DC00BF95
:107020008AA340F27C62C7A197A0E5F797FD00BF55
:1070300000BF606A077F94F8200000F0020010B9DA
:1070400007F0040008B1012000E00020814600BFE5
:10705000606A80680168606A006908440290606A3A
:1070600080684168606A0069A1EB0008B8F5803F5C
:1070700004D34FF6FF7647F0020701E01FFA88F6C7
:107080006068B0F864B0B3450FDA5E46B9F1000F3E
:1070900009D056B9606A806910B96FF0060000E047
:1070A000002005465EE047F0020700BF606A006905
:1070B0003044616A89684968884208D900BF63A37F
:1070C00040F2A662A9A170A0E5F748FD00BF00BF8D
:1070D0004FF6FF70864202D1B8F5803F07D21FFA03
:1070E00088F0B04208D1606A8089012804DD01205F
:1070F000009047F0020701E0002000903B46324636
:107100006068029914F0C0FB054615BB606A80698F
:107110008119606A8161606A00698119606A016130
:10712000606A0069616A89684968884211D1606A49
:107130008089401E81B2606A8181606A80890028EE
:1071400007DD606A80680830616A88600021606AD3
:107150000161009810B1002D3FF47AAF0DB1681CA9
:1071600048BB00BFB9F1000F12D0606AD0E9050139
:1071700081420DD2A06A20B1002203212046A36AD9
:10718000984794F8200040F0100084F8200012E0A6
:107190006068B0F8640041F65E71884204DD6068A2
:1071A000B0F866002C2806DBA06A20B1002203217B
:1071B0002046A36A9847A5B9606AD0E905018142D3
:1071C00002D0B9F1000F01D001200190606810F0E9
:1071D000B7FF82460AF1040010B95546012001901C
:1071E0001CE0681CC0B9606810F0AAFF82460AF172
:1071F000040018B95546012001900CE0B9F1000FC8
:1072000009D0606A806910B96FF0060000E00020C4
:1072100005460120019001E001200190019870B124
:10722000606A006800F10C0A606A05710020606203
:107230006070049810B150460EF044F904E04FF02D
:10724000FF3005B0BDE8F08F0020FAE72E2E5C2E4F
:107250002E5C4D6964646C6577617265735C6C77F4
:1072600069705C7372635C6170695C6170695F6DA9
:1072700073672E6300000000636F6E6E20213D2057
:107280004E554C4C00000000417373657274696F79
:107290006E2022257322206661696C65642061740A
:1072A000206C696E6520256420696E2025730A00B4
:1072B000636F6E6E2D3E7374617465203D3D204E8C
:1072C0004554434F4E4E5F5752495445000000000D
:1072D000636F6E6E2D3E63757272656E745F6D7353
:1072E0006720213D204E554C4C000000636F6E6EB0
:1072F0002D3E7063622E74637020213D204E554CEC
:107300004C000000636F6E6E2D3E63757272656E89
:10731000745F6D73672D3E6D73672E772E6F666693
:10732000736574203C20636F6E6E2D3E63757272C0
:10733000656E745F6D73672D3E6D73672E772E6C6F
:10734000656E0000636F6E6E2D3E63757272656EC2
:10735000745F6D73672D3E6D73672E772E76656350
:10736000746F725F636E74203E2030006C776970BA
:107370005F6E6574636F6E6E5F646F5F7772697462
:10738000656D6F72653A20696E76616C6964206C18
:10739000656E67746821000010B5044614F10F0F84
:1073A00009D014F10E0F04D014F10D0F05D10948C6
:1073B00010BD0948FCE70948FAE700BF3CB100BF2F
:1073C00007A37D2211A115A0E5F7C8FB00BF00BFF0
:1073D0000020EDE7E4FE0508E5FE0508E6FE0508E9
:1073E0002E2E5C2E2E5C4D6964646C65776172652F
:1073F000735C6C7769705C7372635C6170695C610B
:1074000070695F6D73672E6300000000756E6861C0
:107410006E646C6564206572726F7200417373658F
:107420007274696F6E2022257322206661696C6513
:1074300064206174206C696E6520256420696E206B
:1074400025730A0070B505460C4600BF3CB900BF65
:107450000FA3852219A11CA0E5F780FB00BF00BF88
:107460002348854203D1F3202070012070BD2148BC
:10747000854203D1F22020700120F7E71E488542A3
:1074800003D1F12020700120F0E70020EEE700009A
:107490002E2E5C2E2E5C4D6964646C65776172657E
:1074A000735C6C7769705C7372635C6170695C615A
:1074B00070695F6D73672E63000000006572722053
:1074C000213D204E554C4C00417373657274696FB9
:1074D0006E2022257322206661696C6564206174C8
:1074E000206C696E6520256420696E2025730A0072
:1074F000E4FE0508E5FE0508E6FE05080020034950
:107500000870487088708880C87070471CD7032442
:1075100004488088C0F57A60024908810120024948
:10752000087070471CD70324800300242DE9F8431A
:1075300004460D4600270026B046B14600200090C4
:1075400020780006617840EA0140A17840EA0120F5
:10755000E1780843020620780006617840EA01409D
:10756000A17840EA0120E178084300F47F4042EA34
:10757000002220780006617840EA0141A07841EAC3
:107580000020E178084300F47F0042EA10222078CE
:107590000106607841EA0041A07841EA0020E178E4
:1075A000084342EA10600090684608B9002000E0F5
:1075B000009837490968086028780006697840EA29
:1075C0000140A97840EA0120E978084302062878BA
:1075D0000006697840EA0140A97840EA0120E9788C
:1075E000084300F47F4042EA0022287800066978C8
:1075F00040EA0141A87841EA0021E878014301F41A
:107600007F0042EA102228780106687841EA0041AA
:10761000A87841EA0020E978084342EA1060009027
:10762000684608B9002000E00098194909684860D8
:107630004FF420722021222003F014FC064616B9D4
:107640004FF0FF391EE070893189884214D13068CB
:1076500090B977682021384604F054FC0C48026841
:10766000121D3146006806F0AEFF8046B8F1000FEB
:1076700002D06FF0010905E0304603F0CBFF484629
:10768000BDE8F883304603F0C5FF4846F8E7000040
:107690007C03002470B5044601253C48407801284D
:1076A00070D13B48007820B1012810D0022854D175
:1076B0004AE0214635481230FFF738FF01203449AF
:1076C00008704FF47A6088800020C87045E0304828
:1076D000C078012810D14FF4FA602D49888000202D
:1076E000C870022008700020487008468078401C4E
:1076F00088700020C880088126480078012822D19F
:107700002348407820B9224800892149C88009E0EF
:107710001F4800891E49C988884203DB1C4800892C
:107720001B49C8804FF4FA60194988800020C8704E
:1077300002200870002088701649087014484078AC
:10774000401C1349487008E01148C078012803D153
:1077500000200F49C870087000BF00BF0C48807837
:10776000042804DB00200A4988704870451E084838
:107770004078042808DB00200549887048700025FF
:1077800002E0FFE76FF00105284670BDB0D5032485
:107790001CD70324800300240648808848B105488C
:1077A0008088401E034988800846808808B90120E7
:1077B000C87070471CD70324F0B504460D46164622
:1077C000059F002117E0606900EBC1021068A84224
:1077D00010D12EB1107900F0010008B10120F0BDE8
:1077E0002BB1107900F0020008B10120F7E70FB1CA
:1077F0000120F4E7491CA0698842E4D80020EEE7A4
:107800002DE9FF4F83B004468B461F464FF0080A10
:1078100000260598B0F1004F01D2059801E06FF005
:107820000040804600BF44B900BF5EA340F29D32D5
:1078300067A16BA0E5F792F900BF00BF00BF206809
:10784000007800F0F000102808D000BF55A340F2E7
:107850009E326DA162A0E5F781F900BF00BF07F07D
:10786000080008B14AF0040A00BF606810B16068FF
:10787000029031E0524602A9206802F03AFE8146A9
:10788000B9F1000F19D0002E00DD7AE000BF4846A4
:10789000EEF7DCFD019000BF019810B1634901983B
:1078A000086000BF00BF09F10F0018B9002007B041
:1078B000BDE8F08F4FF0FF30F9E700BF029840B904
:1078C00000BF38A34FF4717259A145A0E5F746F9FE
:1078D00000BF00BF0298606002980089404502DA4C
:1078E0000298058901E01FFA88F57019B04203DAA1
:1078F0006FF00040801B85B20BEB060100232A4687
:10790000029803F073FD2E4400BFA84508DA00BFBB
:1079100024A34FF4777249A131A0E5F71FF900BF06
:1079200000BFA8EB050807F0010000281ED100BF2A
:1079300002980089A84208DA00BF1AA340F2E23296
:1079400048A127A0E5F70AF900BF00BF0298008907
:10795000401B002805DD2946029803F033FF6060D4
:1079600004E000206060029803F054FE4AF0140A1C
:10797000B8F1000F04DD07F0010000283FF475AFF7
:1079800000BF002E06DD07F0010018B9314620685F
:1079900002F0F0FD00BF002000BF00BF00BF304676
:1079A00085E700002E2E5C2E2E5C4D6964646C65AC
:1079B00077617265735C6C7769705C7372635C612C
:1079C00070695C736F636B6574732E6300000000F5
:1079D0006E6F20736F636B657420676976656E00E8
:1079E000417373657274696F6E202225732220665D
:1079F00061696C6564206174206C696E6520256422
:107A000020696E2025730A00746869732073686F9B
:107A1000756C6420626520636865636B65642069CA
:107A20006E7465726E616C6C7900000078030024DE
:107A30007020213D204E554C4C000000696E76614F
:107A40006C696420636F70796C656E2C206C656E58
:107A500020776F756C6420756E646572666C6F77E5
:107A600000000000696E76616C696420636F707954
:107A70006C656E002DE9FE4304460D461646994698
:107A8000DDE90A7814B90020BDE8FE8395B18EB116
:107A9000002302AA01A9206802F05AFA4DB146B1AA
:107AA00000962B46BDF8082001A9206800F0D8FCFC
:107AB000EAE700BF0020E7E72DE9FF4F8BB006465D
:107AC0008A461546DDE918B43046F0F7FFFC074654
:107AD00027B94FF0FF300FB0BDE8F08F386800785D
:107AE00000F0F000102810D12A46514638460E9B6F
:107AF000FFF786FE80462DA3224659463846CDE93B
:107B00000068FFF7B7FF4046E5E700200A90CDF890
:107B100020A0099505900690079008A803900120E1
:107B20000490CDF804B00CB1206800E00020029071
:107B30000AAB01AA009638460E9900F041F881463A
:107B4000B9F1000F0FD000BF4846EEF77FFC009060
:107B500000BF009810B119490098086000BF00BF2D
:107B60004FF0FF30B7E7BDF82800854201D2284624
:107B700001E0BDF828006FF00041884208D2BDF84E
:107B80002800854201D2284604E0BDF8280001E023
:107B90006FF0004080460CB10298206000BF00BF2B
:107BA000002000BF00BF00BF404694E76C776970BB
:107BB0005F7265637666726F6D0000007803002463
:107BC0002DE9FF5F0546894614469A4600BFA06826
:107BD00038B9E068002804DD6FF00F0004B0BDE89C
:107BE000F09F00BF09F0080010B14FF0040B01E056
:107BF0004FF0000B686803900398002818D15A468C
:107C000003A9286802F08AFC0290029808B1029841
:107C1000E4E700BF039840B900BF30A340F25D42E3
:107C200039A13CA0E4F79AFF00BF00BF0398686049
:107C300003980068B0F808800027002620E0A8EB31
:107C4000070080B20090A06800EBC6004168009871
:107C5000814202D90098019005E0A06800EBC600BF
:107C6000808880B20190A26852F83610039A3B4691
:107C70001068019A03F0BAFB0198384487B2761C69
:107C8000E068B04201DD4745D9DB206870B160682B
:107C900060B1206850B1606840B1201D0090236839
:107CA00003998A890831286800F0DAFB0020A06176
:107CB000206920B1002008B90021616100BF09F0EE
:107CC000010020B900206860039801F0CCFEBAF1F1
:107CD000000F01D0AAF8008000207FE72E2E5C2E36
:107CE0002E5C4D6964646C6577617265735C6C775A
:107CF00069705C7372635C6170695C736F636B6500
:107D000074732E630000000062756620213D204ED2
:107D1000554C4C00417373657274696F6E20222557
:107D20007322206661696C6564206174206C696EE1
:107D30006520256420696E2025730A002DE9FE4F19
:107D400081468A4693461C464846F0F7BFFB0546E7
:107D50001DB94FF0FF30BDE8FE8F2868007800F0B5
:107D6000F000102809D00020009023465A465146C2
:107D70000190484600F032F8EDE704F0100008B139
:107D8000022000E0002040F0010004F0080109B1E9
:107D9000042100E0002140EA01070020029002A82F
:107DA00000903B465A465146286802F013FC0646AE
:107DB00000BF3046EEF74AFB804600BFB8F1000F27
:107DC00002D00548C0F8008000BF00BF0EB902987D
:107DD000C1E74FF0FF30BEE7780300242DE9FF4FE5
:107DE00085B01746DDE912490598F0F76FFB80462C
:107DF000B8F1000F04D14FF0FF3009B0BDE8F08FAB
:107E0000D8F80000007800F0F000102806D13A46BB
:107E1000089BDDE90501FFF791FFEEE7B7F5803F2D
:107E20000AD300BF5A2000BF5A21304A116000BF58
:107E300000BF4FF0FF30E0E71FFA87FA00BF14B928
:107E4000B9F1000F1BD0B9F1100F06D12CB1607839
:107E5000022802D104F0030088B100BF6FF00F00C8
:107E6000EEF7F4FA834600BFBBF1000F02D01F48C3
:107E7000C0F800B000BF00BF4FF0FF30BDE700BF4B
:107E80000020029001903CB100BF606803906088C0
:107E9000FEF79DF8064602E0002600200390ADF8AC
:107EA0001060524601A8069901F0FDFD05462DB966
:107EB00001A9D8F8000002F047FB054601A801F02F
:107EC000E2FD00BF2846EEF7C1FA834600BFBBF1D2
:107ED000000F02D00548C0F800B000BF00BF0DB9C8
:107EE00050468AE74FF0FF3087E700007803002410
:107EF0002DE9F84F06460F4690461C46DDF82890BF
:107F000000253046F0F7E2FA8246BAF1000F02D1BE
:107F1000681EBDE8F88F54B900BF0E2000BF0E21C7
:107F2000114A116000BF00BF4FF0FF30F1E70F486A
:107F30000DF0A2F82346424639463046CDF800906F
:107F400000F016F8054609480DF052F900BF284622
:107F500000BF08B10449086000BF00BF15B14FF071
:107F6000FF30D6E70020D4E7780300247402002411
:107F70002DE9FE4F8246894617461D460C9E00207D
:107F80000290504614F008FC044614B90920BDE8DC
:107F9000FE8FB9F1000F6FD0B9F1060F6DD0B9F1B6
:107FA000FF0F6BD0A9F6FF70002868D141F20601DF
:107FB000781A8F423AD004DC082F08D0202F70D1D5
:107FC00004E0042851D00528F9D183E000BF202F18
:107FD00007D12068007800F0F000202801D05C2054
:107FE000D5E7384600F0D8FB074600BF00BF042E97
:107FF00001D21620CBE700BF206810B1206840688E
:1080000008B91620C3E700BF286838B12068406867
:10801000407A384321684968487206E02068406821
:10802000407AB8432168496848729DE000BF00BFAC
:10803000082E01D21620AAE700BF206808B9162032
:10804000A5E700BF4FF47A72686890FBF2F02A68E7
:1080500002EB4203C3EBC21200EBC201002901DABA
:10806000162094E72068C1617EE000BF00BF00BF1A
:10807000042E05D216208AE778E05DE1A4E1A9E1AB
:1080800000BF206810B12068406808B916207EE75C
:1080900000BF2068007800F0F000202802D05C20AB
:1080A00075E75EE000BF286848B100BF20684068FF
:1080B000007C40F0010021684968087409E000BFB5
:1080C00020684068007C00F0FE0021684968087460
:1080D00000BF49E04FF0000B00BF00BF062E01D2E9
:1080E000162054E700BF206808B916204FE700BFEC
:1080F000A846454698F8000040B1404602F0C2FC50
:108100008346BBF1000F01D1132040E720680078BF
:1081100000F0F000102804D0202808D0402812D108
:108120000BE02168486859460DF014FF17E02168FC
:108130004868594614F0A6FB11E021684868594682
:1081400006F0E3F80BE000BF00BFA5A340F68352A2
:10815000AEA1B9A0E4F702FD00BF00BF00BF00BFA1
:1081600002E05C20029000BF00BF36E1082F70D211
:10817000DFE807F0DD1804999A2C496900BF00BFB9
:10818000042E01D2162002E700BF206810B120683B
:10819000406808B91620FAE600BF287821684968C7
:1081A000C872C7E000BF00BF042E01D21620EEE661
:1081B00000BF206810B12068406808B91620E6E6C4
:1081C00000BF2878216849688872B3E000BF00BF0B
:1081D00000BF0EB91620DAE600BF206810B1206893
:1081E000406808B91620D2E600BF2068007800F089
:1081F000F000202801D05C20C9E600BF2878216863
:108200004968487796E000BF00BF00BF042E01D246
:108210001620BCE600BF206810B12068406808B98D
:108220001620B4E600BF2068007800F0F000202897
:1082300001D05C20ABE600BF28680190019821685E
:108240004968886176E000BF00BF00BF16B91620FC
:108250009DE66CE000BF206810B12068406808B956
:10826000162094E600BF2068007800F0F000202877
:1082700001D05C208BE600BF287848B100BF2068A1
:108280004068007C40F0080021684968087409E0F3
:1082900000BF20684068007C00F0F7002168496852
:1082A000087400BF46E000BFAB4600BF00BF00BF80
:1082B000082E01D216206AE600BF206810B120689F
:1082C000406808B9162062E600BF2068007800F018
:1082D000F000202801D05C2059E600BFDBF8040044
:1082E0000190DBF800000090032F10D16A4601A92D
:1082F000504600F0E1F920B90C2002904FF0000840
:108300000FE0694601A8F5F7F3FC804609E06946ED
:1083100001A8F5F76FFD80466A4601A9504600F0B6
:10832000FBF9B8F1000F01D06320029002E05C205D
:10833000029000BF00BF50E000BF00BF00BF042E8E
:1083400001D2162023E600BF206810B120684068E3
:1083500008B916201BE600BF2068007800F0F00086
:10836000102801D05C2012E600BF20684068007D24
:10837000012801D116200AE6012F02D0022F1ED1BA
:1083800017E0286848B100BF20684068408B40F083
:1083900040002168496848830AE000BF20684068BF
:1083A000408B4FF6BF71084021684968488300BF81
:1083B00008E0286821684968C1F8900002E05C2064
:1083C000029000BF00BF08E000BF5C20029000BF29
:1083D00000BF02E05C20029000BF00BF0298D6E51B
:1083E0002E2E5C2E2E5C4D6964646C65776172651F
:1083F000735C6C7769705C7372635C6170695C73E9
:108400006F636B6574732E6300000000556E6861C6
:108410006E646C6564206E6574636F6E6E20747933
:10842000706520696E20534F5F42494E44544F445B
:108430004556494345000000417373657274696F86
:108440006E2022257322206661696C656420617448
:10845000206C696E6520256420696E2025730A00F2
:108460002DE9FF4781460D4617461E460C9C4FF0EE
:10847000000800BF45B900BF25A340F206422FA166
:1084800033A0E4F76BFB00BF00BF00BF46B900BFDD
:108490001FA340F2074238A12DA0E4F75FFB00BF05
:1084A00000BF00BF44B900BF19A34FF4816236A1D9
:1084B00027A0E4F753FB00BF00BF00BF10208DF8DA
:1084C000000002208DF801003846FDF780FDADF870
:1084D00002002868019000200290039000BF9DF8E0
:1084E00000102068884202D24FF0010807E09DF892
:1084F00000102068884202D99DF80000206069467B
:1085000030462268D7F7B6FF404604B0BDE8F08792
:108510002E2E5C2E2E5C4D6964646C6577617265ED
:10852000735C6C7769705C7372635C6170695C73B7
:108530006F636B6574732E630000000066726F6D6D
:108540006164647220213D204E554C4C00000000B7
:10855000417373657274696F6E20222573222066E1
:1085600061696C6564206174206C696E65202564A6
:1085700020696E2025730A0066726F6D20213D20F0
:108580004E554C4C0000000066726F6D6C656E209D
:10859000213D204E554C4C002DE9F04180460F46C0
:1085A0001646012F16D0022F08D0032F19D1F1B291
:1085B000214A402001F01AFD04461BE0882E01D11B
:1085C000212100E0202108461B4A002101F00EFD78
:1085D00004460FE0184A0021102001F007FD044670
:1085E00008E000BF16201549086000BF4FF0FF30BB
:1085F000BDE8F08100BF3CB900BF69200F490860A9
:1086000000BF4FF0FF30F3E700212046E5F7E0FF21
:108610000546681C50B9204601F06AFB00BF1720D0
:108620000649086000BF4FF0FF30E1E7A56100BFD9
:1086300000BF2846DCE70000817D030878030024A2
:108640007CB506463046EFF741FF054605B97CBDCF
:1086500000242AE004EB4400164951F82000A84207
:1086600022D104EB440001EB80008068019004EB10
:10867000440001EB800040680090002004EB4401BE
:108680000C4A42F8210004EB440102EB81014860EE
:1086900004EB440102EB8101886001236A4601A9D1
:1086A000286801F07FFC00BF641C042CD2DB00BFF3
:1086B000CDE7000080E402242DE9F04180460D461C
:1086C00016464046EFF702FF074617B90020BDE8FF
:1086D000F081002419E004EB44000E4951F8200019
:1086E00090B904EB440041F8207004EB4401094ABE
:1086F00002EB81012868486004EB440102EB810130
:10870000306888600120E2E7641C042CE3DB002071
:10871000DDE7000080E402242DE9F04180460D46AB
:1087200016464046EFF7D2FE07460FB9BDE8F08186
:10873000002429E004EB4400164951F82000B84217
:1087400021D104EB440001EB800040682968884295
:1087500019D104EB44000F4901EB800080683168B7
:10876000884210D1002004EB44010A4A42F821005B
:1087700004EB440102EB8101486004EB440102EB8D
:108780008101886002E0641C042CD3DB00BF00BFC1
:10879000CCE7000080E4022410B50446042C06D087
:1087A000082C02D0202C04D110BD0820FCE70420A6
:1087B000FAE700BF00BF05A340F63F320EA114A0A8
:1087C000E4F7CCF900BF00BF0020EDE72E2E5C2EB1
:1087D0002E5C4D6964646C6577617265735C6C775F
:1087E00069705C7372635C6170695C736F636B6505
:1087F00074732E6300000000556E6B6E6F776E20F1
:10880000736F636B6574206F7074696F6E00000026
:10881000417373657274696F6E202225732220661E
:1088200061696C6564206174206C696E65202564E3
:1088300020696E2025730A00F8B505460A462B46C6
:1088400000200090002103F0010636B1002A04DD6B
:1088500013F8010B8DF80100521E1C4603E034F89A
:10886000027B3944921E012AF9DC002A02DD2078BD
:108870008DF80000BDF80000014488B200EB114102
:1088800088B200EB114126B1C8B2C1F3072747EA0D
:10889000002188B2F8BD000008B57A48007808B910
:1088A000FDF7B4F97748007801287CD17548FDF7C9
:1088B00037F97448407D00907248037DC27C817C0A
:1088C00071A0E4F74BF96F48807C01066D48C07CCD
:1088D00041EA00416B48007D41EA00206949497D39
:1088E000084302066748807C01066648C07C41EA6E
:1088F00000416448007D41EA00206249497D084307
:1089000000F47F4042EA00225E48807C01065D4818
:10891000C07C41EA00415B48007D41EA00205949A2
:10892000497D084300F47F0042EA10225548807CCC
:1089300001065448C07C41EA00415248007D41EAAA
:1089400000205049497D084342EA1060544948607C
:108950004C48807D01064B48C07D41EA00414948B2
:10896000007E41EA00204749497E08430206454807
:10897000807D01064348C07D41EA00414148007EB8
:1089800041EA00203F49497E084300F47F4042EA23
:1089900000223C48807D01063A48C07D41EA004102
:1089A0003848007E00E06BE041EA00203549497E0E
:1089B000084300F47F0042EA10223248807D01061D
:1089C0003048C07D41EA00412E48007E41EA002047
:1089D0002C49497E084342EA1060314988602948A1
:1089E000807E01062748C07E41EA00412548007F7D
:1089F00041EA00202349497F084302062148807E3E
:108A000001062048C07E41EA00411E48007F41EA3D
:108A100000211C48407F014301F47F4042EA0022CC
:108A20001848807E01061748C07E41EA004115487B
:108A3000007F41EA00201349497F084300F47F008A
:108A400042EA10220F48807E01060E48C07E41EAAD
:108A500000410C48007F41EA00210A48407F014361
:108A600042EA11600E49C8600E48DCF725FB0C484D
:108A700002F049F90A4802F026F90120014948703C
:108A800008BD0000B0D503240AB1BEBBFA49503A74
:108A90002025642E25642E25642E25640A000000FE
:108AA000E0D5032418D3012410B50A480078012822
:108AB0000FD10848407801280BD1002005494870A3
:108AC0000548DCF75CFB054802F0C4F8034802F0F7
:108AD000DEF810BDB0D5032418D30124E0D503245B
:108AE000F0B503460C4600BF13F8011B14F8015BF8
:108AF000A9420FD041F02006612E08DB7A2E06DC59
:108B000045F02007BE4201D00120F0BD01E0012068
:108B1000FBE700BF521E0AB10029E5D10020F4E7AF
:108B200070B586B004460025002600200290039010
:108B300004900590E6F722F8054605A804A903ABC2
:108B400002AACDE9001015A105F14400D7F776FD82
:108B50000646042E11D00120A071802205F14401A7
:108B60001148D7F703FD98B1802205F144010E4862
:108B7000D7F780FC0020E0710AE00020E071A071CE
:108B80000298A0730398E0730498207405986074A9
:108B9000D5F88400206206B070BD000025642E2543
:108BA000642E25642E2564009CD6032410B50CF099
:108BB000B9FF04A0E3F7D2FF0BF09EFC0BF05AFEC6
:108BC000002010BD72756E20322E2E2E0A0000007D
:108BD00070B5054605B970BD05F00300002813D037
:108BE00000BF00BF3DA340F2732246A14EA0E3F7B1
:108BF000B5FF00BF00BF00BF0BF09EFF064630462A
:108C00000CF030F800BFE6E7A5F108045048006812
:108C1000844205D305F10C004E490968884213D9F6
:108C200000BF00BF2DA340F27F224BA13EA0E3F77F
:108C300095FF00BF00BF00BF0BF07EFF0646304629
:108C40000CF010F800BFC6E74A480CF015FA20797E
:108C5000002816D100BF00BF20A34FF4237246A105
:108C600031A0E3F77BFF00BF00BF42480CF0C0FA21
:108C700000BF0BF061FF064630460BF0F3FF00BF6C
:108C8000A9E7204600F01EF9002816D100BF00BF5A
:108C900012A340F2952242A123A0E3F75FFF00BF99
:108CA00000BF34480CF0A4FA00BF0BF045FF0646A5
:108CB00030460BF0D7FF00BF8DE7002020714548FC
:108CC0000068844201D243480460204603F032F930
:108CD00028480CF08DFA00BF7DE700002E2E5C2E98
:108CE0002E5C4D6964646C6577617265735C6C774A
:108CF00069705C7372635C636F72655C6D656D2E29
:108D0000630000006D656D5F667265653A20736192
:108D10006E69747920636865636B20616C69676E46
:108D20006D656E7400000000417373657274696F45
:108D30006E2022257322206661696C65642061744F
:108D4000206C696E6520256420696E2025730A00F9
:108D500084020024880200246D656D5F667265657B
:108D60003A20696C6C6567616C206D656D6F727916
:108D7000000000008C0200246D656D5F6672656501
:108D80003A20696C6C6567616C206D656D6F7279F6
:108D90003A20646F75626C6520667265650000003C
:108DA0006D656D5F667265653A20696C6C656761BB
:108DB0006C206D656D6F72793A206E6F6E2D6C69E7
:108DC0006E6B65643A20646F75626C6520667265CF
:108DD000650000009002002410B500BF00BF1948D4
:108DE00020F0030018490860084604684FF4C040AA
:108DF00020800020608020714FF4C04005F080F991
:108E0000124908600120096808714FF4C0400F49F9
:108E1000096808800D49096848800B4800680C49BA
:108E200008600C480CF09CF900280AD000BF00BF75
:108E300009A340F21F2212A118A0E3F78FFE00BF82
:108E400000BF10BD8BE902248402002488020024A4
:108E5000900200248C0200242E2E5C2E2E5C4D6984
:108E600064646C6577617265735C6C7769705C7360
:108E700072635C636F72655C6D656D2E63000000EC
:108E80006661696C656420746F20637265617465E6
:108E9000206D656D5F6D7574657800004173736555
:108EA0007274696F6E2022257322206661696C6579
:108EB00064206174206C696E6520256420696E20D1
:108EC00025730A002DE9F0410446204600F080F9A0
:108ED0000546208805F014F90646608805F010F96B
:108EE00007462088B0F5C04F10D86088B0F5C04F55
:108EF0000CD86088A84202D03888A84206D106481B
:108F00000068864205D07088A84202D00020BDE8E3
:108F1000F0810120FBE70000880200242DE9F047E2
:108F20008146B9F1000F02D10020BDE8F08709F1B8
:108F3000030020F0030085B20C2D00D20C25B5F5FE
:108F4000C04F01D84D4501DA0020EEE75C480CF037
:108F500093F85C48006800F03BF90646A6E030460E
:108F600005F0CEF80446207900287CD1218806F14E
:108F70000800081AA84276D3218806F10800091AC9
:108F800005F11400814229D306F1080028441FFA94
:108F900080F800BFB8F5C04F08D100BF4AA340F227
:108FA000873253A157A0E3F7D9FD00BF00BF404669
:108FB00005F0A6F8074600213971218839807E80A6
:108FC000A4F80080012020713888B0F5C04F07D088
:108FD000388805F095F8A0F8028001E001202071A2
:108FE00038480068844227D13648D0F800A004E011
:108FF000BAF8000005F084F882469AF8040018B127
:109000004A4800688245F3D12E48C0F800A000BF4E
:1090100000684649096888420CD02A4800680079EF
:1090200040B100BF28A340F2B53241A135A0E3F71B
:1090300095FD00BF00BF00BF21480CF0D9F800BF6C
:1090400004F10800284439490968884208D900BF5A
:109050001DA340F2B9323DA12AA0E3F77FFD00BF76
:1090600000BF00BF00E01DE004F0030040B100BFFE
:1090700015A340F2BB3241A122A0E3F76FFD00BF70
:1090800000BF00BF04F0030040B100BF0EA340F2D8
:10909000BD3246A11BA0E3F761FD00BF00BF04F194
:1090A000080042E7304605F02BF80688C5F5C040B9
:1090B000B0423FF654AF02480CF09AF8002034E773
:1090C0008C020024900200242E2E5C2E2E5C4D6912
:1090D00064646C6577617265735C6C7769705C73EE
:1090E00072635C636F72655C6D656D2E630000007A
:1090F000696E76616C6964206E6578742070747234
:1091000000000000417373657274696F6E20222540
:109110007322206661696C6564206174206C696EDD
:109120006520256420696E2025730A0088020024CA
:109130006D656D5F6D616C6C6F633A20216C66725A
:1091400065652D3E75736564000000006D656D5F9B
:109150006D616C6C6F633A20616C6C6F63617465F8
:1091600064206D656D6F7279206E6F742061626F1F
:1091700076652072616D5F656E642E006D656D5F52
:109180006D616C6C6F633A20616C6C6F63617465C8
:1091900064206D656D6F72792070726F7065726C8E
:1091A0007920616C69676E65642E00006D656D5F86
:1091B0006D616C6C6F633A2073616E6974792063C2
:1091C0006865636B20616C69676E6D656E74000025
:1091D000014602480088081A80B2704784020024C1
:1091E0002DE9F84F81468B460BF1030020F0030078
:1091F00085B20C2D00D20C25B5F5C04F01D85D45C8
:1092000002DA0020BDE8F88F00BF5C4800688145A5
:1092100003D35B480068814508D300BF59A340F2DF
:10922000D12262A167A0E3F799FC00BF00BF5348B9
:109230000068814503D352480068814509D300BFC7
:109240000BF07AFC009000980BF00CFD00BF484634
:10925000D8E7A9F108063046FFF7BAFF074631887C
:10926000C81B08381FFA80FA00BF554508DD00BF4B
:1092700044A34FF439725DA152A0E3F76FFC00BF25
:1092800000BF554501DD0020BCE7554501D14846EA
:10929000B8E75E480BF0F0FE308804F031FF04467A
:1092A0002079002833D100BF3088B0F5C04F08D1F5
:1092B00000BF34A340F2F52255A142A0E3F74EFCD3
:1092C00000BF00BF2088009007F1080028441FFA63
:1092D00080F854480068A04204D1404604F010FFD2
:1092E00050490860404604F00BFF044600202071FE
:1092F000009820806780A6F800802088B0F5C04FD5
:1093000004D0208804F0FCFEA0F8028031E005F1D2
:10931000140050452DD807F1080028441FFA80F8A2
:1093200000BF3088B0F5C04F08D100BF15A340F290
:10933000163237A123A0E3F711FC00BF00BF40465F
:1093400004F0DEFE044637480068844201D2354806
:10935000046000202071308820806780A6F800809B
:109360002088B0F5C04F04D0208804F0C9FEA0F8D2
:10937000028026480BF03CFF484643E78402002465
:10938000880200242E2E5C2E2E5C4D6964646C6570
:1093900077617265735C6C7769705C7372635C6330
:1093A0006F72655C6D656D2E630000006D656D5FAD
:1093B0007472696D3A206C6567616C206D656D6FC4
:1093C00072790000417373657274696F6E20222593
:1093D0007322206661696C6564206174206C696E1B
:1093E0006520256420696E2025730A006D656D5F18
:1093F0007472696D2063616E206F6E6C7920736882
:1094000072696E6B206D656D6F7279008C0200243D
:10941000696E76616C6964206E6578742070747210
:10942000000000009002002470B504460D4600BF05
:10943000102C00DB70BD00BF05B9FBE7034951F8F4
:1094400024002946ECF76AFB00BFF3E7ECFF0508B0
:1094500070B504460D4600BF44B900BF08A340F2F2
:10946000951211A115A0E3F779FB00BF00BF04B16D
:1094700005B970BD29462046ECF750FB00BFF8E760
:109480002E2E5C2E2E5C4D6964646C65776172656E
:10949000735C6C7769705C7372635C636F72655C3C
:1094A0006D656D702E630000696E76616C69642075
:1094B000706F6F6C206465736300000041737365A7
:1094C0007274696F6E2022257322206661696C6553
:1094D00064206174206C696E6520256420696E20AB
:1094E00025730A0010B5002406E0054951F8240050
:1094F00000F008F8601C84B2102CF6D310BD0000F8
:10950000ECFF050810B50023846823604368DB1C6A
:1095100023F00301002207E083681B680B60836867
:10952000196003881944521C43889342F4DC10BD2F
:1095300070B5044600BF102C01DB002070BD00BFD9
:10954000034951F82400ECF743FB05462846F5E7AC
:10955000ECFF050810B5044600BF44B900BF08A3DE
:109560004FF49E7210A115A0E3F7F8FA00BF00BFF8
:109570000CB9002010BD2046ECF72AFBFAE70000EA
:109580002E2E5C2E2E5C4D6964646C65776172656D
:10959000735C6C7769705C7372635C636F72655C3B
:1095A0006D656D702E630000696E76616C69642074
:1095B000706F6F6C206465736300000041737365A6
:1095C0007274696F6E2022257322206661696C6552
:1095D00064206174206C696E6520256420696E20AA
:1095E00025730A001FB501200323CDE90030029046
:1095F0000023024610210390400700F04EF800209F
:1096000001210323CDE9003103460222CDE90210F6
:109610001221480600F041F8012000220323CDE981
:10962000012000930390134603221221100700F03B
:1096300034F800200323CDE90030029003460422D1
:109640000F2103904FF0605000F027F80020032313
:10965000CDE90030029003460522192103904FF016
:10966000C04000F01AF8012000220323CDE90120B8
:1096700000930390134606221821C80600F00DF847
:1096800000200323CDE900300290012307221B2193
:109690000390C80700F001F81FBD2DE9FF5F0446E5
:1096A0000D4616461F46DDE910ABDDE90E89DCF7F5
:1096B0002BFA01208DF80000F0B28DF80100019422
:1096C0008DF80C70E8B28DF8080000208DF80900C4
:1096D0008DF80A008DF80B808DF80D908DF80EA096
:1096E0008DF80FB06846DCF7E1F90420DCF722FAC8
:1096F000002004B0BDE8F09F70B504460D4620463A
:10970000D6F71FFF86B225B97B202070002060703D
:1097100004E07D20A0550021701C2154002070BD64
:1097200070B505460C4624B905A12846D6F7D5FEE6
:1097300003E006A12846D6F7D0FE002070BD000049
:109740002264617461223A7B000000007D00000009
:1097500070B505460C4624B905A12846D6F7BDFECE
:1097600003E006A12846D6F7B8FE002070BD000031
:1097700022696E666F223A7B000000007D2C00009B
:10978000F0B5A1B007460C4615461E46802101A83B
:10979000D6F798FE012E06D12B46224608A101A835
:1097A000E3F7ECF905E02B46224608A101A8E3F710
:1097B000E5F901A93846D6F790FE002021B0F0BDAA
:1097C000222573223A25642C0000000022257322F2
:1097D0003A256400F0B5A1B007460C4615461E4672
:1097E000802101A8D6F76EFE012E06D12B46224617
:1097F00008A101A8E3F7C2F905E02B46224608A11B
:1098000001A8E3F7BBF901A93846D6F766FE0020A8
:1098100021B0F0BD222573223A222573222C0000AC
:10982000222573223A222573220000002DE9F041FF
:1098300004460E461548005D38B9144810380168D2
:10984000204688470120BDE8F081114850F82400E7
:10985000B04219D90F4850F82400B6FBF0F10B487C
:10986000001F50F8240050F82120002508E00023B4
:109870000648001F50F824004F1940F827306D1C8F
:109880009542F4DB0020DEE70220DCE760020024E2
:10989000E0FE0508DCFE050810B50446074951F84E
:1098A00024108A00064951F82400002100F07EF8B7
:1098B00001210348001D015510BD0000D8FE050818
:1098C0005C0200242DE9F04704460F460025A94616
:1098D0002348005D20B92248103801682046884797
:1098E0001FB94FF0FF30BDE8F0871E4850F8240044
:1098F000B7FBF0F61B4850F82400B7FBF0F100FB73
:10990000117000B1761C184850F82400451E22E062
:109910001348001F50F8240050F8250010B909F131
:10992000010901E04FF00009B14513D14FF00008E3
:1099300009E00B48001F50F8240005EB080140F82F
:10994000216008F10108B045F3D3064850F824001F
:109950006843C8E76D1E002DDADA4FF0FF30C2E72A
:1099600060020024DCFE0508D8FE050810B501469B
:109970000023002207E00B4850F8210050F8220095
:1099800000B15B1C521C084850F821009042F2D8EC
:109990004FF47A705843044C54F82140B0FBF4F073
:1099A00080B210BD5C020024D8FE050830B5034625
:1099B00001E003F8011B141EA2F10102F9D130BD30
:1099C00070B5044625460A462346087808B920465D
:1099D00070BD0DE00A461D4601E06D1C521C287842
:1099E0001678B042F9D0107808B91846F0E75B1C39
:1099F00018780028EED100BFEAE7000070B50546F0
:109A00000C4604B970BD054850F82500261A3146A9
:109A10002846FFF70BFF00BFF4E7000058020024C0
:109A200010B5044621460020FFF7E8FF10BD0000F6
:109A300070B504460E4631462046FFF743FF054603
:109A4000681C08B9002070BD024850F82400284462
:109A5000F9E700005802002410B504462146002012
:109A6000FFF7E6FF10BD10B504465CB1206828B1D1
:109A7000206801F0CFFD00206060206021460720B3
:109A8000FFF7D2FC10BD10B5044600BF04B910BDED
:109A900000BF206810B1206801F0BCFD00206060AC
:109AA000206000BFF3E770B504460D46164600BFC0
:109AB00014B96FF00F0070BD00BF206810B12068AE
:109AC00001F0A8FD41220021362001F0CBF92060F1
:109AD000206818B900206060401EECE720684560EF
:109AE0002068068120684681206860600020E2E7E7
:109AF0002DE9F04106460F464FF000080820FFF719
:109B000017FD044614B90020BDE8F0810020207242
:109B10002670606006F0F000102807D0202803D0DF
:109B2000402805D100250FE006250DE006250BE0B5
:109B300000BF00BF17A34FF43A7221A12AA0E3F798
:109B40000DF800BF00BF1FE000BF294604F1100060
:109B50000BF0B8F900B117E0002104F10C000BF094
:109B60001FFC20B104F110000BF052F90CE00020B2
:109B700060616070401EA061A76200206062E061C9
:109B800084F820802046BFE721460820FFF74CFCE0
:109B90000020B9E72E2E5C2E2E5C4D6964646C6546
:109BA00077617265735C6C7769705C7372635C611A
:109BB00070695C6170695F6D73672E6300000000FF
:109BC0006E6574636F6E6E5F616C6C6F633A207567
:109BD0006E646566696E6564206E6574636F6E6E33
:109BE0005F74797065000000417373657274696F0A
:109BF0006E2022257322206661696C656420617481
:109C0000206C696E6520256420696E2025730A002A
:109C100070B506460C46206800F10C02214630461D
:109C200012F094FC054615B994F9040070BD28465D
:109C3000FCE70000F0B589B004460D46164600BFAB
:109C40001CB96FF00F0009B0F0BD00BF05B9064D9B
:109C500001940395ADF8106001A90448FFF7D8FFFF
:109C600007463846EFE70000A8000608156104081B
:109C700010B504460321204600F002F810BD000094
:109C800070B588B004460D4600BF1CB96FF00F00D8
:109C900008B070BD00BF00948DF8085029218DF8E0
:109CA000091069460248FFF7B3FF06463046EFE762
:109CB00075610408F0B589B004460D46164600BF2C
:109CC0001CB96FF00F0009B0F0BD00BF05B9064D1B
:109CD00001940395ADF8106001A90448FFF798FFBF
:109CE00007463846EFE70000A80006081D6604088E
:109CF00070B505460DB9002070BD284600F046FA43
:109D0000044614B9284600F065F82046F4E77CB50F
:109D1000044604F1100008B32069F8B110E020787F
:109D200000F0F000102808D169460198FDF78AFB81
:109D300010B9019801F06EFC02E00198FFF793FE64
:109D400001A904F110000AF07BFE401C0028E6D1B6
:109D500004F110000BF05CF80020206104F1140005
:109D600028B3606918B314E069460198FDF76AFBEF
:109D700070B9019D2846FFF7CAFF686820B168687E
:109D80000BF0CCFF00206860284600F023F800BFED
:109D900000BF01A904F114000AF052FE401C002883
:109DA000E2D104F114000BF033F8002060617CBDB7
:109DB00070B504460CB9002070BD0AF0BDFE064621
:109DC00094F908500020207230460AF04BFF2846D4
:109DD000F2E7000010B5044600BF6068002808D014
:109DE00000BF1CA340F21F3225A131A0E2F7B6FE4E
:109DF00000BF00BF00BF04F1100000280BD0206995
:109E0000002808D000BF13A340F2263232A128A0B8
:109E1000E2F7A4FE00BF00BF00BF04F11400002859
:109E20000BD06069002808D000BF0AA340F2293295
:109E300038A11FA0E2F792FE00BF00BF04F10C00A2
:109E40000BF054FA0020E06021460820FFF7ECFAFE
:109E500010BD00002E2E5C2E2E5C4D6964646C6576
:109E600077617265735C6C7769705C7372635C6157
:109E700070695C6170695F6D73672E63000000003C
:109E8000504342206D757374206265206465616C77
:109E90006C6F6361746564206F75747369646520A9
:109EA000746869732066756E6374696F6E00000074
:109EB000417373657274696F6E2022257322206668
:109EC00061696C6564206174206C696E652025642D
:109ED00020696E2025730A00726563766D626F7863
:109EE000206D757374206265206465616C6C6F63AE
:109EF00061746564206265666F72652063616C6C75
:109F0000696E6720746869732066756E6374696F23
:109F10006E0000006163636570746D626F78206D20
:109F2000757374206265206465616C6C6F63617425
:109F30006564206265666F72652063616C6C696E32
:109F40006720746869732066756E6374696F6E004C
:109F50002DE9F04188B004460D4616461F4600BF65
:109F600024B96FF00F0008B0BDE8F08100BF00BF5A
:109F700015B96FF00F00F6E700BF00BF16B96FF01C
:109F80000F00F0E700BF00948DF810700295039663
:109F900069460348FFF73CFE80464046E3E7000081
:109FA0008D6B04082DE9F04188B004460D46164635
:109FB0001F4600BF24B96FF00F0008B0BDE8F08164
:109FC00000BF05B9074D06B9064E009402950396E9
:109FD0008DF8117069460448FFF71AFE8046404626
:109FE000EBE70000A8000608D16C04082DE9F04159
:109FF00088B007460D46164631463846FFF778FDCD
:10A000000446002C56D08DF80850009469462A4822
:10A01000FFF7FEFD8046B8F1000F4AD000BF606830
:10A02000002807D000BF25A3A3222FA137A0E2F765
:10A0300095FD00BF00BF00BF04F1100008B120690A
:10A0400038B900BF1DA3A4223AA130A0E2F786FDD3
:10A0500000BF00BF00BF04F11400002809D06069F0
:10A0600038B100BF15A3A62238A128A0E2F776FDDB
:10A0700000BF00BF00BF04F10C0008B1E06838B9B0
:10A0800000BF0EA3A9223AA120A0E2F767FD00BFFE
:10A0900000BF04F10C000BF029F904F110000AF0E4
:10A0A000B7FE21460820FFF7BFF9002008B0BDE841
:10A0B000F08100BF2046F9E70F6D04082E2E5C2EBC
:10A0C0002E5C4D6964646C6577617265735C6C7756
:10A0D00069705C7372635C6170695C6170695F6C0C
:10A0E00069622E630000000066726565696E672014
:10A0F000636F6E6E20776974686F75742066726521
:10A1000065696E67207063620000000041737365CB
:10A110007274696F6E2022257322206661696C65F6
:10A1200064206174206C696E6520256420696E204E
:10A1300025730A00636F6E6E20686173206E6F2056
:10A14000726563766D626F7800000000636F6E6EFB
:10A150002D3E6163636570746D626F782073686F04
:10A16000756C646E27742065786973740000000054
:10A17000636F6E6E20686173206E6F206F705F6317
:10A180006F6D706C657465640000000030B589B057
:10A19000044614B9002009B030BD019429218DF87E
:10A1A0000D1001A90448FFF733FD05460DB12846FF
:10A1B000F1E70020EFE700006D690408F8B50646F6
:10A1C0000D46002400BF15B96FF00F00F8BD00BFA9
:10A1D0000020286000BF16B96FF00F00F6E700BF3F
:10A1E000307800F0F00010282CD1002000900720DB
:10A1F000FFF79EF9044614B94FF0FF30E6E700225E
:10A200006946304600F012F907462FB12146072073
:10A21000FFF70AF93846D9E700BF009840B900BFF8
:10A220000BA340F2793215A117A0E2F797FC00BF0B
:10A2300000BF00982060009860600020A081A060AE
:10A240002C60C3E700222946304600F031F8BDE714
:10A250002E2E5C2E2E5C4D6964646C657761726590
:10A26000735C6C7769705C7372635C6170695C616C
:10A2700070695F6C69622E63000000007020213DF0
:10A28000204E554C4C000000417373657274696F29
:10A290006E2022257322206661696C6564206174DA
:10A2A000206C696E6520256420696E2025730A0084
:10A2B0002DE9FC4104460D4617460020019000BFE1
:10A2C0001DB96FF00F00BDE8FC8100BF00202860C1
:10A2D00000BF14B96FF00F00F5E700BF04F11000E4
:10A2E00008B1206958B92046FFF762FD8046B8F1F1
:10A2F000000F01D04046E6E76FF00A00E3E794F86C
:10A30000200000F0020048B907F0040030B994F8CA
:10A31000200000F0010008B9207AD8B101A904F1A9
:10A3200010000AF08DFB401C98B92046FFF740FD55
:10A330008046B8F1000F01D04046C4E794F82000F1
:10A3400000F0010010B16FF00A00BCE76FF00600EA
:10A35000B9E70AE001A904F11000E2690AF0DAFAAB
:10A36000401C10B96FF00200ADE7207800F0F0005B
:10A37000102810D169460198FDF764F840B19DF9A5
:10A3800000000F3008B900209DE79DF900009AE712
:10A39000019806890FE000BF019840B900BF0BA3E8
:10A3A00040F2912214A117A0E2F7D8FB00BF00BF32
:10A3B000019800680689A06A20B132460121204632
:10A3C000A36A98470198286000207CE72E2E5C2E17
:10A3D0002E5C4D6964646C6577617265735C6C7743
:10A3E00069705C7372635C6170695C6170695F6CF9
:10A3F00069622E630000000062756620213D204ED8
:10A40000554C4C00417373657274696F6E20222540
:10A410007322206661696C6564206174206C696ECA
:10A420006520256420696E2025730A002DE9F0431C
:10A4300089B004468846174604F1100008B1206927
:10A4400020B96FF00A0009B0BDE8F08394F820004D
:10A4500000F0800040B100BF94F8200000F07F00C1
:10A4600084F8200000BF28E03A4641462046FFF726
:10A470001FFF05460DB12846E5E7D8F8006007F054
:10A48000080050B90EB1308900E00120814601AAD0
:10A490004946204600F086F800BF46BB07F0100092
:10A4A00050B100BF94F8200040F0800084F82000F4
:10A4B00000BF6FF00600C6E700BFA06A20B100220F
:10A4C00001212046A36A9847606848B92046FFF7F3
:10A4D0006FFC05460DB12846B5E76FF00D00B2E7F9
:10A4E00001212046FFF7CCFB6FF00E00ABE72846BA
:10A4F000A9E770B504460D46164600BF24B1207882
:10A5000000F0F000102802D06FF00F0070BD00BF07
:10A51000324629462046FFF789FFF7E770B5044623
:10A520000D46164600BF24B1207800F0F000102838
:10A5300002D16FF00F0070BD00BF324629462046A1
:10A54000FFF7B6FEF7E7000070B588B004460D4689
:10A5500000BF1CB96FF00F0008B070BD00BF0094C1
:10A56000029569460248FFF753FB06463046F3E77B
:10A570006F6D040870B588B004460D4600BF24B165
:10A58000207800F0F000102803D06FF00F0008B022
:10A5900070BD00BF6A462946204600F003F8064613
:10A5A0003046F4E770B504460E46154600BF24B1A8
:10A5B000207800F0F000102802D06FF00F0070BD7E
:10A5C00000BF2C60AE6029460148FFF721FBF6E78B
:10A5D000276D04082DE9FE4306460C4615461F4626
:10A5E000DDF82880019402953B46012201A93046FE
:10A5F000CDF8008000F002F8BDE8FE832DE9F04FB1
:10A6000089B005460F4691469A46DDF8488000BF5E
:10A6100025B96FF00F0009B0BDE8F08F00BF00BF93
:10A62000287800F0F000102802D06FF00500F2E763
:10A6300000BF95F8200000F0020010B90AF00400F5
:10A6400008B1012000E000200090009828B1B8F186
:10A65000000F02D16FF00500DDE7002400260CE0BA
:10A6600007EBC6004068044407EBC6004068A04200
:10A6700002D96FF00500CEE7761C4E45F0DB0CB931
:10A680000020C8E7B4F1004F09D3B8F1000F02D1A0
:10A690006FF00500BFE76FF000410C4600BF019569
:10A6A0000397ADF81090002105918DF820A0069435
:10A6B000079101A90F48FFF7ABFA8346BBF1000FE2
:10A6C00015D1B8F1000F02D00798C8F80000009823
:10A6D00068B900BF0798A04208D000BF06A34FF496
:10A6E000866210A118A0E2F739FA00BF00BF5846F1
:10A6F00091E700000D6E04082E2E5C2E2E5C4D6935
:10A7000064646C6577617265735C6C7769705C73A7
:10A7100072635C6170695C6170695F6C69622E6311
:10A7200000000000646F5F7772697465206661697C
:10A730006C656420746F20777269746520616C6C3D
:10A740002062797465730000417373657274696F78
:10A750006E2022257322206661696C656420617415
:10A76000206C696E6520256420696E2025730A00BF
:10A770002DE9F05F04460E4617469846DDE90AB912
:10A7800000BF14B90020BDE8F09F00BF00BFB9F1C1
:10A79000000F01D10020F6E700BF06B93F4E07B910
:10A7A0003E4FB8F1000F01D1DFF8F080002060606B
:10A7B000A060E0603A4860610020208584F83100A4
:10A7C0006062E061A063C4F820B03648007884F885
:10A7D00034000C98206143463A463146204600F04A
:10A7E00003FA2046C84708B10020CCE700BF94F820
:10A7F0003400FF2802D1002084F834004FF0000A12
:10A800002948056829E000BFA54208D100BF27A359
:10A810004FF4C7722FA134A0E2F7A0F900BF00BF28
:10A820000AF1010A00BFBAF1FF0F08DD00BF1FA344
:10A830004FF4C87236A12CA0E2F790F900BF00BF18
:10A8400095F8340094F83410884205D194F8340017
:10A85000401C84F8340002E02D68002DD3D100BFE5
:10A86000002DC4D194F83400FE2803D100200D49F6
:10A87000087004E094F83400401C0A4908700A4843
:10A88000006820600848046094F8310000F020005F
:10A8900010B12046F3F79AFC204674E7A80006089A
:10A8A000E1AB0408DC020024D40200242E2E5C2E2E
:10A8B0002E5C4D6964646C6577617265735C6C775E
:10A8C00069705C7372635C636F72655C6E657469FA
:10A8D000662E63006E6574696620616C72656164E2
:10A8E0007920616464656400417373657274696F93
:10A8F0006E2022257322206661696C656420617474
:10A90000206C696E6520256420696E2025730A001D
:10A91000746F6F206D616E79206E65746966732C3B
:10A92000206D61782E20737570706F72746564206D
:10A930006E756D62657220697320323535000000D6
:10A9400070B504460D46294620460DF0DBFA29462F
:10A95000204612F0C1FA2946204603F0CDFD70BD15
:10A9600010B503460868DC68A04201D1012000E070
:10A97000002030B909B9002000E00868D860012043
:10A9800010BD0020FCE70000F8B505460C46164651
:10A9900000BF44B900BF19A34FF4E77221A125A05D
:10A9A000E2F7DCF800BF00BF00BF46B900BF13A349
:10A9B00040F2CF121BA11FA0E2F7D0F800BF00BFEA
:10A9C00020686968884201D1012000E0002090B928
:10A9D000206800906868306069463046FFF7B0FF35
:10A9E0000CB9002000E0206868600121284600F0D2
:10A9F00089F80120F8BD0020FCE700002E2E5C2E17
:10AA00002E5C4D6964646C6577617265735C6C770C
:10AA100069705C7372635C636F72655C6E657469A8
:10AA2000662E6300696E76616C696420706F696E72
:10AA300074657200417373657274696F6E202225AC
:10AA40007322206661696C6564206174206C696E94
:10AA50006520256420696E2025730A0010B5034621
:10AA600008689C68A04201D1012000E0002030B9B4
:10AA700009B9002000E008689860012010BD00209E
:10AA8000FCE7000070B505460DB9002070BDA81C9C
:10AA9000D5F73EFFC6B226B9A878302801D00020ED
:10AAA000F4E70C48046810E094F83400B0420BD18D
:10AAB000287894F83210884206D169783320005DF6
:10AAC000814201D12046E1E72468002CECD100202E
:10AAD000DCE70000D402002402466AB1074801689E
:10AAE00008E091F83400401CC0B2904201D1084601
:10AAF000704709680029F4D10020F9E7D402002446
:10AB00007047000070B504460D4600BF002C08D108
:10AB100000BF16A34FF45C721EA127A0E2F71EF837
:10AB200000BF00BF94F8310000F0040020B194F899
:10AB3000310000F0010000B970BD05F0010090B1D6
:10AB4000606880B194F8310000F0080018B1211D50
:10AB50002046ECF741FE94F8310000F0200010B1DF
:10AB60002046F3F78BFA00BFE6E700002E2E5C2E9E
:10AB70002E5C4D6964646C6577617265735C6C779B
:10AB800069705C7372635C636F72655C6E65746937
:10AB9000662E63006E657469665F69737375655FC1
:10ABA0007265706F7274733A20696E76616C696455
:10ABB000206E657469660000417373657274696F15
:10ABC0006E2022257322206661696C6564206174A1
:10ABD000206C696E6520256420696E2025730A004B
:10ABE00003466FF00B0070472DE9F84F80460C4686
:10ABF00015461E464FF00009CA4604B9114C05B966
:10AC0000104D06B90F4E0CB1206808B9012000E0C4
:10AC10000020074627B16A4621464046FFF7B4FEAA
:10AC20004A4629464046FFF719FF524631464046FC
:10AC3000FFF796FE27B96A4621464046FFF7A4FE75
:10AC4000BDE8F88FA80006080149086070470000B9
:10AC5000D802002410B5044600BF04B910BD00BFDF
:10AC600094F8310000F0010078B100BF94F8310091
:10AC700000F0FE0084F8310000BF94F8310000F0CD
:10AC8000080010B12046EBF7B5FF00BFE6E710B5AE
:10AC9000044600BF04B910BD00BF94F8310000F0B5
:10ACA000040070B100BF94F8310000F0FB0084F89C
:10ACB000310000BF00BFE06910B12046E16988475C
:10ACC00000BF00BFE7E710B5044600BF04B910BDE0
:10ACD00000BF94F8310000F0040090B900BF94F870
:10ACE000310040F0040084F8310000BF0321204609
:10ACF000FFF708FF00BFE06910B12046E16988470F
:10AD000000BF00BFE3E710B5044600BF04B910BDA3
:10AD100000BF94F8310000F0010058B900BF94F86A
:10AD2000310040F0010084F8310000BF03212046CB
:10AD3000FFF7E8FE00BFEAE770B505460C4620467F
:10AD4000E9F7CEFE0646012E05D1064A06A12846A1
:10AD5000E1F714FF04E0054A03A12846E1F70EFFDE
:10AD600070BD0000F857060825730000FC57060860
:10AD700070B504460D4600222946204600F002F830
:10AD800070BD00002DE9F04704460D46904600BF17
:10AD900044B900BF1CA340F2DF1225A127A0E1F7B0
:10ADA000DDFE00BF00BF14B1B5F5803F02D3012026
:10ADB000BDE8F0870DB90020FAE7AEB22089304433
:10ADC00080B2B04201DA0120F2E794F80C9009F069
:10ADD000800038B16068471B04F11000874209D237
:10ADE0000120E5E7B8F1000F02D06068471B01E0E1
:10ADF0000120DDE76760608930446081208930444C
:10AE000020810020D4E700002E2E5C2E2E5C4D69A0
:10AE100064646C6577617265735C6C7769705C7390
:10AE200072635C636F72655C706275662E630000AE
:10AE30007020213D204E554C4C000000417373653D
:10AE40007274696F6E2022257322206661696C65B9
:10AE500064206174206C696E6520256420696E2011
:10AE600025730A002DE9FE4F82460E46904657464E
:10AE7000B8F1010F0AD0B8F1410F06D0B8F5C17F83
:10AE80000BD0B8F5207F7DD169E000BF4246314646
:10AE9000002000F031F90446ADE0002400200290CB
:10AEA000B14600BF0F20FEF743FB054635B914B18C
:10AEB000204600F0AFFB0020BDE8FE8FF81C20F01C
:10AEC000030040F2EC51081A80B2484501DD4846C3
:10AED00006E0F81C20F0030040F2EC51081A80B2A2
:10AEE00083460020CDE9008005F110003844C01CE5
:10AEF00020F003015B464A46284600F09DFC00BF57
:10AF0000287900F0030040B100BF3CA34FF48072E9
:10AF100044A150A0E1F722FE00BF00BF00BFF81C13
:10AF200020F0030040F2EC51081A08D100BF33A30F
:10AF30004FF4817251A147A0E1F710FE00BF00BF9E
:10AF40000CB92C4601E0029805600295A9EB0B00B4
:10AF50001FFA80F90027B9F1000FA3DC4BE0F81CC1
:10AF600020F00301F01C20F00300084485B205F135
:10AF700010001FFA80F9F01C20F00300A84206D848
:10AF8000F01C00E02AE020F00300484501D9002031
:10AF900092E74846FDF7C2FF04460CB900208BE754
:10AFA0000020CDE9008004F110003844C01C20F0DE
:10AFB000030133463246204600F03EFC00BF2079B4
:10AFC00000F0030040B100BF0CA34FF4917238A110
:10AFD00020A0E1F7C3FD00BF00BF0CE000BF00BF31
:10AFE00006A340F227123DA11AA0E1F7B7FD00BF6A
:10AFF00000BF002060E700BF20465DE72E2E5C2EDC
:10B000002E5C4D6964646C6577617265735C6C7706
:10B0100069705C7372635C636F72655C70627566A5
:10B020002E630000706275665F616C6C6F633A201E
:10B030007062756620712D3E7061796C6F6164205D
:10B0400070726F7065726C7920616C69676E65648F
:10B0500000000000417373657274696F6E202225D1
:10B060007322206661696C6564206174206C696E6E
:10B070006520256420696E2025730A0050425546DC
:10B080005F504F4F4C5F42554653495A45206D75AE
:10B0900073742062652062696767657220746861F5
:10B0A0006E204D454D5F414C49474E4D454E540035
:10B0B000706275665F616C6C6F633A207062756672
:10B0C0002D3E7061796C6F61642070726F70657273
:10B0D0006C7920616C69676E6564000070627566EA
:10B0E0005F616C6C6F633A206572726F6E656F752D
:10B0F00073207479706500002DE9FC4107460D4608
:10B10000144600BF412C0AD0012C08D000BF0EA36A
:10B110004FF4A57216A11BA0E1F720FD00BF00BFF0
:10B120000E20FEF705FA064616B90020BDE8FC81A0
:10B1300000202B462A463946CDE90040304600F033
:10B140007BFB3046F2E700002E2E5C2E2E5C4D6914
:10B1500064646C6577617265735C6C7769705C734D
:10B1600072635C636F72655C706275662E6300006B
:10B17000696E76616C696420706275665F7479705F
:10B1800065000000417373657274696F6E2022253B
:10B190007322206661696C6564206174206C696E3D
:10B1A0006520256420696E2025730A002DE9FC5F67
:10B1B00005460C4617469846DDE90C9BAA460AF15F
:10B1C000030020F003002044584502D90020BDE8C8
:10B1D000FC9FB9F1000F06D00AF1030020F0030034
:10B1E00000EB090600E000260220234622463146F5
:10B1F000CDE90070404600F01FFB4046E7E7000045
:10B2000070B506460D4600BF06B105B970BD00BF5A
:10B21000344604E020892989084420812468206874
:10B220000028F7D100BF20896189884208D000BF7B
:10B230000EA340F2623217A122A0E1F78FFC00BFFB
:10B2400000BF00BF206840B100BF08A340F26332D6
:10B2500026A11CA0E1F782FC00BF00BF208929893C
:10B2600008442081256000BFD0E700002E2E5C2E10
:10B270002E5C4D6964646C6577617265735C6C7794
:10B2800069705C7372635C636F72655C7062756633
:10B290002E630000702D3E746F745F6C656E203DF0
:10B2A0003D20702D3E6C656E20286F66206C6173AA
:10B2B00074207062756620696E20636861696E290A
:10B2C00000000000417373657274696F6E2022255F
:10B2D0007322206661696C6564206174206C696EFC
:10B2E0006520256420696E2025730A00702D3E6E4E
:10B2F000657874203D3D204E554C4C0070B5054698
:10B300000C4621462846FFF77BFF204600F066FBEF
:10B3100070BD0146002002E0421C90B2096800297D
:10B32000FAD170472DE9F04180460E461446218936
:10B3300032464046FFF796FD074617B90020BDE8A4
:10B34000F0812146384600F041F8054600BF45B17E
:10B3500000BF05A340F246520DA112A0E1F7FEFB8B
:10B3600000BF00BF3846EAE72E2E5C2E2E5C4D69EA
:10B3700064646C6577617265735C6C7769705C732B
:10B3800072635C636F72655C706275662E63000049
:10B39000706275665F636F7079206661696C656461
:10B3A00000000000417373657274696F6E2022257E
:10B3B0007322206661696C6564206174206C696E1B
:10B3C0006520256420696E2025730A0070B5054646
:10B3D0000C4600BF14B96FF00F0070BD00BF22898A
:10B3E00000232146284600F041F8F6E72DE9F05FFA
:10B3F0008046894616461D464FF0000AD34600BFD8
:10B40000B8F1000F02D10020BDE8F09F00BF00BFDF
:10B41000B9F1000F01D10020F6E700BF444620E05B
:10B4200035B16089A84203DC6089281A85B217E02B
:10B430006089401B87B2B74200DD37466268511908
:10B4400009EB0A003A46D5F715F80BEB07001FFA8F
:10B4500080FB0AEB07001FFA80FAF01B86B200257A
:10B4600024680EB1002CDBD15846CDE72DE9F05F02
:10B4700004460D4616469A4657464FF0000800BF50
:10B4800015B12889B04203DA6FF00F00BDE8F09FD4
:10B4900000BF00BF24B120890AEB0601884202DA0E
:10B4A0006FF00F00F2E700BF00BF6089C01B698921
:10B4B000A1EB0801884203D36889A0EB080B02E0E6
:10B4C0006089A0EB070B5E4501D2304600E058468C
:10B4D0001FFA80F96A6802EB08016268D0194A46CF
:10B4E000D4F7C8FF4F44C844A6EB090086B200BF9A
:10B4F0006089B84208D200BF25A340F2FA322EA1DB
:10B5000033A0E1F72BFB00BF00BF00BF68894045B7
:10B5100008D200BF1EA340F2FB3237A12CA0E1F7F6
:10B520001DFB00BF00BF6889404509D84FF00008E7
:10B530002D6800BF1DB916B16FF00F00A6E700BF60
:10B540006089B84208D10027246800BF1CB916B131
:10B550006FF00F009AE700BF55B1688929898842CA
:10B5600006D100BF286810B16FF005008EE700BF5C
:10B5700054B160892189884206D100BF206810B18A
:10B580006FF0050082E700BF002E8ED100207DE71E
:10B590002E2E5C2E2E5C4D6964646C65776172653D
:10B5A000735C6C7769705C7372635C636F72655C0B
:10B5B000706275662E6300006F66667365745F74F3
:10B5C0006F203C3D20705F746F2D3E6C656E0000F7
:10B5D000417373657274696F6E2022257322206631
:10B5E00061696C6564206174206C696E65202564F6
:10B5F00020696E2025730A006F66667365745F6646
:10B60000726F6D203C3D20705F66726F6D2D3E6CD9
:10B61000656E00002DE9F047044674B900BF44B9D7
:10B6200000BF38A34FF4377240A143A0E1F796FA68
:10B6300000BF00BF0020BDE8F08700265DE009F0F4
:10B640007BFA824600BFA07B002808DC00BF2DA348
:10B6500040F2F12242A138A0E1F780FA00BF00BF1A
:10B66000A07B401E00F0FF0884F80E80504609F0D1
:10B67000F9FAB8F1000F3ED12768207B00F00F05E2
:10B68000607B00F00200002813D0A14600BFD9F86B
:10B69000100040B900BF1BA340F2FF2236A126A034
:10B6A000E1F75CFA00BF00BF2046D9F810108847C8
:10B6B0001DE0022D04D121460F20FDF7B5FE16E056
:10B6C000012D04D121460E20FDF7AEFE0FE01DB97D
:10B6D0002046FDF77DFA0AE000BF00BF09A340F253
:10B6E0000F322EA114A0E1F739FA00BF00BF701C81
:10B6F000C6B23C4600E0002400BF002C9FD130467B
:10B7000099E700002E2E5C2E2E5C4D6964646C65FA
:10B7100077617265735C6C7769705C7372635C638C
:10B720006F72655C706275662E6300007020213D4B
:10B73000204E554C4C000000417373657274696F64
:10B740006E2022257322206661696C656420617415
:10B75000206C696E6520256420696E2025730A00BF
:10B76000706275665F667265653A20702D3E72651F
:10B7700066203E203000000070632D3E63757374B8
:10B780006F6D5F667265655F66756E6374696F6E17
:10B7900020213D204E554C4C00000000696E766122
:10B7A0006C696420706275662074797065000000B1
:10B7B00070B50446254629460148FDF749FE70BD8F
:10B7C000BC0006082DE9F041074688463C46454640
:10B7D00012E06089A8420ADC26466089281A85B2F0
:10B7E0002468002030603046FFF714FF04E029464B
:10B7F000204600F043F900250DB1002CE9D1204688
:10B80000BDE8F08170B504460D4601222946204668
:10B8100000F001F870BD70B505460C461646002CC8
:10B8200004DA6142284600F029F970BD324621460B
:10B830002846FFF7A7FAF8E770B5DDE904450026CA
:10B84000066041600281438104734573012686735B
:10B850000026C67370BDF8B506460F4615466A4603
:10B860003946304600F066F9044644B16089BDF8B7
:10B870000010884203DDBDF8001060684554F8BD33
:10B880002DE9F04106460F4600BF46B900BF2CA384
:10B890004FF4CC7234A13AA0E1F760F900BF00BFC9
:10B8A0003089B84201DCBDE8F0813089C01B1FFA45
:10B8B00080F83D46344613E06089281A85B2208915
:10B8C000A0EB08002081246800BF44B900BF1CA37E
:10B8D00040F2AF1234A12AA0E1F740F900BF00BF47
:10B8E0006089A842E8DB207B00F00F0000281BD114
:10B8F0006089A84218D0607B00F00200002813D1B4
:10B90000A088001B284481B22046FDF769FC04464C
:10B9100000BF44B900BF0AA340F2BD1228A118A07D
:10B92000E1F71CF900BF00BF6581608920812068B4
:10B9300010B12068FFF76EFE0020206000BFB2E764
:10B940002E2E5C2E2E5C4D6964646C657761726589
:10B95000735C6C7769705C7372635C636F72655C57
:10B96000706275662E630000706275665F72656155
:10B970006C6C6F633A207020213D204E554C4C007A
:10B98000417373657274696F6E202225732220667D
:10B9900061696C6564206174206C696E6520256442
:10B9A00020696E2025730A00706275665F7265619A
:10B9B0006C6C6F633A207120213D204E554C4C0039
:10B9C0006D656D5F7472696D2072657475726E65F8
:10B9D000642071203D3D204E554C4C0070B504460E
:10B9E000002C18D000BF09F0A7F80546A07B401C2A
:10B9F000A073284609F036F900BF00BFA07B0028DD
:10BA000008DC00BF04A340F242320DA111A0E1F70F
:10BA1000A5F800BF00BF70BD2E2E5C2E2E5C4D69B8
:10BA200064646C6577617265735C6C7769705C7374
:10BA300072635C636F72655C706275662E63000092
:10BA40007062756620726566206F766572666C6FCF
:10BA500077000000417373657274696F6E20222550
:10BA60007322206661696C6564206174206C696E64
:10BA70006520256420696E2025730A002DE9F041B8
:10BA800004460D4600BF44B900BF13A340F24B2249
:10BA90001BA11EA0E1F762F800BF00BF14B1B5F50D
:10BAA000803F02D30120BDE8F0810DB90020FAE704
:10BAB000AEB200BF6089B04201DA0120F3E700BFF7
:10BAC00067686068284460606089801B60812089A5
:10BAD000801B20810020E6E72E2E5C2E2E5C4D6917
:10BAE00064646C6577617265735C6C7769705C73B4
:10BAF00072635C636F72655C706275662E630000D2
:10BB00007020213D204E554C4C0000004173736560
:10BB10007274696F6E2022257322206661696C65DC
:10BB200064206174206C696E6520256420696E2034
:10BB300025730A002DE9F04104460D4616463246AB
:10BB40002946204600F004F807463846BDE8F08153
:10BB500030B503460C462146184603E045894D1B87
:10BB6000A9B2006810B145898D42F7DD02B111809C
:10BB700030BD00002DE9F04704468846164637469A
:10BB80004FF0000A00BF1CB96FF00F00BDE8F0874E
:10BB900000BF00BFB8F1000F02D16FF00F00F5E752
:10BBA00000BF00BF2089B04202DA4FF0FF30EDE75E
:10BBB00000BF2CB1B8F1000F02D02089B04202DAE8
:10BBC0006FF00F00E2E725461BE000BF45B900BF5C
:10BBD00015A340F2DF421EA123A0E0F7BFFF00BF84
:10BBE00000BFB9466889484501D2B5F80A9008EB0C
:10BBF0000A014A466868D4F73DFCA7EB0907CA4426
:10BC00002D68002FE1D100BF0FB9B24508D000BFA9
:10BC100005A340F2EA421EA113A0E0F79FFF00BF78
:10BC200000BF0020B2E700002E2E5C2E2E5C4D6976
:10BC300064646C6577617265735C6C7769705C7362
:10BC400072635C636F72655C706275662E63000080
:10BC5000706275665F74616B653A20696E76616CBF
:10BC60006964207062756600417373657274696FF0
:10BC70006E2022257322206661696C6564206174E0
:10BC8000206C696E6520256420696E2025730A008A
:10BC9000646964206E6F7420636F707920616C6CCE
:10BCA00020646174610000002DE9F84F83468846E6
:10BCB000154699466A4649465846FFF73BFF0446F3
:10BCC000002C3AD02089BDF800102944884234DB8A
:10BCD0002F46C24600BF6089BDF80010884208DCCC
:10BCE00000BF17A340F205521FA125A0E0F736FFC1
:10BCF00000BF00BF6089BDF80010401AA84204DAF6
:10BD00006089BDF80010401A00E0284686B2BDF8F0
:10BD100000206168881832464146D4F7ABFBB81B57
:10BD200087B2B244002F06DD3A4651462068FFF73D
:10BD300021FFBDE8F88F0020FBE74FF0FF30F8E768
:10BD40002E2E5C2E2E5C4D6964646C657761726585
:10BD5000735C6C7769705C7372635C636F72655C53
:10BD6000706275662E630000636865636B207062A5
:10BD700075665F736B697020726573756C74000013
:10BD8000417373657274696F6E2022257322206679
:10BD900061696C6564206174206C696E652025643E
:10BDA00020696E2025730A00F8B505460E466A46DE
:10BDB00031462846FFF7CCFE04464CB16089BDF8F9
:10BDC0000010884204DDBDF800106068405CF8BDDA
:10BDD0004FF0FF30FBE7000070B50446002500BFC0
:10BDE00020684068002808D000BF27A340F26522E1
:10BDF00030A138A0E0F7B2FE00BF00BF2068007895
:10BE000000F0F000102828D0202810D0402830D191
:10BE1000217A284602F0A0FB21684860206840682B
:10BE200020B122683549506802F09FFB24E0284683
:10BE300011F079F8216848602068406860B1206896
:10BE40000078222803D101202168496808742268FB
:10BE50002B49506811F09AF80EE028460CF0E1F8F2
:10BE6000216848602068406810B1206804F096F9A5
:10BE700002E0FA20207170BD00BF2068406808B958
:10BE8000FF20207100BFF6E72E2E5C2E2E5C4D6940
:10BE900064646C6577617265735C6C7769705C7300
:10BEA00072635C6170695C6170695F6D73672E635A
:10BEB000000000007063625F6E65773A2070636215
:10BEC00020616C726561647920616C6C6F63617470
:10BED00065640000417373657274696F6E2022257A
:10BEE0007322206661696C6564206174206C696EE0
:10BEF0006520256420696E2025730A0041E8040846
:10BF000075EA040830B50A46A2F108030824047053
:10BF10000024447044800124848048F21844C48082
:10BF2000002104E0012501F108040555491C99424E
:10BF3000F8D330BD2DE9F041044600BF3B4800680E
:10BF4000844208D200BF3AA340F2DF1242A148A0C7
:10BF5000E0F704FE00BF00BF00BF4F480068844206
:10BF600008D300BF32A34FF4F0724CA140A0E0F719
:10BF7000F5FD00BF00BF00BF207940B100BF2CA37A
:10BF800040F2E1124CA13AA0E0F7E8FD00BF00BF8B
:10BF900000BF2088B0F5C04F08D900BF24A34FF4DC
:10BFA000F2724CA132A0E0F7D9FD00BF00BF20889B
:10BFB00002F0A6F80546AC4219D02879B8B936483F
:10BFC0000068854213D04E480068A84201D14C4811
:10BFD0000460288820802888B0F5C04F07D020460C
:10BFE000FDF7F6F80746288802F08AF8478060884F
:10BFF00002F086F80646A64215D0307998B9404836
:10C000000068A04201D13E48066020883080208828
:10C01000B0F5C04F07D03046FDF7DAF80746208864
:10C0200002F06EF84780BDE8F08100008402002431
:10C030002E2E5C2E2E5C4D6964646C657761726592
:10C04000735C6C7769705C7372635C636F72655C60
:10C050006D656D2E63000000706C75675F686F6CB6
:10C0600065733A206D656D203E3D2072616D000064
:10C07000417373657274696F6E2022257322206686
:10C0800061696C6564206174206C696E652025644B
:10C0900020696E2025730A0088020024706C756781
:10C0A0005F686F6C65733A206D656D203C2072612E
:10C0B0006D5F656E64000000706C75675F686F6C23
:10C0C00065733A206D656D2D3E75736564203D3D49
:10C0D00020300000706C75675F686F6C65733A2084
:10C0E0006D656D2D3E6E657874203C3D204D454D4F
:10C0F0005F53495A455F414C49474E454400000053
:10C100009002002470B505460E462C4600BF44B987
:10C1100000BF23A34FF4B5722CA130A0E0F71EFDA1
:10C1200000BF00BF6078012804D101212046FAF742
:10C1300027FF11E0607804280ED1606A40B1606A80
:10C14000407A28B1606A407A401EC1B2606A41728A
:10C1500001212046FAF7B8F894F8200000F010000A
:10C16000E0B16068D0B16068B0F8640041F65E711B
:10C17000884213DD6068B0F866002C280EDA00BF34
:10C1800094F8200000F0EF0084F8200000BFA06ABF
:10C1900020B1002202212046A36A9847002070BDEA
:10C1A0002E2E5C2E2E5C4D6964646C657761726521
:10C1B000735C6C7769705C7372635C6170695C61FD
:10C1C00070695F6D73672E6300000000636F6E6EB1
:10C1D00020213D204E554C4C0000000041737365FA
:10C1E0007274696F6E2022257322206661696C6506
:10C1F00064206174206C696E6520256420696E205E
:10C2000025730A0010B5E2F747FC044600F004FC71
:10C2100000284CD12748406B50B927A125483E3013
:10C22000D4F796F920B9012025490873002010BDE4
:10C230002048406B2168884208D022A11D483E302A
:10C24000D4F786F910B14FF0FF30F0E71DA119487F
:10C250003E30D4F77DF908B901F00CF81548406B71
:10C260002168884223D11AA112483E30D4F770F9D0
:10C2700018B901211248417319E017A10D483E3049
:10C28000D4F766F910B901F02DF810E016A10948AD
:10C290003E30D4F75DF910B900F082F807E015A13F
:10C2A00004483E30D4F754F908B901F04BF80020A7
:10C2B000BDE70000786A012473656172636800005D
:10C2C000546C01247570646174655F6D6163000076
:10C2D000696E7175697279007570646174655F72F9
:10C2E000656C6179000000007570646174655F6958
:10C2F000700000007570646174655F6E700000000E
:10C3000070B5A2B006460025802102A8D4F7DAF85D
:10C310003246202102A8E6F7A3FB0546002410E0E0
:10C3200002A951F8242004EBC401134BC81813A12F
:10C33000E0F724FC202104EBC40008300E4A11541D
:10C34000641CAC42ECD36DB10B4805EBC5030D4941
:10C3500000900DA2086A0E49E0F700FC0DA0E0F77E
:10C36000FDFB06E00749486AE0F7F8FB09A0E0F7A3
:10C37000F5FB22B070BD00007B7405242530386CBD
:10C3800078000000445806082E617866000000001E
:10C39000187405240D0A00000146002070470000B3
:10C3A00030B585B0E2F780FB044600200090019094
:10C3B00002903D48807920703B48C07960703A48CF
:10C3C000007AA0703848407AE07000208DF80000B4
:10C3D0003548807AA0723448C17AE172017B2173BA
:10C3E000417B617300208DF801002F48807BA07392
:10C3F0002D48C17BE173017C2174417C6174002074
:10C400008DF802002848807C8DF80C002648C07CFE
:10C410008DF80D002448007D8DF80E002248407DE7
:10C420008DF80F0000208DF803001F48807D8DF8E7
:10C4300010001D48C07D8DF811001B48007E8DF84E
:10C4400012001948407E8DF8130000208DF804007A
:10C4500003A8E2F705FF002207E01046FFF79CFF64
:10C46000511D0DF80100501CC2B2062AF5DB002058
:10C4700009E01DF90010002902DA4FF0FF3500E055
:10C480000025411CC8B20B28F3DB25B9012103208C
:10C4900000F08EFC03E00021032000F089FCEAF7A5
:10C4A00085FA05B030BD0000786A012410B5354822
:10C4B000007B012812D10020324908734FF400712B
:10C4C0003148D3F7FFFF00231A4630492E4800F0C9
:10C4D00077FC2E4801882C4810F000FC2948407B4E
:10C4E000012810D10021274841734FF400712648DC
:10C4F000D3F7E8FF2549244800F04AF8234801888B
:10C50000214810F0EBFB1F48407C012838D1002166
:10C510001C484174007906282BD2DFE800F02A037A
:10C520000B121A221748437901221849164800F0C5
:10C5300047FC1FE0134842791449134800F074FB8C
:10C5400018E010484379032210490F4800F038FCE6
:10C5500010E00C48437904220C490B4800F030FCF1
:10C5600008E00848437905220849074800F028FCFC
:10C5700000E000BF00BF05480188034810F0AEFB93
:10C5800010BD0000546C0124686C01245C0100247F
:10C59000F0B52DED028B8FB005460C46E2F77CFA24
:10C5A0000646342102A8D3F78DFF002000900190A9
:10C5B00000BF00212846FDF79FF800212846FDF71F
:10C5C000C7F8342102A8D3F77DFFE9A102A8326899
:10C5D000E0F7D4FA012302AAE6A12846FDF7FAF80B
:10C5E0000220E2F7CFFA074600233A46E2A12846A6
:10C5F000FDF7F0F801212846FDF7AAF800212846AA
:10C60000FDF78EF80123DEA2DFA12846FDF7E2F850
:10C610000020E8F735FBB0EE408ABCEEC80A10EE09
:10C62000100A80B2ADF80000BDF800006421484354
:10C6300000EE100AB8EEC00ADFEDD50A18EE200AA7
:10C64000BCEEC00A10EE100A80B2ADF80200342130
:10C6500002A8D3F737FFBDF80230BDF80020CDA106
:10C6600002A8E0F78BFA012302AACCA12846FDF725
:10C67000B1F80220E8F704FBB0EE408ABCEEC80A2D
:10C6800010EE100A80B2ADF80400BDF80400642179
:10C69000484300EE100AB8EEC00ADFEDBD0A18EEFE
:10C6A000200ABCEEC00A10EE100A80B2ADF80600F7
:10C6B000342102A8D3F706FFBDF80630BDF80420E8
:10C6C000B4A102A8E0F75AFA012302AAB5A12846AC
:10C6D000FDF780F8342102A8D3F7F4FE0020E8F734
:10C6E0000BFAB0EE408ABCEEC80A10EE100A80B217
:10C6F000ADF80000BDF800006421484300EE100AC8
:10C70000B8EEC00ADFEDA20A18EE200ABCEEC00A9D
:10C7100010EE100A80B2ADF80200BDF80230BDF88C
:10C7200000209CA102A8E0F729FA012302AA9EA1F9
:10C730002846FDF74FF8342102A8D3F7C3FE0020A6
:10C74000E8F7E2F9B0EE408AB5EEC08AF1EE10FAF1
:10C7500028D29FED970A30EE480AB0EE408ABCEE30
:10C76000C80A10EE100A80B2ADF80400BDF804004B
:10C770006421484300EE100AB8EEC00ADFED840AD7
:10C7800018EE200ABCEEC00A10EE100A80B2ADF816
:10C790000600BDF80630BDF8042086A102A8E0F727
:10C7A000EDF921E0BCEEC80A10EE100A80B2ADF837
:10C7B0000400BDF804006421484300EE100AB8EEFE
:10C7C000C00ADFED730A18EE200ABCEEC00A10EEB4
:10C7D000100A80B2ADF80600BDF80630BDF804209E
:10C7E0006CA102A8E0F7CAF9012302AA74A12846A5
:10C7F000FCF7F0FF342102A8D3F764FE0020E8F72D
:10C800006FF907463A4670A102A8E0F7B7F901238D
:10C8100002AA6FA12846FCF7DDFF342102A8D3F756
:10C8200051FEE8F751F907463A466BA102A8E0F736
:10C83000A5F9012302AA69A12846FCF7CBFF342100
:10C8400002A8D3F73FFE0020EDF764F907463A4609
:10C8500061A102A8E0F792F9012302AA61A128468A
:10C86000FCF7B8FF342102A8D3F72CFE0120EDF726
:10C8700051F907463A4654A102A8E0F77FF901238F
:10C8800002AA59A12846FCF7A5FFEDF73FF9074694
:10C8900001233A4656A12846FCF79CFF342102A802
:10C8A000D3F710FE0020E7F71FFB07463A4646A1E4
:10C8B00002A8E0F763F9012302AA4FA12846FCF77A
:10C8C00089FF342102A8D3F7FDFD002002F0EAF928
:10C8D00007463A463CA102A8E0F750F9012302AA14
:10C8E00046A12846FCF776FF012002F0DBF9074657
:10C8F0003A4635A102A8E0F741F9012302AA40A176
:10C900002846FCF767FF022002F0CCF907463A46BA
:10C910002DA102A8E0F732F9012302AA39A1284685
:10C92000FCF758FF032002F0BDF907463A4626A15E
:10C9300002A8E0F723F9012302AA33A12846FCF755
:10C9400049FF002331A232A12846FCF743FF012111
:10C950002846FCF7E5FE01212846FCF7CDFE2846D7
:10C96000D3F7EFFD20800FB0BDEC028BF0BD0000CF
:10C97000255800007469640064617465000000005B
:10C98000696E717569727900747970657300000061
:10C990000000C84225642E2530326400766F6C7426
:10C9A000000000006375720068756D69000000008A
:10C9B000000000002D25642E2530326400000000A8
:10C9C00074656D70000000002530316400000000C7
:10C9D000646F6F720000000025640000616E676C78
:10C9E00065000000637371007769726500000000E4
:10C9F00063636964000000006C616E007061310067
:10CA00007061320070613300706134003130300089
:10CA10006572726F7200000070B590B00025182129
:10CA20000AA8D3F74FFD0026142105A8D3F74AFD25
:10CA30006248007801286FD14FF4EE716048D3F757
:10CA400041FD00205D4908705EA15F48D3F751FDAC
:10CA5000061E11D05DA13046D3F74BFD064605AA50
:10CA60005BA13046D3F7EAFD1022002105A8D3F7D9
:10CA700017FF5349486303E04FF0FF3010B070BD1B
:10CA800057A15148D3F735FD061E0BD04FA13046B4
:10CA9000D3F72FFD06464A4A3E324DA13046D3F722
:10CAA000CDFD02E06FF00100E8E74FA14648D3F763
:10CAB00020FD061E31D0142105A8D3F703FD43A1A4
:10CAC0003046D3F716FD064605AA41A13046D3F7F6
:10CAD000B5FD0FA80EA90DAA0CABCDE90032CDE92A
:10CAE00002100BAB0AAA41A105A8D3F7A7FD45B2D6
:10CAF000062D0ED132490A9808700B9848700C9890
:10CB000088700D98C8700E9808710F9848710025AC
:10CB100003E06FF00200B1E74DE03AA12A48D3F7F5
:10CB2000E8FC061E0AD029A13046D3F7E2FC0646EF
:10CB3000234A4D3226A13046D3F780FD34A1224846
:10CB4000D3F7D7FC061E0AD020A13046D3F7D1FC7C
:10CB500006461B4A94321EA13046D3F76FFD0024CF
:10CB600025E02E4800EB84011748D3F7C2FC061ECF
:10CB70001BD0142105A8D3F7A5FC14A13046D3F788
:10CB8000B8FC064605AA12A13046D3F757FD0AAAFB
:10CB900023A105A8D3F752FD45B2012D05D10A986E
:10CBA000C1B20748383001550025601CC4B2062CBC
:10CBB000D7DB002062E74FF0FF305FE7546C0124C1
:10CBC000786A012474696400786801243A000000DE
:10CBD000252A5B5E225D22255B5E225D000000004F
:10CBE00074797065730000006D6163002532783AD6
:10CBF0002532783A2532783A2532783A2532783A11
:10CC00002532780070617373776F726400000000E2
:10CC1000757365726E616D6500000000430100244C
:10CC200025303164000000002DE9FE4306460C4625
:10CC30001546E1F731FF0746002000900190029071
:10CC400000213046FCF758FD00213046FCF780FDFE
:10CC500000200090019002903FA168463A68DFF7FB
:10CC60008DFF01236A463DA13046FCF7B3FD02204B
:10CC7000E1F788FF80460023424639A13046FCF7A1
:10CC8000A9FD01213046FCF763FD00213046FCF789
:10CC900047FD012334A238A13046FCF79BFD012D4E
:10CCA00006D1012336A238A13046FCF793FD05E0FA
:10CCB000012337A234A13046FCF78CFD0020009000
:10CCC0000190029001F0EEFF8046424632A1684694
:10CCD000DFF754FF01236A4631A13046FCF77AFDA5
:10CCE000012001F0DFFF804642462BA16846DFF7B6
:10CCF00045FF01236A462BA13046FCF76BFD02205D
:10CD000001F0D0FF8046424623A16846DFF736FF98
:10CD100001236A4624A13046FCF75CFD032001F0A4
:10CD2000C1FF804642461CA16846DFF727FF01236A
:10CD30006A461EA13046FCF74DFD01213046FCF746
:10CD4000EFFC01213046FCF7D7FC3046D3F7F9FB66
:10CD50002080BDE8FE83000025580000746964004F
:10CD600064617465000000007570646174655F72D1
:10CD7000656C6179000000007479706573000000D3
:10CD80007375636365737300726573756C7400000B
:10CD90006661756C7400000025303164000000008D
:10CDA0007061310070613200706133007061340075
:10CDB000024A10715171012353747047546C01245D
:10CDC0002DE9F04F8DB08246894617461D46E1F7A2
:10CDD00063FE8046E1F768FE0446E1F7CFFE0646B3
:10CDE000202105A8D3F76EFB00215046FCF784FCF8
:10CDF00000215046FCF7ACFC202105A8D3F762FBCC
:10CE0000BDA105A8D8F80020DFF7B8FE012305AAC8
:10CE1000BAA15046FCF7DEFC0220E1F7B3FE8346E0
:10CE200000235A46B6A15046FCF7D4FC01215046D7
:10CE3000FCF78EFC00215046FCF772FC062F63D2F3
:10CE4000DFE807F0030A6220364C0123AEA2B0A14E
:10CE50005046FCF7BFFC58E00123AFA2ACA15046FE
:10CE6000FCF7B8FC012D06D10123AEA2AFA15046BC
:10CE7000FCF7B0FC05E00123AEA2ACA15046FCF7E4
:10CE8000A9FC42E00123ADA2A1A15046FCF7A2FCFF
:10CE9000012D06D10123A3A2A4A15046FCF79AFCC0
:10CEA00005E00123A3A2A1A15046FCF793FC2CE0CE
:10CEB0000123A5A296A15046FCF78CFC012D06D1BA
:10CEC000012398A299A15046FCF784FC05E00123B8
:10CED00098A296A15046FCF77DFC16E001239EA285
:10CEE0008BA15046FCF776FC012D06D101238DA2C3
:10CEF0008EA15046FCF76EFC05E001238DA28BA1AC
:10CF00005046FCF767FC00E000BF00BF012395A27C
:10CF100097A15046FCF75EFC202105A8D3F7D2FA72
:10CF200005A807F0A5FB012305AA93A15046FCF72D
:10CF300051FC012391A294A15046FCF74BFC012324
:10CF400092A296A15046FCF745FC202105A8D3F7F4
:10CF5000B9FA607A217AE279A379CDE90032CDE994
:10CF60000210637922798EA105A8DFF707FE01235D
:10CF700005AA93A15046FCF72DFC202105A8D3F764
:10CF8000A1FAE078A178CDE90010637822788DA12C
:10CF900005A8DFF7F3FD012305AA8DA15046FCF794
:10CFA00019FC202105A8D3F78DFA607B217BCDE900
:10CFB0000010E37AA27A83A105A8DFF7DFFD012341
:10CFC00005AA84A15046FCF705FC202105A8D3F74B
:10CFD00079FA607C217CCDE90010E37BA27B79A10A
:10CFE00005A8DFF7CBFD012305AA7BA15046FCF77E
:10CFF000F1FB202105A8D3F765FA607E217ECDE9FB
:10D000000010E37DA27D6FA105A8DFF7B7FD012326
:10D0100005AA72A15046FCF7DDFB202105A8D3F735
:10D0200051FA607F217FCDE90010E37EA27E65A1E9
:10D0300005A8DFF7A3FD012305AA6AA15046FCF766
:10D04000C9FB202105A8D3F73DFA06F1440267A1E8
:10D0500005A8D6F88430DFF791FD012305AA65A164
:10D060005046FCF7B7FB202105A8D3F72BFA324630
:10D070005EA105A8336CDFF781FD012305AA5FA13E
:10D080005046FCF7A7FBECF741FD834601235A46C7
:10D090005CA15046FCF79EFB202105A8D3F712FAAD
:10D0A00008F1040259A105A8DFF768FD012305AACC
:10D0B00057A15046FCF78EFB202105A8D3F702FAB2
:10D0C00008F1380251A105A8DFF758FD012305AA90
:10D0D00051A15046FCF77EFB01215046FCF720FB96
:10D0E00001215046FCF708FB5046D3F72AFAA9F86D
:10D0F00000000DB0BDE8F08F255800007469640091
:10D10000646174650000000073656172636800000B
:10D1100074797065730000007570646174655F6D8B
:10D120006163000073756363657373007265737583
:10D130006C7400006661756C740000007570646149
:10D1400074655F69700000007570646174655F7379
:10D1500065727665720000007570646174655F6E5B
:10D1600070000000464E56494D545F4A5900000079
:10D17000746E616D000000006D637500464E2D4AAF
:10D180005454592D505900006D6F6400312E302ECB
:10D19000372E3230323531323230000073760000B3
:10D1A000253032782D253032782D253032782D25D6
:10D1B0003032782D253032782D253032780000003D
:10D1C0006D61630025642E25642E25642E25640080
:10D1D000697000006E6D0000677700006D69703146
:10D1E000000000006D6970320000000025733A25D0
:10D1F00064000000696E6970000000006F7574695A
:10D20000700000006963636964000000257300001A
:10D210006E616D650000000070617373776F7264FA
:10D220000000000070B504460D4600200749087054
:10D230004FF400710648D3F745F92A4621460448C1
:10D24000D3F718F901200149087070BD546C01240E
:10D250007868012410B5044600F001F810BD08E01C
:10D26000FEF7D0FF00F064F8F2F7B2FC642010F093
:10D27000FDFCF5E770B5E1F717FC0446E1F70CFC9F
:10D2800005461648406B2860144800782071134802
:10D29000417861718178A171C178E1710179217260
:10D2A0004179617201210846FFF782FD04232A4675
:10D2B0000B490846E7F776FB0623221D0849403153
:10D2C0000748E7F76FFB0420E2F750F80120E2F788
:10D2D0004DF8642010F0CAFC70BD0000786A01248B
:10D2E00000001E0810B500241CE01048005D012855
:10D2F00002D0022812D108E00121204601F07EFC74
:10D3000001210220FFF754FD09E00021204601F031
:10D3100075FC01210220FFF74BFD00E000BF00BFBC
:10D32000601CC4B2062CE0DB10BD0000B06A012412
:10D3300010B5E9F79DF9022800D010BDFFF7B6F847
:10D3400000BFFAE700B591B040220A490A48D3F776
:10D3500091F84022084928396846D3F78BF80648E7
:10D3600038380FC8E1F758FE01210520FFF720FDEE
:10D3700011B000BDC56A0124A06E01242DE9F04161
:10D3800005460E462948076800202949096881F8A2
:10D39000610027480068001D10F0CEF950B92448FC
:10D3A000006890F82C1001208840224909688143C8
:10D3B00020480160681CD8B9D6B11F4948681C498B
:10D3C000096888601A4982680968CA60184909684A
:10D3D000091D8268516016490968091D8160164A55
:10D3E000134909684A6111460968491C11601AE02D
:10D3F0007C190F4800684460BC4207D20C480168A1
:10D40000091D0E48006810F0CDF90CE008480168CD
:10D41000091D0B48006810F0C5F90A4800688442ED
:10D4200001D208480460BDE8F0810000B004002487
:10D430009C040024B4040024DCE30324A40400249A
:10D44000A0040024CC04002410B5044610F0D0F948
:10D4500031480068401C304908603048006840B9D5
:10D460002E4804600846006801280DD100F032FA09
:10D470000AE02B48006838B928480068C06AE16AA9
:10D48000884201D82548046026480068401C254988
:10D49000086008460068A06494F82C1001208840B9
:10D4A00021490968084320490860E16A01EB8101CC
:10D4B0001E4A02EB81014868A0608268E260211D7B
:10D4C000826851608160E16A01EB8101174A02EBD9
:10D4D00081026261E16A01EB8101144A52F8211074
:10D4E000491CE26A02EB8202104B43F8221010F052
:10D4F000CFF90B48006868B108480068C06AE16A63
:10D50000884207D24FF0805009490860BFF34F8F1F
:10D51000BFF36F8F10BD0000AC0400249C040024F6
:10D52000B8040024C8040024B40400240CE103243B
:10D5300004ED00E010B510F05BF910480068D0B9B8
:10D540000F4810F01FF90F4810F01CF90C480E4955
:10D5500008600C480D49086000221021052010F0D9
:10D560009DFF064908600846006820B108A10348ED
:10D57000006810F0A9FA10F08BF910BDEC0400243B
:10D58000F0E3032404E40324E4040024E804002476
:10D59000546D72510000000010B516E010F028F92B
:10D5A0000C48C068C468201D10F0C6F80A4800681E
:10D5B000401E0949086009480068401E0749086084
:10D5C00010F066F9204600F05FF804480068002873
:10D5D000E4D110BDC8E30324AC040024A804002453
:10D5E00070B504460D46206C70B1216CE0680144B2
:10D5F000E160D4E90210884201D32168E160284645
:10D60000226CE168D2F736FF70BD2DE9F041044687
:10D610000F4615464FF00008A66B206C48B92068ED
:10D6200000282CD1A06811F043FD80460020A060A6
:10D6300025E07DB93946226C6068D2F71BFF216C6A
:10D64000606808446060D4E90101884217D320680B
:10D65000606014E03946226CE068D2F70BFF216C61
:10D66000E068411AE1602168E068884203D2216CD9
:10D67000A068411AE160022D01D106B1761E701C2E
:10D68000A0634046BDE8F08110B50446206B10F061
:10D6900041F9204610F03EF910BD01464A6A22B118
:10D6A0000A6B1268C2F1200000E000207047000001
:10D6B0000146084A126812680AB9012200E00022F5
:10D6C0000A600A6822B9034A1268D268106800E04A
:10D6D00000207047E404002430B54FF4C8331748E5
:10D6E00000F007042CB1C01D20F00700134C041BF0
:10D6F0001B1B0246124C22600024114D6C60D01896
:10D70000083820F007000F4C206000240D4D2D68D4
:10D710006C600C4D2D682C601146441A4C60094C0D
:10D7200024680C60084D4C682C60084D4C682C60D7
:10D730004FF00044064D2C6030BD000018E4032477
:10D74000040500240C050024140500241005002401
:10D750002005002400BFFFF71FFF064800680128CE
:10D76000F9D94FF0805004490860BFF34F8FBFF3E1
:10D770006F8FF0E70CE1032404ED00E010B50446E0
:10D7800054B10020A06020600021E16000231A460F
:10D790001946204610F048FF10BD2DE9F04106461D
:10D7A0000D4617469846069C0DB9246000E0276098
:10D7B000E66325640121204610F0B8FE84F850800D
:10D7C0000020A064BDE8F0812DE9F05F82460F469D
:10D7D00090469B460A9E0C9C4FEA8801A522206B2E
:10D7E000D2F769FEA8F10100216B01EB800929F055
:10D7F000070909F0070008B9012000E0002028B956
:10D8000040F2623226A12FA0DFF7A8F9C4F84480C5
:10D8100087B1002507E0795D04F134004155785D5A
:10D8200000B902E06D1C102DF5D300BF002143208C
:10D83000015502E0002084F83400202E01D201209E
:10D8400000E0002028B940F2993215A11DA0DFF7B1
:10D8500085F9202E00D31F26E6622665002060652C
:10D86000201D0FF09CFF04F118000FF098FF2461B9
:10D87000C6F12000A06164620020A065E06584F824
:10D88000600084F861005A465146484600F01AFD8F
:10D8900020600B9808B10B980460BDE8F09F000071
:10D8A0002E2E5C2E2E5C4D6964646C65776172650A
:10D8B000735C4672656552544F535C7461736B734D
:10D8C0002E6300004572726F723A2025732C20255A
:10D8D000640D0A0010B5002407E004EB84010F4A30
:10D8E00002EB81000FF04EFF641C202CF5D30C4896
:10D8F0000FF048FF0B480FF045FF0B480FF042FFB9
:10D900000A480FF03FFF0A480FF03CFF044809495E
:10D91000086004480849086010BD00000CE10324B9
:10D920008CE30324A0E30324B4E30324C8E3032427
:10D93000DCE30324A0040024A404002410B5014661
:10D94000164800E0006803688B42FBD30246436838
:10D9500013448B4204D143684C682344436001461E
:10D960000A464B6813440468A34211D10C4C036867
:10D970002468A34208D04B680468646823444B6061
:10D9800003681B680B6005E0054B1B680B6001E03A
:10D9900003680B60884200D0016010BD04050024BC
:10D9A0000C0500242DE9F04104460D4616461F469D
:10D9B0004FF0000865602461B5420CD8F01BA169E6
:10D9C000884202D34FF0010811E0211D0948006888
:10D9D0000FF0E8FE0BE0BE4204D2BD4202D34FF08E
:10D9E000010804E0211D044800680FF0DBFE4046FA
:10D9F000BDE8F081E8040024E404002470B5054685
:10DA00000FF0F6FEA86B08B9012400E000240FF027
:10DA10003FFF204670BD70B505460FF0E9FEA86BCC
:10DA2000E96B884201D1012400E000240FF030FFAF
:10DA3000204670BDF1B50098846C00262CB940F6E4
:10DA4000D53220A128A0DFF789F8A06BE16B8842CE
:10DA500001D2012000E0002028B940F6D63219A1F9
:10DA600021A0DFF77BF8A06BE16B884227D294F905
:10DA70004550002269462046FFF7C7FD0646681C50
:10DA800060B9606A08B9012000E00020B0B904F173
:10DA9000240011F00BFC88B101260FE07F2D01D08E
:10DAA000012000E0002028B940F6F63205A10EA0C2
:10DAB000DFF754F8681C40B284F8450000BF3046D8
:10DAC000F8BD00002E2E5C2E2E5C4D6964646C65E2
:10DAD00077617265735C4672656552544F535C7131
:10DAE000756575652E6300004572726F723A202568
:10DAF000732C2025640D0A0070B505460E460E48AD
:10DB00000068C068C468201D0FF016FE94F8280055
:10DB100000F0040028B132462946204600F0FEF805
:10DB200005E094F8280000F0FE0084F82800204664
:10DB3000216A884770BD0000E404002470B586B0F7
:10DB40008AE0029800280CDA03AE2EB940F20632C1
:10DB500047A150A0DFF702F8D6E90020B16890474E
:10DB600000BF0298002877DB049C606908B9012097
:10DB700000E0002010B9201D0FF0DEFD01A800F02C
:10DB8000F9F8054602980A2864D2DFE800F0630538
:10DB9000072E365306082F3700BF00BF00BF94F88A
:10DBA000280040F0010084F828000398A269811839
:10DBB00003462A462046FFF7F5FEA8B194F8280050
:10DBC00000F0040038B10398A26981182A46204663
:10DBD00000F0A4F805E094F8280000F0FE0084F8B6
:10DBE00028002046216A884735E000BF94F82800C5
:10DBF00000F0FE0084F828002DE000BF94F8280013
:10DC000040F0010084F828000398A061A06908B1E1
:10DC1000012000E0002028B940F2593214A11DA0D3
:10DC2000DEF79CFFA06941192B462A462046FFF7E4
:10DC3000B9FE10E094F8280000F0020018B9204660
:10DC40000FF068FE05E094F8280000F0FE0084F86C
:10DC5000280000E000BF00BF002202A911480068B0
:10DC600010F0A2FE00287FF46CAF06B070BD00007B
:10DC70002E2E5C2E2E5C4D6964646C657761726536
:10DC8000735C4672656552544F535C74696D65727E
:10DC9000732E63004572726F723A2025732C202513
:10DCA000640D0A00EC040024F8B505460C4610F09B
:10DCB00051FA684600F05EF80646009820BB44B969
:10DCC000B54206D811F098FB31462846FFF714FFFD
:10DCD0001CE03CB10E480068006808B9012000E073
:10DCE00000200446A91B22460A4800680FF098FF4E
:10DCF00011F082FB50B94FF0805007490860BFF324
:10DD00004F8FBFF36F8F01E011F076FBF8BD00007D
:10DD1000E8040024EC04002404ED00E070B504469F
:10DD20000D46164604E0A06905442046216A88474E
:10DD3000A06941192B4632462046FFF733FE0028E2
:10DD4000F1D170BD09480068006808B9012000E001
:10DD5000002020B14FF0FF300549086005E003487E
:10DD60000068C0680068024908607047A004002489
:10DD7000CC04002470B5044611F0A0F8054607480D
:10DD80000068854204D200F00BF80120206001E019
:10DD90000020206001480560284670BDF40400247E
:10DDA00070B508E00D480068C06804684FF0FF31A6
:10DDB0002046FFF7A1FE09480068006808B9012065
:10DDC00000E000200028EDD0044805680448006801
:10DDD000024908600248056070BD0000E4040024A8
:10DDE000E80400240C480068401C08B9012000E049
:10DDF000002020B9E32209A118A0DEF7AFFE00BF82
:10DE0000102072B680F31188BFF34F8FBFF36F8F6E
:10DE100062B600BF00BFFEE7F80400242E2E5C2E81
:10DE20002E5C4D6964646C6577617265735C4672E3
:10DE3000656552544F535C706F727461626C655CBF
:10DE4000525644535C41524D5F434D375C723070C3
:10DE5000315C706F72742E63000000004572726F47
:10DE6000723A2025732C2025640D0A0008B500BFE6
:10DE70006846FFF71DFC044620460099FFF714FF93
:10DE8000FFF75CFEF4E770B504460FF0B1FC94F9BF
:10DE9000455019E0A06C30B12046FFF7CBFD88B1AA
:10DEA0000FF0C4FF0EE0606A08B9012000E0002016
:10DEB00038B904F1240011F0F9F918B10FF0B6FFE8
:10DEC00000E003E0681E45B2002DE3DC00BFFF2048
:10DED00084F845000FF0DCFC0FF08AFC94F9445004
:10DEE00010E0206908B9012000E0002048B904F1E1
:10DEF000100011F0DBF908B10FF098FF681E45B271
:10DF000000E001E0002DECDC00BFFF2084F84400BD
:10DF10000FF0BEFC70BD00002DE9F04104468846BC
:10DF200017461E46754DA06908B9BDE8F081474502
:10DF300005D0A6601FB1A07840F00200A070002FAD
:10DF400064D0A07800F0010068BB3046A168E8F713
:10DF500079F9A1690988884224DBE08A002811DD6B
:10DF600030462169E8F76EF9A1690989884209DB21
:10DF7000E07800F0040018B102212046AA69904719
:10DF80000020E082E6600020A082A07840F001003E
:10DF9000A070E07800F0010018B100212046AA69C5
:10DFA00090476660A7E00FE0A1694989E0680844EE
:10DFB000E060A08A401CA082E07800F0080018B160
:10DFC00003212046AA699047A0694089002807DDFF
:10DFD0003046E168E8F736F9A16949898842E3DA11
:10DFE000E08A0028DEDD30466168E8F72BF9A16998
:10DFF000C98888427FDDE07800F0040018B1022172
:10E000002046AA6990470020E08274E0A07800F0E2
:10E010000100002851D03046A168E8F713F9A16942
:10E020004988884267DBA07820F00100A070E07882
:10E0300000F0020018B101212046AA69904730463D
:10E040006168E8F7FFF8A169898888420CDB3046EF
:10E050006168E8F7F7F8A169C988884204DCE08ABA
:10E06000401CE082266114E0E08A00280FDD304683
:10E070006168E8F7E7F8A1698988884207DAE078FB
:10E0800000F0040018B102212046AA699047002040
:10E09000E082E08A00280EDDE08AA1698989884251
:10E0A00009D1E07800F0040018B102212046AA69E5
:10E0B00090470020E08266601DE0E08A002812DDC3
:10E0C00030462169E8F7BEF8A1690989884212DB68
:10E0D000E07800F0040018B102212046AA699047B8
:10E0E0000020E08207E0A07800F0020018B1A078DC
:10E0F00020F00200A07000BF17E70000A0D30124A9
:10E100000146024800680844704700008402002469
:10E110002DE9F04104464FF0000810F01BF8494883
:10E12000006808B9FFF7D8FA47480068204000287F
:10E1300075D1002C23D004F10800A0421FD9083467
:10E1400004F0070000281BD004F00700C0F108000D
:10E150002044A04211D904F00700C0F10800044493
:10E1600004F0070008B9012000E0002040B99C221B
:10E1700036A144A0DEF7F2FC02E0002400E0002417
:10E18000002C4CD043480068844248D8424E304668
:10E19000056801E02E462D686868A04202D2286812
:10E1A0000028F7D127480068854238D0306800F150
:10E1B0000808286830606868001B102813D92F19D8
:10E1C00007F0070008B9012000E0002020B9CF22A5
:10E1D0001EA12CA0DEF7C2FC6868001B78606C6092
:10E1E0003846FFF7ABFB2B4968680968081A2949CC
:10E1F00008600846006829490968884203D2254812
:10E200000068264908601049686809680843686022
:10E210000020286022480068401C2149086011F055
:10E22000EBF808F0070008B9012000E0002028B949
:10E230004FF4887205A113A0DEF790FC4046BDE8BC
:10E24000F08100000C050024200500242E2E5C2EF9
:10E250002E5C4D6964646C6577617265735C4672AF
:10E26000656552544F535C706F727461626C655C8B
:10E270004D656D4D616E675C686561705F342E63DE
:10E28000000000004572726F723A2025732C202521
:10E29000640D0A0010050024040500241405002460
:10E2A000180500240648006830B10549096801F1E5
:10E2B0005400496D491C0160014800687047000026
:10E2C0009C040024001F4FF080730360001F21F0A6
:10E2D00001030360001F054B036014380260001F38
:10E2E0006FF002030360203870470000E5DD04088A
:10E2F000024602B111B96FF00500704709B900205C
:10E3000000E0086810600020F7E721B191F83420A0
:10E31000521C027201E0002202727047F0B591B007
:10E3200006460F4615461C4628891C2814DB0C4857
:10E330000068401C0A490860E078A178CDE9001027
:10E340006378227807A107A8DEF718FC044809A122
:10E35000026802A8DEF712FC002011B0F0BD000038
:10E360008403002449503A25642E25642E25642E0A
:10E370002564000050696E672074696D65733A25E5
:10E380006C640000024602B111B96FF005007047DD
:10E3900009B9002000E00868506000BF507C40F0E0
:10E3A0000100507400BF0020F1E700002DE9F05F8C
:10E3B00005464FF00008284A11685069F0F704F943
:10E3C00081466868477A0026244804683FE0207C3C
:10E3D000B8423AD14946204600F06CF8002834D0C3
:10E3E000607C00F0010020B11B4960680969884227
:10E3F0002BD16069002828D0D5F804B04FF002086E
:10E40000154B10332A462146D4E905C0E047824621
:10E41000BAF1000F0BD0002536B1E068F0600F486C
:10E420000068E0600D4804600120BDE8F09F00BF77
:10E430006868584507D000BF09A3C022124913A03D
:10E44000DEF78CFB00BF00BF00BF2646E468002C4F
:10E45000BDD14046E9E7000070E90224E002002453
:10E460002E2E5C2E2E5C4D6964646C65776172653E
:10E47000735C6C7769705C7372635C636F72655C0C
:10E480007261772E63000000A05B0608417373651C
:10E490007274696F6E2022257322206661696C6533
:10E4A00064206174206C696E6520256420696E208B
:10E4B00025730A000246107A50B1137A0D4840685D
:10E4C00090F83400401CC0B2834201D00020704755
:10E4D00021B10AB1106858B90120F8E732B11068CB
:10E4E00020B1044B10685B69984201D10120EEE72E
:10E4F0000020ECE770E9022410B5024682B11368EF
:10E5000073B169B10B685BB1064B186806E003682C
:10E510001468A34201D10B680360C0680028F6D1DB
:10E5200010BD0000E002002470B505460020FAF797
:10E53000FFFF044664B11C212046D1F7C3FF2574B8
:10E54000FF20E072E07403480068E0600148046066
:10E55000204670BDE002002470B506460C462046F9
:10E56000FFF7E2FF0546284670BD416182617047B2
:10E5700070B505460E480068A84205D10C480068F1
:10E58000C0680B4908600EE00948046808E0E068CC
:10E5900028B1E068A84202D1E868E06002E0E468DF
:10E5A000002CF4D100BF29460020FAF73DFF70BDD2
:10E5B000E002002470B504460D46221D294620467F
:10E5C00000F001F870BD2DE9F84304468846164670
:10E5D0000CB106B103E06FF00500BDE8F883207AC6
:10E5E00020B1207AFCF778FA05460EE00025307855
:10E5F00000F0F000E02803D1A07CFCF76DFA05469E
:10E600001DB93046F0F728FD054615B96FF0030037
:10E61000E3E734B1206820B1207800F0F000E02872
:10E6200005D10DB1281D00E00020074600E0274677
:10E630002B46324641462046009700F001F8CCE7D1
:10E640002DE9FF5F04460D4617469846DDF838B0C1
:10E6500044B13FB1B8F1000F04D0BBF1000F01D0BD
:10E6600000BF04E06FF0050004B0BDE8F09F4FF07C
:10E670001409607C00F0020090B16889484502DA14
:10E680006FF00500F0E7002000900346024659466F
:10E69000CDE901082846F0F71DFA82465046E3E727
:10E6A0002889484480B22989884202DA4FF0FF3035
:10E6B000DAE749462846FCF75BFB90B14FF420723D
:10E6C00000212220FCF7CEFB064616B94FF0FF30A2
:10E6D000CAE72889002818D029463046FCF70EFEE4
:10E6E00013E02E4649463046FDF7C8F968B100BF31
:10E6F00000BF1AA34FF4F17222A12CA0DEF72EFA6C
:10E7000000BF00BF4FF0FF30AEE7607C00F00400B8
:10E7100040B1387800F0F000E02803D1707B40F081
:10E7200004007073387800F0F000E02801D1E07C3C
:10E7300000E0E07A0390207CA17ACDE90108009105
:10E740003A4659463046039BF0F7C4F98246AE423A
:10E7500002D03046FCF75EFF504685E72E2E5C2E39
:10E760002E5C4D6964646C6577617265735C6C776F
:10E7700069705C7372635C636F72655C7261772E43
:10E780006300000043616E277420726573746F72BA
:10E790006520686561646572207765206A757374A9
:10E7A0002072656D6F7665642100000041737365AA
:10E7B0007274696F6E2022257322206661696C6510
:10E7C00064206174206C696E6520256420696E2068
:10E7D00025730A002DE9F04704008A4616D054F844
:10E7E000047CD4F800903E1F564500D9564620467A
:10E7F000DEF75EFA05468846324621465046EFF778
:10E80000BBFE40B1C0F80090BDE8F087BDE8F0471E
:10E810000846DEF711BC44E9017955B129686A1848
:10E82000211F8A4202D9611B091F2960C5F8048093
:10E83000EAE7024AC2F80080E6E700004C0500243F
:10E840002DE9F05F0746884692469B463D46002DDF
:10E8500035D005F11000002831D0286978B3524630
:10E860004FF420710020FCF75DFD06463EB3072003
:10E87000FAF75EFE04462CB93046FCF7CBFE0020CA
:10E88000BDE8F09F266066600E480069A06098F8B9
:10E890001000A081B6F80890214605F1100006F09E
:10E8A00071FB20B12046FBF7DEF80020E8E7A86AFC
:10E8B00020B14A4600212846AB6A984700BF002095
:10E8C000DEE7000070E902242DE9F04706460F4616
:10E8D00015469A4600BF002F08D100BF30A34FF461
:10E8E00096723AA142A0DEF739F900BF00BF00BF1F
:10E8F000002E08D100BF2AA340F22D1246A13CA051
:10E90000DEF72CF900BF00BF00BFBAF1000F08D03E
:10E9100000BF23A34FF4977247A135A0DEF71EF97D
:10E9200000BF00BF34461CB96FF00500BDE8F0879A
:10E9300000BF6068B84208D000BF19A340F235128A
:10E9400043A12BA0DEF70AF900BF00BF04F11000BD
:10E9500008B1206948B935B1298938460BF0ECFB7C
:10E960002846FCF757FE0020E0E71DB1A846B5F8A1
:10E97000089003E0DFF8F8804FF00009414604F109
:10E98000100006F0FFFA10B14FF0FF30CEE7A06A9A
:10E9900020B14A4600212046A36A98470020C5E7D7
:10E9A0002E2E5C2E2E5C4D6964646C6577617265F9
:10E9B000735C6C7769705C7372635C6170695C61D5
:10E9C00070695F6D73672E63000000007265637687
:10E9D0005F746370206D7573742068617665206163
:10E9E0002070636220617267756D656E740000004F
:10E9F000417373657274696F6E20222573222066DD
:10EA000061696C6564206174206C696E65202564A1
:10EA100020696E2025730A00726563765F746370E7
:10EA2000206D757374206861766520616E20617257
:10EA300067756D656E74000065727220213D20451A
:10EA400052525F4F4B20756E68616E646C65640056
:10EA5000726563765F7463703A20726563762066D0
:10EA60006F722077726F6E67207063622100000002
:10EA7000E6FE05082DE9F05F0746884616469946EA
:10EA8000DDF828B000BFB8F1000F07D100BF2DA3FB
:10EA9000E52237A13FA0DEF761F800BF00BF00BF4D
:10EAA000002F07D100BF27A3E62244A139A0DEF73B
:10EAB00055F800BF00BF3C4624B93046FCF7AAFD1C
:10EAC000BDE8F09F00BF6068404507D000BF1DA3B0
:10EAD000EE2242A12FA0DEF741F800BF00BF04F1F3
:10EAE000100008B1206918B93046FCF793FDE7E73C
:10EAF0000720FAF71DFD05461DB93046FCF78AFDD3
:10EB0000DEE72E606E60B9F1000F01D1002001E058
:10EB1000D9F80000A860A5F80CB0B6F808A02946FE
:10EB200004F1100006F02EFA18B12846FAF79BFF00
:10EB3000C6E7A06A20B1524600212046A36A984742
:10EB400000BFBDE72E2E5C2E2E5C4D6964646C65A3
:10EB500077617265735C6C7769705C7372635C611A
:10EB600070695C6170695F6D73672E6300000000FF
:10EB7000726563765F756470206D7573742068616B
:10EB8000766520612070636220617267756D656EC5
:10EB900074000000417373657274696F6E202225E2
:10EBA0007322206661696C6564206174206C696EF3
:10EBB0006520256420696E2025730A0072656376DE
:10EBC0005F756470206D757374206861766520616F
:10EBD0006E20617267756D656E7400007265637694
:10EBE0005F7564703A207265637620666F72207775
:10EBF000726F6E67207063622100000070B5054679
:10EC00000C4635B1012D13D0022D20D0032D3DD15E
:10EC10002CE0204804702CB1002210211E48D6F7A9
:10EC20004FFE04E0012210211B48D6F749FE2EE0DA
:10EC3000184844702CB1002220211748D6F740FE16
:10EC400004E0012220211448D6F73AFE1FE01148C3
:10EC500084702CB1002202211048D6F731FE04E066
:10EC6000012202210D48D6F72BFE10E00948C4709E
:10EC700034B100224FF400610948D6F721FE04E0C8
:10EC80000122D1020648D6F71BFE00E000BF00BFFC
:10EC900070BD0000D6010024000002580004025894
:10ECA0000010025801460148405C7047D60100241C
:10ECB00010B500BF00224FF400711148D6F700FED6
:10ECC00000BFEFF70FFB00BF012211020D48D6F77E
:10ECD000F7FD00BFEFF706FB00BF00224FF4807185
:10ECE0000848D6F7EDFD00BFEFF7FCFA00BF0122A0
:10ECF00051020348D6F7E4FD00BFEFF7F3FA10BD69
:10ED0000000802580000025810B500BF012251024D
:10ED10000C48D6F7D5FD00BFEFF7E4FA00BF01229B
:10ED200011020948D6F7CCFD00BFEFF7DBFA00BFB0
:10ED300000224FF480710448D6F7C2FD00BFEFF700
:10ED4000D1FA10BD000802580000025870B50546FF
:10ED5000002400261EE06006040E00BF01221102FE
:10ED60001148D6F7ADFD00BFEFF7BCFA4FF40071C4
:10ED70000E48D6F793FD08B1601CC4B200BF002254
:10ED80004FF480710848D6F79BFD00BFEFF7AAFA51
:10ED9000701CC6B2082EDEDB15B9FFF7B5FF01E027
:10EDA000FFF786FF204670BD000002580008025899
:10EDB00070B50446002526E000BFE00928B1012215
:10EDC00051021648D6F77CFD05E000224FF4007191
:10EDD0001248D6F775FD00BFEFF784FA00BF012295
:10EDE00011020F48D6F76CFD00BFEFF77BFA00BFAA
:10EDF00000224FF480710A48D6F762FD00BF60061A
:10EE0000040E681CC5B2082DD6DB00BF01225102DA
:10EE10000248D6F755FD00BF70BD0000000802583B
:10EE20000000025810B500BF012251021048D6F769
:10EE300047FD00BF00BF012211020E48D6F740FD7A
:10EE400000BFEFF74FFA00BF00224FF400710848EF
:10EE5000D6F736FD00BFEFF745FA00BF00224FF4AA
:10EE600080710448D6F72CFD00BFEFF73BFA10BDC8
:10EE7000000802580000025810B500BF00224FF4ED
:10EE800000710C48D6F71CFD00BFEFF72BFA00BF4E
:10EE9000012211020848D6F713FD00BFEFF722FA4E
:10EEA00000BF012251020348D6F70AFD00BFEFF769
:10EEB00019FA10BD000802580000025870B500246D
:10EEC000002500BF012251021548D6F7F9FC00BF0A
:10EED000EFF708FA00BF012211021248D6F7F0FC42
:10EEE00000BFEFF7FFF907E0601CC4B2FA2C03DDA6
:10EEF000FFF7C2FF012506E04FF400710848D6F77E
:10EF0000CDFC0028F0D100BF00BF00224FF480717B
:10EF10000448D6F7D5FC00BFEFF7E4F9284670BDEA
:10EF2000000802580000025810B500BF00224FF43C
:10EF300000511148D6F7C4FC00BFEFF7D8F900BF65
:10EF4000012211030C48D6F7BBFC00BFEFF7CFF945
:10EF500000BF00224FF480510748D6F7B1FC00BF34
:10EF6000EFF7C5F900BF012251030348D6F7A8FC0B
:10EF700000BFEFF7BCF910BD000C025810B500BF80
:10EF8000012251030C48D6F79BFC00BFEFF7AFF905
:10EF900000BF012211030848D6F792FC00BFEFF72B
:10EFA000A6F900BF00224FF480510348D6F788FC31
:10EFB00000BFEFF79CF910BD000C025870B5054674
:10EFC000002400261EE06006040E00BF012211038B
:10EFD0001148D6F775FC00BFEFF789F94FF40051DF
:10EFE0000D48D6F75BFC08B1601CC4B200BF00221C
:10EFF0004FF480510848D6F763FC00BFEFF777F96C
:10F00000701CC6B2082EDEDB15B9FFF7B7FF01E0B2
:10F01000FFF78AFF204670BD000C025870B5044609
:10F02000002526E000BFE00928B10122510316485F
:10F03000D6F746FC05E000224FF400511248D6F7FF
:10F040003FFC00BFEFF753F900BF012211030E4848
:10F05000D6F736FC00BFEFF74AF900BF00224FF4A5
:10F0600080510948D6F72CFC00BF6006040E681CCE
:10F07000C5B2082DD6DB00BF012251030248D6F7E6
:10F080001FFC00BF70BD0000000C025810B500BF8F
:10F09000012251031048D6F713FC00BF00BF012224
:10F0A00011030D48D6F70CFC00BFEFF720F900BFA5
:10F0B00000224FF400510848D6F702FC00BFEFF7DA
:10F0C00016F900BF00224FF480510348D6F7F8FB31
:10F0D00000BFEFF70CF910BD000C025810B500BFCF
:10F0E00000224FF400510C48D6F7EAFB00BFEFF7BF
:10F0F000FEF800BF012211030748D6F7E1FB00BF6D
:10F10000EFF7F5F800BF012251030348D6F7D8FB0B
:10F1100000BFEFF7ECF810BD000C025870B50024EA
:10F12000002500BF012251031548D6F7C9FB00BFD7
:10F13000EFF7DDF800BF012211031148D6F7C0FB3D
:10F1400000BFEFF7D4F807E0601CC4B2FA2C03DD6F
:10F15000FFF7C4FF012506E04FF400510848D6F739
:10F160009DFB0028F0D100BF00BF00224FF480516A
:10F170000348D6F7A5FB00BFEFF7B9F8284670BDE6
:10F18000000C025870B50446002521460248D8F705
:10F1900081FC0546284670BDA483012470B5044651
:10F1A0000D46D6F779FD2A4621460248D8F77AFC63
:10F1B00070BD0000A483012410B50446002C18D1B2
:10F1C00013A11748F6F704F816A11548F6F700F84A
:10F1D00017A11348F5F7FCFF18A11148F5F7F8FF40
:10F1E0001AA10F48F5F7F4FF1DA10D48F5F7F0FF40
:10F1F0000CE0012C04D106A10948F5F7E9FF05E070
:10F20000022C03D119A10648F5F7E2FF10BD00005A
:10F210006E6574776F726B5F6E616D6500000000E4
:10F2200008D4012472656D6F74655F6E616D650051
:10F230006465766963655F6E616D6500636F6D70AF
:10F240006172616D657465720000000074687265BA
:10F2500073686F6C645F706172616D7300000000B1
:10F26000485454505F4F5441000000007570666967
:10F270006C65696E666F722E62696E0010B5F5F787
:10F28000BBFB10BD70B596B0044600250026542186
:10F2900001A8D1F717F9032311A201A91248F3F726
:10F2A000E9FF06468EB901A90F48F4F7A3FC06460C
:10F2B0008C23224601A90C48F4F792FB064601A9CB
:10F2C0000948F3F75FFD064607E0204600F046F8E0
:10F2D000204600F0C5FB4FF0FF35284616B070BD44
:10F2E0006261636B7570730008D4012470B596B0C9
:10F2F000044600250026542101A8D1F7E3F8032392
:10F3000011A201A91448F3F7B5FF06468EB901A969
:10F310001148F4F76FFC06461423224601A90E4853
:10F32000F4F75EFB064601A90B48F3F72BFD0646F2
:10F3300007E0204600F038F8204600F0C9FB4FF007
:10F34000FF35284616B070BD636F6D706172616DD8
:10F35000657465720000000008D4012410B50446ED
:10F360004021201DD1F7AEF80BA1201DD1F70BF9DC
:10F3700041F2D6716164402104F14800D1F7A2F84E
:10F3800005A104F14800D1F7FEF841F2D671C4F8A6
:10F3900088100020207010BD74657374312E666E65
:10F3A000776C772E6E6574000549016049004160F5
:10F3B00044F6206181604910C160C8210174704722
:10F3C000905F010038B50446042269461248E3F70D
:10F3D0009BF912490098884201D2009810B9032085
:10F3E000206001E000982060012322460A49084677
:10F3F000E5F7D8FA3421201DD1F764F8142104F17F
:10F400003800D1F75FF806A104F13800D1F7BBF856
:10F41000012084F84C0038BD00001E08FFFF0F00DB
:10F42000383838383838383800000000002101609A
:10F430002F2101706821417062218170D621C17035
:10F4400042F21D31416070477CB504460025002022
:10F4500000900190002638480568C0202070A82040
:10F4600060700120A0701E20E070062269463348BB
:10F47000E3F74AF9002007E01DF80010FF2901D149
:10F48000711CCEB2411CC8B20628F5DB062E0AD18B
:10F490000220207100216171A171290CE171290AFA
:10F4A0002172657211E09DF8000020719DF8011035
:10F4B00061719DF80210A1719DF80310E1719DF832
:10F4C000041021729DF8051061720623221D1B494C
:10F4D0001A484038E5F766FAFF20A072FF21E17272
:10F4E000217300216173C020A073A821E173012161
:10F4F000217461747220A0747221E17421756175A8
:10F500000420A077EF20E077FF2120200155212063
:10F510000155F921222001554FF6E8506062002084
:10F52000C4F81600C4F81A00012084F8280000204E
:10F53000C4F829007CBD00005805002440001E08C6
:10F5400010B5044640212046D0F7BCFF0AA1204652
:10F55000D1F719F841F27C702064402104F1440095
:10F56000D0F7B0FF04A104F14400D1F70CF841F248
:10F570007C70C4F8840010BD34372E3130342E3204
:10F5800035302E323235000010B5044641F2840188
:10F590002046D0F797FF10BD10B504464FF48451B4
:10F5A0002046D0F78FFF10BD10B5044642F6441137
:10F5B0002046D0F787FF10BD002101804180818067
:10F5C00014218171502141720A2181723C21C17143
:10F5D0000121017219218181412181731E21C17391
:10F5E0007047000070B596B00446002500265421EF
:10F5F00001A8D0F767FF032311A201A91348F3F76D
:10F6000039FE06468EB901A91048F4F7F3FA06460A
:10F610005023224601A90D48F4F7E2F9064601A954
:10F620000A48F3F7AFFB064607E02046FFF7CAFE9D
:10F63000204600F0DBF94FF0FF35284616B070BDCC
:10F640006465766963655F6E616D650008D4012449
:10F6500070B596B0044600250026542101A8D0F7C5
:10F6600031FF032311A201A91348F3F703FE064655
:10F670008EB901A91048F4F7BDFA064608232246C0
:10F6800001A90D48F4F7ACF9064601A90A48F3F7B9
:10F6900079FB064607E02046FFF7C8FE204600F04B
:10F6A00053FA4FF0FF35284616B070BD48545450F9
:10F6B0005F4F54410000000008D4012470B596B09B
:10F6C000044600250026542101A8D0F7FBFE0323A1
:10F6D00011A201A91448F3F7CDFD06468EB901A980
:10F6E0001148F4F787FA06463023224601A90E484E
:10F6F000F4F776F9064601A90B48F3F743FB0646F3
:10F7000007E02046FFF7A0FE204600F057FA4FF032
:10F71000FF35284616B070BD6E6574776F726B5FEB
:10F720006E616D650000000008D4012470B596B0CC
:10F73000044600250026542101A8D0F7C3FE032368
:10F7400011A201A91348F3F795FD06468EB901A948
:10F750001048F4F74FFA06468823224601A90D48BF
:10F76000F4F73EF9064601A90A48F3F70BFB0646F3
:10F7700007E02046FFF7E4FE204600F05BFA4FF07A
:10F78000FF35284616B070BD72656D6F74655F6E8B
:10F79000616D650008D4012470B5ADF5885D04463F
:10F7A00000250026542141F2AC006844D0F78AFEBF
:10F7B00003231BA241F2AC0169441E48F3F75AFD32
:10F7C0000646C6B941F2AC0169441A48F4F712FA88
:10F7D000064641F28403224641F2AC0169441548D1
:10F7E000F4F7FEF8064641F2AC0169441148F3F71C
:10F7F000C9FA06460FE02046FFF7C6FE41F2740242
:10F8000004F110016846D0F735FE94E80F0000F0CF
:10F810004BFA4FF0FF3528460DF5885D70BD0000AE
:10F8200073696E676C655F6C65645F626C696E645A
:10F830000000000008D4012470B5ADF5885D0446D1
:10F8400000250026542141F2AC006844D0F73AFE6E
:10F8500003231BA241F2AC0169441E48F3F70AFDE1
:10F860000646C6B941F2AC0169441A48F4F7C2F938
:10F8700006464FF48453224641F2AC0169441548D0
:10F88000F4F7AEF8064641F2AC0169441148F3F7CB
:10F8900079FA06460FE02046FFF77EFE41F270023D
:10F8A00004F110016846D0F7E5FD94E80F0000F080
:10F8B0003FFA4FF0FF3528460DF5885D70BD00001A
:10F8C00073696E676C655F6C65645F6375727265A2
:10F8D0006E74000008D4012470B5ADF5275D0446B0
:10F8E00000250026542142F66C106844D0F7EAFD4A
:10F8F00003231BA242F66C1169441E48F3F7BAFCBD
:10F900000646C6B942F66C1169441A48F4F772F912
:10F91000064642F64413224642F66C1169441548E5
:10F92000F4F75EF8064642F66C1169441148F3F7A5
:10F9300029FA06460FE02046FFF736FE42F634125B
:10F9400004F110016846D0F795FD94E80F0000F02F
:10F9500033FA4FF0FF3528460DF5275D70BD0000E6
:10F9600073696E676C655F6C65645F74696D657300
:10F970000000000008D4012470B596B004460025AC
:10F980000026542101A8D0F79DFD032311A201A94F
:10F990001548F3F76FFC06468EB901A91248F4F733
:10F9A00029F906461023224601A90F48F4F718F852
:10F9B000064601A90C48F3F7E5F9064607E020469C
:10F9C000FFF7FAFD204600F03BFA4FF0FF352846DE
:10F9D00016B070BD7468726573686F6C645F706137
:10F9E00072616D730000000008D4012470B596B0F8
:10F9F000044600260025542101A8D0F763FD40F2FB
:10FA0000031313A201A91548F3F734FC0546ADB959
:10FA100001A91248F4F7EEF805465023224601A941
:10FA20000E48F4F7F5F80546502D09D0502322462C
:10FA300001A90A48F4F7ECF8054601E04FF0FF365B
:10FA400001A90648F3F79EF90546304616B070BD89
:10FA50006465766963655F6E616D650008D4012435
:10FA600070B596B0044600260025542101A8D0F7B1
:10FA700029FD40F2031313A201A91448F3F7FAFB7E
:10FA80000546ADB901A91148F4F7B4F805468C2331
:10FA9000224601A90D48F4F7BBF805468C2D09D084
:10FAA0008C23224601A90948F4F7B2F8054601E083
:10FAB0004FF0FF3601A90548F3F764F905463046D3
:10FAC00016B070BD6261636B7570730008D4012459
:10FAD00070B596B0044600260025542101A8D0F741
:10FAE000F1FC40F2031313A201A91648F3F7C2FB7D
:10FAF0000546ADB901A91348F4F77CF8054614236F
:10FB0000224601A90F48F4F783F80546142D09D0C1
:10FB10001423224601A90B48F4F77AF8054601E0C0
:10FB20004FF0FF3601A90748F3F72CF90546304698
:10FB300016B070BD636F6D706172616D65746572D2
:10FB40000000000008D4012470B596B004460026D9
:10FB50000025542101A8D0F7B5FC40F2031313A2ED
:10FB600001A91548F3F786FB0546ADB901A912486E
:10FB7000F4F740F805460823224601A90E48F4F799
:10FB800047F80546082D09D00823224601A90A484E
:10FB9000F4F73EF8054601E04FF0FF3601A90648AC
:10FBA000F3F7F0F80546304616B070BD485454508F
:10FBB0005F4F54410000000008D4012470B596B096
:10FBC000044600260025542101A8D0F77BFC40F212
:10FBD000031313A201A91648F3F74CFB0546ADB970
:10FBE00001A91348F4F706F805463023224601A977
:10FBF0000F48F4F70DF80546302D09D03023224682
:10FC000001A90B48F4F704F8054601E04FF0FF3670
:10FC100001A90748F3F7B6F80546304616B070BD9F
:10FC20006E6574776F726B5F6E616D6500000000CA
:10FC300008D4012470B596B004460026002554214E
:10FC400001A8D0F73FFC40F2031313A201A9154805
:10FC5000F3F710FB0546ADB901A91248F3F7CAFF47
:10FC600005468823224601A90E48F3F7D1FF054631
:10FC7000882D09D08823224601A90A48F3F7C8FF36
:10FC8000054601E04FF0FF3601A90648F3F77AF880
:10FC90000546304616B070BD72656D6F74655F6E57
:10FCA000616D650008D401240FB430B595B000250E
:10FCB000002454216846D0F705FC40F2031316A235
:10FCC00069461A48F3F7D6FA0446C4B96946174894
:10FCD000F3F790FF044641F2840318AA69461348DB
:10FCE000F3F796FF044641F28400844209D00346AC
:10FCF00018AA69460D48F3F78BFF044601E04FF060
:10FD0000FF3569460948F3F73DF80446284615B023
:10FD100030BC5DF814FB000073696E676C655F6C46
:10FD200065645F626C696E640000000008D40124A1
:10FD30000FB430B595B00025002454216846D0F7A3
:10FD4000C1FB40F2031316A269461A48F3F792FA70
:10FD50000446C4B969461748F3F74CFF04464FF40C
:10FD6000845318AA69461348F3F752FF0446B4F5C2
:10FD7000845F0AD04FF4845318AA69460D48F3F7FC
:10FD800047FF044601E04FF0FF3569460948F2F7A6
:10FD9000F9FF0446284615B030BC5DF814FB00009E
:10FDA00073696E676C655F6C65645F6375727265BD
:10FDB0006E74000008D401240FB430B595B000254E
:10FDC000002454216846D0F77DFB40F2031316A2AD
:10FDD00069461A48F3F74EFA0446C4B9694617480B
:10FDE000F3F708FF044642F6441318AA694613487D
:10FDF000F3F70EFF044642F64410844209D003464E
:10FE000018AA69460D48F3F703FF044601E04FF0D6
:10FE1000FF3569460948F2F7B5FF0446284615B094
:10FE200030BC5DF814FB000073696E676C655F6C35
:10FE300065645F74696D65730000000008D4012477
:10FE400070B596B0044600260025542101A8D0F7CD
:10FE500039FB40F2031313A201A91748F3F70AFA7A
:10FE60000546ADB901A91448F3F7C4FE05461023B1
:10FE7000224601A91048F3F7CBFE0546102D09D004
:10FE80001023224601A90C48F3F7C2FE054601E003
:10FE90004FF0FF3601A90848F2F774FF05463046D7
:10FEA00016B070BD7468726573686F6C645F706162
:10FEB00072616D730000000008D401242DE9F8433D
:10FEC00004460E46174698463D48056873E0E869C3
:10FED00000286FD18146686948B13B4632462146C9
:10FEE0002846CDF80080F7F767FC814658E0CEB190
:10FEF000A968B9B12146042910DA214600290DD498
:10FF00002046C11700EB5171C910AA68515C224606
:10FF100002F0070301229A40114000E0002109B1DC
:10FF20004FF00109E7B1B9F1000F19D1E968B9B192
:10FF30002146042910DA214600290DD42046C11794
:10FF400000EB5171C910EA68515C224602F00703C8
:10FF500001229A40114000E0002109B14FF001094F
:10FF6000B8F1000F1CD0B9F1000F19D12969B9B14E
:10FF70002146042910DA214600290DD42046C11754
:10FF800000EB5171C9102A69515C224602F0070347
:10FF900001229A40114000E0002109B14FF001090F
:10FFA000B9F1000F05D00120E86105F1200005F04E
:10FFB00089FA00BF2D68002D89D1BDE8F8830000C3
:10FFC000640200242DE9F04105460F4616462C46F2
:10FFD00000BF44B900BF1CA340F2931225A129A081
:10FFE000DCF7BCFD00BF00BF5CB36078012804D122
:10FFF00001212046F6F7C4FF06E06078042803D10B
:020000040805ED
:1000000001212046F6F760F96068D0B16068B0F869
:10001000640041F65E71884213DD6068B0F86600E6
:100020002C280EDA00BF94F8200000F0EF0084F8CE
:10003000200000BFA06A20B1324602212046A36AF8
:1000400098470020BDE8F0812E2E5C2E2E5C4D6975
:1000500064646C6577617265735C6C7769705C73FE
:1000600072635C6170695C6170695F6D73672E6358
:1000700000000000636F6E6E20213D204E554C4CF9
:1000800000000000417373657274696F6E20222551
:100090007322206661696C6564206174206C696EEE
:1000A0006520256420696E2025730A0070B504461A
:1000B0000D46084804804FF496710748D0F702FABD
:1000C0002846D0F73EFA0646324629460248D0F77F
:1000D000D1F970BDFC030024A0DF03242DE9F04119
:1000E00005460E46144655F8240020A1D0F730FAF4
:1000F00050B956F82400D0F70BFCC7B2394600209F
:10010000FEF77CFDBDE8F08155F824001AA1D0F778
:100110001FFA48B956F82400D0F7FAFBC7B239469F
:100120000120FEF76BFDEDE755F8240015A1D0F78F
:100130000FFA48B956F82400D0F7EAFBC7B239469F
:100140000220FEF75BFDDDE755F8240010A1D0F793
:10015000FFF948B956F82400D0F7DAFBC7B23946A0
:100160000320FEF74BFDCDE700BFCBE77377315F90
:1001700073776974636800007377325F73776974AB
:10018000636800007377335F737769746368000096
:100190007377345F737769746368000070B50446E1
:1001A00065682146284605F079FE0949284609F088
:1001B00053FF084928460AF07DFC022206492846DA
:1001C00008F024FF0549284606F00EFD70BD00002A
:1001D000C9E80408C5FF040805C104084D62030806
:1001E0002DE9F05F07460D46164616B90120BDE819
:1001F000F09F3E484069A84201D80020F7E73B48FD
:10020000008BB04201DA0020F1E732462946384837
:1002100000F06CFA324639463548D0F7A7F908B9EC
:100220000120E4E74FF0000A32463946304800F03A
:1002300039F908B14FF0010A2C48008B401E25EA1D
:1002400000082A48008BB0420BD1002404E0385D3E
:1002500027490855601C84B22448008BA042F6DC74
:1002600010E02248028B4146214800F03FFA1F4827
:10027000008B401E284084B21D4908193246394679
:10028000D0F7F8F84FF0000B00242AE0BAF1010F84
:1002900002D1404600F0CEF81448028B4146144883
:1002A00000F014F932463946284600F023F810B918
:1002B0004FF0010B17E032463946284600F01AF895
:1002C00010B94FF0010B0EE04FF0000903E009F107
:1002D00001001FFA80F942F210708145F7DB601CC3
:1002E00084B2032CD2DB00BF584680E750C0012403
:1002F0006CC001242DE9F04705460E461746E81963
:1003000039494969884202D90120BDE8F0870FB90F
:100310000020FAE7002000F001FB002033490860CC
:100320000321324802680068401C304B1860304896
:100330008154C5F30741184602680068401C1860E4
:100340002B488154C5F30722184601680068401CF9
:10035000186027484254184602680068401C18601C
:1003600023488554E2F7D0FA4FF0000917E04FF424
:1003700080501E490860E2F7C7FA002408E016F82A
:10038000011B1C48005D814200D027E0601C84B244
:10039000B4F5805FF3DB09F101001FFA80F9B9EBD6
:1003A000173FE4D3C7F30B08B8F1000F11DD0F4876
:1003B000C0F80080E2F7A8FA002408E016F8011B54
:1003C0000C48005D814200D008E0601C84B24445C6
:1003D000F4DB012000F0A2FA002096E7012000F0F3
:1003E0009DFA012091E7000050C00124EC01002497
:1003F00050A0012450B0012410B500F083FB002070
:1004000000F08CFA002009490860C72107480268FB
:100410000068401C054B186005488154E2F774FAE7
:10042000012000F07BFA00F091FA10BDEC010024ED
:1004300050A0012410B5044600F064FB002000F039
:100440006DFA0020154908602021144802680068F0
:10045000401C124B186012488154C4F307421846DE
:1004600001680068401C18600D484254C4F307221C
:10047000184601680068401C186009484254184634
:1004800001680068401C186005484454E2F73CFAD3
:10049000012000F043FA00F059FA10BDEC010024ED
:1004A00050A0012470B5034600240BE013F8015B53
:1004B000E843C5B211F8010B284008B1012070BD16
:1004C000601C84B29442F1DB0020F8E72DE9F04192
:1004D00004460E46154681480068814988427DD110
:1004E000022D08DA284605EBD0714910A5EB410131
:1004F00009B1BDE8F08100F005FB002000F00EFA24
:10050000002078490860AD21764802680068401CE8
:10051000744B186074488154C6F30741184602684A
:100520000068401C186070488154C6F307211846C3
:1005300002680068401C18606B48815418460268C5
:100540000068401C18606848865414F8011B18465F
:1005500002680068401C18606348815414F8011B4D
:10056000184602680068401C18605F488154E2F732
:10057000CBF9012000F0D2F900F0E8F9A81E85B20D
:10058000002728E0002000F0C9F900205549086044
:10059000AD21544802680068401C524B1860524814
:1005A000815414F8011B184602680068401C18604A
:1005B0004D48815414F8011B184602680068401C1D
:1005C000186049488154E2F79FF9012000F0A6F92C
:1005D00000F0BCF97F1C05EBD57100E019E0B7EB2A
:1005E000610FCFD3002000F099F900203D49086049
:1005F00004213C4802680068401C3A4B18603A48A5
:100600008154E2F781F9012000F088F900F09EF9A9
:1006100062E04FF0000843E000F074FA002000F0C0
:100620007DF900202F49086002212E4802680068E9
:10063000401C2C4B18602C488154C6F307411846C7
:1006400002680068401C186027488154C6F30721DF
:10065000184602680068401C1860234881541846F8
:1006600002680068401C18601F48865400270AE092
:1006700014F8011B1B4802680068401C194B1860E5
:10068000194881547F1CFF2FF2D9E2F73DF9012070
:1006900000F044F900F05AF906F5807608F10108F7
:1006A000E91705EB1161B8EB212FB5D3002000F05D
:1006B00035F900200B49086004210A4802680068E7
:1006C000401C084B186008488154E2F71DF90120CE
:1006D00000F024F900F03AF900BF0AE750C0012405
:1006E0004125BF00EC01002450A001242DE9F04178
:1006F00080460C46154625B160192B494969884248
:1007000001D9BDE8F081002000F008F90020274958
:1007100008600321254802680068401C234B1860CC
:1007200023488154C4F30741184602680068401CFE
:1007300018601F488154C4F30722184601680068F6
:10074000401C18601A484254184602680068401C51
:10075000186017488454E2F7D7F800270FE04FF4E9
:10076000805012490860E2F7CFF84FF480521149E7
:100770004046CFF77FFE08F58058781C87B2B7EB6C
:10078000153FECD3C5F30B06002E08DD07480660C5
:10079000E2F7BAF8324607494046CFF76BFE012030
:1007A00000F0BCF800BFACE750C00124EC0100240D
:1007B00050A0012450B001242DE9F041002000F0A8
:1007C000ADF800200C4908609F200C4908700420F7
:1007D00009490860E2F798F8094845788678C778AB
:1007E000012000F09BF8280440EA062040EA0704B4
:1007F0002046BDE8F0810000EC01002450A0012457
:1008000050B0012410B5FFF7D7FF30490860084603
:1008100000682F4A811A90423DD007DC2D490844D8
:1008200048B12D490844002841D110E001291AD0CF
:1008300002293CD123E029A12448001DCFF7A3FEC3
:100840004FF4001021494861401208833BE026A183
:100850001E48001DCFF797FE4FF400101B4948615A
:10086000401208832FE023A11848001DCFF78BFE0C
:100870004FF4000015494861C012088323E01FA10E
:100880001248001DCFF77FFE4FF080700F4948617E
:100890000013088317E01BA10C48001DCFF773FE5F
:1008A0004FF4800009494861801208830BE017A1CA
:1008B0000648001DCFF767FE4FF40010034948615A
:1008C0004012088300BF00BF10BD000050C00124CB
:1008D0001640EF00BFDA40FF2C05FDFF53535432A2
:1008E00035564630313642004D5832354C3136306F
:1008F00036450000573235513634000057323551F5
:10090000313238005732355133320000556E6B6E3C
:100910006F7720466C6173680000000010B50446D4
:1009200064B9E1F707FF002211464FF08050E0F76D
:10093000DDFA4FF400000449086004E08020024919
:100940000860E1F7FDFE10BD180C025810B500203C
:10095000FFF7E4FF052013490870022012490860E0
:10096000E1F7D2FF0120FFF7D9FF17E0EFF730F9E9
:100970000020FFF7D3FF05200A49087000204870C7
:10098000022009490860E1F7BFFF0120FFF7C6FF19
:100990000648407800F0010000B900E0E6E700BF3B
:1009A00010BD000050A00124EC01002450B001242F
:1009B0002DE9F05F07460E4615464FF00009C84680
:1009C000C2460024A3464E48008BB6FBF0F100FB64
:1009D000116A4B48008BA0EB0A044948008BB5FB19
:1009E000F0F94748008BB5FBF0F100FB1158BAF164
:1009F000000F29D1B9F1000F08D1AAB2314638460B
:100A0000FFF7EEFB002878D1BDE8F09F0EE03C48F0
:100A1000028B31463846FFF7E3FB08B90020F3E7C5
:100A20003748008B06443648008B0744B9F1000074
:100A3000A9F10109EBD11FFA88F231463846FFF7D8
:100A4000CFFB002859D1DFE7B9F1000F1ED1A04537
:100A500014D9A8EB040BA2B231463846FFF7C0FB0D
:100A600008B90020D0E7264427441FFA8BF231460C
:100A70003846FFF7B5FB00283FD1C5E7AAB231469B
:100A80003846FFF7ADFBB8BB0020BDE72D1B1C4867
:100A9000008BB5FBF0F91A48008BB5FBF0F100FBB9
:100AA0001158A2B231463846FFF79AFB08B9002028
:100AB000AAE7264427440EE01148028B3146384607
:100AC000FFF78EFB08B900209EE70D48008B064417
:100AD0000B48008B0744B9F10000A9F10109EBD1E3
:100AE000B8F1000F09D01FFA88F231463846FFF7F7
:100AF00077FB08B9002087E7FFE7012084E70000C3
:100B000050C0012410B50020FFF708FF002008495D
:100B100008600621064802680068401C044B186003
:100B200004488154E1F7F0FE0120FFF7F7FE10BD05
:100B3000EC01002450A00124F0B5002080E0002149
:100B40007AE0002274E000236EE0002468E00025D3
:100B500062E000EB4017664E06EB871601EB41178B
:100B600006EB071602EB421706EBC70603EB43073B
:100B700006EBC70606EBC40656F82560EEB300EB9D
:100B800040165C4F07EB861601EB411706EB071684
:100B900002EB421706EBC70603EB430706EBC7065B
:100BA00006EBC40606EB8506D6ED000A00EB4017FF
:100BB0004F4E06EB871601EB411706EB071602EBCB
:100BC000421706EBC70603EB430706EBC70606EB27
:100BD000C40656F8256000EE106AB8EE400A80EEB2
:100BE000801A00EB4016444F07EB861601EB4117C5
:100BF00006EB071602EB421700E00BE006EBC70618
:100C000003EB430706EBC70606EBC40606EB8506B7
:100C100086ED001A6E1CF5B2022D9ADB661CF4B24A
:100C2000032C94DB5E1CF3B20B2B8EDB561CF2B252
:100C3000022A88DB4E1CF1B2042982DB461CF0B28A
:100C40000228FFF67CAF00204EE0002148E00022A1
:100C500042E000233CE0002436E0002530E09FED38
:100C6000270A00EB4016234F07EB861601EB4117CE
:100C700006EB071602EB421706EBC70603EB43072A
:100C800006EBC70606EBC40606EB850686ED000AF2
:100C9000002700EB401C164E06EB8C1601EB411CA6
:100CA00006EB0C1602EB421C06EBCC0603EB430CE6
:100CB00006EBCC0606EBC40646F825706E1CF5B2B2
:100CC000022DCCDB661CF4B2032CC6DB5E1CF3B237
:100CD0000B2BC0DB561CF2B2022ABADB4E1CF1B25F
:100CE0000429B4DB461CF0B20228AEDBF0BD0000E4
:100CF000D89800245888002458CA00240000000016
:100D00002DE9F04F2DED028B85B080469FEDD50A81
:100D1000B0EE408A9FEDD30AF0EE408A4FF0000A11
:100D2000D346DFF77BFB04904FF0FF0900200290D1
:100D3000039000258AE1002683E100277CE100245E
:100D400075E14FF0000AD346C74850F8250050F827
:100D5000260050F8270050F824000068006800685A
:100D600028B3C14850F8250050F8260050F8270055
:100D700050F82400006800684068C0B1BA4850F8D4
:100D8000250050F8260050F8270050F8240000688D
:100D90000068006890ED000AB0EE408AB2EE040AE6
:100DA000B4EEC08AF1EE10FA01DB4FF0010AAE4852
:100DB00050F8250050F8260050F8270050F824007D
:100DC00080680068006828B3A74850F8250050F8EC
:100DD000260050F8270050F824008068006840681A
:100DE000C0B1A14850F8250050F8260050F827005F
:100DF00050F8240080680068006890ED000AF0EE6A
:100E0000408AB2EE040AF4EEC08AF1EE10FA01DB79
:100E10004FF0010B944850F8250050F8260050F888
:100E2000270050F82400806800684068E8B38E48C6
:100E300050F8250050F8260050F8270050F82400FC
:100E400080680068406890F8009005EB451087497D
:100E500001EB401006EB461100EBC10007EB471118
:100E600000EB810004EB440110F82100FF283BD087
:100E700005EB45107D4901EB401006EB461100EBF8
:100E8000C10007EB471100EB810004EB440110F8AF
:100E90002100484528D0DFF7C1FA05EB4511734A18
:100EA00002EB411106EB461200E02EE001EBC2011D
:100EB00007EB471201EB820104EB440201EB8201D4
:100EC0004860012005EB4511684A02EB411106EB31
:100ED000461201EBC20107EB471201EB820104EB62
:100EE000440201EB8201087205EB45105F4901EBFA
:100EF000401006EB461100EBC10007EB471100EB79
:100F0000810004EB440100F8219005EB451057499E
:100F100001EB401006EB461100EBC10007EB471157
:100F200000EB810004EB440100EB8100007A48B340
:100F300005EB45104D4901EB401006EB461100EB67
:100F4000C10007EB471100EB810004EB440100EB0B
:100F5000810041680498401AB0F5966F12D90020BC
:100F600005EB4511414A02EB411106EB461201EB3C
:100F7000C20107EB471201EB820104EB440201EBD3
:100F800082010872BAF1000F46D0BBF1000F43D0C6
:100F900005EB4510354901EB401006EB461100EB1F
:100FA000C10007EB471100EB810004EB440100EBAB
:100FB0008100007A78BB00203B4632462946CDE9C5
:100FC00000400220D9F7A0FF08208DF808009DF806
:100FD00009000121A9400843C0B28DF809009DF81D
:100FE0000A000121B1400843C0B28DF80A009DF803
:100FF0000B100120B8400143C8B28DF80B00BDF8BA
:101000000C100120A040014388B2ADF80C00002074
:101010008DF80E0009E0FFE700203B4632462946E6
:10102000CDE900400220D9F748FF601CC4B20B2C68
:10103000FFF687AE781CC7B2022FFFF680AE701C99
:10104000C6B2042EFFF679AE681CC5B2022DFFF6BB
:1010500072AEDDE90201C8E9000105B0BDEC028B0A
:10106000BDE8F08F000000007800002498140124EF
:101070002DE9F04F2DED028B87B0834601200690BD
:1010800000200590039004900024B3E00025ACE01C
:101090004FF0010A0020059000266CE0002761E077
:1010A0004FF0000855E0714850F8240050F8250032
:1010B00050F8260050F8270050F8280000684068D3
:1010C000A0B36A4850F8240050F8250050F82600D4
:1010D00050F8270050F828000068006830B301205D
:1010E0000590624850F8240050F8250050F826007A
:1010F00050F8270050F828000068406890F80090E9
:101100005A4850F8240050F8250050F8260050F8AE
:10111000270050F828000068006890ED008AB9F1B7
:10112000010F04D14FF0000A002006900DE0B9F144
:10113000000F0AD1B2EE040AB4EEC08AF1EE10FA42
:1011400003DD4FF0000A0020069008F1010000F0D6
:10115000FF08B8F1030FA6DBBAF1000F00D103E0DE
:10116000781CC7B20B2F9BDB00BFBAF1000F00D178
:1011700003E0701CC6B2022E90DB00BFBAF1000F74
:1011800028D0059830B30020009003462A46214617
:1011900001900120D9F7B8FE9DF80C0040F0040042
:1011A0008DF80C009DF80D000121A1400843C0B24C
:1011B0008DF80D009DF80E000121A9400843C0B232
:1011C0008DF80E0000208DF80F00ADF810008DF89E
:1011D000120008E00020009003462A4621460190B4
:1011E0000120D9F76AFE681CC5B2042DFFF650AF86
:1011F000601CC4B2022CFFF649AF069820B39DF8DC
:101200000C0040F002008DF80C0000200090034616
:10121000024601460190FF20D9F776FE002410E037
:1012200000250AE00020009003462A46214601904E
:101230000120D9F742FE681CC5B2042DF2DB601C08
:10124000C4B2022CECDB08E000200090034602460A
:1012500001460190FF20D9F730FEDDE90301CBE91B
:10126000000107B0BDEC028BBDE8F08F78000024D0
:101270002DE9F14F2DED028B8CB04FF0000BDFF715
:10128000CDF8814600200B9009900A90FE4903C9D1
:10129000CDE90701FDA0006806900020DDF73EFDC6
:1012A0008DF818000120DDF739FD8DF819000020B8
:1012B0000390049005900026FEE30027FDE34FF025
:1012C0000008FFE30024FEE30025FDE3F04850F8AA
:1012D000260050F8270050F8280050F8240050F855
:1012E000250000684068D8B1E94850F8260050F859
:1012F000270050F8280050F8240050F82500006816
:10130000006868B1E24850F8260050F8270050F80D
:10131000280050F8240050F825000068806880B943
:1013200043463A4631460320CDE90045D9F7C5FD8D
:1013300043463A4631460420CDE90045D9F7BDFD84
:10134000CFE2D34850F8260050F8270050F8280084
:1013500050F8240050F825000068406890F800A07C
:10136000CB4850F8260050F8270050F8280050F8D5
:10137000240050F825000068006890ED008AC448F9
:1013800050F8260050F8270050F8280050F82400A4
:1013900050F825000068806890F800B006EB461011
:1013A00000EBC000BB4901EB401007EB471101EB1C
:1013B000C10100EBC10008EB481101EBC10100EBDA
:1013C000810004EBC40101EB410100EB810005EB5E
:1013D000C50100EB8100007DE8BBBBF1010F40D1EE
:1013E000DFF71CF806EB461101EBC101A94A02EB3D
:1013F000411107EB471202EBC20201EBC20108EBFD
:10140000481202EBC20201EB820104EBC40202EBC0
:10141000420201EB820105EBC50201EB820188610A
:10142000012106EB461000EBC0009A4A02EB401087
:1014300007EB471202EBC20200EBC20008EB4812B6
:1014400002EBC20200EB820004EBC40202EB420298
:1014500000EB820000E004E005EBC50200EB820037
:10146000017706EB461000EBC0008A4901EB401003
:1014700007EB471101EBC10100EBC10008EB48117C
:1014800001EBC10100EB810004EBC40101EB410160
:1014900000EB810005EBC50100EB810080F814B082
:1014A00006EB461000EBC0007A4901EB401007EB59
:1014B000471101EBC10100EBC10008EB481101EB42
:1014C000C10100EB810004EBC40101EB410100EB21
:1014D000810005EBC50100EB8100007FF0B3DEF772
:1014E0009DFF8146CDF80C9006EB461000EBC00046
:1014F000684901EB401007EB471101EBC10100EB1C
:10150000C10008EB481101EBC10100EB810004EBC5
:10151000C40101EB410100EB810005EBC50100EBCB
:1015200081008069A9EB000040F6B831884200D202
:1015300097E3012006EB461101EBC101554A02EB8E
:10154000411107EB471202EBC20201EBC20108EBAB
:10155000481202EBC20201EB820100E02BE004EB37
:10156000C40202EB420201EB820105EBC50201EB72
:10157000820181F82000002106EB461000EBC0003C
:10158000444A02EB401007EB471202EBC20200EBA9
:10159000C20008EB481202EBC20200EB820004EB2F
:1015A000C40202EB420200EB820005EBC50200EB35
:1015B0008200017754E306EB461000EBC00035498A
:1015C00001EB401007EB471101EBC10100EBC1003B
:1015D00008EB481101EBC10100EB810004EBC401F1
:1015E00001EB410100EB810005EBC50110F8210082
:1015F00050457DD006EB461000EBC000254901EBBD
:10160000401007EB471101EBC10100EBC10008EBF3
:10161000481101EBC10100EB810004EBC40101EBB7
:10162000410100EB810005EBC50110F8210098BBDA
:10163000BAF1010F48D1DEF7F1FE06EB461101EBDE
:10164000C101144A02EB411107EB471202EBC2023F
:1016500001EBC20108EB481202EBC20201EB82016E
:1016600004EBC40202EB420201EB820105EBC5026E
:1016700001EB8201C860012006EB461101EBC101BC
:10168000044A02EB411108E0F0F60508233C000093
:1016900078000024D81C012416E007EB471202EB67
:1016A000C20201EBC20108EB481202EBC20201EBDD
:1016B000820104EBC40202EB420201EB820105EB62
:1016C000C50201EB8201087406EB461000EBC00076
:1016D000FA4901EB401007EB471101EBC10100EBA8
:1016E000C10008EB481101EBC10100EB810000E0F3
:1016F0006AE004EBC40101EB410100EB810005EB62
:10170000C50110F82100012841D1BAF1000F3ED1E6
:10171000DEF784FE06EB461101EBC101E74A02EB5E
:10172000411107EB471202EBC20201EBC20108EBC9
:10173000481202EBC20201EB820104EBC40202EB8D
:10174000420201EB820105EBC50201EB8201486018
:10175000012006EB461101EBC101D84A02EB411111
:1017600007EB471202EBC20201EBC20108EB481281
:1017700002EBC20201EB820104EBC40202EB420263
:1017800001EB820105EBC50201EB8201087206EB59
:10179000461000EBC000C94901EB401007EB4711B0
:1017A00001EBC10100EBC10008EB481101EBC101E5
:1017B00000EB810004EBC40101EB410100EB81006F
:1017C00005EBC50100F821A006EB461000EBC000B8
:1017D000BA4901EB401007EB471101EBC10100EBE7
:1017E000C10008EB481101EBC10100EB810004EBE3
:1017F000C40101EB410100EB810005EBC50100EBE9
:101800008100007C01286DD1DEF708FE814606EBE1
:10181000461000EBC000A94901EB401007EB47114F
:1018200001EBC10100EBC10008EB481101EBC10164
:1018300000EB810004EBC40101EB410100EB8100EE
:1018400005EBC50100EB8100C068A9EB00000B901F
:10185000CDF8109040F2DC510B98884241D3BAF198
:10186000010F3ED1002006EB461101EBC101934A66
:1018700002EB411107EB471202EBC20201EBC2017E
:1018800008EB481202EBC20201EB820104EBC40236
:1018900002EB420201EB820105EBC50201EB820182
:1018A00081F8200006EB461101EBC101834A02EBEF
:1018B000411107EB471202EBC20201EBC20108EB38
:1018C000481202EBC20201EB820104EBC40202EBFC
:1018D000420201EB820105EBC50201EB82010874B3
:1018E00000E0BEE106EB461000EBC000734901EBDF
:1018F000401007EB471101EBC10100EBC10008EB01
:10190000481101EBC10100EB810004EBC40101EBC4
:10191000410100EB810005EBC50100EB8100007A7D
:1019200001284CD1DEF77AFD8146CDF8149006EB04
:10193000461000EBC000614901EB401007EB471176
:1019400001EBC10100EBC10008EB481101EBC10143
:1019500000EB810004EBC40101EB410100EB8100CD
:1019600005EBC50100EB81004068A9EB000040F2E7
:10197000DC51884222D3BAF1000F1FD1002006EBC0
:10198000461101EBC1014D4A02EB411107EB471231
:1019900002EBC20201EBC20108EB481202EBC202E9
:1019A00001EB820104EBC40202EB420201EB820173
:1019B00005EBC50201EB8201087251E151E1BAF178
:1019C000000FFAD106EB46103D4901EB801007EB02
:1019D000471100EB011008EB481100EBC10004EBCC
:1019E000440100EBC10000EBC50006EB461101EB22
:1019F000C101324A02EB411107EB471202EBC2026E
:101A000001EBC20108EB481202EBC20201EB8201BA
:101A100004EBC40202EB420201EB820105EBC502BA
:101A200001EB820191F8201000EB810090ED000A9B
:101A300006EB461000EBC000204901EB401007EB1D
:101A4000471101EBC10100EBC10008EB481101EBAC
:101A5000C10100EB810004EBC40101EB410100EB8B
:101A6000810005EBC50100EB810090F8200007A97B
:101A700001EB800080ED000A06EB461000EBC00091
:101A80000E4901EB401007EB471101EBC10100EBE0
:101A9000C10008EB481101EBC10100EB810004EB30
:101AA000C40101EB410100EB810005EBC50100EB36
:101AB000810090F8200008E0ECE0E6E0D81C01246A
:101AC00058CA0024DBE0D3E0CDE007A901EB800099
:101AD000D0ED000A9DF8180000EE100AB8EE400A9A
:101AE00060EE800A9FED711A80EE810AB4EEC80A9A
:101AF000F1EE10FA37DB9DF8240040F010008DF86D
:101B000024009DF825100120B0400143C8B28DF893
:101B100025009DF826000121B9400843C0B28DF888
:101B200026009DF82700012101FA08F10843C0B200
:101B30008DF82700BDF828000121A140084380B29C
:101B4000ADF828009DF82A100120A8400143C8B232
:101B50008DF82A0043463A4631460320CDE9004538
:101B6000D9F7D2F97CE006EB461000EBC0005049F3
:101B700001EB401007EB471101EBC10100EBC10085
:101B800008EB481101EBC10100EB810004EBC4013B
:101B900001EB410100EB810005EBC50100EB810089
:101BA00090F8200007A901EB8000D0ED000A9DF815
:101BB000190000EE100AB8EE400A60EE800A9FEDB0
:101BC0003B1A80EE810AB4EEC80AF1EE10FA37DB58
:101BD0009DF8240040F020008DF824009DF8251089
:101BE0000120B0400143C8B28DF825009DF82610B1
:101BF0000120B8400143C8B28DF826009DF82700A7
:101C0000012101FA08F10843C0B28DF82700BDF8A0
:101C100028100120A040014388B2ADF828009DF8AB
:101C20002A100120A8400143C8B28DF82A0043467B
:101C30003A4631460420CDE90045D9F765F90FE071
:101C400043463A4631460320CDE90045D9F735F9F8
:101C500043463A4631460420CDE90045D9F72DF9EF
:101C600000BF681CC5B2032DFFF630AB601CC4B2C8
:101C70000B2CFFF629AB08F1010000F0FF08B8F1CA
:101C8000020FFFF61FAB781CC7B2042FFFF617AB8D
:101C9000701CC6B2022EFFF610ABDDE909120E98D9
:101CA00006C00CB0BDEC028BBDE8F88F0000C84246
:101CB000D81C012410B541F284010448CEF702FC7F
:101CC00000F04EFA01F0BAFD10BD0000904E002465
:101CD00010B542F644110348CEF7F4FB01F0DEFDE7
:101CE00010BD0000145F0024F0B50020FDE00021CD
:101CF000F6E00022EFE00023E8E00024E1E0002528
:101D000000EB401606EB86067A4F07EB461601EB12
:101D1000411707EB870706EBC70602EB421707EBF5
:101D2000870706EB8706C3EB031706EB870604EB72
:101D3000840706F8275000EB401606EB86066D4F29
:101D400007EB461601EB411707EB870706EBC706C3
:101D500002EB421707EB870706EB8706C3EB031777
:101D600006EB870604EB840706EB8706757000EB2D
:101D7000401606EB86065F4F07EB461601EB411750
:101D800007EB870706EBC70602EB421707EB87074F
:101D900006EB8706C3EB031706EB870604EB840705
:101DA00006EB8706756000EB401606EB8606514F82
:101DB00007EB461601EB411707EB870706EBC70653
:101DC00002EB421707EB870706EB8706C3EB031707
:101DD00006EB870604EB840706EB8706357200EBFB
:101DE000401606EB8606434F07EB461601EB4117FC
:101DF00007EB870706EBC70602EB421707EB8707DF
:101E000006EB8706C3EB031706EB870604EB840794
:101E100006EB8706F56000EB401606EB8606354FAD
:101E200007EB461601EB411707EB870706EBC706E2
:101E300002EB421707EB870706EB8706C3EB031796
:101E400006EB870604EB840706EB8706357400EB88
:101E5000401606EB8606274F07EB461601EB4117A7
:101E600007EB870706EBC70602EB421707EB87076E
:101E700006EB8706C3EB031706EB870604EB840724
:101E800006EB8706757400EB401606EB8606194FC5
:101E900007EB461601EB411707EB870706EBC70672
:101EA00002EB421707EB870706EB8706C3EB031726
:101EB00006EB870604EB840706EB8706B574651C02
:101EC000ECB2032CFFF61BAF5D1CEBB20B2BFFF645
:101ED00014AF551CEAB2022AFFF60DAF4D1CE9B251
:101EE0000429FFF606AF451CE8B20228FFF6FFAE54
:101EF000F0BD000058EB002410B52F48007830B139
:101F0000012815D0022834D0032852D142E02B48B2
:101F1000007860B1002029490870DEF77FFA28496F
:101F2000086000202749088001202349087041E00B
:101F3000DEF774FA244908600846006820490968F9
:101F4000401A4FF47A71B0FBF1F01E49088000F09E
:101F50008FFB01F0EFFD1B480088B0F5967F07DB93
:101F60001848018819A0DAF7F9FD02201249087013
:101F700020E0FEF7E1FD01F0FDFC01F08FFC01F037
:101F800075FCDDF70BF800201549088003200A498D
:101F900008700FE012480088401C1149088008466C
:101FA0000088642804DBDCF7F1FF00200249087098
:101FB00000E000BF00BF10BDC60000246C0000247C
:101FC000C8000024D0000024CC000024646574659F
:101FD00063745F74696D653A2025640A000000002F
:101FE000D200002407480088401C064908800846A3
:101FF0000088B0F5167F04DB00200880012002492C
:1020000008707047C40000246C00002410B5002044
:1020100021E000211BE09FED1B0AC0EB40121A4B90
:1020200003EB8202121D02EB810282ED000A002303
:10203000C0EB4012144C04EB820264325354C0EBE8
:10204000401204EB8202703253544A1CD1B20C2964
:10205000E1DB421CD0B20428DBDB00200EE00021D3
:1020600008E0002200EB4003084C04EB83035A54C1
:102070004A1CD1B20C29F4DB421CD0B20428EEDB9E
:1020800010BD000000000000000000300020003003
:102090002DE9F04104460026002500272D4830F8A0
:1020A000140000F40040002845D02A4810F81450CD
:1020B000294800EB04200078F0283AD1264800EBAC
:1020C00004204078F02834D1052D30DB691F224AE6
:1020D00002EB0422901CE0F7B1FC06461E4800EB20
:1020E0000421E81E085CB0421FD11B4800EB04200D
:1020F0008078C4EB4411194A02F82100164800EB1D
:102100000420C078C4EB441102EB81014870124AEC
:1021100002EB0422111DC4EB4412104B03EB8202AC
:10212000101D7822CEF7A6F906E0032704E0042765
:1021300002E0022700E001270020064921F81400F0
:10214000054901EB04208021CEF7BCF93846BDE8F3
:10215000F08100006E000024F01500240000003023
:10216000F0B500206AE0002164E000225EE0002378
:1021700058E0002452E0002500EB4016314F07EBF9
:10218000461601EB411706EBC70602EB421706EBBA
:10219000870603EB430706EB870656F82460356095
:1021A00000EB4016274F07EB461601EB411706EBF5
:1021B000C70602EB421706EB870603EB430706EB65
:1021C000870656F82460B56000EB40161D4F07EBFC
:1021D000461601EB411706EBC70602EB421706EB6A
:1021E000870603EB430706EB870656F82460756005
:1021F00000EB4016134F07EB461601EB411706EBB9
:10220000C70602EB421706EB870603EB430706EB14
:10221000870656F82460F560651CECB2032CAADB37
:102220005D1CEBB20B2BA4DB551CEAB2022A9EDB31
:102230004D1CE9B2042998DB451CE8B2022892DB68
:10224000F0BD0000F03A00247FB50020029003901A
:102250000024002500266846FEF70AFFDDE900019C
:10226000CDE902019DF808005749097888420BD151
:102270009DF8090054494978884205D19DF80A0023
:1022800051498978884200D00124A4B19DF8080002
:1022900000F0020018B14DA0DAF760FC0BE09DF8E9
:1022A000080000F0040030B19DF80A209DF80910E4
:1022B0004AA0DAF753FC4448DDE9021206C068463A
:1022C000FEF71EFDDDE90001CDE902019DF80900E0
:1022D00049494978884211D19DF80A0046498978D0
:1022E00088420BD19DF80B004349C978884205D13B
:1022F000BDF80C0040498988884200D0012585B18D
:102300009DF8080000F0080058B1BDF80C000090DE
:102310009DF80B309DF80A209DF8091037A0DAF7D8
:102320001DFC3548DDE9021206C06846FEF7A0FF35
:10233000DDE90001CDE902019DF808003A4909787C
:1023400088421DD19DF8090037494978884217D144
:102350009DF80A0034498978884211D19DF80B0014
:102360003149C97888420BD1BDF80C002E498988C3
:10237000884205D19DF80E002B498979884200D00A
:1023800001269EB19DF8080000F0100070B19DF884
:102390000E00BDF80C10CDE900109DF80B309DF833
:1023A0000A209DF8091021A0DAF7D8FB1E48DDE9C4
:1023B000021206C00CB905B926B10024002500267A
:1023C000DCF764FD7FBD0000D40000246C65645F11
:1023D000616C6C5F6F66660A000000006C65645F8C
:1023E0006469725F6F66663A2030782532782E2EE7
:1023F0002E30782532780A00DC00002472675F7383
:10240000696D3A203078253032782E2E2E3078259E
:102410003032782E2E2E3078253032782E2E2E30F7
:1024200078253032780A0000E400002473696E6772
:102430006C655F6E6F5F6C696768743A20307825F1
:102440003032782E2E2E3078253032782E2E2E30C7
:1024500078253032782E2E2E3078253032782E2E78
:102460002E3078253032780A0000000070B5002048
:102470009CE0504D05EB00154F4E46F820500021D2
:102480008FE04E4D05EB401505EBC1054A4E56F861
:10249000206046F8215000227EE000EB400505EB6D
:1024A000C005474E06EB451501EB410606EBC1069C
:1024B00005EBC60502EB420606EBC20605EB8605F8
:1024C0003D4E56F8206056F8216046F82250002311
:1024D0005EE000EB40153B4E06EB451501EB411667
:1024E00005EBC60502EB421605EB860503EB43063A
:1024F00005EB8605304E56F8206056F8216056F8F8
:10250000226046F8235000243EE000EB40152E4E9A
:1025100006EB451501EB411605EBC60502EB42162D
:1025200005EB860503EB430605EB860505EB840505
:10253000214E56F8206056F8216056F8226056F871
:10254000236046F8245000EB4015204E06EBC515DD
:1025500001EB411605EB461502EB421605EB06159D
:1025600003EB430605EB061505EB0415124E56F872
:10257000206056F8216056F8226056F8236056F81D
:1025800024603560651CECB2032CBEDB5D1CEBB235
:102590000B2B9EDB551CEAB2022AFFF67EAF4D1CC8
:1025A000E9B20429FFF66DAF451CE8B20228FFF638
:1025B00060AF70BD704E002478000024304E0024BF
:1025C000704B002430430024F03A0024F01900241A
:1025D00010B5002047E0002141E0FF2200EB40134E
:1025E000224C04EB431301EB410404EBC10403EB65
:1025F000C4035A7000EB40131C4C04EB431301EB73
:10260000410404EBC10403F83420002200EB401322
:10261000164C04EB431301EB410404EBC10403EB40
:10262000C40383F8542000EB4013104C04EB431315
:1026300001EB410404EBC10403EBC40383F8552010
:1026400000EB4013094C04EB431301EB410404EB92
:10265000C10403EBC40383F856204A1CD1B20C29F1
:10266000BBDB421CD0B20428B5DB10BDD8DA002495
:1026700070B500240025002600BFBDE10025B6E1AD
:10268000C4EB4410DE4901EB80006430405D04EB94
:102690004411DC4A02EB411105EB450202EBC50295
:1026A00001EBC201487004EB4410D64901EB401025
:1026B00005EB450101EBC50100EBC100407804EBDF
:1026C0004411D04A02EB411105EB450202EBC50271
:1026D00011F8321088427DD004EB4410C94901EB57
:1026E000401005EB450101EBC50100EBC10040784E
:1026F000E8BB04EB4410C34901EB401005EB450176
:1027000001EBC50100EBC10090F855000A2839DA49
:10271000DDF784FE04EB4411BA4A02EB411105EBEC
:10272000450202EBC50201EBC201091D04EB441294
:10273000B44B03EB421205EB450303EBC50302EB7D
:10274000C30292F8552041F8220004EB4410AD4931
:1027500001EB401005EB450101EBC50100EBC100A9
:1027600090F85500401C04EB4411A64A00E00AE032
:1027700002EB411105EB450202EBC50201EBC20180
:1027800081F8550064E004EB44109E4901EB4010D1
:1027900005EB450101EBC50100EBC10040780128C4
:1027A00056D104EB4410974901EB401005EB45016D
:1027B00001EBC50100EBC10090F854000A2839DA9A
:1027C000DDF72CFE04EB44118E4A02EB411105EBC0
:1027D000450200E054E002EBC50201EBC2012C31DE
:1027E00004EB4412874B03EB421205EB450303EB6A
:1027F000C50302EBC30292F8542041F8220004EB17
:102800004410804901EB401005EB450101EBC50187
:1028100000EBC10090F85400401C04EB4411794ACD
:1028200002EB411105EB450202EBC50201EBC201CF
:1028300081F85400002004EB4411724A02EB41116C
:1028400005EB450202EBC50201EBC20181F856001F
:1028500004EB44106B4901EB401005EB450101EB23
:10286000C50100EBC100407804EB4411654A02EB5E
:10287000411105EB450202EBC50201F83200B4E05C
:1028800004EB44105F4901EB401005EB450101EBFF
:10289000C50100EBC10090F8550000287DDD04EB78
:1028A0004410584901EB401005EB450101EBC5010F
:1028B00000EBC10090F8540000286EDD04EB4410DA
:1028C000504901EB401005EB450101EBC50100EB60
:1028D000C1004078012860D104EB4410494901EB64
:1028E000401005EB450101EBC50100EBC10090F87C
:1028F0005600401C04EB4411424A02EB411105EB27
:10290000450202EBC50201EBC20181F8560004EB5F
:1029100044103C4901EB401005EB450101EBC501BA
:1029200000EBC10090F856000F285EDB04EB44106A
:10293000344901EB401005EB450101EBC50100EB0B
:10294000C1002C3004EB44112E4A02EB411105EB7F
:10295000450202EBC50201EBC20191F85410491E79
:1029600050F8210004EB4411264A02EB411105EB1B
:10297000450202EBC50201EBC2014968461A06F1A5
:10298000C8004FF47A71B0FBF1F004EB44011E4A29
:1029900002EB81014855002000E026E004EB4411E1
:1029A000184A02EB411105EB450202EBC50201EBAF
:1029B000C20181F8560004EB4411124A02EB4111A6
:1029C00005EB450202EBC50201EBC20181F85400A0
:1029D00004EB44110B4A02EB411105EB450202EBFB
:1029E000C50201EBC20181F85500681CC5B20C2D6F
:1029F000FFF646AE601CC4B2042CFFF63FAE70BDBD
:102A000000000030D8DA0024002000307FB51448E0
:102A1000FCF7C2FED8B9002512E01148001D00EBFA
:102A2000C504E079A17962792379CDE90032CDE955
:102A30000210E378A27861782078D8F70DF86D1C41
:102A400007480068A842E8D8002004B070BD41F2F1
:102A500084010348CDF736FD4FF0FF30F5E7000065
:102A6000904E002410B50748FCF7E6FE08B9002098
:102A700010BD4FF484510348CDF724FD4FF0FF30D3
:102A8000F6E7000058CA002410B50748FCF724FFF9
:102A900008B9002010BD42F644110348CDF712FDDD
:102AA0004FF0FF30F6E70000145F00242DE9F04FEF
:102AB00080460C4609AD95E8E0104FF00009B8F1EA
:102AC000000F50D100201AE0DFF850A10AEBC0013E
:102AD00091F800A0BAF1000F10D191F801A0A24521
:102AE0000CD191F802A0924508D1CB700D714E71B6
:102AF0008F7181F807C04FF0010905E0401C47497C
:102B0000091F09688142DFD800BFB9F1000F58D111
:102B1000002022E0DFF804A10AEBC00191F800A038
:102B2000BAF1000F18D191F803A09A4514D191F889
:102B300004A0AA4510D191F805A0B2450CD191F896
:102B400006A0BA4508D191F807A0E24504D14C701F
:102B50008A704FF0010905E0401C3049091F0968DF
:102B60008142D7D82DE0B8F1010F2AD1002022E010
:102B7000DFF8A8A00AEBC00191F800A0BAF1010F9C
:102B800018D191F803A09A4514D191F804A0AA4550
:102B900010D191F805A0B2450CD191F806A0BA4524
:102BA00008D191F807A0E24504D14C708A704FF02B
:102BB000010905E0401C1949091F09688142D7D85D
:102BC00000BFB9F1000F26D11449091F0968B1F5FA
:102BD000047F20D2DFF844A0AAF1040ADAF800B09A
:102BE000DFF838A00AEBCB0181F800804C708A70C6
:102BF000CB700D714E718F7181F807C0AAF1040A74
:102C0000DAF800A00AF1010ADFF810B0ABF1040B0A
:102C1000CBF800A000BFBDE8F08F0000944E002468
:102C200070B505460C46224629460648CDF722FCDB
:102C300044F400400449088021462846CDF742FC70
:102C400070BD0000F01500246E00002470B505462C
:102C50000C46224629460648CDF70CFC44F40040B9
:102C60000449488021462846CDF72CFC70BD000061
:102C7000F01600246E00002470B505460C4622466E
:102C800029460648CDF7F6FB44F400400449888005
:102C900021462846CDF716FC70BD0000F017002431
:102CA0006E00002470B505460C46224629460648AB
:102CB000CDF7E0FB44F400400449C8802146284693
:102CC000CDF700FC70BD0000F01800246E00002459
:102CD0002DE9F04FA7B004460F46DBF7DDFE269046
:102CE0000025002025902490402114A8CDF7EAFB70
:102CF000A846232229466D1C625429466D1C625445
:102D0000302229466D1C625429466D1C62542946A6
:102D10006D1C625429466D1C6254402114A8CDF7E5
:102D2000D1FB9EA114A8D9F729FF14A92046CDF7FD
:102D3000D4FB402114A8CDF7C5FB269899A10268C1
:102D400014A8D9F71BFF14A92046CDF7C6FB4021D4
:102D500014A8CDF7B7FB112294A114A8D9F70EFF40
:102D600014A92046CDF7B9FB402114A8CDF7AAFB42
:102D7000E62291A114A8D9F701FF14A92046CDF7A6
:102D8000ACFB90A12046CDF7A8FB402114A8CDF7BD
:102D900099FB0020DBF7F6FE064632468BA114A80D
:102DA000D9F7ECFE14A92046CDF797FB402114A8D3
:102DB000CDF788FB874888A1026814A8D9F7DEFE02
:102DC00014A92046CDF789FB00269FE08148001D0D
:102DD00000EBC60103C9CDE912019DF8480011902E
:102DE0009DF8490010909DF84A000F909DF84B0007
:102DF0000E909DF84C000D909DF84D000C909DF8A4
:102E00004E909DF84F000B900E9808B9412000E0BD
:102E100042200A904FF0410A0D9830B1012807D0A6
:102E2000022808D003280CD108E04FF0410A08E03E
:102E30004FF0420A05E04FF0430A02E04FF0440A27
:102E400000BF00BF0C9808B9412000E04220099063
:102E50004FF0410BB9F10B0F28D2DFE809F006095A
:102E60000C0F1215181B1E2124004FF0410B1DE002
:102E70004FF0420B1AE04FF0430B17E04FF0440BBA
:102E800014E04FF0450B11E04FF0460B0EE04FF011
:102E9000470B0BE04FF0480B08E04FF0490B05E003
:102EA0004FF04A0B02E04FF04B0B00BF00BF412038
:102EB00008900B9820B1012805D0022809D105E01F
:102EC0004120089005E04220089002E0432008904D
:102ED00000BF00BF402114A8CDF7F4FADDE90801D6
:102EE000CDE9041BCDF80CA00690DDE90F210A986E
:102EF000CDE900120290721C39A114A8119BD9F7D8
:102F00003DFE14A92046CDF7E8FA761C314800684A
:102F1000B0423FF65BAF38A12046CDF7DEFA20463F
:102F2000CDF70FFB80B225902598821F33A114A8FE
:102F3000D9F724FE9DF85000A0709DF85100E07074
:102F40009DF8520020719DF8530060712AA120461F
:102F5000CDF7CFFA8046B8F1000F02D100203880BB
:102F600019E04046CDF7EDFA064631464046DFF718
:102F700065FD2490402114A8CDF7A4FA21A114A83E
:102F8000249AD9F7FBFD14A92046CDF7A6FA2046CE
:102F9000CDF7D7FA388027B0BDE8F08F514E3D30DD
:102FA0003B0000005449443D25643B005645523DDA
:102FB000253032783B000000434D443D25303278C7
:102FC0003B00000043503D262600000044543D25B0
:102FD000733B0000904E0024434E3D25643B0000AF
:102FE000434625643D2564256425642563256325C2
:102FF00063256325633B00002626000025303464EA
:103000000000000025303278232300002DE9F04F26
:10301000D5B004468A46DBF73FFD54904FF00009D7
:10302000002053905290402142A8CDF74BFA002047
:103030004190B02115A8CDF745FA2322494609F160
:1030400001096254494609F1010962543022494696
:1030500009F101096254494609F1010962544946DE
:1030600009F101096254494609F1010962544021FC
:1030700042A8CDF727FADEA142A8D9F77FFD42A9E1
:103080002046CDF72AFA402142A8CDF71BFA5498E2
:10309000D9A1026842A8D9F771FD42A92046CDF70F
:1030A0001CFA402142A8CDF70DFA1122D4A142A862
:1030B000D9F764FD42A92046CDF70FFA402142A876
:1030C000CDF700FAE522D1A142A8D9F757FD42A9D0
:1030D0002046CDF702FAD0A12046CDF7FEF94021D7
:1030E00042A8CDF7EFF90020DBF74CFD05462A4654
:1030F000CBA142A8D9F742FD42A92046CDF7EDF970
:103100004FF0000B2AE1C84800EBCB0103C9CDE921
:1031100013019DF84C0000B11EE19DF84F609DF831
:1031200050709DF851809DF8525006EB460000EB20
:10313000C60015A901EBC00007EB470101EBC70171
:1031400000EB410008EB480101EBC8010844405D79
:1031500000B101E1012006EB460101EBC60115AA11
:1031600002EBC10107EB470202EBC70201EB420190
:1031700008EB480202EBC802114448550EB9412041
:1031800000E0422012904120119037B1012F07D06A
:10319000022F08D0032F0CD108E04120119008E045
:1031A0004220119005E04320119002E0442011904C
:1031B00000BF00BFB8F1000F01D1412000E0422064
:1031C000109041200F900B2D28D2DFE805F0060962
:1031D0000C0F1215181B1E21240041200F901DE01A
:1031E00042200F901AE043200F9017E044200F90E8
:1031F00014E045200F9011E046200F900EE047208C
:103200000F900BE048200F9008E049200F9005E058
:103210004A200F9002E04B200F9000BF00BF4021DA
:1032200042A8CDF74FF906EB4610804901EB80101C
:1032300007EB471100EB011008EB481100EBC10050
:1032400005EB450100EBC10090ED050AB7EEC00AA1
:103250008DED0C0B06EB4610744901EB801007EB6B
:10326000471100EB011008EB481100EBC10005EB22
:10327000450100EBC10090ED040AB7EEC00A8DEDE8
:103280000A0B06EB4610694901EB801007EB47116A
:1032900000EB011008EB481100EBC10005EB450104
:1032A00000EBC10090ED030AB7EEC00A8DED080BEC
:1032B00006EB46105D4901EB801007EB471100EB70
:1032C000011008EB481100EBC10005EB450100EBD4
:1032D000C10090ED020AB7EEC00A8DED060B06EBB9
:1032E0004610524901EB801007EB471100EB01102B
:1032F00008EB481100EBC10005EB450100EBC100F4
:1033000090ED010AB7EEC00A8DED040B06EB4610F6
:10331000464901EB801007EB471100EB011008EB69
:10332000481100EBC10005EB450100EBC10090ED39
:10333000000AB7EEC00A8DED020BDDE90F10CDE9F2
:1033400000013BA142A8DDE91132D9F717FC42A9DF
:103350002046CDF7C2F800BF0BF1010B3248001F29
:10336000006858453FF6CFAE3BA12046CDF7B5F8F3
:103370002046CDF7E6F880B253905398821F37A1CC
:1033800042A8D9F7FBFB9DF80801A0709DF8090140
:10339000E0709DF80A0120719DF80B0160712EA16B
:1033A0002046CDF7A6F84190419818B90020AAF818
:1033B00000001AE04198CDF7C4F805462946419827
:1033C000DFF73CFB5290402142A8CDF77BF825A1C6
:1033D00042A8529AD9F7D2FB42A92046CDF77DF8F0
:1033E0002046CDF7AEF8AAF8000055B0BDE8F08F42
:1033F000514E3D303B0000005449443D25643B00A4
:103400005645523D253032783B000000434D443D47
:10341000253032783B00000043503D262600000056
:1034200044543D25733B0000944E002458CA0024A8
:1034300025632563256325633D252E32662C252EC5
:1034400032662C252E32662C252E32662C252E3205
:10345000662C252E32663B0026260000253034647B
:103460000000000025303278232300002DE9F04FC2
:10347000CDB004468B46DBF70FFB4C9000260020B6
:103480004B904A9040213AA8CDF71CF80020399083
:10349000B0210DA8CDF716F823223146761C6254D0
:1034A0003146761C625430223146761C62543146D5
:1034B000761C62543146761C62543146761C625446
:1034C00040213AA8CCF7FEFFC2A13AA8D9F756FB93
:1034D0003AA92046CDF701F840213AA8CCF7F2FFEF
:1034E0004C98BEA102683AA8D9F748FB3AA92046F1
:1034F000CCF7F3FF40213AA8CCF7E4FF1122B9A1A1
:103500003AA8D9F73BFB3AA92046CCF7E6FF402181
:103510003AA8CCF7D7FFE422B5A13AA8D9F72EFBF9
:103520003AA92046CCF7D9FFB4A12046CCF7D5FF65
:1035300040213AA8CCF7C6FF0020DBF723FB054665
:103540002A46B0A13AA8D9F719FB3AA92046CCF7E8
:10355000C4FF4FF0000AF3E0B0210DA8CCF7B2FF92
:1035600000200C90E1E0A9480C9900EBC10103C9CF
:10357000CDE90A019DF82B709DF82C809DF82D90C7
:103580009DF82E5007EB470000EBC7000DA901EB9B
:10359000C00008EB480101EBC80100EB410009EB5A
:1035A000490101EBC9010844405D00B1BAE00120C6
:1035B00007EB470101EBC7010DAA02EBC10108EBC4
:1035C000480202EBC80201EB420109EB490202EB9F
:1035D000C902114448550FB9412000E0422009902A
:1035E00041200890B8F1000F09D0B8F1010F09D0BF
:1035F000B8F1020F09D0B8F1030F0CD108E0412057
:10360000089008E04220089005E04320089002E07E
:103610004420089000BF00BFB9F1000F01D1412044
:1036200000E042200790412006900B2D28D2DFE8D1
:1036300005F006090C0F1215181B1E21240041204D
:1036400006901DE0422006901AE04320069017E005
:103650004420069014E04520069011E04620069094
:103660000EE0472006900BE04820069008E0492035
:10367000069005E04A20069002E04B20069000BF2D
:1036800000BF40213AA8CCF71DFF0AEB4A11604861
:1036900000EB011007EB471100EBC10008EB4811EC
:1036A00000EB410009EB4911084405EB45010844D2
:1036B00080780AEB4A12564901EB021107EB4712D8
:1036C00001EBC20108EB481201EB420109EB491280
:1036D000114405EB4502114449780AEB4A134C4A60
:1036E00002EB031207EB471302EBC30208EB48138C
:1036F00002EB430209EB49131A4405EB4503D25C84
:10370000069BCDE90132CDE903100798009041A155
:103710003AA8DDE90832D9F731FA3AA92046CCF7C0
:10372000DCFE00BF0C98401C0C903848001F01685C
:103730000C9881423FF617AF0AF1010000F0FF0A32
:103740003348001F006850453FF606AF36A12046BB
:10375000CCF7C3FE2046CCF7F4FE80B24B904B98DA
:10376000821F32A13AA8D9F709FA9DF8E800A070A3
:103770009DF8E900E0709DF8EA0020719DF8EB00EB
:10378000607129A12046CCF7B4FE3990399818B958
:103790000020ABF800001AE03998CCF7D2FE0546BD
:1037A00029463998DFF74AF94A9040213AA8CCF7E0
:1037B00089FE20A13AA84A9AD9F7E0F93AA9204609
:1037C000CCF78BFE2046CCF7BCFEABF800004DB02A
:1037D000BDE8F08F514E3D303B0000005449443D60
:1037E00025643B005645523D253032783B000000B1
:1037F000434D443D253032783B00000043503D2688
:103800002600000044543D25733B0000944E0024E4
:10381000185F002425632563256325633D25642CFB
:1038200025642C25643B00002626000025303464E6
:1038300000000000253032782323000010B5ADF5DC
:10384000845D41F2740208496846CCF713FE0648CD
:1038500010380FC8FCF728FA18B900200DF5845D60
:1038600010BD4FF0FF30F9E7A04E002410B5ADF5C4
:10387000845D41F2700208496846CCF7FBFD0648BA
:1038800010380FC8FCF754FA18B900200DF5845D04
:1038900010BD4FF0FF30F9E768CA002410B5ADF550
:1038A000255D42F6341208496846CCF7E3FD064828
:1038B00010380FC8FCF780FA18B900200DF5255D07
:1038C00010BD4FF0FF30F9E7245F002410B5044627
:1038D00000F002F810BD00001FA0D9F73FF9002545
:1038E000FEF7C4FDFEF792FBFEF772FEFEF7FCF951
:1038F000FFF78CF8FFF7C8F8FFF7B4F80120194973
:10390000087027E0002404E02046FEF7C1FB601C9D
:10391000C4B2042CF8DBDCF781FD13490860FEF724
:10392000EBFA681C85B2B5F5966F03DB4FF496652C
:10393000FEF78AFCDCF772FD0C4908600846006857
:1039400009490968401A0A490860ECF741F96420FE
:103950000AF08CF9D6E7000072756E2073696E6705
:103960006C650A006C000024880000248C00002490
:10397000900000242DE9FE4F00200290824660E076
:103980000120029000204CE0634901EBC00206CA0E
:10399000CDE900129DF80010012900D040E09DF80B
:1039A00003409DF804509DF805609DF806709DF851
:1039B00007805A4951F8241051F8251051F8261063
:1039C00051F8271051F828100968C96839B35349CC
:1039D00051F8241051F8251051F8261051F82710ED
:1039E00051F828100968C96891F800900AEB4A124A
:1039F0004B4901EB021104EB441201EBC20105EB50
:103A0000451201EB420106EB4612114407EB470257
:103A1000114411F80810494501D00021029100BF5E
:103A2000401C3D49091F09688142ADD8029820B168
:103A30003CA0D9F793F8BDE8FE8F0AF1010000F031
:103A4000FF0A3748001F0068504599D83448001FC6
:103A50000068142800D3EEE73148001F90F800B04A
:103A6000BBF1140F56DA002048E02B4901EBC002ED
:103A700006CACDE900129DF80010012900D03CE0F3
:103A80009DF803409DF804509DF805609DF8067070
:103A90009DF80780214951F8241051F8251051F85C
:103AA000261051F8271051F828100968C96819B371
:103AB0001A4951F8241051F8251051F8261051F8E0
:103AC000271051F828100968C96891F800900BEB8D
:103AD0004B12134901EB021104EB441201EBC2013A
:103AE00005EB451201EB420106EB4612114407EBD0
:103AF0004702114401F8089000BF401C0649091F05
:103B000009688142B1D80648001F0068401C04497A
:103B1000091F086000BF8EE7944E0024780000243F
:103B2000185F002474696D65732069732073616D7B
:103B3000650A00002DE9F05F2DED028B0024FAE309
:103B40000025F9E30026F8E30027F7E34FF000082B
:103B5000F5E3FE4850F8240050F8250050F8260000
:103B600050F8270050F828000068406800287DD0F1
:103B7000F64850F8240050F8250050F8260050F878
:103B8000270050F8280000684068007800286DD1B0
:103B900004EB441101EB8101ED4A02EB411105EB0D
:103BA000451202EB820201EBC20106EB461202EB68
:103BB000820201EB8201C7EB071201EB820108EBE5
:103BC000880201EB82014870E04850F8240050F868
:103BD000250050F8260050F8270050F8280000680B
:103BE000006800287DD0D94850F8240050F82500FE
:103BF00050F8260050F8270050F8280000680068A8
:103C000090ED008AD14850F8240050F8250050F873
:103C1000260050F8270050F8280000688068002827
:103C20007ED0CA4850F8240050F8250050F82600ED
:103C300050F8270050F828000068806890F800903D
:103C400004EB441000EB8000C14901EB401005EB90
:103C5000451101EB810100EBC10006EB461101EBC0
:103C6000810100EB8100C7EB071100E068E300EB86
:103C7000810008EB880100EB8100807C90BBB9F1EA
:103C8000010F3DD1DCF7CAFB04EB441101EB8101CC
:103C9000AF4A02EB411105EB451202EB820201EB48
:103CA000C20106EB461202EB820201EB8201C7EB76
:103CB000071201EB820108EB880201EB82014860E8
:103CC000012004EB441101EB8101A14A02EB4111F7
:103CD00005EB451202EB820201EBC20106EB461234
:103CE00001E02DE20CE002EB820201EB8201C7EB66
:103CF000071201EB820108EB880201EB82010872D6
:103D000004EB441000EB8000914901EB401005EBFF
:103D1000451101EB810100EBC10006EB461100E00B
:103D20000DE001EB810100EB8100C7EB071100EB17
:103D3000810008EB880100EB810080F8129004EB11
:103D4000441000EB8000824901EB401005EB451167
:103D500001EB810100EBC10006EB461101EB810193
:103D600000EB8100C7EB071100EB810008EB880135
:103D700000EB8100007A00287DD0DCF74FFB824603
:103D800004EB441000EB8000714901EB401005EB9F
:103D9000451101EB810100EBC10006EB461101EB7F
:103DA000810100EB8100C7EB071100EB810008EBFC
:103DB000880100EB81004068AAEB000B40F6B830A8
:103DC000834575D3012004EB441101EB8101604A66
:103DD00002EB411105EB451202EB820201EBC2013D
:103DE00006EB461202EB820201EB8201C7EB0712DF
:103DF00001EB820108EB880201F82200002004EBAD
:103E0000441101EB8101524A02EB411105EB4512CD
:103E100002EB820201EBC20106EB461202EB8202C8
:103E200001EB8201C7EB071201EB820108EB88026C
:103E300001EB82010872DCF7F1FA04EB441101EBAB
:103E40008101434A02EB411105EB451202EB82026C
:103E500001EBC20106EB461202EB820201EB82018A
:103E6000C7EB071201EB820108EB880201EB82012C
:103E7000C860012000E01CE004EB441101EB81016B
:103E8000334A02EB411105EB451202EB820201EBD2
:103E9000C20106EB461202EB820201EB8201C7EB84
:103EA000071201EB820108EB880201EB8201087422
:103EB000C1E204EB441000EB8000254901EB401007
:103EC00005EB451101EB810100EBC10006EB46114A
:103ED00001EB810100EB8100C7EB071100EB8100D2
:103EE00008EB880100EB8100007C00287ED0DCF725
:103EF00095FA824604EB441000EB8000144901EB74
:103F0000401005EB451101EB810100EBC10006EB10
:103F1000461101EB810100EB8100C7EB071100EBBB
:103F2000810008EB880100EB8100C068AAEB000B60
:103F3000BBF57A6F7DD804EB4410064901EB801085
:103F400005EB451100EB011006E0000078000024AD
:103F500058EB002458A9002406EB461100EBC100E1
:103F600007EB470100EBC10000EBC80004EB441174
:103F700001EB8101FE4A02EB411105EB451202EB18
:103F8000820201EBC20106EB461202EB820201EB58
:103F90008201C7EB071201EB820108EB880211F8DE
:103FA000221000EB810080ED008A04EB4410F149FF
:103FB00001EB801005EB451100EB011006EB4611FB
:103FC00000EBC10007EB470100EBC10000EBC800AC
:103FD00004EB441101EB8101E54A02EB411105EBD1
:103FE000451202EB820201EBC20100E0A9E006EB00
:103FF000461202EB820201EB8201C7EB071201EBD2
:10400000820108EB880211F8221000EB810090ED8C
:10401000000A30EE080A04EB4410D64901EB801088
:1040200005EB451100EB011006EB461100EBC1005A
:1040300000E085E007EB470100EBC10000EBC800A2
:1040400004EB441101EB8101C94A02EB411105EB7C
:10405000451202EB820201EBC20106EB461202EBB3
:10406000820201EB8201C7EB071201EB820108EB30
:10407000880211F8221000EB810080ED000A04EBA9
:104080004411BD4800EB811005EB451100EB011018
:1040900006EB461100EBC10007EB470100EBC10046
:1040A00000EBC80004EB441101EB8101B04A02EBC4
:1040B000411105EB451202EB820201EBC20106EB56
:1040C000461202EB820201EB8201C7EB071201EB01
:1040D000820108EB880211F8221050F82100401CE0
:1040E00004EB4412A44901EB821105EB451201EBEC
:1040F000021106EB461201EBC20107EB470201EB8E
:10410000C20101EBC80104EB441202EB8202984B9E
:1041100003EB421205EB451303EB830302EBC302EF
:1041200006EB461303EB830302EB8302C7EB071393
:1041300002EB830208EB880312F8232041F82200E7
:1041400079E104EB44108D4901EB801005EB45113A
:1041500000EB011006EB461100EBC10007EB470135
:1041600000EBC10000EBC80004EB441101EB81013E
:104170007F4A02EB411105EB451202EB820201EB93
:10418000C20106EB461202EB820201EB8201C7EB91
:10419000071201EB820108EB880211F8221000EBF4
:1041A000810080ED008A04EB4410724901EB80101D
:1041B00005EB451100EB011006EB461100EBC100C9
:1041C00007EB470100EBC10000EBC80004EB441112
:1041D00001EB8101664A02EB411105EB451202EB4E
:1041E000820201EBC20106EB461202EB820201EBF6
:1041F0008201C7EB071201EB820108EB880211F87C
:10420000221000EB810090ED000A30EE080A04EB6A
:104210004410584901EB801005EB451100EB0110EB
:1042200006EB461100EBC10007EB470100EBC100B4
:1042300000EBC80004EB441101EB81014C4A02EB96
:10424000411105EB451202EB820201EBC20106EBC4
:10425000461202EB820201EB8201C7EB071201EB6F
:10426000820108EB880211F8221000EB810080ED3A
:10427000000A04EB4411404800EB811005EB4511A6
:1042800000EB011006EB461100EBC10007EB470104
:1042900000EBC10000EBC80004EB441101EB81010D
:1042A000334A02EB411105EB451202EB820201EBAE
:1042B000C20106EB461202EB820201EB8201C7EB60
:1042C000071201EB820108EB880211F8221050F866
:1042D0002100401C04EB4412274901EB821105EB3D
:1042E000451201EB021106EB461201EBC20107EB8E
:1042F000470201EBC20101EBC80104EB441202EBDF
:1043000082021B4B03EB421205EB451303EB8303C5
:1043100002EBC30206EB461303EB830302EB8302BB
:10432000C7EB071302EB830208EB880312F8232084
:1043300041F822007FE097E091E08BE085E07EE0AD
:1043400004EB441000EB8000094901EB401005EB41
:10435000451101EB810100EBC10006EB461101EBB9
:10436000810100EB8100C7EB071100EB810007E042
:1043700058EB002458880024D898002458A9002419
:1043800008EB880100EB810040780C2853DB00200B
:1043900004EB441101EB8101374A02EB411105EBBB
:1043A000451202EB820201EBC20106EB461202EB60
:1043B000820201EB8201C7EB071201EB820108EBDD
:1043C000880201F8220004EB441101EB81012A4A22
:1043D00002EB411105EB451202EB820201EBC20137
:1043E00006EB461202EB820201EB8201C7EB0712D9
:1043F00001EB820108EB880201EB8201487004EBBB
:10440000441101EB81011C4A02EB411105EB4512FD
:1044100002EB820201EBC20106EB461202EB8202C2
:1044200001EB8201C7EB071201EB820108EB880266
:1044300001EB8201087408F1010000F0FF08B8F1F7
:10444000030FFFF686AB781CC7B20B2FFFF67EABCF
:10445000701CC6B2022EFFF677AB681CC5B2042DE5
:10446000FFF670AB601CC4B2022CFFF669ABBDEC6A
:10447000028BBDE8F09F000058EB002410B5044605
:104480002046D5F717F810BD7047704700B541ECCE
:10449000100B2DED028B83B0B1EEC08B18EE100A1D
:1044A00018EE901A8DED008B002818BF01200843EC
:1044B00020F00040C0F17F6000F1E040C00F14D058
:1044C00010EE101A10EE900A8DED000B002918BFA7
:1044D0000121084320F00040C0F17F6000F1E0407E
:1044E000C00F04BF0120D8F7F5FD51EC180B03B045
:1044F000BDEC028B00BD00001CB54FF4C861052067
:10450000EBF767FB00F0A2F80020F5F7C5F9374894
:104510000090374801906846DEF72CFADDF7ACFFD3
:10452000DCF7A4F9DCF776FBDCF79CF8E1F76EFC2E
:10453000DCF73AFB4FF4E130DDF706FA4FF4E130F7
:10454000DCF7F0FB4FF4E130DDF714FD4FF4E13020
:10455000DCF722FE4FF41650DDF74CFE4FF4E1304D
:10456000DCF77AFF4FF4E130DCF7DAF9EBF730FBF8
:10457000204800682049B0FBF1F421461FA0D8F77D
:10458000EDFA2AA0D8F7EAFA002302224FF47A7152
:10459000C806DCF70FFD002302224FF47A7127488A
:1045A000DCF708FD0023022201212548DCF702FD8B
:1045B0000023022201212348DCF7FCFC0023022215
:1045C00001212148DCF7F6FC0120E5F785FCD9F74D
:1045D00004FBD9F722FADBF79BFBDBF787FDDCF75F
:1045E00077FCDCF7D1FBEBF7F3FA1CBD599A040812
:1045F000219A04080000002440420F000D0A435095
:1046000055203A2053544D333248373433584948B3
:10461000362C204247413234302C20D6F7C6B53AEA
:104620002025644D487A0D0A000000006D61696E16
:104630002072756E2E2E2E0A00000000000400402D
:1046400000080040000C00400010004008B506487B
:10465000009000980068054908600098406848602C
:1046600000988068886008BD00E8F11F58050024A4
:1046700038B504460548806800900448436804A1A2
:1046800002682046D8F77AFA38BD000058050024A1
:104690002530345825303458253034580000000077
:1046A0007CB5044600BFFAF7E9FDDFF717FCDAF73F
:1046B000FBFADAF749FBF1F7A9FA68B136A0D8F7A7
:1046C0004DFA4FF4FA70E0F7B1F938A0D8F746FA8E
:1046D0004FF4FA70E0F7AAF939A0D8F73FFAEBF7F0
:1046E00077FA09F085F839480A2100234FF48062EF
:1046F000CDE9001036A139480AF09AFB38480F215D
:1047000000234FF48052CDE9001036A138480AF05A
:104710008FFB384808210023CA01CDE9001036A1DB
:1047200038480AF085FB3848042100230A02CDE905
:10473000001036A138480AF07BFB384808210023D6
:10474000CA01CDE9001036A138480AF071FB38489B
:10475000022100230A02CDE9001036A138480AF0F0
:1047600067FB3848092100234FF48052CDE900103F
:1047700035A138480AF05CFBEBF72AFA09F0A6FDF0
:104780000546294634A0D8F7E9F93948006809F008
:10479000AFFA09F07DF87CBD6C77495020496E690D
:1047A00074206661696C656421210A005265747227
:1047B00079696E672E2E2E202020202020200A00CE
:1047C00072756E206865726521210A001000002450
:1047D000616C61726D5F7461736B00009DE502082E
:1047E000140000246170705F7461736B000000003E
:1047F00069F70208180000246574685F7461736BC0
:10480000000000001D6A03081C0000246465745F3A
:104810007461736B00000000B94E0308200000248F
:1048200067736D5F7461736B00000000A19C0308E7
:10483000240000247072696E745F7461736B0000F1
:1048400055D204082800002473696E676C655F7494
:1048500061736B00CD380508467265652068656137
:10486000703A2025642062797465730A00000000A4
:104870000C0000241CB50648022100230A02CDE9E1
:10488000001004A106480AF0D3FA09F0FBFB1CBD96
:104890000C00002473746172745F7461736B0000A8
:1048A000A14605080246012020EA1210054B1870A7
:1048B00018460078012802D101F1480070470846E7
:1048C000FCE70000370500242DE9F04105460E46BF
:1048D00090463046CBF735FE074617B92846BDE867
:1048E000F0812C460CE020783178884207D13A4696
:1048F00031462046CBF750FE08B92046EFE7641C4E
:10490000207820B1E01905EB08018842EBD900209E
:10491000E5E700002DE9F84305460E46174600BFBF
:1049200045B900BF24A340F287122DA130A0D8F7CB
:1049300015F900BF00BF00BF286840B900BF1EA323
:104940004FF4C47234A12AA0D8F708F900BF00BF01
:1049500006B96E46002F12D17A1E314628680AF039
:1049600023F8044600BF012C08D000BF12A340F278
:1049700091122EA11EA0D8F7F1F800BF1AE0B84698
:104980004246314628680AF00FF8044624B9002050
:104990003060401EBDE8F88300BF012C08D000BF86
:1049A00005A34FF4CD7221A111A0D8F7D7F800BF0D
:1049B00000BF00BF0120EDE72E2E5C2E2E5C4D695E
:1049C00064646C6577617265735C6C7769705C6157
:1049D0007263685C7379735F617263682E63000051
:1049E0006D626F7820213D204E554C4C0000000038
:1049F000417373657274696F6E202225732220667D
:104A000061696C6564206174206C696E6520256441
:104A100020696E2025730A006D626F782D3E6D62ED
:104A20007820213D204E554C4C0000006D626F787F
:104A3000206665746368206661696C6564000000C7
:104A4000F8B504460E4600BF44B900BF18A34FF4A2
:104A5000D47221A124A0D8F781F800BF00BF00BF05
:104A6000206840B900BF12A340F2A91228A11EA0DD
:104A7000D8F774F800BF00BF06B96E460022314671
:104A8000206809F091FF05461DB900203060401EE6
:104A9000F8BD00BF012D08D000BF05A34FF4DA72A6
:104AA00020A111A0D8F75AF800BF00BF0120EFE7FE
:104AB0002E2E5C2E2E5C4D6964646C657761726588
:104AC000735C6C7769705C617263685C7379735F47
:104AD000617263682E6300006D626F7820213D2053
:104AE0004E554C4C00000000417373657274696F41
:104AF0006E2022257322206661696C6564206174D2
:104B0000206C696E6520256420696E2025730A007B
:104B10006D626F782D3E6D627820213D204E554CA0
:104B20004C0000006D626F782066657463682066D3
:104B300061696C656400000010B508F059FE012041
:104B400010BD00002DE9F04105460E4600BF45B9F5
:104B500000BF22A34FF490722AA12DA0D7F7FEFF29
:104B600000BF00BF00BF286840B900BF1BA340F2D0
:104B7000211231A126A0D7F7F1FF00BF00BF002E00
:104B800011D1711E286809F0CFFF044600BF012C27
:104B900008D000BF11A34FF493722CA11CA0D7F72B
:104BA000DDFF00BF18E037463946286809F0BCFF32
:104BB00004461CB94FF0FF30BDE8F08100BF012C66
:104BC00008D000BF05A34FF4977220A110A0D7F71B
:104BD000C5FF00BF00BF00BF0120EDE72E2E5C2EF9
:104BE0002E5C4D6964646C6577617265735C6C778B
:104BF00069705C617263685C7379735F617263682A
:104C00002E63000073656D20213D204E554C4C00F5
:104C1000417373657274696F6E202225732220665A
:104C200061696C6564206174206C696E652025641F
:104C300020696E2025730A0073656D2D3E73656DC6
:104C400020213D204E554C4C0000000074616B69E2
:104C50006E672073656D6170686F7265206661694B
:104C60006C65640010B5044608F012FE10BD00002B
:104C700010B500BF4C48006800F4003000B139E0C6
:104C800000BF00BF00BFBFF34F8F00BF00BF00BF1A
:104C900000BF00BF00BFBFF36F8F00BF00BF00BFEA
:104CA00000204249086000BF00BF00BFBFF34F8F24
:104CB00000BF00BF00BF00BF00BF00BFBFF36F8FCA
:104CC00000BF00BF00BF3848006840F400303649DC
:104CD000086000BF00BF00BFBFF34F8F00BF00BF21
:104CE00000BF00BF00BF00BFBFF36F8F00BF00BF9A
:104CF00000BF00BF00BF2C4B1B6803F4803303B11F
:104D000048E00023284C7034236000BF00BF00BF80
:104D1000BFF34F8F00BF00BF00BF231F1868C0F351
:104D20004E3100BFC0F3C90200BF43F6E07303EA8F
:104D300041134FF0404404EA827423431B4C103467
:104D4000236000BF00BF131EA2F10102EDD10B1EB4
:104D5000A1F10101E6D100BF00BF00BFBFF34F8F3B
:104D600000BF00BF00BF104B1B6843F480330E4CE4
:104D7000236000BF00BF00BFBFF34F8F00BF00BF65
:104D800000BF00BF00BF00BFBFF36F8F00BF00BFF9
:104D900000BF00BF05484C30006840F004000349E4
:104DA0004C31086010BD000014ED00E050EF00E051
:104DB0002DE9F04100F08EFA074600BF0F48046865
:104DC0000CB9BDE8F0816068381AB0F1004F01D32A
:104DD000012000E0002000B1F3E7084920680860E6
:104DE000A568E66806496068086021460C20F4F76B
:104DF0001BFB0DB13046A847E0E700002C03002460
:104E000030030024704772B6704762B670470000E6
:104E100010B5044600BF44B900BF0DA340F2BF1255
:104E200015A119A0D7F79AFE00BF00BF00BF2068E8
:104E300040B900BF06A34FF4E0721DA112A0D7F73E
:104E40008DFE00BF00BF206808F084FE10BD00008A
:104E50002E2E5C2E2E5C4D6964646C6577617265E4
:104E6000735C6C7769705C617263685C7379735FA3
:104E7000617263682E6300006D626F7820213D20AF
:104E80004E554C4C00000000417373657274696F9D
:104E90006E2022257322206661696C65642061742E
:104EA000206C696E6520256420696E2025730A00D8
:104EB0006D626F782D3E6D627820213D204E554CFD
:104EC0004C00000070B504460D4600BF44B900BF59
:104ED00011A340F245121AA11DA0D7F73FFE00BF53
:104EE00000BF00BF002D08DC00BF0BA34FF4A3726E
:104EF00021A117A0D7F732FE00BF00BF0022042176
:104F0000284609F0CBFA2060206810B94FF0FF3036
:104F100070BD0020FCE700002E2E5C2E2E5C4D693B
:104F200064646C6577617265735C6C7769705C61F1
:104F30007263685C7379735F617263682E630000EB
:104F40006D626F7820213D204E554C4C00000000D2
:104F5000417373657274696F6E2022257322206617
:104F600061696C6564206174206C696E65202564DC
:104F700020696E2025730A0073697A65203E20300F
:104F80000000000073B5044600BF44B900BF18A379
:104F90004FF4B07220A124A0D7F7E0FD00BF00BFFE
:104FA00000BF206840B900BF11A340F2611228A1E0
:104FB0001DA0D7F7D3FD00BF00BF00231A4601A9EB
:104FC000206809F031FB0546012D01D100207CBD90
:104FD00000BF45B100BF06A340F2671221A112A095
:104FE000D7F7BCFD00BF00BF4FF0FF30EFE7000078
:104FF0002E2E5C2E2E5C4D6964646C657761726543
:10500000735C6C7769705C617263685C7379735F01
:10501000617263682E6300006D626F7820213D200D
:105020004E554C4C00000000417373657274696FFB
:105030006E2022257322206661696C65642061748C
:10504000206C696E6520256420696E2025730A0036
:105050006D626F782D3E6D627820213D204E554C5B
:105060004C0000006D626F7820747279706F7374F9
:10507000206661696C65640070B5044600BF3CB988
:1050800000BF13A3DB221CA11FA0D7F767FD00BF41
:1050900000BF00BF206838B900BF0DA3DC2224A1E7
:1050A00019A0D7F75BFD00BF00BF4FF0FF312068AC
:1050B00009F01CFE054600BF012D07D000BF04A368
:1050C000DF2220A110A0D7F749FD00BF00BF70BDAF
:1050D0002E2E5C2E2E5C4D6964646C657761726562
:1050E000735C6C7769705C617263685C7379735F21
:1050F000617263682E6300006D7574657820213DD0
:10510000204E554C4C000000417373657274696FFA
:105110006E2022257322206661696C6564206174AB
:10512000206C696E6520256420696E2025730A0055
:105130006D757465782D3E6D757420213D204E553A
:105140004C4C00006661696C656420746F2074616A
:105150006B6520746865206D7574657800000000CB
:1051600010B5044600BF3CB900BF09A3CC2212A170
:1051700015A0D7F7F3FC00BF00BF042009F07CF9AD
:105180002060206810B94FF0FF3010BD0020FCE710
:105190002E2E5C2E2E5C4D6964646C6577617265A1
:1051A000735C6C7769705C617263685C7379735F60
:1051B000617263682E6300006D7574657820213D0F
:1051C000204E554C4C000000417373657274696F3A
:1051D0006E2022257322206661696C6564206174EB
:1051E000206C696E6520256420696E2025730A0095
:1051F00070B5044600BF3CB900BF12A3E6221BA154
:105200001EA0D7F7ABFC00BF00BF00BF206838B9B5
:1052100000BF0CA3E72223A118A0D7F79FFC00BF73
:1052200000BF206809F086FB054600BF012D07D0AE
:1052300000BF04A3EA2220A110A0D7F78FFC00BF73
:1052400000BF70BD2E2E5C2E2E5C4D6964646C65B3
:1052500077617265735C6C7769705C617263685CBE
:105260007379735F617263682E6300006D75746596
:105270007820213D204E554C4C0000004173736551
:105280007274696F6E2022257322206661696C65D5
:1052900064206174206C696E6520256420696E202D
:1052A00025730A006D757465782D3E6D7574202127
:1052B0003D204E554C4C00006661696C656420745D
:1052C0006F206769766520746865206D75746578F0
:1052D0000000000010B509F0F1FD10BD4A0A5202AD
:1052E0000243014B1A60704708ED00E010B5044618
:1052F00000BF44B900BF0EA34FF49D7216A119A0C0
:10530000D7F72CFC00BF00BF00BF206840B900BF2A
:1053100007A340F23B121DA112A0D7F71FFC00BF4C
:1053200000BF206808F016FC0020206010BD0000BF
:105330002E2E5C2E2E5C4D6964646C6577617265FF
:10534000735C6C7769705C617263685C7379735FBE
:10535000617263682E63000073656D20213D204EED
:10536000554C4C00417373657274696F6E20222531
:105370007322206661696C6564206174206C696EBB
:105380006520256420696E2025730A0073656D2DE4
:105390003E73656D20213D204E554C4C00000000B1
:1053A00070B504460D4600BF3CB900BF1CA3FD22EA
:1053B00025A128A0D7F7D2FB00BF00BF00BF002D5A
:1053C00009D0012D07D000BF15A3FE222BA121A0DB
:1053D000D7F7C4FB00BF00BF03220021012009F062
:1053E0005DF82060206810B94FF0FF3070BD012DCE
:1053F00014D100231A461946206809F015F906460B
:1054000000BF012E08D000BF05A34FF4857224A170
:1054100010A0D7F7A3FB00BF00BF00BF0020E5E747
:105420002E2E5C2E2E5C4D6964646C65776172650E
:10543000735C6C7769705C617263685C7379735FCD
:10544000617263682E63000073656D20213D204EFC
:10545000554C4C00417373657274696F6E20222540
:105460007322206661696C6564206174206C696ECA
:105470006520256420696E2025730A00696E6974B1
:1054800069616C5F636F756E7420696E76616C69BB
:105490006420286E6F742030206F72203129000044
:1054A0007379735F73656D5F6E65773A20696E69B6
:1054B0007469616C2067697665206661696C6564F2
:1054C0000000000070B5044600BF44B900BF16A339
:1054D00040F213121EA121A0D7F740FB00BF00BF6E
:1054E00000BF206840B900BF0FA34FF48A7225A106
:1054F0001AA0D7F733FB00BF00BF00231A46194696
:10550000206809F091F8054600BF012D0AD0002D52
:1055100008D000BF04A34FF48C721FA10FA0D7F7CF
:105520001DFB00BF00BF70BD2E2E5C2E2E5C4D6992
:1055300064646C6577617265735C6C7769705C61DB
:105540007263685C7379735F617263682E630000D5
:1055500073656D20213D204E554C4C0041737365A1
:105560007274696F6E2022257322206661696C65F2
:1055700064206174206C696E6520256420696E204A
:1055800025730A0073656D2D3E73656D20213D20E6
:105590004E554C4C000000007379735F73656D5F6E
:1055A0007369676E616C3A2073616E652072657411
:1055B00075726E2076616C75650000002DE9F04112
:1055C0009CB080460C4615461E46002740480068A1
:1055D00020F004003E49086000BF002000903D48D4
:1055E000006820F001003B4908600846006800F0B0
:1055F0000100009036480C30006840F440403449C7
:105600000C3108600846006800F44040009000BF7C
:1056100000BF00BF2E480C30006800F40050B0F509
:10562000005FF7D1212001904FF4803002900020DC
:10563000049008900120079002200A9002210B910B
:10564000CDF834800C940E950F960021129108210C
:1056500011910021139101A8D1F70CFE07461FB14B
:1056600001201CB0BDE8F0813F201490032015906C
:1056700000201690082017904020199000011A90E1
:10568000402018901B90042114A8D1F703FB074673
:105690000FB10120E5E7D0F7F5FA0F48006840F0B8
:1056A00080000D49086000BF0B48F430006840F0EE
:1056B00002000949F43108600846006800F0020061
:1056C000009000BF00BFCFF75BFE0020C9E70000DD
:1056D0000C4802582C040058004402582DE9FF479A
:1056E00006460F4690461C46DDF830A000BF002C51
:1056F00008DC00BF13A34FF4ED721CA120A0D7F764
:105700002DFA00BF00BFA14603A81FFA89F2434645
:105710003146CDE900A0384609F08AFB054600BFB6
:10572000012D08D000BF07A34FF4F2721EA114A0F0
:10573000D7F714FA00BF00BF03980290029804B094
:10574000BDE8F0872E2E5C2E2E5C4D6964646C657E
:1057500077617265735C6C7769705C617263685CB9
:105760007379735F617263682E630000696E76619E
:105770006C696420737461636B73697A65000000FF
:10578000417373657274696F6E20222573222066DF
:1057900061696C6564206174206C696E65202564A4
:1057A00020696E2025730A007461736B2063726533
:1057B0006174696F6E206661696C65640000000049
:1057C0002DE9F04104460E46174600BFB4F1804F64
:1057D00008D300BF09A340F2291213A120A0D7F7D4
:1057E000BDF900BF00BFFFF775FD05193A46314608
:1057F000284600F049F8BDE8F08100002E2E5C2E0E
:105800002E5C4D6964646C6577617265735C6C775E
:1058100069705C7372635C636F72655C74696D65FB
:105820006F7574732E63000054696D656F75742015
:1058300074696D6520746F6F206C6F6E672C206DBE
:105840006178206973204C5749505F55494E543355
:10585000325F4D41582F34206D7365637300000033
:10586000417373657274696F6E20222573222066FE
:1058700061696C6564206174206C696E65202564C3
:1058800020696E2025730A002DE9F04106460F4677
:1058900090460C20F3F74CFE0446002C0CD100BFC0
:1058A00007D100BF20A3BE222AA13AA0D7F756F9FC
:1058B00000BF00BFBDE8F08100202060A760C4F8F1
:1058C0000C8066603D48006810B93C480460F1E710
:1058D0003A49606809684968401AB0F1004F01D33D
:1058E000012000E0002028B13448006820603348DF
:1058F000046017E03148056811E0286850B160681D
:1059000029684968401AB0F1004F01D3012000E036
:10591000002018B1286820602C6002E02D68002D5E
:10592000EBD100BF00BFC5E72E2E5C2E2E5C4D696B
:1059300064646C6577617265735C6C7769705C73C5
:1059400072635C636F72655C74696D656F757473A7
:105950002E6300007379735F74696D656F75743AB7
:105960002074696D656F757420213D204E554C4C37
:105970002C20706F6F6C204D454D505F5359535F15
:1059800054494D454F555420697320656D707479A5
:1059900000000000417373657274696F6E202225E8
:1059A0007322206661696C6564206174206C696E85
:1059B0006520256420696E2025730A002C030024CD
:1059C00010B5012408E0064901EBC40251F8340087
:1059D0000449FFF7F5FE641C052CF4D310BD00004C
:1059E0007C000608655F040870B51548006810B9AA
:1059F0004FF0FF3070BDFFF76DFC044610480068A3
:105A00004068001BB0F1004F01D3012000E00020EE
:105A100008B10020EEE70A4800684068051B00BF97
:105A2000B5F1004F08D300BF06A34FF4DC7210A1FC
:105A300014A0D7F793F800BF00BF2846DAE70000AC
:105A40002C0300242E2E5C2E2E5C4D6964646C6544
:105A500077617265735C6C7769705C7372635C63A9
:105A60006F72655C74696D656F7574732E63000089
:105A7000696E76616C696420736C65657074696DBC
:105A800065000000417373657274696F6E20222592
:105A90007322206661696C6564206174206C696E94
:105AA0006520256420696E2025730A0038B50546F7
:105AB0000C4624B1012C0DD0022C17D110E00C485B
:105AC000806800900A4843680AA102682846D7F710
:105AD00055F80BE00BA20FA12846D7F74FF805E0C9
:105AE0000DA20CA12846D7F749F800BF00BF38BD6A
:105AF0005805002425303458253034582530345882
:105B000000000000312E302E372E32303235313247
:105B10003230000025730000464E2D4A5454592D52
:105B20005059000010B54FF400318802FFF7D6FB42
:105B300000BF04200E49086000BFF3F753FDFFF7D4
:105B400097F8CFF757FF042302220521C020FFF763
:105B500035FD4FF4F070DEF74DFF4FF4E130DCF728
:105B600037F804A203A105A0DDF790F910BD0000ED
:105B70009CEF00E056312E302E300000436D426124
:105B8000636B7472616365002DE9FF5F04460E4626
:105B900000BF0CB9BDE8FF9F00BF00BF207D0128FA
:105BA00008D100BF38A34FF4107241A14DA0D6F721
:105BB000D5FF00BF00BF207D0A2807D121465348EA
:105BC00003F056F9204601F0AFF85AE04FF0000A12
:105BD000D346276DD4F82480D4F88C50D4F8109094
:105BE000207DE8B9E08A38B300BF49480068A04288
:105BF00005D147480068C068454908600DE0444940
:105C0000086806E0C168A14202D1E168C16002E013
:105C1000C0680028F6D100BF00BF0020E0600BE0A4
:105C2000B246B4F816B000BF21463A4803F020F956
:105C300001203949087000BF206F10B1206F04F0B7
:105C400024FEE06E10B1E06E04F01FFEBAF1000F0A
:105C50000AD0208B211D23464246CDE9001B02902D
:105C60003946204604F074FD207D0390204601F063
:105C70005BF800BF1DB16FF00C014846A84700BF9C
:105C800000BF00BF86E700002E2E5C2E2E5C4D6903
:105C900064646C6577617265735C6C7769705C7362
:105CA00072635C636F72655C7463702E63000000E6
:105CB000646F6E27742063616C6C207463705F6125
:105CC000626F72742F7463705F6162616E646F6E75
:105CD00020666F72206C697374656E2D70636273D9
:105CE00000000000417373657274696F6E20222595
:105CF0007322206661696C6564206174206C696E32
:105D00006520256420696E2025730A00F8020024AE
:105D1000EC020024F4020024FC02002410B5044626
:105D200001212046FFF730FF10BD28B1027D012A76
:105D300002D10246916100BF7047000070B5054670
:105D40000C46164600BF002C08D100BF07A34FF435
:105D5000447210A117A0D6F701FF00BF00BF204674
:105D6000FFF7DCFF6FF00C0070BD00002E2E5C2EE4
:105D70002E5C4D6964646C6577617265735C6C77E9
:105D800069705C7372635C636F72655C7463702EC0
:105D9000630000007463705F6163636570745F6EBD
:105DA000756C6C3A20696E76616C69642070636210
:105DB00000000000417373657274696F6E202225C4
:105DC0007322206661696C6564206174206C696E61
:105DD0006520256420696E2025730A0070B505468C
:105DE0000220F3F7A5FB04461CBB01F0FBF801F011
:105DF00097FE0220F3F79CFB0446CCB9092001F082
:105E00002BFE0220F3F794FB044684B9082001F02E
:105E100023FE0220F3F78CFB04463CB9284601F030
:105E2000E7FD0220F3F784FB044600BF00BF00BF7C
:105E300000BF44B398212046CAF744FB1434657070
:105E400043F6BC60A4F8500040F66830E082A082BF
:105E5000FF2004F8090C4FF40670E0830620A085AB
:105E60006085C01FA0830120A08608480068E0600C
:105E700007480078A07243F6BC60E0860548E066FB
:105E80000548E067143C204670BD0000E80200248D
:105E9000FE020024FDA0050800DD6D0000B10161D7
:105EA000704700002DE9F04705460C4617464FF0B5
:105EB000040904B9244C00BF1DB96FF00F00BDE800
:105EC000F08700BF00BF287D10B16FF00500F6E736
:105ED00000BF37B902F0AEF807460FBB6FF0010004
:105EE000EDE74FF0000819E0184850F82800066860
:105EF00010E0F08AB8420CD146B1306830B12CB114
:105F0000206818B130682168884202D16FF007001C
:105F1000D5E7F668002EECD108F10108C845E3DBAF
:105F200034B1206820B10CB9002000E0206828605E
:105F3000EF8200BF06480068E8600548056005F08C
:105F400045FB00BF0020BAE7A80006086C00060861
:105F5000EC02002421B191F83420521C027201E0BD
:105F600000220272704700001CB507F041FC074890
:105F700008210023CA01CDE9001005A1084808F056
:105F800057FF07F085FC20461CBD00009803002445
:105F90007463705F636C69656E745F7461736B00CA
:105FA0000D60050810B50020024981F82A00FFF7AE
:105FB000DBFF10BDB0D5032410B50020104981F8D7
:105FC0002A0001210220E9F7FBFE0D488078022813
:105FD00003D10C480068F3F74BFE0A480068F3F75A
:105FE00087FE0020074908600549887007F000FC1B
:105FF0000548006807F07CFE07F04AFC10BD000071
:10600000B0D5032488030024980300242DE9F84325
:1060100080460027F0E07A488078012872D17848DD
:10602000008C784908807648807B01067448C07BE4
:1060300041EA00417248007C41EA00207049497CF5
:10604000084302066E48807B01066D48C07B41EA2A
:1060500000416B48007C41EA00206949497C0843C3
:1060600000F47F4042EA00226548807B01066448D4
:10607000C07B41EA00416248007C41EA002060495F
:10608000497C084300F47F0042EA10225C48807B90
:1060900001065B48C07B41EA00415948007C41EA67
:1060A00000205749497C084342EA1060564908607D
:1060B000002211461020F3F799FF54490860084662
:1060C000006810B9E0F772FC97E04E4802884E492C
:1060D0004E480068F3F7EEFD0646A6B14B4800684F
:1060E000F3F706FE002049490860781CC7B2052F67
:1060F00074DD00204249887000274FF47A70D9F788
:1061000023FB7AE017E002203D4988700020D8F791
:1061100097FF02210846E9F753FE0A203B49096828
:10612000C86101233A4A3B4938480068F3F710FF39
:10613000D8F71CFF52E03248807802284ED136480A
:10614000008800F40040B0F5004F17D10020009007
:1061500031480088C0F30D020123304801682B4804
:106160000068F4F737FA064616B10420D9F734F977
:106170002948008820F400402749088028492348FE
:106180000068F4F71BF8051E19D107F031FB24480D
:106190000068046807E06089002803DD61896068A1
:1061A000DEF70AFB2468002CF5D107F071FB1C48D0
:1061B0000068F3F758FC0020194908600EE005F16B
:1061C0000F0058B911480068F3F752FD0F480068F6
:1061D000F3F78EFD00200A4988700027084890F8E0
:1061E0002A00012805D10020054981F82A00FFF77F
:1061F000E3FE0A2007F03AFD0DE700BFBDE8F88393
:10620000B0D50324A40300249C03002488030024A5
:10621000A6030024A00300248C0300249003002480
:106220009403002410B5044600BF14B96FF00F00AA
:1062300010BD00BF207D012805D000BF608B40F05D
:106240001000608300BF0121204600F001F8EFE755
:106250003EB504460D4600BF002C08D100BF55A333
:106260004FF4AF725DA165A0D6F778FC00BF00BF08
:10627000002D57D0207D042802D0207D072851D141
:10628000606F20B9208D40F6683188424AD000BF47
:10629000A07E00F0100040B900BF46A34FF4B272D8
:1062A00060A156A0D6F75AFC00BF00BF208BE18A40
:1062B000221DCDE90021029023462046626A216D0D
:1062C00004F046FA204602F0ADFD00BF00BF5C4876
:1062D0000068A04205D15A480068C0685849086063
:1062E0000DE05749086806E0C168A14202D1E168A3
:1062F000C16002E0C0680028F6D100BF00BF0020E6
:10630000E06000BF01204F49087000BF4E480068A0
:10631000A04202D105F026FA02E0204600F004FD7A
:1063200000203EBD207D20B1012824D002283AD192
:106330002CE0E08AD8B100BF44480068A04205D1F3
:1063400042480068C068414908600DE03F4908685C
:1063500006E0C168A14202D1E168C16002E0C06804
:106360000028F6D100BF00BF0020E06000BF20463B
:1063700000F0DAFC1BE0204601F0F0FB2146344837
:1063800002F076FD204600F0BFFD10E000BF214680
:106390002B4802F06DFD01202A49087000BF2046FD
:1063A00000F0C2FC03E0204600F054F8B9E700BF5B
:1063B0000020B6E72E2E5C2E2E5C4D6964646C6561
:1063C00077617265735C6C7769705C7372635C6330
:1063D0006F72655C7463702E630000007463705F9D
:1063E000636C6F73655F73687574646F776E3A2062
:1063F000696E76616C6964207063620041737365D5
:106400007274696F6E2022257322206661696C6543
:1064100064206174206C696E6520256420696E209B
:1064200025730A007063622D3E666C6167732026D7
:106430002054465F5258434C4F53454400000000DF
:10644000F4020024FC02002428030024EC020024AF
:10645000F002002470B5054600BF45B900BF1EA379
:106460004FF4CE7226A129A0D6F778FB00BF00BF5B
:10647000287D032804D004280AD0072818D10FE06B
:10648000284604F0ABFA04460CB90520287511E043
:10649000284604F0A3FA04460CB90520287509E043
:1064A000284604F09BFA04460CB90920287501E03F
:1064B000002070BD00BF1CB9284601F041FE09E074
:1064C000601C38B900BF688B40F00800688300BFCB
:1064D0000020EEE72046ECE72E2E5C2E2E5C4D6968
:1064E00064646C6577617265735C6C7769705C730A
:1064F00072635C636F72655C7463702E630000008E
:1065000070636220213D204E554C4C0041737365F1
:106510007274696F6E2022257322206661696C6532
:1065200064206174206C696E6520256420696E208A
:1065300025730A002DE9F05F04460E4691469A46FF
:10654000002700BF1CB96FF00F00BDE8F09F00BF2F
:1065500000BF16B96FF00F00F7E700BF00BF207D46
:1065600010B16FF00900F0E700BF0EB9002000E0A5
:1065700030686060A4F81890207A20B1207AF4F78F
:10658000ABFA074603E0201DE8F766FD074617B99A
:106590006FF00300D9E70CB1206858B90FB1381D6E
:1065A00000E00020014611B96FF00300CDE7086854
:1065B000206000BFB4F816B0E08A38B901F03AFDA7
:1065C000E082E08A10B96FF00100BEE7204601F0DA
:1065D00065FD0546002060622565681E6064A06553
:1065E000E06540F6683060852085606AE06240F6CC
:1065F0006830A4F860004FF406706086608E221D3B
:10660000394600F02FF960860120A4F84800C4F84C
:1066100084A00221204600F08BF98046B8F1000FDB
:1066200031D102202075BBF1000F1BD000BF1748ED
:106630000068A04205D115480068C0681349086089
:106640000DE01249086806E0C168A14202D1E16884
:10665000C16002E0C0680028F6D100BF00BF002082
:10666000E06000BF00BF00BF09480068E060084864
:10667000046004F0ABFF00BF01200649087000BFB2
:10668000204601F05DFD40465FE70000EC0200247B
:10669000F4020024FC0200242DE9F05F80460D4640
:1066A00091469A460A9F00BFB8F1000F07D100BF7C
:1066B00040A3A3224AA152A0D6F750FA00BF00BFC0
:1066C00000BF002D07D100BF3AA3A42256A14CA0C1
:1066D000D6F744FA00BF00BF07F0010008B104205C
:1066E00000E0002007F0020109B1002100E00021D4
:1066F000084407F0080109B1002100E00021084426
:1067000007F0100109B1002100E000214618042023
:10671000F2F70EFF041E05D12846F4F77BFF002098
:10672000BDE8F09FA77200202060656000BF288947
:10673000B04207DA00BF1FA3B02244A130A0D6F7B1
:106740000DFA00BF00BF2889801B20811421284634
:10675000F4F70EFB20B1204604F08AF80020DFE7B2
:1067600060684068E060B8F81600EFF730FCE16858
:106770000880B8F81800EFF72AFCE1684880504616
:10678000EFF718FCE1684860B346F11706EB91712A
:106790008910491D4FF6FF7202EA013141EA0900F2
:1067A000EFF715FCE16888810020E1684882204607
:1067B000B6E700002E2E5C2E2E5C4D6964646C657D
:1067C00077617265735C6C7769705C7372635C632C
:1067D0006F72655C7463705F6F75742E6300000088
:1067E0007463705F6372656174655F7365676D651F
:1067F0006E743A20696E76616C6964207063620021
:10680000417373657274696F6E202225732220664E
:1068100061696C6564206174206C696E6520256413
:1068200020696E2025730A007463705F637265616E
:1068300074655F7365676D656E743A20696E766125
:106840006C6964207062756600000000702D3E74F3
:106850006F745F6C656E203E3D206F70746C656E6A
:10686000000000002DE9F04106460D46174600BF26
:10687000002F08D100BF10A340F6C90218A122A022
:10688000D6F76CF900BF00BF15B93046BDE8F081FE
:106890002C8D74B12820844202DD211A89B200E0D7
:1068A00000218846464501DA314600E041460E4661
:1068B00000BF3046EAE700002E2E5C2E2E5C4D69AC
:1068C00064646C6577617265735C6C7769705C7326
:1068D00072635C636F72655C7463702E63000000AA
:1068E0007463705F6566665F73656E645F6D737316
:1068F0005F6E657469663A20696E76616C696420C2
:106900006473745F69700000417373657274696FBA
:106910006E2022257322206661696C656420617493
:10692000206C696E6520256420696E2025730A003D
:106930002DE9F84304460D460027B94600BF05F08F
:10694000030040B900BF60A340F2124269496AA047
:10695000D6F704F900BF00BF00BF002C08D100BF6C
:1069600059A340F214426EA163A0D6F7F7F800BF16
:1069700000BF05F0020000B1012707F0010008B1D7
:10698000042000E0002007F0020109B1002100E02E
:106990000021084407F0080109B1002100E00021AE
:1069A000084407F0100109B1002100E0002100EBCC
:1069B00001094FF4207249463620F4F753FAB0F13A
:1069C000000809D100BF608B40F08000608300BFE9
:1069D0004FF0FF30BDE8F88300BFB8F80A00484523
:1069E00008DA00BF38A340F23A4255A142A0D6F7D8
:1069F000B5F800BF00BF00972A4641462046E36D28
:106A0000FFF74AFE061E07D100BF608B40F08000F2
:106A1000608300BF701EDDE700BF307B00F0030025
:106A200040B100BF28A340F2434254A132A0D6F7A0
:106A300095F800BF00BF00BF308940B100BF22A35E
:106A400040F2444253A12CA0D6F788F800BF00BF03
:106A5000E06E08B9E66607E0E06E00E000680168F5
:106A60000029FBD1066000BF0020A4F8680005F0F3
:106A7000020010B905F0010010B1E06D401CE065A6
:106A800005F0010028B100BF608B40F0200060835A
:106A900000BF7068F4F73DFC34F8661F084420809E
:106AA00034F8660970B100BF206F50B9E06E40B98C
:106AB00000BF05A340F2664241A10FA0D6F74EF8F1
:106AC00000BF00BF002085E72E2E5C2E2E5C4D6996
:106AD00064646C6577617265735C6C7769705C7314
:106AE00072635C636F72655C7463705F6F75742E44
:106AF00063000000645C0608417373657274696F1B
:106B00006E2022257322206661696C6564206174A1
:106B1000206C696E6520256420696E2025730A004B
:106B20007463705F656E71756575655F666C6167CE
:106B3000733A20696E76616C69642070636200004C
:106B40007463705F656E71756575655F666C6167AE
:106B5000733A20636865636B2074686174206669AA
:106B600072737420706275662063616E20686F6C4A
:106B700064206F70746C656E000000007365672D93
:106B80003E746370686472206E6F7420616C696714
:106B90006E6564007463705F656E71756575655FC1
:106BA000666C6167733A20696E76616C6964207304
:106BB00065676D656E74206C656E677468000000B3
:106BC0007463705F656E71756575655F666C61672E
:106BD000733A20696E76616C6964207175657565BC
:106BE000206C656E6774680070B504460D46002C15
:106BF0000FD000BF207D012808D100BF05A34FF4AE
:106C000001620EA117A0D5F7A9FF00BF00BFC4F80D
:106C10008C5070BD2E2E5C2E2E5C4D6964646C65AC
:106C200077617265735C6C7769705C7372635C63C7
:106C30006F72655C7463702E63000000696E76612C
:106C40006C696420736F636B657420737461746521
:106C500020666F72206572722063616C6C62616382
:106C60006B000000417373657274696F6E2022259A
:106C70007322206661696C6564206174206C696EA2
:106C80006520256420696E2025730A0070B52348AD
:106C90000078401C2149087000BF2148046839E091
:106CA000A07F1E490978884233D01C480078A0771D
:106CB000A07E00F0010078B100BF608B40F00200C0
:106CC000608300BF204601F03BFA00BF608B4FF6A7
:106CD000FC710840608300BFA07E00F0080048B14E
:106CE00000BF608B4FF6F7710840608300BF2046FD
:106CF000FFF7B0FBE568606F48B1002009490870F4
:106D0000204602F073FD0748007800B1C5E72C4625
:106D100000E0E468002CC3D170BD0000FE02002436
:106D2000F4020024FC02002410B5044600BF207DBC
:106D3000012807D100BF06A3D4220FA113A0D5F7C5
:106D40000DFF00BF00BF21460220F2F76DFB10BD12
:106D50002E2E5C2E2E5C4D6964646C6577617265C5
:106D6000735C6C7769705C7372635C636F72655C93
:106D70007463702E630000007463705F66726565F3
:106D80003A204C495354454E00000000417373654E
:106D90007274696F6E2022257322206661696C65AA
:106DA00064206174206C696E6520256420696E2002
:106DB00025730A002DE9F04705460C469146984692
:106DC00035E0264624687068F4F7A3FA074600BF4A
:106DD000B5F86600B84208DA00BF22A34FF48B6210
:106DE0002BA135A0D5F7BAFE00BF00BF35F8660F5E
:106DF000C01B288030893A490988084438490880EE
:106E0000304603F035FD35F8660900280FD000BF85
:106E1000002C0BD1B8F1000F08D100BF11A340F234
:106E2000624230A124A0D5F799FE00BF00BFB4B1E3
:106E3000E1684868EFF7BEF88246E1688889EFF7B5
:106E4000C6F800F0030008B1012000E0002021890D
:106E5000084450442B490968401A0028B1DD2046F7
:106E6000BDE8F0872E2E5C2E2E5C4D6964646C6547
:106E700077617265735C6C7769705C7372635C6375
:106E80006F72655C7463705F696E2E630000000052
:106E90007063622D3E736E645F71756575656C65B8
:106EA0006E203E3D20706275665F636C656E286E75
:106EB0006578742D3E702900417373657274696F33
:106EC0006E2022257322206661696C6564206174DE
:106ED000206C696E6520256420696E2025730A0088
:106EE0001C0300247463705F726563656976653A9C
:106EF0002076616C6964207175657565206C656EBE
:106F0000677468001803002410B5044600BF207D94
:106F1000012807D100BF06A3DF220FA115A0D5F7D6
:106F20001DFE00BF00BF21460320F2F77DFA10BD11
:106F30002E2E5C2E2E5C4D6964646C6577617265E3
:106F4000735C6C7769705C7372635C636F72655CB1
:106F50007463702E630000007463705F6672656511
:106F60005F6C697374656E3A20214C495354454EE9
:106F700000000000417373657274696F6E202225F2
:106F80007322206661696C6564206174206C696E8F
:106F90006520256420696E2025730A000D4801884C
:106FA0000088401C0B4A10800B48006818B10B4841
:106FB0000088814205DA0A48006800F11402505C3A
:106FC000704706480078081AC2B203480068805C1F
:106FD000F6E70000100300240C0300240A03002439
:106FE0000403002470B50B48046810E0E568A07E37
:106FF00000F0080048B100BF608B4FF6F771084001
:10700000608300BF2046FFF725FA2C4600BF002C06
:10701000ECD170BDF402002410B5C9F719FAC0F321
:107020000D0000F540400149088010BDE402002435
:107030002DE9FE4F05468B4600BF002D07D100BF4E
:10704000E2A38322ECA1F2A0D5F788FD00BF00BF28
:10705000F949686808606889142800DAC3E3F74AC8
:1070600011685069E7F7B0FA28B9F448007D00F0DC
:10707000F000E02800D1B6E3EF4909688889EEF70F
:10708000A6FF00138700142F02DB2889B84200DA1C
:10709000A9E3A7F11400EA4908800020E949086043
:1070A0006889B84208DBE6480088E7490880394625
:1070B0002846F4F7E3FC4AE000BF286838B900BF6F
:1070C000C2A3C222E1A1D2A0D5F748FD00BF00BFF4
:1070D00014212846F4F7D2FC6889DB490880D84897
:1070E00000880988401A1FFA80FAD7480188284684
:1070F000F4F7C4FC28684089504500DA73E3286837
:107100004068D049086051462868F4F7B7FC2889E0
:10711000A0EB0A00288100BF688938B100BFABA38B
:10712000DF22CEA1BAA0D5F719FD00BF00BF00BF76
:10713000288929680989884207D000BFA3A3E022D3
:10714000C9A1B3A0D5F70AFD00BF00BF00BFBA496F
:1071500009680888EEF73BFFB74909680880B64917
:1071600009684888EEF733FFB34909684880B24997
:1071700009684868EEF71EFFAF4909684860C249D0
:107180000860AD4909688868EEF714FFAA490968E4
:107190008860BE490860A8490968C889EEF717FFEA
:1071A000A5490968C881A44909688889EEF70FFFD5
:1071B00000F03F00B64908702889B6490880B448F5
:1071C000007800F0030040B108460088401C0880A9
:1071D00028890988884200DD05E34FF00009AE48A0
:1071E000046873E000BF207D38B900BF77A3FB229D
:1071F000AAA187A0D5F7B2FC00BF00BF00BF207DC9
:107200000A2807D100BF71A3FC22AEA180A0D5F748
:10721000A5FC00BF00BF00BF207D012807D100BF33
:107220006AA3FD22B2A17AA0D5F798FC00BF00BFE7
:10723000207A50B1217A8148406890F83400401C8F
:10724000C0B2814201D0A1463FE0208B7A49096853
:107250000988884237D1E08A774909684988884295
:1072600031D176496068096988422CD17349206818
:107270004969884227D100BFE068A04208D100BF19
:1072800052A340F20D12A4A161A0D5F767FC00BF84
:1072900000BFB9F1000F07D0E068C9F80C007E48C4
:1072A0000068E0607C48046000BFE068A04208D14C
:1072B00000BF46A340F21512A2A155A0D5F74EFC7F
:1072C00000BF00BF04E0A14600BFE468002C89D1E4
:1072D00000BF002C78D1A648046839E000BF207DAB
:1072E0000A2808D000BF39A340F21F12A1A148A06C
:1072F000D5F734FC00BF00BF207A48B1217A4F484F
:10730000406890F83400401CC0B2814200D01EE0BA
:10731000208B494909680988884217D1E08A464983
:1073200009684988884211D14449606809698842DE
:107330000CD1424920684969884207D1204604F0AF
:1073400061F92846F4F766F9BDE8FE8F00BFE468EE
:10735000002CC3D1A146934806681FE0307A50B193
:10736000317A3648406890F83400401CC0B28142FF
:1073700001D0B14611E0F08A2F4909684988884256
:1073800009D12E4930684969884200D108E00EB120
:10739000306800B904E0B14600BFF668002EDDD1C8
:1073A00000BF8EB1B9F1000F07D0F068C9F80C002A
:1073B0007C480068F0607B480660304600F034FC92
:1073C0002846F4F727F9BFE7EEE000002E2E5C2EEA
:1073D0002E5C4D6964646C6577617265735C6C7773
:1073E00069705C7372635C636F72655C7463705F19
:1073F000696E2E63000000007463705F696E7075C3
:10740000743A20696E76616C6964207062756600FA
:10741000417373657274696F6E2022257322206632
:1074200061696C6564206174206C696E65202564F7
:1074300020696E2025730A000403002470E90224E9
:10744000080300240C0300240A030024702D3E6E60
:1074500065787420213D204E554C4C00702D3E6CBB
:10746000656E203D3D203000702D3E746F745F6C62
:10747000656E203D3D20702D3E6E6578742D3E7406
:107480006F745F6C656E0000140300241803002401
:10749000200300241E030024F40200247463705FA0
:1074A000696E7075743A20616374697665207063E3
:1074B000622D3E737461746520213D20434C4F530F
:1074C000454400007463705F696E7075743A2061A2
:1074D0006374697665207063622D3E7374617465B0
:1074E00020213D2054494D452D574149540000006D
:1074F0007463705F696E7075743A20616374697645
:1075000065207063622D3E737461746520213D2097
:107510004C495354454E00007463705F696E70753A
:10752000743A207063622D3E6E65787420213D2090
:1075300070636220286265666F72652063616368AC
:10754000652900007463705F696E7075743A20700D
:1075500063622D3E6E65787420213D207063622049
:1075600028616674657220636163686529000000A4
:10757000F80200247463705F696E7075743A205469
:10758000494D452D57414954207063622D3E737417
:10759000617465203D3D2054494D452D5741495466
:1075A00000000000F0020024002C71D0002090495F
:1075B000086028890881084645608E480068C860D0
:1075C00000208D4908608D4908708D4908808D48DC
:1075D000007800F0080018B1687B40F00100687383
:1075E000606F80B1204602F001F90D3028B1606F64
:1075F00048B185480088002805DD608D10B9204617
:1076000003F050F9BBE081480460204601F052FDD0
:10761000804608F10D00002816D07848007800F068
:10762000080090B100BFD4F88C0028B16FF00D01B4
:10763000D4F88C202069904700BF2146744801F09F
:1076400017FC2046FFF770FB98E04FF000086C48ED
:107650000088002817DD6A48B0F800A000BFE06F7E
:1076600030B152462146E36F20699847804601E0D9
:107670004FF0000800BF08F10D0000B97FE00020C6
:107680005F49088000BF204600F0D8F808B176E0D6
:1076900085E059480068A8B300BF606F50B100BFD3
:1076A000AFF2D8234FF4F3725AA1AFF29C20D5F772
:1076B00055FA00BF00BFA07E00F0100038B14E4860
:1076C0000068F3F7A7FF2046FEF728FB57E000BF4E
:1076D000D4F8800048B100234749D4F880C020691D
:1076E0000A682146E047804607E0002342482146D9
:1076F0000268184602F002FD804600BF08F10D0046
:1077000008B93CE005E0B8F1000F02D03A48006843
:1077100060673A48007800F0200020B3606F30B115
:10772000606F407B40F02000616F48731BE0208D4C
:1077300040F66831884202D0208D401C208500BF71
:10774000D4F8800040B100231A462146D4F880C006
:107750002069E047804601E04FF0000800BF08F1D3
:107760000D0000B90BE0002028490860204600F019
:1077700065F800B103E0204600F0E2FC00BF002005
:10778000224908601C4908601948406840B31849FC
:107790004868F3F73FFF00201549486020E015498D
:1077A00009688889EEF713FC00F00400A8B91148B5
:1077B000006800880F49096849881D4ACDE9002101
:1077C00002901C480068104909884218184B1B1D7C
:1077D00019480168002002F0BBFF2846F3F71AFFA2
:1077E00000BF00BFB0E52846F3F714FF00BFABE5CC
:1077F00080D3032404030024240300242103002451
:107800001C030024200300241E030024280300245A
:10781000F40200247063622D3E72656675736564C0
:107820005F64617461203D3D204E554C4C0000006A
:1078300080E90224140300241803002410B5044630
:1078400000BF002C08D100BF13A340F25A221DA193
:1078500026A0D5F783F900BF00BF2E48007800F0BE
:107860001000B8B1A07E00F0100050B900BFD4F8ED
:107870008C0028B16FF00E01D4F88C20206990475D
:1078800000BF2146244801F0F3FA2046FFF74CFAE6
:10789000012010BD0020FCE72E2E5C2E2E5C4D69D1
:1078A00064646C6577617265735C6C7769705C7336
:1078B00072635C636F72655C7463705F696E2E6384
:1078C000000000007463705F696E7075745F6465BA
:1078D0006C617965645F636C6F73653A20696E767D
:1078E000616C69642070636200000000417373651D
:1078F0007274696F6E2022257322206661696C653F
:1079000064206174206C696E6520256420696E2096
:1079100025730A0021030024F40200242DE9F0411C
:107920000446002600BF002C08D100BF14A340F677
:1079300025021EA124A0D5F711F900BF00BF216DBB
:10794000481EEEF737FB804643460022314620466C
:1079500000F0A4FD05461DB94FF0FF30BDE8F081F1
:1079600000231A462946204600F00AFF231D22461E
:107970002946204600F08AFE07463846EEE700001A
:107980002E2E5C2E2E5C4D6964646C657761726589
:10799000735C6C7769705C7372635C636F72655C57
:1079A0007463705F6F75742E630000007463705FA2
:1079B0006B656570616C6976653A20696E76616C9D
:1079C0006964207063620000417373657274696F4B
:1079D0006E2022257322206661696C6564206174C3
:1079E000206C696E6520256420696E2025730A006D
:1079F0002DE9F04107467F2F01DD7F2000E038466A
:107A000006460EB9BDE8F081701EC6B24FF0000800
:107A100000250F48046813E0607DB04208DB607DFC
:107A2000B0420CD10B49206A0968081A404506D3B8
:107A30000849206A0968A1EB00082546667DE468CC
:107A4000002CE9D115B12846FEF768F900BFD9E747
:107A5000F4020024E80200242DE9F041054600BFAD
:107A6000082D0AD0092D08D000BF13A340F2DE6212
:107A70001BA11FA0D5F772F800BF00BF002700268A
:107A8000254804680EE0207DA8420AD12349206AD7
:107A90000968081AB84204D32049206A09680F1AF5
:107AA0002646E468002CEED11EB100213046FEF7D8
:107AB0006BF8BDE8F08100002E2E5C2E2E5C4D6927
:107AC00064646C6577617265735C6C7769705C7314
:107AD00072635C636F72655C7463702E6300000098
:107AE000696E76616C69642073746174650000006E
:107AF000417373657274696F6E202225732220664C
:107B000061696C6564206174206C696E6520256410
:107B100020696E2025730A00F4020024E802002484
:107B200070B5002600250B4804680BE00A49206A5E
:107B30000968081AB04204D30749206A09680E1A76
:107B40002546E468002CF1D115B12846FEF7E6F889
:107B500070BD0000F8020024E802002470B504465D
:107B600000BF44B900BF12A340F211121AA11DA018
:107B7000D4F7F4FF00BF00BF00BF207D012808D06C
:107B800000BF0BA34FF4897220A116A0D4F7E6FF23
:107B900000BF00BF012507E0224951F82510086801
:107BA000214602F03FFB6D1C042DF5D370BD000093
:107BB0002E2E5C2E2E5C4D6964646C657761726557
:107BC000735C6C7769705C7372635C636F72655C25
:107BD0007463702E6300000070636220213D204EAC
:107BE000554C4C00417373657274696F6E20222589
:107BF0007322206661696C6564206174206C696E13
:107C00006520256420696E2025730A007063622D4B
:107C10003E7374617465203D3D204C495354454E7C
:107C2000000000006C0006082DE9FE43054654489C
:107C3000007800F0040008B1BDE8FE8300BF002D0D
:107C400008D100BF4FA340F2812259A160A0D4F710
:107C500085FF00BF00BF4A48007800F01000B0B1B7
:107C6000654800680088644909684988634ACDE925
:107C700000210290624800686249098842185F4BFF
:107C80001B1D61480168284602F062FD75E03C4812
:107C9000007800F0020000286FD0687DFEF79EF8A3
:107CA000044674B900BFA86938B14FF0FF32002113
:107CB000AB6928699847804601E06FF00F0800BF64
:107CC000BAE74E481038406920604C4810380069C7
:107CD0006060E88AE08248480068008820830320CA
:107CE000207547480068401C6062606AE062204678
:107CF00000F0D4F90646A66526656664E665404848
:107D00000068401E606528692061A567687A00F0F8
:107D10000C006072287A207200BF00BF3B480068E8
:107D2000E0603A48046003F051FC00BF012038498C
:107D3000087000BF204600F029FF2F480068C08966
:107D400024F8600F20886080603C201DE7F784F9EC
:107D50008046608E221D4146FEF784FD608612211A
:107D60002046FEF7E5FD074627B100212046FDF736
:107D70000BFF61E7204600F0E3F900BF5CE700007D
:107D8000200300242E2E5C2E2E5C4D6964646C65ED
:107D900077617265735C6C7769705C7372635C6346
:107DA0006F72655C7463705F696E2E630000000023
:107DB0007463705F6C697374656E5F696E707574FF
:107DC0003A20696E76616C6964207063620000001D
:107DD000417373657274696F6E2022257322206669
:107DE00061696C6564206174206C696E652025642E
:107DF00020696E2025730A000403002480E9022410
:107E0000140300241E03002418030024F402002499
:107E1000FC02002470B504460D4600222946204687
:107E200000F002F870BD00002DE9F04104468846DC
:107E30001746002500BF14B96FF00F0656E000BFCB
:107E400000BF207D10B16FF00E064FE000BF207D17
:107E5000012803D125466FF0080647E00320F1F71B
:107E600067FB054615B94FF0FF363FE020692861F2
:107E7000E08AE88201202875607D6875607A687202
:107E8000207A2872E07AE872A07AA87220682860C6
:107E9000E08AD8B100BF18480068A04205D1164852
:107EA0000068C068144908600DE01349086806E0DE
:107EB000C168A14202D1E168C16002E0C068002847
:107EC000F6D100BF00BF0020E06000BF2046FEF7F3
:107ED0002BFF0A48A86100BF09480068E86008480D
:107EE000056003F073FB00BF002600BF07B13E70C2
:107EF0002846BDE8F0810000EC0200243D5D050845
:107F0000F002002470B506460D46D6B13068C0B107
:107F10000C480168304600F01BF80B4801683046F9
:107F200000F016F86DB1286858B10848046806E0FA
:107F300020683168884201D128682060E468002CFC
:107F4000F6D170BDF4020024EC020024F0020024FB
:107F50002DE9F04105460E46344600BF002D08D1FC
:107F600000BF0CA340F6041214A121A0D4F7F6FD23
:107F700000BF00BF0AE020682968884205D1E76891
:107F80002046FDF7CBFE3C4600E0E468002CF2D131
:107F9000BDE8F0812E2E5C2E2E5C4D6964646C650C
:107FA00077617265735C6C7769705C7372635C6334
:107FB0006F72655C7463702E630000007463705FA1
:107FC0006E657469665F69705F616464725F63683F
:107FD000616E6765645F7063626C6973743A20698F
:107FE0006E76616C6964206F6C645F6164647200BA
:107FF000417373657274696F6E2022257322206647
:1080000061696C6564206174206C696E652025640B
:1080100020696E2025730A0010B54020FDF7DEFEB2
:1080200010BD70B505464020FDF7D8FE0446204639
:1080300070BD000010B5002300BF16480088401C2A
:10804000144C2080204600884FF6FF74A04203D1D4
:108050004FF440400F4C2080002116E00E4850F8AD
:10806000210002680DE0D08A0A4C2488A04207D182
:10807000581C83B2B3F5804F01DB002010BDDCE754
:10808000D268002AEFD1481CC1B20429E6DB0148BE
:108090000088F3E7E40200246C00060810B50446EB
:1080A00000BF44B900BF09A340F6B30211A118A054
:1080B000D4F754FD00BF00BF1F4800681F4909687E
:1080C00008441D4908600846006810BD2E2E5C2E2D
:1080D0002E5C4D6964646C6577617265735C6C7766
:1080E00069705C7372635C636F72655C7463702E3D
:1080F000630000007463705F6E6578745F6973730A
:108100003A20696E76616C696420706362000000D9
:10811000417373657274696F6E2022257322206625
:1081200061696C6564206174206C696E65202564EA
:1081300020696E2025730A0000030024E802002451
:108140002DE9F84F044600BF002C08D100BFA7A3BB
:1081500040F2E242B0A1B6A0D4F700FD00BF00BFDC
:1081600000BF207D012808D100BFA0A340F2E44257
:10817000B9A1AFA0D4F7F2FC00BF00BFC0480068AF
:10818000A04202D10020BDE8F88FB4F86000B4F836
:108190004810884202DAB4F8600001E0B4F8480000
:1081A0008146E56E45B9A07E00F0020018B1204678
:1081B00002F078FBE7E710E1221D2146204602F09D
:1081C000B7FA074617B96FF00300DCE70CB1206877
:1081D00058B90FB1381D00E00020014611B96FF009
:1081E0000300D0E70868206000BFE9684868EDF741
:1081F000E1FE616C401A29890844484519D9B4F850
:10820000600048450CD1206F50B994F8950038B9FA
:10821000002004F8940F012060700020A070943CAE
:10822000A07E00F0020018B1204602F03BFBAAE756
:10823000D3E0002084F89500266F26B100E0366870
:1082400030680028FBD1B5E000BFE9688889EDF708
:10825000BEFE00F0040040B100BF64A340F23752FC
:1082600088A173A0D4F77AFC00BF00BF206FA0B133
:10827000A07E00F0440080B9E06E38B1E06E006886
:1082800058B9E06E0089618E884206DAB4F864005D
:1082900018B1B4F86600582801DB012000E0002086
:1082A00020B9A07E00F0A00000B98FE0207D022858
:1082B00007D01020EDF78BFEE96889890843E9684B
:1082C00088813A462146284600F0E8FA0090009856
:1082D00038B100BF608B40F08000608300BF009821
:1082E00051E72868E066207D022806D000BF608B39
:1082F0004FF6FC710840608300BFE9684868EDF7FD
:1083000059FE8046E9688889EDF761FE00F00300B8
:1083100008B1012000E000202989084408EB000A88
:10832000206DB0EB0A0001D5C4F850A0E968888937
:10833000EDF74DFE00F0030008B1012000E0002041
:108340002989084488B300202860206F10B9256768
:108350002E462EE0E9684868EDF72CFE8046F1686D
:108360004868EDF727FEB8EB00001BD504F1700854
:1083700001E0D8F80080D8F8000068B1D8F8001003
:10838000C9684868EDF716FE8346E9684868EDF766
:1083900011FEBBEB0000ECD4D8F800002860C8F850
:1083A000005006E03560366803E0FFE7284602F03B
:1083B0005FFAE56E55B1E9684868EDF7FBFD616C61
:1083C000401A2989084448457FF63EAF00BFE06E59
:1083D00010B90020A4F8680000BF00BF608B4FF602
:1083E0007F710840608300BF0020CCE62E2E5C2EFB
:1083F0002E5C4D6964646C6577617265735C6C7743
:1084000069705C7372635C636F72655C7463705FE8
:108410006F75742E630000007463705F6F75747005
:1084200075743A20696E76616C69642070636200CD
:10843000417373657274696F6E2022257322206602
:1084400061696C6564206174206C696E65202564C7
:1084500020696E2025730A00646F6E2774206361A3
:108460006C6C207463705F6F757470757420666FC8
:1084700072206C697374656E2D7063627300000006
:1084800028030024525354206E6F74206578706561
:108490006374656420686572652100002DE9FF4101
:1084A00004460E461746984600BF002C08D100BF70
:1084B00010A340F243721AA123A0D4F74FFB00BFD0
:1084C00000BF608D1023218BE28ACDE90113009259
:1084D000039043463A463146606A00F049F8054643
:1084E0001DB1618D606A0844E062284604B0BDE8B1
:1084F000F08100002E2E5C2E2E5C4D6964646C654C
:1085000077617265735C6C7769705C7372635C63CE
:108510006F72655C7463705F6F75742E630000002A
:108520007463705F6F75747075745F616C6C6F638A
:108530005F6865616465723A20696E76616C696432
:108540002070636200000000417373657274696F8C
:108550006E2022257322206661696C656420617437
:10856000206C696E6520256420696E2025730A00E1
:108570002DE9F05F82460D4617469846DDF830B08B
:1085800005F11400384481B24FF420722220F2F732
:1085900069FC0646002E34D000BF718905F1140035
:1085A000814208DA00BF18A340F2247221A12DA055
:1085B000D4F7D4FA00BF00BF74680A98EDF707FD3E
:1085C00020800B98EDF703FD6080C4F804805046CE
:1085D000EDF7F0FCA060A946E91705EB9171891051
:1085E000491D4FF6FF7202EA013141EA0B00EDF737
:1085F000EEFCA0810D98EDF7EAFCE08100202082DE
:1086000060823046BDE8F09F2E2E5C2E2E5C4D69B8
:1086100064646C6577617265735C6C7769705C73B8
:1086200072635C636F72655C7463705F6F75742EE8
:1086300063000000636865636B2074686174206682
:108640006972737420706275662063616E20686F52
:108650006C6420737472756374207463705F6864F3
:1086600072000000417373657274696F6E20222579
:108670007322206661696C6564206174206C696E88
:108680006520256420696E2025730A002DE9FE4FC0
:1086900004460E4692469B4600BF002E08D100BFFE
:1086A00017A34FF4F16221A12BA0D4F757FA00BF12
:1086B00000BF5A465146204602F03AF8054615B921
:1086C0006FF0030715E024B194F80B8094F80A903A
:1086D00003E04FF0FF084FF00009062043465A46DA
:1086E0005146CDE9009002953046E6F7F3F907468A
:1086F00000BF3046F2F78EFF3846BDE8FE8F00001F
:108700002E2E5C2E2E5C4D6964646C6577617265FB
:10871000735C6C7769705C7372635C636F72655CC9
:108720007463705F6F75742E630000007463705F14
:108730006F75747075745F636F6E74726F6C5F7356
:1087400065676D656E743A20696E76616C69642048
:108750007062756600000000417373657274696F22
:108760006E2022257322206661696C656420617425
:10877000206C696E6520256420696E2025730A00CF
:108780002DE9F04781460D4614469A464FF0000801
:1087900000BF002D08D100BF1CA340F2577226A1D4
:1087A0002FA0D4F7DBF900BF00BF6E6806F11407F5
:1087B00000BF384600EB880004F0010109B1042134
:1087C00000E00021084404F0020109B1002100E0AA
:1087D0000021084404F0080109B1002100E0002153
:1087E000084404F0100109B1002100E00021084410
:1087F000B84208D000BF05A340F2767222A118A0AB
:10880000D4F7ACF900BF00BFBDE8F0872E2E5C2E78
:108810002E5C4D6964646C6577617265735C6C771E
:1088200069705C7372635C636F72655C7463705FC4
:108830006F75742E630000007463705F6F757470E1
:1088400075745F66696C6C5F6F7074696F6E733A94
:1088500020696E76616C6964207062756600000044
:10886000417373657274696F6E20222573222066CE
:1088700061696C6564206174206C696E6520256493
:1088800020696E2025730A006F7074696F6E732003
:108890006E6F742066696C6C656400002DE9FE4F94
:1088A00004460D46164600BF002C08D100BF58A351
:1088B00040F2B95261A169A0D4F750F900BF00BFDE
:1088C00000BF002D08D100BF51A340F2BA526DA1E4
:1088D00062A0D4F743F900BF00BF00BF002E08D14B
:1088E00000BF4BA340F2BB526EA15CA0D4F736F997
:1088F00000BF00BF204600F0F3F810B10020BDE833
:10890000FE8F686AEDF756FBE1688860688DEDF7C9
:108910005EFBE168C881698D686A0844E862E068C6
:1089200000F11407A07A00F0010068B12A1D314659
:1089300040F2B450FDF796FF82464AF00170EDF721
:1089400039FB38603F1D00BFB5F93000002801DA5F
:1089500000202886686B38B95B4800686863E16866
:108960004868EDF727FBA863A08961688988401AE9
:108970001FFA80F860684089A0EB080061684881B0
:1089800060680089A0EB0800616808816168E068A0
:1089900048600020E168088200BFE0681430A17AD6
:1089A00001F0010109B1042100E000210844A17A8D
:1089B00001F0020109B1002100E000210844A17A80
:1089C00001F0080109B1002100E000210844A17A6A
:1089D00001F0100109B1002100E000210844B84273
:1089E00008D000BF0AA340F21D6238A11BA0D4F733
:1089F000B5F800BF00BF0621A87A8DE84300EB7AE6
:108A00002A1D29466068E6F765F88146484676E7FC
:108A10002E2E5C2E2E5C4D6964646C6577617265E8
:108A2000735C6C7769705C7372635C636F72655CB6
:108A30007463705F6F75742E630000007463705F01
:108A40006F75747075745F7365676D656E743A20C9
:108A5000696E76616C696420736567004173736544
:108A60007274696F6E2022257322206661696C65BD
:108A700064206174206C696E6520256420696E2015
:108A800025730A007463705F6F75747075745F731B
:108A900065676D656E743A20696E76616C696420F5
:108AA000706362007463705F6F75747075745F7368
:108AB00065676D656E743A20696E76616C696420D5
:108AC0006E65746966000000E80200246F707469C6
:108AD0006F6E73206E6F742066696C6C6564000045
:108AE00010B5044600BF002C08D100BF08A340F217
:108AF0009B5212A11BA0D4F731F800BF00BF6068E1
:108B0000807B012801D0012010BD0020FCE700007F
:108B10002E2E5C2E2E5C4D6964646C6577617265E7
:108B2000735C6C7769705C7372635C636F72655CB5
:108B30007463705F6F75742E630000007463705F00
:108B40006F75747075745F7365676D656E745F6261
:108B50007573793A20696E76616C69642073656714
:108B600000000000417373657274696F6E202225E6
:108B70007322206661696C6564206174206C696E83
:108B80006520256420696E2025730A002DE9F041D7
:108B9000054600BF002D08D100BF28A340F27E7219
:108BA00031A138A0D3F7DAFF00BF00BF3F480088EB
:108BB000002841D000203E49088037E0FEF7EEF95A
:108BC000074627B1012F04D0022F20D102E0BDE8D3
:108BD000F08129E0FEF7E2F9042806D13448008844
:108BE000801C32490988884200DDF0E7FEF7D6F99B
:108BF0000602FEF7D3F9064340F2B450864200DC89
:108C000016B940F2B45000E0304668860CE0FEF73A
:108C1000C5F90446022C00DAD9E7A01E24490988C8
:108C200008442349088000BF00BF00BF20480088D7
:108C30001E4909888842C1DB00BFC8E72E2E5C2E82
:108C40002E5C4D6964646C6577617265735C6C77EA
:108C500069705C7372635C636F72655C7463705F90
:108C6000696E2E63000000007463705F7061727340
:108C7000656F70743A20696E76616C696420706308
:108C800062000000417373657274696F6E20222563
:108C90007322206661696C6564206174206C696E62
:108CA0006520256420696E2025730A0008030024CE
:108CB000100300242DE9F84F81460C4617469846CC
:108CC000DDE90BAB0A9E009400BFB8F1000F07D19D
:108CD00000BF29A3E82233A13BA0D3F73FFF00BF89
:108CE00000BF00BF002E07D100BF23A3E92240A18F
:108CF00035A0D3F733FF00BF00BFBC421BDA0AF038
:108D0000020050B9B07E00F04000A0B9BBF1000FE6
:108D100003D0F06E08B9306F68B104F2B75020F09C
:108D20000300B84201D9384603E004F2B75020F0FE
:108D3000030080B200904FF4207248460099F2F789
:108D400091F8054615B90020BDE8F88F00BF2868E6
:108D500040B100BF08A340F20B122DA11AA0D3F717
:108D6000FDFE00BF00BF6889001BA8F800002C8131
:108D70006C812846E8E700002E2E5C2E2E5C4D69A3
:108D800064646C6577617265735C6C7769705C7341
:108D900072635C636F72655C7463705F6F75742E71
:108DA000630000007463705F706275665F70726567
:108DB000616C6C6F633A20696E76616C6964206FD8
:108DC00076657273697A6500417373657274696F51
:108DD0006E2022257322206661696C6564206174AF
:108DE000206C696E6520256420696E2025730A0059
:108DF0007463705F706275665F707265616C6C6FD2
:108E0000633A20696E76616C696420706362000069
:108E10006E65656420756E636861696E6564207057
:108E20006275660010B5044600BF04B910BD00BFEE
:108E3000207DD0B1207D0A2817D0207D012814D0B4
:108E4000606F20B1606FF2F7E5FB002060674FF0C4
:108E5000FF302086E06E01F018FD206F01F015FD57
:108E60000020E0662067A4F8680000BFDEE700008D
:108E700070B505460C4600BF002C08D100BF33A3D7
:108E800040F687023BA142A0D3F768FE00BF00BFB7
:108E900000BF002D08D100BF2CA340F6880246A1D8
:108EA0003BA0D3F75BFE00BF00BF00BF2868A04215
:108EB00003D12868C06828600CE0286806E0C16813
:108EC000A14202D1E168C16002E0C0680028F6D189
:108ED00000BF00BF0020E06000BF2046FFF7A2FFF8
:108EE000207D0A280FD0207D01280CD0A07E00F024
:108EF000010040B100BF608B40F00200608300BF02
:108F00002046FFF71DF9207D012819D000BFE06E33
:108F100040B100BF0DA340F697022FA11CA0D3F7CC
:108F20001DFE00BF00BF00BF206F40B100BF07A300
:108F300040F698022EA116A0D3F710FE00BF00BF86
:108F400000202075E08200BF00BF70BD2E2E5C2E79
:108F50002E5C4D6964646C6577617265735C6C77D7
:108F600069705C7372635C636F72655C7463702EAE
:108F7000630000007463705F7063625F72656D6FA1
:108F800076653A20696E76616C6964207063620070
:108F9000417373657274696F6E2022257322206697
:108FA00061696C6564206174206C696E652025645C
:108FB00020696E2025730A007463705F7063625FBE
:108FC00072656D6F76653A20696E76616C696420B2
:108FD0007063626C69737400756E73656E74207370
:108FE00065676D656E7473206C65616B696E670093
:108FF000756E61636B6564207365676D656E747310
:10900000206C65616B696E670000000070B50446F6
:109010000E46154600BF04B970BD00BF00BF207DDD
:10902000012808D100BF07A340F642020FA117A0F4
:10903000D3F794FD00BF00BFC4F88860657700BF18
:10904000EAE700002E2E5C2E2E5C4D6964646C6590
:1090500077617265735C6C7769705C7372635C6373
:109060006F72655C7463702E63000000696E7661D8
:109070006C696420736F636B6574207374617465CD
:1090800020666F7220706F6C6C0000004173736516
:109090007274696F6E2022257322206661696C6587
:1090A00064206174206C696E6520256420696E20DF
:1090B00025730A002DE9FE4304460027002600BF61
:1090C000002C08D100BFE5A34FF44772EEA1F5A034
:1090D000D3F744FD00BF00BFFC48007800F0040057
:1090E000002845D0207D022806D1F949206D096865
:1090F00088421BD1012719E0F649606A0968884255
:1091000001D1012712E0F349606A0968081A0DD4F9
:10911000218D606A0844EF490968081A002805DCB7
:1091200000BF608B40F00200608300BF002F1DD0A5
:1091300000BF207D40B900BFC8A34FF44E72E6A126
:10914000D8A0D3F70BFD00BF00BFEB48007840F07C
:109150000800E949087000BF608B4FF6FE710840B7
:10916000608300BF6FF00D00BDE8FE830020FBE7C9
:10917000D648007800F0020068B1207D02280AD0AD
:10918000207D032807D000BF608B40F00200608381
:1091900000BF0020E8E7A07E00F0100010B9D7481B
:1091A00000682062002084F8970084F8960020462A
:1091B000FFF7ECFC207D801E082875D2DFE800F068
:1091C00004CDF4F3F2F1F0EFC048007800F01000A5
:1091D00000286AD0BD48007800F002000028F8D0CE
:1091E000606C401CBA49096888425ED1B948006881
:1091F000401C6062606AE062B54800686064C04814
:109200000068C089A4F86000B4F86000A4F86200A7
:10921000B0480068401E606504202075201DE5F7F9
:109220001BFF8046608E221D4146FDF71BFB6086BA
:10923000608E8100400041F21C12904202D9608E83
:10924000400001E041F21C10814202D2608E800099
:109250000AE0608E400041F21C11884202D9608E03
:10926000400001E041F21C10A4F8480000BFB4F82F
:109270006600002808DC00BF78A340F26D32A1A18F
:1092800088A0D3F76BFC00BF00BFB4F86600401E97
:10929000A4F86600256F95B9E56E00BF5DB900BF03
:1092A0006EA340F2753201E087E231E09BA17DA020
:1092B000D3F754FC00BF00BF2868E06601E02868CF
:1092C0002067284601F0D4FA206F18B94FF0FF301C
:1092D000208603E00020208684F8420000BFD4F8F6
:1092E000840038B100222146D4F8843020699847A0
:1092F000064600E0002600BF06F10D0010B96FF031
:109300000C0031E700BF608B40F00200608323E077
:109310006E48007800F01000F0B1794800680088CD
:10932000774909684988824ACDE900210290694855
:1093300000688049098842187D4B1B1D64480168FC
:10934000204601F005FA94F84200062804DA0020CD
:109350002086204601F0BCF830E25C48007800F03E
:109360001000002877D0606C401C59490968081A21
:1093700072D45749206D0968081A00286CDC042053
:109380002075A06F10B96FF0050623E000BFA06F35
:10939000806978B900BF31A340F2A93205E0F6E157
:1093A000B6E101E176E111E1FFE063A13DA0D3F771
:1093B000D5FB00BF00BF00BFA06F806938B1A16FAF
:1093C000206900228B6921469847064601E06FF02C
:1093D0000F0600BF46B106F10D0010B12046FCF7A4
:1093E0009DFC6FF00C00BFE6204600F051FA5A4891
:1093F000008820B158480088401E57490880608E78
:109400008100400041F21C12904202D9608E40005F
:1094100001E041F21C10814202D2608E80000AE01D
:10942000608E400041F21C11884202D9608E4000DB
:1094300001E041F21C10A4F848002F48007800F029
:10944000200050B100BF608B40F00200608300BF7D
:1094500007202075A7E098E080E0A4E02E2E5C2E87
:109460002E5C4D6964646C6577617265735C6C77C2
:1094700069705C7372635C636F72655C7463705F68
:10948000696E2E63000000007463705F70726F631A
:109490006573733A20696E76616C696420706362EB
:1094A00000000000417373657274696F6E2022259D
:1094B0007322206661696C6564206174206C696E3A
:1094C0006520256420696E2025730A00200300248E
:1094D00018030024140300247463705F696E7075B0
:1094E000743A207063622D3E737461746520213D6F
:1094F00020434C4F5345440021030024E80200243C
:10950000040300247063622D3E736E645F717565A1
:1095100075656C656E203E20300000006E6F207314
:1095200065676D656E7420746F20667265650000F6
:1095300080E902241E0300247063622D3E6C69736F
:1095400074656E65722D3E61636365707420213DA4
:10955000204E554C4C0000001C0300249948006824
:109560000188984800684088974ACDE90020029118
:1095700096480068964909884218934B1B1D9548E8
:109580000168204601F0E4F80DE09348007800F00F
:10959000020040B1606A401E8C490968884202D1CD
:1095A000204600F095FE09E100BF204600F070F96A
:1095B0008A48007800F0200038B100BF608B40F08E
:1095C0000200608300BF07202075F7E0204600F00E
:1095D0005FF98248007800F02000E8B37E48007808
:1095E00000F01000C8B37B49206D0968884239D16A
:1095F000E06E90BB00BF608B40F00200608300BF54
:109600002046FFF70FFC00BF00BF75480068A0426E
:1096100005D173480068C068714908600DE0704961
:10962000086806E0C168A14202D1E168C16002E0B9
:10963000C0680028F6D100BF00BF0020E06000BF76
:1096400001206849087000BF0A20207500BF6648E5
:109650000068E060644801E00DE003E0046001F0B0
:10966000B5FF16E000BF608B40F00200608300BFD2
:10967000082020750DE05848007800F0100040B137
:109680005449206D0968884203D1E06E08B906206C
:10969000207593E0204600F0FBF85048007800F079
:1096A0002000A0B300BF608B40F00200608300BFC9
:1096B0002046FFF7B7FB00BF00BF49480068A04243
:1096C00005D147480068C068454908600DE0444935
:1096D000086806E0C168A14202D1E168C16002E009
:1096E000C0680028F6D100BF00BF0020E06000BFC6
:1096F00001203C49087000BF0A20207500BF3A488D
:109700000068E0603848046001F060FF00BF55E089
:10971000204600F0BDF83048007800F01000A8B3F3
:109720002C49206D0968884230D1E06E70BB20461C
:10973000FFF778FB00BF00BF29480068A04205D1B1
:1097400027480068C068264908600DE02449086879
:1097500006E0C168A14202D1E168C16002E0C068D0
:109760000028F6D100BF00BF0020E06000BF01204C
:109770001C49087000BF0A20207500BF1A48006805
:10978000E0601948046001F021FF00BF16E02046A8
:1097900000F07EF81048007800F0100060B10D492C
:1097A000206D0968884207D1E06E28B90B4800781F
:1097B00040F010000949087000E000BF00BF002021
:1097C000D2E400000403002480E9022414030024EE
:1097D0001E03002418030024200300242103002476
:1097E000F4020024FC020024F80200242DE9F041D8
:1097F000044600BF1CB96FF00F00BDE8F08100BF48
:10980000606F477B666F0020606700BFD4F8800000
:1098100040B1002332462146D4F880C02069E04799
:10982000054606E0002332462146184600F066FC55
:10983000054600BFFDB907F0200030B3208D40F68B
:109840006831884202D0208D401C208500BFD4F8AA
:10985000800040B100231A462146D4F880C0206918
:10986000E047054600E0002500BF05F10D0060B9A6
:109870006FF00C00C1E705F10D0010B96FF00C009E
:10988000BBE766676FF00400B7E70020B5E70000AC
:109890002DE9F05F04464FF0000A00BF002C08D10C
:1098A00000BFE7A340F27C42F0A1F7A0D3F756F93E
:1098B00000BF00BF00BF207D042808DA00BFE0A37E
:1098C00040F27D42FAA1F0A0D3F748F900BF00BFF3
:1098D000FE48007800F01000002870D0B4F8600056
:1098E000A16D00EB0108FA49606D0968401A15D4B2
:1098F000F749606D0968884204D1F649A06D09688E
:10990000401A0BD4F349A06D096888421AD1F24875
:109910000068C089B4F86010884213D9EE48006826
:10992000C08924F8600F608834F86019884203DA2F
:10993000B4F86000A4F86200E54800686065E54896
:109940000068A065E349606C0968081A00284ADCD1
:10995000E248008890BBB4F86010A06D0844404510
:109960003AD1B4F93000002836DBDA49606C096876
:10997000884231D14FF0010A94F84300401CC0B234
:1099800094F84310884204DD94F84300401C84F8A6
:10999000430094F84300032817DD00BFB4F84800E3
:1099A000618E084480B2B4F84810884208DBB4F8ED
:1099B0004800618E0844A4F8480005E00CE02AE164
:1099C0004FF6FF70A4F8480000BF94F84300032846
:1099D00002DB204600F0FAFCBAF1000F02D10020B1
:1099E00084F84300EBE0606C401CBA490968081A2F
:1099F0007ED4B849206D0968081A002878DCA07E5A
:109A000000F0040060B100BF608B4FF6FB710840AE
:109A1000608300BF48346088208000206084483C18
:109A200000202434A077608BB4F9181000EBE1001B
:109A300000B2A083208CA7490988081A85B20020AB
:109A4000E077A4480068206214F8100C243C042835
:109A500065DBB4F84800B4F84A10884227DA628B14
:109A600002F400620AB1012200E002221146628E75
:109A70004A4392B2AA4201DD2A4602E0628E4A437C
:109A800092B2104600BFB4F84820024492B2B4F833
:109A900048309A4205DBB4F848200244A4F8482034
:109AA00003E04FF6FF72A4F8482000BF37E000BF84
:109AB000B4F86A00284480B2B4F86A10884205DB22
:109AC000B4F86A002844A4F86A0003E04FF6FF7077
:109AD000A4F86A0000BFB4F86A00B4F848108842DD
:109AE0001DDB4834608C2188401A6084483C00E0CB
:109AF00062E000BFB4F84800618E084480B2B4F858
:109B00004810884206DBB4F84800618E0844A4F887
:109B1000480003E04FF6FF70A4F8480000BF70A2B1
:109B20002046D4E91B31FDF745F920676EA2204697
:109B3000D4E91B13FDF73EF9E066206F18B94FF02A
:109B4000FF30208601E00020208600202077E06E94
:109B500010B90020A4F86800B4F8640064490988CA
:109B60000844A4F86400608B00F4006018B3206F10
:109B700088B9E06E40B1E16EC9684868ECF71AFA3E
:109B8000E16C081A002816DC00BF608B4FF2FF71F1
:109B9000084060830FE0216FC9684868ECF70AFA53
:109BA000E16C081A002806DC00BF608B4FF2FF71E1
:109BB0000840608300BF02E0204600F073FE606B47
:109BC00048B34449A06B0968401A24D5A08E49497E
:109BD0000988081A06B2B4F93C00A6EBE00006B208
:109BE000A08F304400B2A087002E01DA704206B286
:109BF000B4F93E00A6EBA00006B2E08F304400B2FC
:109C0000E087E08FB4F93C1000EBE10000B2A4F86B
:109C10004000002060633148008800286CDD207D12
:109C2000072869DA2A48616A0068401C081A78D453
:109C30002748616A0068294A12881044401E5CE087
:109C40002E2E5C2E2E5C4D6964646C6577617265A6
:109C5000735C6C7769705C7372635C636F72655C74
:109C60007463705F696E2E63000000007463705F40
:109C7000726563656976653A20696E76616C6964C0
:109C80002070636200000000417373657274696F35
:109C90006E2022257322206661696C6564206174E0
:109CA000206C696E6520256420696E2025730A008A
:109CB0007463705F726563656976653A2077726F69
:109CC0006E67207374617465000000002003002437
:109CD0001403002418030024040300241E0300249A
:109CE000756E61636B656400756E73656E740000FC
:109CF0001C030024E802002449E1081A00285FDC64
:109D0000AE484768AE49606A0968A0EB010900BF28
:109D1000AA48406860B900BFAFF2DC0340F2955238
:109D200000E04DE0A7A1AFF2A000D2F717FF00BFFF
:109D300000BF00BF4FF6FF7081450AD300BFAFF2EE
:109D4000001340F29652A3A1AFF2C400D2F706FF6F
:109D500000BF00BF1FFA89F500BF9848406800891E
:109D6000A8420ADA00BFAFF228134FF4B3629DA1F4
:109D7000AFF2EC00D2F7F2FE00BF00BF8F480089BF
:109D8000401B8E490881084640680089401B1FFA25
:109D900080FB07E07889281A85B2A7F808B0002070
:109DA00078813F687889A842F4DB29463846F1F784
:109DB00065FE8349606A08608049C96848600AE0B6
:109DC0007F49606A0968081A05D500BF608B40F0BA
:109DD0000200608300BF7A49606A0968081A7DD46E
:109DE000218D606A0844401E75490968081A0028D8
:109DF00074DC7349606A0968884270D16F49C96828
:109E00008889ECF7E4F800F0030008B1012000E0D5
:109E100000206A490989084476490880208D09880C
:109E2000884256DA6549C9688889ECF7D0F800F0AD
:109E3000010098B16149C9688889ECF7C8F800F059
:109E40003E052846ECF7C3F85C49C96889894CF29D
:109E5000FF02114008435949C9688881208D57493C
:109E60000881C9688889ECF7B2F800F0020020B1D7
:109E700052480089401E51490881504A1189506852
:109E8000F1F7FEFC4D49C9688889ECF7A0F800F0AD
:109E9000030008B1012000E0002048490989084476
:109EA0005449088000BF218D606A0144444800681D
:109EB000504A1288104481420AD000BFAFF280237A
:109EC00040F2CC524CA1AFF24020D2F747FE00BF87
:109ED00000BF3B4800684749098801E053E04EE075
:109EE0000844606200BF208D4249098888420ADA2E
:109EF00000BFAFF2B4234FF4C1624DA1AFF278209E
:109F0000D2F72CFE00BF00BF208D3A490988401AC5
:109F10002085204601F030FC284840680089002850
:109F200006DD264840684A49086000202349486009
:109F30002249C9688889ECF74AF800F0010028B185
:109F40004448007840F020004249087000BFA07EDD
:109F500000F0010060B100BF608B4FF6FE71084059
:109F6000608300BF00BF608B40F00200608305E0AB
:109F700000BF608B40F00100608300BF1BE0204603
:109F800000F090FC17E0204600F08CFC13E00C4938
:109F9000606A0968081A08D4218D606A0844401E66
:109FA00007490968081A002805DD00BF608B40F0EA
:109FB0000200608300BFBDE8F09F000080D303244F
:109FC00014030024696E7365672E7020213D204EB6
:109FD000554C4C00696E73616E65206F66667365E3
:109FE000742100007062756620746F6F2073686F53
:109FF000727421001E0300247463705F72656365D0
:10A000006976653A207365676D656E74206E6F744E
:10A01000207472696D6D656420636F72726563741C
:10A020006C7920746F207263765F776E640A00002B
:10A030007463705F726563656976653A20746370F6
:10A040006C656E203E207263765F776E640A000056
:10A05000240300242103002470B504460D46002C7F
:10A060000FD000BF207D012808D100BF05A340F21A
:10A07000E2720EA117A0D2F771FD00BF00BFC4F8B5
:10A08000805070BD2E2E5C2E2E5C4D6964646C6514
:10A0900077617265735C6C7769705C7372635C6323
:10A0A0006F72655C7463702E63000000696E766188
:10A0B0006C696420736F636B65742073746174657D
:10A0C00020666F7220726563762063616C6C6261DA
:10A0D000636B0000417373657274696F6E20222593
:10A0E0007322206661696C6564206174206C696EFE
:10A0F0006520256420696E2025730A002DE9F04152
:10A1000007460D4614461E4600BF1DB96FF00F00EE
:10A11000BDE8F08100BF3CB12189284600F00CF871
:10A120002046F1F777FA04E01EB92846FCF77AF8E2
:10A13000EEE70020ECE700002DE9F04104460F4671
:10A1400000BF0CB9BDE8F08100BF00BF207D012831
:10A1500008D100BF15A340F2D3321EA127A0D2F729
:10A16000FDFC00BF00BF208D384485B240F668304A
:10A17000854202DC208DA84203DD40F66830208550
:10A1800000E02585204601F0F7FA064640F2DA2085
:10A19000864208D300BF608B40F00200608300BF9E
:10A1A0002046FDF7CDFF00BFCCE700002E2E5C2E31
:10A1B0002E5C4D6964646C6577617265735C6C7765
:10A1C00069705C7372635C636F72655C7463702E3C
:10A1D00063000000646F6E27742063616C6C2074F0
:10A1E00063705F72656376656420666F72206C6968
:10A1F0007374656E2D706362730000004173736544
:10A200007274696F6E2022257322206661696C6505
:10A2100064206174206C696E6520256420696E205D
:10A2200025730A0070B506460D4600BF002D07D104
:10A2300000BF09A3FF2212A11BA0D2F78FFC00BF11
:10A2400000BF344605E0A06FA84201D10020A067FE
:10A25000E468002CF7D170BD2E2E5C2E2E5C4D696B
:10A2600064646C6577617265735C6C7769705C734C
:10A2700072635C636F72655C7463702E63000000D0
:10A280007463705F72656D6F76655F6C697374651A
:10A290006E65723A20696E76616C6964206C6973D0
:10A2A00074656E6572000000417373657274696F46
:10A2B0006E2022257322206661696C6564206174BA
:10A2C000206C696E6520256420696E2025730A0064
:10A2D0002DE9F041044600BF002C08D100BF20A3A7
:10A2E00040F2C26229A12FA0D2F738FC00BF00BF04
:10A2F000206F18B96FF00500BDE8F081256F284682
:10A30000FEF7EEFB10B16FF00500F5E72868206757
:10A3100004F16C0600E03668306858B13168C968ED
:10A320004868EBF747FE0746E9684868EBF742FEE6
:10A33000381AF0D4306828603560286810B90020D9
:10A34000A4F8680094F84200FF2804DA94F8420068
:10A35000401C84F842000020606300BFCCE700008E
:10A360002E2E5C2E2E5C4D6964646C65776172657F
:10A37000735C6C7769705C7372635C636F72655C4D
:10A380007463705F6F75742E630000007463705F98
:10A390007265786D69743A20696E76616C696420C3
:10A3A00070636200417373657274696F6E20222559
:10A3B0007322206661696C6564206174206C696E2B
:10A3C0006520256420696E2025730A0010B50446B7
:10A3D00000BF002C08D100BF20A340F2FA622AA1DE
:10A3E00031A0D2F7BBFB00BF00BF206FA0B3A07E9F
:10A3F00000F0040080BB2046FFF76AFF60BBB4F8A2
:10A400004810B4F86020914202DAB4F8481001E034
:10A41000B4F86010084601EBD071C1F34F01A4F805
:10A420004A10B4F84A00618E4900884204D2608E16
:10A430004004000CA4F84A00B4F84A00618E0322DC
:10A4400002FB0100A4F8480000BF608B40F004004C
:10A45000608300BF0020208610BD00002E2E5C2EE1
:10A460002E5C4D6964646C6577617265735C6C77B2
:10A4700069705C7372635C636F72655C7463705F58
:10A480006F75742E630000007463705F7265786D81
:10A4900069745F666173743A20696E76616C696491
:10A4A0002070636200000000417373657274696F0D
:10A4B0006E2022257322206661696C6564206174B8
:10A4C000206C696E6520256420696E2025730A0062
:10A4D00010B5044600BF002C08D100BF08A340F20D
:10A4E000AE6212A118A0D2F739FB00BF00BF204610
:10A4F00000F096F810B9204600F03AF810BD0000C0
:10A500002E2E5C2E2E5C4D6964646C6577617265DD
:10A51000735C6C7769705C7372635C636F72655CAB
:10A520007463705F6F75742E630000007463705FF6
:10A530007265786D69745F72746F3A20696E7661C6
:10A540006C69642070636200417373657274696F33
:10A550006E2022257322206661696C656420617417
:10A56000206C696E6520256420696E2025730A00C1
:10A5700010B5044600BF002C08D100BF0AA340F26A
:10A58000996214A11CA0D2F7E9FA00BF00BF94F8A9
:10A590004200FF2804DA94F84200401C84F842008C
:10A5A0002046FDF7CDFD10BD2E2E5C2E2E5C4D6994
:10A5B00064646C6577617265735C6C7769705C73F9
:10A5C00072635C636F72655C7463705F6F75742E29
:10A5D000630000007463705F7265786D69745F7208
:10A5E000746F5F636F6D6D69743A20696E76616C2C
:10A5F0006964207063620000417373657274696FEF
:10A600006E2022257322206661696C656420617466
:10A61000206C696E6520256420696E2025730A0010
:10A6200070B5044600BF002C08D100BF22A340F241
:10A6300064622CA134A0D2F791FA00BF00BF206F52
:10A6400010B96FF0050070BD256F07E02846FEF7D2
:10A6500047FA10B16FF00500F5E72D68286800286B
:10A66000F4D12846FEF73CFA10B16FF00500EAE796
:10A67000E06E2860206FE0660020206700BF608BDE
:10A6800040F40060608300BFE9684868EBF792FC23
:10A690000646E9688889EBF79AFC00F0030008B1E8
:10A6A000012000E00020298908443044E0640020B3
:10A6B000606300BFC7E700002E2E5C2E2E5C4D6944
:10A6C00064646C6577617265735C6C7769705C73E8
:10A6D00072635C636F72655C7463705F6F75742E18
:10A6E000630000007463705F7265786D69745F72F7
:10A6F000746F5F707265706172653A20696E766121
:10A700006C69642070636200417373657274696F71
:10A710006E2022257322206661696C656420617455
:10A72000206C696E6520256420696E2025730A00FF
:10A7300070B504460E4615462CB1207A18B1207A21
:10A74000F0F7CAF970BD2846E4F786FCFAE7000086
:10A750002DE9F04F85B083460E4617461D46DDF8BD
:10A76000388000BF002D08D100BF1EA340F2C57283
:10A7700027A12EA0D2F7F2F900BF00BF00BFB8F1A9
:10A78000000F08D100BF17A340F2C67231A127A065
:10A79000D2F7E4F900BF00BF4FF0000A46F60B09FC
:10A7A0003046EBF707FC14220490DDE90F018DE839
:10A7B0000702002251463846049BFDF7D9FE0446A5
:10A7C00014B905B0BDE8F08F00231A46214658465B
:10A7D000FDF7D6FF43462A4621465846FDF756FF69
:10A7E00000BFEEE72E2E5C2E2E5C4D6964646C6516
:10A7F00077617265735C6C7769705C7372635C63BC
:10A800006F72655C7463705F6F75742E6300000017
:10A810007463705F7273743A20696E76616C6964F8
:10A82000206C6F63616C5F69700000004173736539
:10A830007274696F6E2022257322206661696C65CF
:10A8400064206174206C696E6520256420696E2027
:10A8500025730A007463705F7273743A20696E76B0
:10A86000616C69642072656D6F74655F697000006A
:10A8700010B5044644B1606810B16068F0F7CAFED4
:10A8800021460420EEF7D0FD10BD70B5044605E06A
:10A8900025682046FFF7ECFF2C4600BF002CF7D1BF
:10A8A00070BD00002DE9F04704460025A94600BF11
:10A8B000002C08D100BF2CA340F2EB7235A13DA0C3
:10A8C000D2F74CF900BF00BF05F0010008B1042029
:10A8D00000E0002005F0020109B1002100E00021A4
:10A8E000084405F0080109B1002100E000210844F6
:10A8F00005F0100109B1002100E0002100EB010882
:10A90000206DEBF757FB8246534600224146204616
:10A91000FDF7C4FD06464EB900BF608B40F0030052
:10A92000608300BF6FF00100BDE8F0874B462A4608
:10A9300031462046FDF724FF231D2246314620469E
:10A94000FDF7A4FE07462FB100BF608B40F0030067
:10A95000608306E000BF608B4FF6FC7108406083A7
:10A9600000BF3846E0E700002E2E5C2E2E5C4D69BD
:10A9700064646C6577617265735C6C7769705C7335
:10A9800072635C636F72655C7463705F6F75742E65
:10A99000630000007463705F73656E645F656D7063
:10A9A00074795F61636B3A20696E76616C696420CB
:10A9B00070636200417373657274696F6E20222543
:10A9C0007322206661696C6564206174206C696E15
:10A9D0006520256420696E2025730A0070B5044641
:10A9E00000BF002C08D100BF16A34FF47B7220A13A
:10A9F00026A0D2F7B3F800BF00BFE06EE8B1E56E65
:10AA000000E02D6828680028FBD1E9688889EBF709
:10AA1000DEFA00F0070078B90120EBF7D8FAE96810
:10AA200089890843E968888100BF608B40F0200075
:10AA3000608300BF002070BD00BF01212046FBF7EE
:10AA400077FFF8E72E2E5C2E2E5C4D6964646C65F2
:10AA500077617265735C6C7769705C7372635C6359
:10AA60006F72655C7463705F6F75742E63000000B5
:10AA70007463705F73656E645F66696E3A20696EB9
:10AA800076616C69642070636200000041737365D5
:10AA90007274696F6E2022257322206661696C656D
:10AAA00064206174206C696E6520256420696E20C5
:10AAB00025730A0070B504460D46002C0ED000BF69
:10AAC000207D012808D100BF05A340F2F6720EA137
:10AAD00017A0D2F743F800BF00BFE56770BD0000C4
:10AAE0002E2E5C2E2E5C4D6964646C6577617265F8
:10AAF000735C6C7769705C7372635C636F72655CC6
:10AB00007463702E63000000696E76616C69642066
:10AB1000736F636B657420737461746520666F7204
:10AB20002073656E742063616C6C6261636B0000FE
:10AB3000417373657274696F6E20222573222066DB
:10AB400061696C6564206174206C696E65202564A0
:10AB500020696E2025730A00034A106001F5004247
:10AB6000024B1A8070470000900300248C030024DD
:10AB700000BF00B9704700BF417500BFFAE770B56C
:10AB800004460D46164600BF14B96FF00F0070BDA5
:10AB900000BF207D012802D16FF00A00F7E795B1D0
:10ABA00000BF608B40F01000608300BF26B1012120
:10ABB0002046FBF74DFBEAE7606F20B1606FF0F7CE
:10ABC00029FD002060678EB1207D032804D0042871
:10ABD00003D0072807D101E000BF00BFE9B220463B
:10ABE000FBF736FBD3E76FF00A00D0E70020CEE793
:10ABF0002DE9F04F85B04FF00009EA480068401C8D
:10AC0000E8490860E8480078401CE749087000BF40
:10AC10000025E6480468D1E200BF207D002808D165
:10AC200000BFE3A340F2BF42EBA1F6A0D1F796FF2D
:10AC300000BF00BF00BF207D012808D100BFDCA3FA
:10AC40004FF49862F9A1EFA0D1F788FF00BF00BFD1
:10AC500000BF207D0A2808D100BFD5A340F2C14221
:10AC6000FDA1E8A0D1F77AFF00BF00BFA07FCE49C9
:10AC70000978884202D12546E4689FE2CA480078F4
:10AC8000A0770026B046207D022806D194F8420025
:10AC9000062802DB701CC6B2D1E094F842000C28F2
:10ACA00002DB701CC6B2CAE094F8950000285CDD97
:10ACB00000BF206F40B100BFBDA340F2D542F2A15A
:10ACC000D0A0D1F74BFF00BF00BF00BFE06E00284F
:10ACD00008D100BFB6A340F2D642F8A1C9A0D1F76F
:10ACE0003DFF00BF00BF94F896000C2802DB701CEB
:10ACF000C6B2A4E094F89500401EFE490F5C94F89B
:10AD00009400B84204DA94F89400401C84F894004B
:10AD100094F89400B84227DB4FF0010AB4F86000C1
:10AD200030B9204601F056FA70B14FF0000A0BE03E
:10AD3000B4F86010204600F0E3FA28B92046FDF789
:10AD4000FFF908B94FF0000ABAF1000F0BD000204C
:10AD500084F8940094F89500072804D294F895009C
:10AD6000401C84F8950000BF69E0B4F93000002869
:10AD700009DBB4F9300047F6FF71884203DA208E10
:10AD8000401C00B22086B4F93000B4F9401088426B
:10AD900055DB2046FFF744FC18B1206FF0BBE06E96
:10ADA000E0B3207D02281ED094F842200C2A02D263
:10ADB00094F8422000E00C221146B4F93E20B4F988
:10ADC0003C3002EBE302CC4B5B5C02FA03F047F64B
:10ADD000FF72904201DA024601E047F6FF7212B2BA
:10ADE000A4F8402000BF00202086B4F84800B4F842
:10ADF0006010884202DAB4F8480001E0B4F860005C
:10AE0000049004984010A4F84A00B4F84A00618EF7
:10AE10004FF6FF7202EA4101884200E00FE005DAD6
:10AE2000608E114601EA4000A4F84A00608EA4F842
:10AE300048000020A4F86A002046FFF799FB207D17
:10AE400006280BD1A07E00F0100038B15549206AC9
:10AE50000968081A282801D9701CC6B2607A00F067
:10AE60000800D0B3207D042802D0207D072834D1EB
:10AE7000A249D4F8900008444FF4FA71B0FBF1F005
:10AE8000484A216A1268511A884206D2701CC6B21A
:10AE900008F1010000F0FF081FE094F8971042F25B
:10AEA0009F4211FB02F1D4F8900000EBC1004FF477
:10AEB000FA71B0FBF1F03B4A216A1268511A8842DC
:10AEC0000BD22046FCF72AFD8146B9F1000F04D1D0
:10AED00094F89700401C84F89700207D032807D140
:10AEE0003049206A0968081A282801D9701CC6B29E
:10AEF000207D092807D12B49206A0968081AF02803
:10AF000001D9701CC6B2002E49D0D4F88CA02046BE
:10AF1000FDF788FF8DB100BF24480068844208D146
:10AF200000BF23A340F26E5275A136A0D1F716FEE2
:10AF300000BF00BFE068E86011E000BF1B48006888
:10AF4000A04208D000BF1AA340F2725277A12DA0F0
:10AF5000D1F704FE00BF00BF1449E0680860B8F1F3
:10AF6000000F0BD0208BE18A221DCDE90021029039
:10AF700023462046626A216DFFF7EAFBD4F810B041
:10AF8000207D03902746E4683846FBF7CDFE00207D
:10AF90007149087000BFBAF1000F01D0DEE0E7E0B0
:10AFA000E0E00000E8020024FE020024F402002495
:10AFB0002E2E5C2E2E5C4D6964646C657761726523
:10AFC000735C6C7769705C7372635C636F72655CF1
:10AFD0007463702E630000007463705F736C6F772E
:10AFE000746D723A20616374697665207063622DB6
:10AFF0003E737461746520213D20434C4F5345449A
:10B000000A000000417373657274696F6E20222517
:10B010007322206661696C6564206174206C696EBE
:10B020006520256420696E2025730A007463705FB3
:10B03000736C6F77746D723A206163746976652002
:10B040007063622D3E737461746520213D204C490C
:10B050005354454E0A0000007463705F736C6F7741
:10B06000746D723A20616374697665207063622D35
:10B070003E737461746520213D2054494D452D5720
:10B080004149540A000000007463705F736C6F776D
:10B0900074696D723A207065727369737420746993
:10B0A000636B696E67207769746820696E2D666CC2
:10B0B0006967687420646174610000007463705F84
:10B0C000736C6F7774696D723A207065727369730F
:10B0D00074207469636B696E672077697468206592
:10B0E0006D7074792073656E642062756666657232
:10B0F000000000006500060858000608B84C0A0069
:10B100007463705F736C6F77746D723A206D6964ED
:10B11000646C652074637020213D207463705F61EE
:10B1200063746976655F7063627300007463705F57
:10B13000736C6F77746D723A2066697273742070E5
:10B140006362203D3D207463705F6163746976655E
:10B150005F70636273000000FC0200246FF00C015A
:10B160005846D04700BF4348007800B150E524E07E
:10B170002546E468287F401C2877287F697F88421D
:10B180001BDB002028773B49087000BFD5F88800FA
:10B1900030B12946D5F8882028699047814601E0DA
:10B1A0004FF0000900BF3348007800B130E5B9F135
:10B1B000000F02D12846FCF7C3FF00BF002C7FF42C
:10B1C0002BAD00252C4804684EE000BF207D0A28E6
:10B1D0000AD000BFAFF2282340F2A25227A1AFF25B
:10B1E000DC10D1F7BBFC00BF00BF00262F49206A4E
:10B1F0000968081AF02801D9701CC6B2002E31D097
:10B200002046FDF70FFE9DB100BF1B480068844239
:10B210000AD100BFAFF268234FF4B66224A1AFF2A7
:10B220001C20D1F79BFC00BF00BFE068E86013E082
:10B2300000BF11480068A0420AD000BFAFF29023BF
:10B2400040F2B45224A1AFF24420D1F787FC00BFF2
:10B2500000BF0949E06808602746E4683846FBF704
:10B2600063FD01E02546E468002CAED105B0BDE8E1
:10B27000F08F0000FC020024F80200247463705F69
:10B28000736C6F77746D723A2054494D452D574158
:10B290004954207063622D3E7374617465203D3D96
:10B2A0002054494D452D574149540000E8020024DF
:10B2B0007463705F736C6F77746D723A206D69643C
:10B2C000646C652074637020213D207463705F742A
:10B2D000775F7063627300007463705F736C6F7785
:10B2E000746D723A20666972737420706362203DD7
:10B2F0003D207463705F74775F7063627300000059
:10B300002DE9F04F85B005460E4600270024A346E0
:10B3100000BF002D08D100BF7AA340F24B3284A1B8
:10B320008CA0D1F71BFC00BF00BFEC6E24B94FF01E
:10B33000FF3005B0BDE8F08F002E0CD100BF00BF7C
:10B3400070A340F253328DA182A0D1F707FC00BF59
:10B3500000BFB01FEDE72089B04201DC0020E8E724
:10B3600000BF688EB04208DA00BF66A340F25B32CD
:10B370008BA178A0D1F7F2FB00BF00BF00BF2089EE
:10B38000002808DC00BF5FA34FF4577288A171A0AA
:10B39000D1F7E4FB00BF00BF94F80A8008F0010079
:10B3A00008B1042000E0002008F0020109B10021EA
:10B3B00000E00021084408F0080109B1002100E084
:10B3C0000021084408F0100109B1002100E000212B
:10B3D000084404902089801B1FFA80FA0498504486
:10B3E00081B24FF420723620EFF73CFD8346BBF16B
:10B3F000000F00D170E0606800892189401A304454
:10B4000080B20290DBF80430049A991860685246C2
:10B41000029BEFF7EBFF504500D05DE0E1688889C3
:10B42000EAF7D5FD00F03F090020039009F008007D
:10B4300028B129F00809039840F00800039009F0AA
:10B44000010028B129F00109039840F001000390A0
:10B45000E1684868EAF7AEFD30440346CDE9008074
:10B4600059462846039AFBF717F9074617B94FF0D4
:10B47000000B31E06068EFF74CFF35F8661F081AE3
:10B48000288062681289A2EB0A0291B26068F0F724
:10B49000F7F92089A0EB0A0020814846EAF797FDDA
:10B4A000E16889890843E16888816068EFF731FFC6
:10B4B0002988084428807868EFF72BFF29880844FA
:10B4C00025F86609206838602760386810B90020C0
:10B4D000A5F8680000202CE700BF47B100BF09A312
:10B4E00040F2D93236A11BA0D1F738FB00BF00BF14
:10B4F000BBF1000F02D05846F0F78CF84FF0FF3048
:10B5000017E700002E2E5C2E2E5C4D6964646C657E
:10B5100077617265735C6C7769705C7372635C638E
:10B520006F72655C7463705F6F75742E63000000EA
:10B530007463705F73706C69745F756E73656E743D
:10B540005F7365673A20696E76616C696420706329
:10B5500062000000417373657274696F6E2022256A
:10B560007322206661696C6564206174206C696E69
:10B570006520256420696E2025730A0043616E27CB
:10B58000742073706C6974207365676D656E7420C8
:10B59000696E746F206C656E6774682030000000FF
:10B5A00073706C6974203C3D206D73730000000063
:10B5B000757365672D3E6C656E203E20300000007F
:10B5C000736567203D3D204E554C4C0010B5094831
:10B5D000006868B90848006810B90848006838B1C0
:10B5E00001200449086000220549FA20FAF7E8F82A
:10B5F00010BD000034030024F4020024F8020024EB
:10B600006DC505083EB504462948007800F00400E1
:10B6100000B13EBD00BF002C08D100BF25A340F201
:10B62000EE222FA136A0D1F799FA00BF00BF204823
:10B63000007800F0020018B33B49606A0968081AF4
:10B6400026D4218D606A084437490968081A002801
:10B650001EDC364800680088344909684988344A45
:10B66000CDE900210290304800683249098842182B
:10B670002F4B1B1D304801682046FFF769F8C8E7CB
:10B680000B48007800F0010010B12C4800682062DF
:10B6900028480088002808DD00BF608B40F00200C9
:10B6A000608300BF2046FCF74BFD00BFB1E7000000
:10B6B000200300242E2E5C2E2E5C4D6964646C6584
:10B6C00077617265735C6C7769705C7372635C63DD
:10B6D0006F72655C7463705F696E2E6300000000BA
:10B6E0007463705F74696D65776169745F696E70AA
:10B6F00075743A20696E76616C69642070636200CB
:10B70000417373657274696F6E20222573222066FF
:10B7100061696C6564206174206C696E65202564C4
:10B7200020696E2025730A001403002404030024FA
:10B7300080E902241E03002418030024E8020024E8
:10B7400010B5FBF7A3FA06480078401CC0B20449C4
:10B75000087000F0010008B1FFF74AFA10BD0000C0
:10B76000FD0200240348007840F0100001490870F1
:10B77000704700002103002470B5044600BF002C70
:10B7800008D100BF1CA340F2A73225A12DA0D1F7FC
:10B79000E5F900BF00BF218D606A4518608E40F258
:10B7A000B452E16A904201DD104600E0608E084428
:10B7B000281A04D4208D6085E06A281A70BDE16AD9
:10B7C000606A401A002802DD0020608512E0616A8C
:10B7D000E06A461A00BFB6F5803F08D300BF06A353
:10B7E00040F2B73221A117A0D1F7B8F900BF00BFCE
:10B7F000668500BF0020E1E72E2E5C2E2E5C4D6991
:10B8000064646C6577617265735C6C7769705C7396
:10B8100072635C636F72655C7463702E630000001A
:10B820007463705F7570646174655F7263765F6185
:10B830006E6E5F776E643A20696E76616C69642023
:10B8400070636200417373657274696F6E202225A4
:10B850007322206661696C6564206174206C696E76
:10B860006520256420696E2025730A006E65775F68
:10B870007263765F616E6E5F776E64203C3D203050
:10B8800078666666660000002DE9FF4F91B00446B9
:10B890008A4617464FF0000B0025002010900F90AD
:10B8A0000E9000260B900A908146099000BF24B9A3
:10B8B0006FF00F0015B0BDE8F08F00BFB4F8621054
:10B8C00001EBD1725210638E9A4201DD628E04E068
:10B8D000B4F8620000EBD072521092B20792079A4D
:10B8E0000AB1079800E0608E079000BFBAF1000F20
:10B8F00002D16FF00F00DDE700BF3946204600F0AF
:10B9000095FB0890089808B10898D3E7B4F866004A
:10B910000D9000200C90E06E00287DD0E56E00E0D8
:10B920002D6828680028FBD1A87A00F0010008B132
:10B93000042000E00020A97A01F0020109B10021F1
:10B9400000E000210844A97A01F0080109B10021B2
:10B9500000E000210844A97A01F0100109B100219A
:10B9600000E000210844069000BF298906980144A0
:10B970000798814208DD00BFE9A34FF4F372F3A1F9
:10B98000F8A0D1F7EBF800BF00BF29890698014461
:10B990000798401A1FFA80F8B4F868000A90BDF8BA
:10B9A0002800002831DD00BFBDF82800404508DD33
:10B9B00000BFDBA34FF4FC72F4A1EAA0D1F7CEF8EC
:10B9C00000BF00BF1095BDF82800B84202DABDF8EC
:10B9D000280000E03846404501DD404607E0BDF85C
:10B9E0002800B84202DABDF8280000E03846814657
:10B9F00006EB090086B2BDF82800A0EB090080B272
:10BA00000A90A8EB09001FFA80F800BFBDF82800D3
:10BA100060B1BE420AD000E07AE000BFC0A34FF49C
:10BA20000072E2A1CFA0D1F799F800BF00BFBE42DB
:10BA30006DDAB8F1000F6ADD2889002867DDB81BD0
:10BA4000404501DD404600E0B81B80B205901095EE
:10BA5000149800F00100E8B1012114980AAB4246A5
:10BA6000CDE90040029100200599FDF723F9B0F1DE
:10BA7000000B00D185E20AEB0601DBF80400059A11
:10BA8000C4F7F8FC5846EFF744FC0D99084480B21F
:10BA90000D9038E06868049002E004980068049013
:10BAA000049800680028F8D10498007B00F0C000DA
:10BAB000A0B9049841684089084450450ED100BFA0
:10BAC00046B100BF96A340F23122C0A1A5A0D1F794
:10BAD00045F800BF00BF0598099013E0012200203F
:10BAE0000599EFF7BFF9B0F1000B00D149E20AEB7D
:10BAF0000600CBF804005846EFF70BFC0D990844FC
:10BB000080B20D9000BF0598304486B200BF0DE0B2
:10BB100000BFB4F8680040B100BF81A340F24A22E0
:10BB2000B5A190A0D1F71AF800BF00BFA5E0B81BDF
:10BB300080B206900C990798401A80B20590DDE912
:10BB40000510884201DA069800E0059804901498E0
:10BB500000F0010000282FD00E9808B9012100E064
:10BB600000211498CDE9004002910C9A04981044E9
:10BB700081B20AAB3620079AFDF79CF8B0F10008B5
:10BB800000D1FEE100BFB8F80A100498814208DA3B
:10BB900000BF63A340F26622A3A172A0D0F7DEFF2C
:10BBA00000BF00BF0AEB0601D8F804300C9A9818C1
:10BBB000049AC4F75FFC2BE000BFBDF8280040B139
:10BBC00000BF57A340F27122A7A166A0D0F7C6FF1D
:10BBD00000BF00BF012236200499EFF743F903901C
:10BBE00000B9CEE10AEB0601039841604FF42072E0
:10BBF00036200C99EFF736F9B0F1000803D103981D
:10BC0000EFF708FDBDE140460399EFF7F9FA00BFF1
:10BC10004046EFF77EFB0D99084480B20D900D98D9
:10BC2000582803D94046EFF7F5FCAAE10B9800909D
:10BC3000E06D8319002241462046FAF72DFD109051
:10BC400000B99EE10E9810B910980E900FE000BF59
:10BC50000F9840B900BF32A340F2AB2286A141A0A9
:10BC6000D0F77CFF00BF00BFDDE90F10086010981F
:10BC70000F900498304486B200BFBE42FFF657AF23
:10BC8000B9F1000F21DDD5F8048017E0B8F80800FD
:10BC90004844A8F80800D8F8000068B9B8F80A20A5
:10BCA000D8F8041088184A465146C4F7E3FBB8F8A0
:10BCB0000A004844A8F80A00D8F80080B8F1000F3C
:10BCC000E4D128894844288100BFBDF82800A4F8A1
:10BCD0006800BBF1000F15D000BF45B900BF10A32D
:10BCE0004FF4387269A11FA0D0F738FF00BF00BF22
:10BCF00059466868EFF784FA2889BBF808100844A9
:10BD0000288106E10998002809DD00BF0DB16868A7
:10BD100020B900BF02A340F2E622D3E0D8E0F8E069
:10BD20002E2E5C2E2E5C4D6964646C6577617265A5
:10BD3000735C6C7769705C7372635C636F72655C73
:10BD40007463705F6F75742E630000006D73735FB2
:10BD50006C6F63616C20697320746F6F20736D6109
:10BD60006C6C0000417373657274696F6E202225DC
:10BD70007322206661696C6564206174206C696E51
:10BD80006520256420696E2025730A00696E636F43
:10BD90006E73697374656E74206F76657273697AF9
:10BDA000652076732E20737061636500696E636F22
:10BDB0006E73697374656E74206F76657273697AD9
:10BDC000652076732E206C656E0000007463705FD2
:10BDD00077726974653A20524F4D207062756673B0
:10BDE0002063616E6E6F74206265206F766572737A
:10BDF000697A656400000000756E73656E745F6F2C
:10BE000076657273697A65206D69736D61746368B4
:10BE100020287063622D3E756E73656E74206973A1
:10BE2000204E554C4C2900007463705F7772697422
:10BE3000653A20636865636B207468617420666985
:10BE400072737420706275662063616E20686F6C17
:10BE5000642074686520636F6D706C657465207311
:10BE600065676C656E0000006F76657273697A6550
:10BE7000203D3D2030000000707265765F7365677D
:10BE800020213D204E554C4C000000007463705F33
:10BE900077726974653A2063616E6E6F7420636FA8
:10BEA0006E636174656E617465207768656E20707D
:10BEB00063622D3E756E73656E7420697320656DC7
:10BEC0007074790043A1AFF26410D0F747FE00BF51
:10BED00000BFD5F8048007E0B8F8081009980844B6
:10BEE000A8F80800D8F80080D8F800000028F3D19E
:10BEF000B8F8081009980844A8F80800B8F80A101B
:10BF000009980844A8F80A00298909980844288152
:10BF100000BF15B90E98E06601E00E98286054F84D
:10BF20005C0F384420602089C01B20810D986081FF
:10BF300060895C3C80B100BF206F60B9E06E50B991
:10BF400000BFAFF2242340F2123230A1AFF2EC1066
:10BF5000D0F704FE00BF00BF109880B11098C068F1
:10BF600068B1149800F0020048B90820EAF72FF8E9
:10BF70001099C968898908431099C9688881002087
:10BF800098E400BF608B40F08000608300BFBBF18D
:10BF9000000F02D05846EFF73DFB0E9810B10E98F7
:10BFA000FEF773FCB4F8660080B100BF206F60B983
:10BFB000E06E50B900BFAFF2982340F2273213A1D0
:10BFC000AFF26020D0F7CAFD00BF00BF4FF0FF30D6
:10BFD00070E400007463705F77726974653A20657D
:10BFE0007874656E73696F6E206F66207265666522
:10BFF00072656E6365207265717569726573207212
:10C0000065666572656E6365000000007463705F4D
:10C0100077726974653A2076616C69642071756520
:10C020007565206C656E67746800000070B5044625
:10C030000D4600BF002C08D100BF2DA340F23312E3
:10C0400036A13EA0D0F78AFD00BF00BF207D0428A6
:10C050000BD0207D072808D0207D022805D0207D28
:10C06000032802D06FF00A0070BD0DB90020FBE775
:10C07000B4F86400A84208DA00BF608B40F080008A
:10C08000608300BF4FF0FF30EEE7B4F86600582839
:10C0900008D300BF608B40F08000608300BF4FF08A
:10C0A000FF30E1E7B4F86600002810D000BF206F31
:10C0B00000280BD1E06E002808D100BF0CA340F28D
:10C0C000551228A11DA0D0F749FD00BF0EE000BF0A
:10C0D000206F08B9E06E40B100BF05A34FF4AC7209
:10C0E0002FA116A0D0F73AFD00BF00BF0020BBE78C
:10C0F0002E2E5C2E2E5C4D6964646C6577617265D2
:10C10000735C6C7769705C7372635C636F72655C9F
:10C110007463705F6F75742E630000007463705FEA
:10C1200077726974655F636865636B733A20696EE3
:10C1300076616C696420706362000000417373650E
:10C140007274696F6E2022257322206661696C65A6
:10C1500064206174206C696E6520256420696E20FE
:10C1600025730A007463705F77726974653A207092
:10C1700062756673206F6E207175657565203D3E32
:10C18000206174206C65617374206F6E6520717519
:10C19000657565206E6F6E2D656D70747900000099
:10C1A0007463705F77726974653A206E6F20706295
:10C1B000756673206F6E207175657565203D3E2034
:10C1C000626F74682071756575657320656D707434
:10C1D000790000002DE9FC5F04460020009000BFBC
:10C1E000002C08D100BF37A34FF4056240A149A03D
:10C1F000D0F7B4FC00BF00BFE56E15B90020BDE864
:10C20000FC9F94F89600FF2804DA94F89600401CEE
:10C2100084F89600E9688889E9F7D9FE00F0010002
:10C2200018B1288908B9012000E000208146B9F141
:10C23000000F01D1012000E000208246E868436839
:10C24000524620460099FCF729F9064616B94FF0E8
:10C25000FF30D4E77768B9F1000F09D01120E9F772
:10C26000B6FEB9894CF2FF0211400843B8810DE0D7
:10C27000706800F1140B696809892A89891A8BB2E0
:10C28000012259466868EFF7B1F800BFE9684868CD
:10C29000E9F790FE00F10108206DB0EB080001D530
:10C2A000C4F8508000231A4631462046FCF768FA4D
:10C2B000231D224631462046FCF7E8F901900198FB
:10C2C0009DE700002E2E5C2E2E5C4D6964646C652B
:10C2D00077617265735C6C7769705C7372635C63C1
:10C2E0006F72655C7463705F6F75742E630000001D
:10C2F0007463705F7A65726F5F77696E646F775F82
:10C3000070726F62653A20696E76616C6964207044
:10C3100063620000417373657274696F6E20222539
:10C320007322206661696C6564206174206C696E9B
:10C330006520256420696E2025730A007CB50446BB
:10C340000D46E9F74BFE18480460184805600621C1
:10C350001748F8F7B7FD00280AD000BF00BF15A3A3
:10C3600040F261221DA126A0D0F7F8FB00BF00BF5C
:10C370002D48F8F7F5FE00280AD000BF00BF0DA336
:10C3800040F2652229A11EA0D0F7E8FB00BF00BF44
:10C3900005204FF4805300222D4900902DA0F9F77D
:10C3A0009DF901907CBD0000680200246C0200240D
:10C3B000700200242E2E5C2E2E5C4D6964646C6528
:10C3C00077617265735C6C7769705C7372635C61D2
:10C3D00070695C74637069702E6300006661696CDB
:10C3E000656420746F206372656174652074637086
:10C3F00069705F746872656164206D626F780000B7
:10C40000417373657274696F6E20222573222066F2
:10C4100061696C6564206174206C696E65202564B7
:10C4200020696E2025730A00740200246661696C1D
:10C43000656420746F20637265617465206C6F633E
:10C440006B5F74637069705F636F726500000000FA
:10C45000A5C505085443502F495000002DE9F0416F
:10C4600005460E46174600BF1348006838B900BF9E
:10C4700012A3FC221BA11FA0D0F770FB00BF00BFBE
:10C480000A20EDF755F804461CB94FF0FF30BDE81F
:10C49000F081002020706560A660E76021460648B4
:10C4A000F8F770FD30B121460A20ECF7BDFF4FF0E0
:10C4B000FF30ECE70020EAE7700200242E2E5C2E0D
:10C4C0002E5C4D6964646C6577617265735C6C7732
:10C4D00069705C7372635C6170695C7463706970CD
:10C4E0002E630000496E76616C6964206D626F781E
:10C4F00000000000417373657274696F6E2022251D
:10C500007322206661696C6564206174206C696EB9
:10C510006520256420696E2025730A0070B50546E4
:10C520000C4694F8310000F0180028B1054A214665
:10C530002846FFF793FF70BD034A21462846FFF7C0
:10C540008DFFF8E7C57A0308ADE8030870B5044627
:10C550000D4616460448F8F78FFD2846A0470248C6
:10C56000F8F746FE002070BD7402002410B50446A2
:10C57000FFF7E6F80748006810B90748006828B1D7
:10C5800000220649FA20F9F71BF902E000200449CD
:10C59000086010BDF4020024F80200246DC50508EF
:10C5A0003403002408B51148F8F766FD1048006808
:10C5B00020B1104800680E490968884715E06946AF
:10C5C0000D4800F0B9F8009800280AD100BF00BF5C
:10C5D0000AA3912213A11BA0D0F7C0FA00BF00BF8D
:10C5E00003E0009800F042F800BFE8E7740200247E
:10C5F000680200246C020024700200242E2E5C2E9F
:10C600002E5C4D6964646C6577617265735C6C77F0
:10C6100069705C7372635C6170695C74637069708B
:10C620002E63000074637069705F74687265616482
:10C630003A20696E76616C6964206D657373616719
:10C6400065000000417373657274696F6E20222566
:10C650007322206661696C6564206174206C696E68
:10C660006520256420696E2025730A0010B50446F4
:10C67000207820B101280ED0022818D113E0201D07
:10C6800007C8904710B16068EEF7C4FF21460A2042
:10C69000ECF7CAFE16E0D4E90110884721460920CC
:10C6A000ECF7C2FE0EE0D4E9011088470AE000BFB3
:10C6B00000BF05A3CF220EA115A0D0F74FFA00BFEF
:10C6C00000BF00BF00BF10BD2E2E5C2E2E5C4D693A
:10C6D00064646C6577617265735C6C7769705C73B8
:10C6E00072635C6170695C74637069702E630000D2
:10C6F00074637069705F7468726561643A20696E12
:10C7000076616C6964206D65737361676500000014
:10C71000417373657274696F6E20222573222066DF
:10C7200061696C6564206174206C696E65202564A4
:10C7300020696E2025730A002DE9F04106460F4658
:10C7400000BFF9F751F90446601C60B91148F8F7C9
:10C750004FFD002239463046F8F7DCF80D48F8F76F
:10C760008BFCBDE8F08114B9F8F722FBE9E7094832
:10C77000F8F73EFD224639463046F8F7CBF8054635
:10C780000448F8F779FC681C10B9F8F711FBD8E7F2
:10C7900000BFE6E77402002470B50546284600F0A5
:10C7A00008F804461CB1206808B1204670BD00207E
:10C7B000FCE770B50446204600F004F8054628461C
:10C7C00070BD000002461146002901DB042901DB8F
:10C7D00000207047014800EB0110FAE7B0E40224A2
:10C7E0002DE9F04105460E46174606B9234E00BF17
:10C7F0001DB96FF00F00BDE8F08100BF4FF00008D9
:10C800001F48046805E0A54202D14FF0010802E08C
:10C81000E468002CF7D100BF37B900F08BFB074666
:10C82000E7B96FF00700E6E71548046814E0A54291
:10C8300011D0608AB8420ED120683168884207D092
:10C8400036B1306820B11CB1206808B100BF02E0E9
:10C850006FF00700CFE7E468002CE8D10EB90020A4
:10C8600000E0306828606F82B8F1000F04D10448FE
:10C870000068E860024805600020BCE7A8000608E0
:10C880003C03002421B191F83420521C027201E0D3
:10C8900000220272704700002DE9F04104460D4667
:10C8A000174600BF1CB96FF00F00BDE8F08100BF54
:10C8B00000BF15B96FF00F00F7E700BF608A58B9E5
:10C8C000628A21462046FFF78BFF8046B8F1000FB1
:10C8D00001D04046E9E700BF0DB9002000E028681C
:10C8E0006060A782207C40F004002074084806683D
:10C8F00004E0B44201D10020D7E7F668002EF8D159
:10C9000003480068E060024804600020CDE70000B2
:10C910003C03002410B5C3F79BFDC0F30D0000F5E8
:10C9200040400149088010BD380300242DE9FE4F26
:10C9300005460E460020019000BF3DB900BF61A32F
:10C94000CF226AA16FA0D0F709F900BF00BF00BFD6
:10C950003EB900BF5BA3D02274A16AA0D0F7FEF855
:10C9600000BF00BF6889082803DA2846EEF752FEA8
:10C97000A6E0D5F804A0744A11685069E1F724FED6
:10C980008146BAF80000E9F722FB8346BAF80200B4
:10C99000E9F71DFB029000240027A0466B480468BD
:10C9A00038E0618A0298814232D14A4631462046B7
:10C9B00000F0DCF860B3207C00F00400A8B9B8F106
:10C9C000000F01D1A04610E0B9F1000F0DD05E4874
:10C9D0004069401C48B9D8F800007168884204D00A
:10C9E00020687168884200D1A046A08A58450FD1BE
:10C9F000606820B1544960680969884208D137B13C
:10CA0000E068F86051480068E0605048046003E066
:10CA10002746E468002CC4D100BF04B9444614B1D1
:10CA20000120019008E0484970684969884201D1B5
:10CA3000012000E000200190019800283CD008214E
:10CA40002846EFF71BF870B100BF00BF1DA34FF4DD
:10CA5000B8723FA12BA0D0F781F800BF00BF2846D5
:10CA6000EEF7D8FD2CE07CB1206A48B1CDF800B0DB
:10CA7000354B10332A462146D4E908C0E0471EE072
:10CA80002846EEF7C7FD1BE0B9F1000F10D12E4884
:10CA9000007D00F0F000E0280AD02B4880890830A3
:10CAA00001B22846EEF7AEFE03212846E0F770FEFD
:10CAB0002846EEF7AFFD02E02846EEF7ABFD00BFDB
:10CAC000BDE8FE8F2E2E5C2E2E5C4D6964646C6575
:10CAD00077617265735C6C7769705C7372635C63B9
:10CAE0006F72655C7564702E630000007564705F22
:10CAF000696E7075743A20696E76616C6964207035
:10CB000062756600417373657274696F6E202225C9
:10CB10007322206661696C6564206174206C696EA3
:10CB20006520256420696E2025730A007564705F96
:10CB3000696E7075743A20696E76616C6964206EF6
:10CB4000657469660000000070E902243C0300245B
:10CB5000706275665F72656D6F76655F686561644A
:10CB60006572206661696C65640A000070B50446F0
:10CB70000D46164600BF002C07D100BF1FA3872219
:10CB800028A131A0CFF7EAFF00BF00BF00BF002DF2
:10CB900007D100BF19A3882235A12BA0CFF7DEFF54
:10CBA00000BF00BF207A50B1217A3B48406890F81E
:10CBB0003400401CC0B2814201D0002070BD8EB153
:10CBC00074B1206860B134484069401C40B12068AD
:10CBD000A968084030494969AA68114088420BD1C8
:10CBE0000120EBE734B1206820B12B492068496966
:10CBF000884201D10120E1E70020DFE72E2E5C2EE4
:10CC00002E5C4D6964646C6577617265735C6C77EA
:10CC100069705C7372635C636F72655C7564702EBF
:10CC2000630000007564705F696E7075745F6C6F8F
:10CC300063616C5F6D617463683A20696E76616CE4
:10CC40006964207063620000417373657274696F78
:10CC50006E2022257322206661696C6564206174F0
:10CC6000206C696E6520256420696E2025730A009A
:10CC70007564705F696E7075745F6C6F63616C5F13
:10CC80006D617463683A20696E76616C6964206EC8
:10CC9000657469660000000070E902241CB500F0AC
:10CCA000A7FD0748032100234FF40072CDE90010CF
:10CCB00004A1094802F0BCF800F0EAFD20461CBDC2
:10CCC000A80300247564705F6D756C74696361738B
:10CCD000745F7461736B000049CD0508034A1060EE
:10CCE00041F40042024B1A8070470000AC0300245C
:10CCF000B003002410B50020024981F82C00FFF792
:10CD0000CDFF10BDB0D5032410B500200B4981F82C
:10CD10002C0008460079022803D109480068E8F78A
:10CD200081FE00200549087100F062FD0548006899
:10CD300000F0DEFF00F0ACFD10BD0000B0D5032414
:10CD4000B4030024A80300249AB000270025102073
:10CD50001190D1F7A9FE0446142108A8C3F7B2FB2D
:10CD6000142103A8C3F7AEFB0026A4E052480079C3
:10CD7000012860D1002202210846EBF70DFC4F4943
:10CD8000086008460068002804DA01204A4981F852
:10CD90002C0080E0E078A178CDE90010637822785B
:10CDA00047A108A8CFF7EAFE2220005D2121095DF6
:10CDB000CDE900102020035DE27F41A103A8CFF759
:10CDC000DDFE666A02208DF859000020E9F7F2F8CE
:10CDD0001790B0B2E9F7FBF8ADF85A00102216A987
:10CDE00036480068E8F7CAFD0746002F53D103A86C
:10CDF000E2F784FE0F9008A8E2F780FE109008206A
:10CE00000FAB0322002100902C480068EBF770F86C
:10CE100007460A200D9000200E9008200DAB41F22D
:10CE20000602D11F009025480068EBF761F8022048
:10CE3000214908712FE02048007902282BD123488E
:10CE4000008800F40040B0F5004F11D11F48009653
:10CE50000088C0F30D0203AB1D4801681748006845
:10CE600000F048FA1948008820F40040174908806B
:10CE700011A812A900234FF4FA72CDE90010154948
:10CE80000E480068EAF718FE0546002D03DDA9B23A
:10CE90001048F0F7C7F9084890F82C00012805D190
:10CEA0000020054981F82C00FFF72EFFE2F790FEE5
:10CEB000642000F0DBFE59E7B0D50324B40300245E
:10CEC00025642E25642E25642E256400B0030024DD
:10CED000AC0300243BD7032410B5024682B113688B
:10CEE00073B169B10B685BB1064B186806E0036863
:10CEF0001468A34201D10B680360C0680028F6D112
:10CF000010BD00003C03002410B50120ECF710FB1D
:10CF1000044634B128212046C3F7D4FAFF20E0723A
:10CF20006077204610BD70B50546FFF7EDFF04465B
:10CF3000204670BD10B5002200BF1248038800884B
:10CF4000401C104C20804FF6FF70834203D14FF4F9
:10CF50004040234618800C4801680EE0488A094B7F
:10CF60001B88984208D1501C80B20246B0F5804F11
:10CF700001DB002010BDE0E7C9680029EED10148BF
:10CF80000088F7E7380300243C03002400BF00B901
:10CF9000704700BF0162426200BFF9E770B5054605
:10CFA00000BF05B970BD00BF0F480068A84205D199
:10CFB0000D480068C0680C4908600EE00A48046823
:10CFC00008E0E06828B1E068A84202D1E868E060C3
:10CFD00002E0E468002CF4D100BF29460120ECF700
:10CFE00023FA00BFDEE700003C03002470B50446CE
:10CFF0000D4600BF14B96FF00F0070BD00BF00BF39
:10D0000015B96FF00F00F8E700BFA38A221D29466B
:10D01000204600F001F8F0E72DE9F84304460F46FA
:10D020001646984600BF1CB96FF00F00BDE8F883A4
:10D0300000BF00BF17B96FF00F00F7E700BF00BFD8
:10D0400016B96FF00F00F1E700BF207A20B1207A07
:10D05000EDF742FD05461DE00025307800F0F000B8
:10D06000E02812D1207F20B1207FEDF735FD054665
:10D070000BE0A06948B10D49A0690968884204D055
:10D0800004F11800E1F7E8FF05461DB93046E1F765
:10D09000E3FF054615B96FF00300C7E74346324684
:10D0A00039462046009500F003F8BFE7AC000608BB
:10D0B0002DE9FC4704460F46904699460A9D00BF5D
:10D0C0001CB96FF00F00BDE8FC8700BF00BF17B9A7
:10D0D0006FF00F00F7E700BF00BFB8F1000F02D1FB
:10D0E0006FF00F00EFE700BF00BF15B96FF00F0042
:10D0F000E9E700BF34B1206820B1207800F0F000EB
:10D10000E02801D12E1D07E020686968884202D01E
:10D110006FF00300D7E726464B4642463946204685
:10D12000CDE9005600F002F8CDE700002DE9FF5FE1
:10D1300004460E4690469A4600BF24B96FF00F0091
:10D1400004B0BDE8F09F00BF00BF16B96FF00F003C
:10D15000F6E700BF00BFB8F1000F02D16FF00F007B
:10D16000EEE700BF00BF0F9810B96FF00F00E7E7C0
:10D1700000BF00BF0E9810B96FF00F00E0E700BFCE
:10D18000608A50B9628A21462046FFF729FB814612
:10D19000B9F1000F01D04846D2E73089083080B29B
:10D1A0003189884202DA4FF0FF30C9E70821304662
:10D1B000EDF7DEFD88B14FF4207208212220EDF753
:10D1C00051FE054615B94FF0FF30B9E7308928B157
:10D1D00031462846EEF792F800E0354600BF6889F0
:10D1E000082808D200BF23A340F20D322BA137A09C
:10D1F000CFF7B4FC00BF00BF6F68608AE8F7E7FEB6
:10D2000038805046E8F7E3FE78800020F880207CE4
:10D2100000F0080048B198F8000000F0F000E028A5
:10D2200003D1687B40F0040068732889E8F7CFFEDB
:10D23000B8804FF0110B98F8000000F0F000E028E3
:10D2400001D1607F00E0E07A0390A17A0E98CDE9E9
:10D25000001B029042462846039B0F99E1F76AFDA6
:10D260008146B54203D02846EEF7D4F9002548465A
:10D2700066E700002E2E5C2E2E5C4D6964646C65A2
:10D2800077617265735C6C7769705C7372635C6301
:10D290006F72655C7564702E63000000636865637F
:10D2A0006B20746861742066697273742070627593
:10D2B000662063616E20686F6C642073747275639E
:10D2C00074207564705F6864720000004173736558
:10D2D0007274696F6E2022257322206661696C6505
:10D2E00064206174206C696E6520256420696E205D
:10D2F00025730A002DE9F04387B005460E46174610
:10D300001C46DDF838904FF0000800200390049090
:10D310000590069002208DF80D001FFA89F0E8F7BD
:10D3200056FEADF80E002046E2F7E8FB0490102010
:10D3300003A900233A46CDE9001031462846EAF712
:10D340004DFD8046404607B0BDE8F0830048704779
:10D35000780100240148007870470000780100241B
:10D36000F8B500250027D1F79BFB0446FFF7EEFF39
:10D370000746A08886B220780006617840EA01401E
:10D38000A17840EA0120E1780843020620780006EF
:10D39000617840EA0140A17840EA0120E178084341
:10D3A00000F47F4042EA002220780006617840EADB
:10D3B0000141A07841EA0020E178084300F47F00B1
:10D3C00042EA102220780106607841EA0041A07804
:10D3D00041EA0020E178084342EA106000904FF4EF
:10D3E00080602149A1F81A02002088603146684611
:10D3F000DEF712FC45B2002D01DB022D0AD1002D13
:10D4000004DA294619A0CFF7A9FB02E020A0CFF744
:10D41000A5FB1AE0DEF75AFA45B2002D04DA2946D8
:10D4200022A0CFF79BFB10E0DEF710F945B2002DEC
:10D4300004DA294626A0CFF791FB06E02DA0CFF70E
:10D440008DFBDFF74FF8002500BFDDF78DFF0020D3
:10D45000387000210220E2F7B3FC002D02DA4FF011
:10D46000FF30F8BD0020FCE7847F01240ABBF1B542
:10D47000C3696E666F2E747874D0C5CFA22CCAA70C
:10D48000B0DC21207265743A2025640A0000000097
:10D490000AB0E6B1BECAC7D7EED0C2B0E6B1BE2C64
:10D4A000CEDED0E8B8FCD0C2210A00000ABBF1B53C
:10D4B000C36372635F62696ECEC4BCFEB4F3D0A175
:10D4C0002CCAA7B0DC21207265743A2025640A00BA
:10D4D0000ABBF1B5C36372635F62696ECEC4BCFE02
:10D4E000C4DAC8DD2CCAA7B0DC21207265743A20EA
:10D4F00025640A000AC9FDBCB6CDEAB3C92CD6D84A
:10D50000C6F4C9E8B1B82E2E2E0A0000F8B5D1F73E
:10D51000C7FA044600260025DBF712F90021012096
:10D52000E2F74EFCFFF712FF0646A08887B220788C
:10D530000006617840EA0140A17840EA0120E178E4
:10D540000843020620780006617840EA0140A1788D
:10D5500040EA0120E178084300F47F4042EA0022DB
:10D5600020780006617840EA0141A07841EA002075
:10D57000E178084300F47F0042EA10222078010697
:10D58000607841EA0041A07841EA0020E178084350
:10D5900042EA106000904FF480602049A1F81A021E
:10D5A0000020886039466846DEF7ACFA45B2002DA7
:10D5B00001DB022D0AD1002D04DA294618A0CFF78D
:10D5C000CDFA02E01FA0CFF7C9FA1AE0DEF7FEF8A5
:10D5D00045B2002D04DA294621A0CFF7BFFA10E0AA
:10D5E000DDF766FF45B2002D04DA294625A0CFF706
:10D5F000B5FA06E02CA0CFF7B1FADEF773FF0025ED
:10D6000000BF0020307000210120E2F7D9FB002D7F
:10D6100002DA4FF0FF30F8BD0020FCE7847F0124E0
:10D620000ABBF1B5C3696E666F2E747874D0C5CF2E
:10D63000A22CCAA7B0DC21207265743A2025640AA6
:10D64000000000000AB0E6B1BECAC7D7EED0C2B033
:10D65000E6B1BE2CCEDED0E8B8FCD0C2210A000074
:10D660000ABBF1B5C36372635F62696ECEC4BCFE70
:10D67000B4F3D0A12CCAA7B0DC21207265743A2083
:10D6800025640A000ABBF1B5C36372635F62696E09
:10D69000CEC4BCFEC4DAC8DD2CCAA7B0DC2120721F
:10D6A00065743A2025640A000AC9FDBCB6CDEAB308
:10D6B000C92CD6D8C6F4C9E8B1B82E2E2E0A00005F
:10D6C0000149087070470000780100242DE9FC5FD3
:10D6D00005460E4600242846C2F733FF0190002776
:10D6E00000BF22E015F80480B8F1250F04D03846B9
:10D6F0007F1C06F8008017E0601C044615F80090B7
:10D70000601C0446285C00904FF0000A0098DCF78B
:10D7100073FC83464846DCF76FFC0BEB001A384677
:10D720007F1C06F800A000BF641C01988442D9DB6E
:10D730000020F055BDE8FC9F01460A69D1E901309F
:10D740009860D1E9010358605068884201D1886827
:10D750005060002008611068401E1060106870471B
:10D7600070B505460C46214601A0CFF7F7F970BD0C
:10D770007461736B202573206F766572666C6F77AA
:10D780000A00000000F1080141604FF0FF318160A4
:10D7900000F10801C16001610021016070470021B2
:10D7A0000161704710B502460B685C1C0CB910692A
:10D7B00007E002F1080000E04068446824689C42E9
:10D7C000FAD944684C604C68A160886041600A6185
:10D7D0001468641C146010BD42684A6093688B60D2
:10D7E000936859609160086103685B1C036070472F
:10D7F00010B500BF102072B680F31188BFF34F8FB1
:10D80000BFF36F8F62B600BF0B480068401C0A4927
:10D8100008600846006801280DD108480068C0B2B9
:10D8200008B9012000E0002028B94FF4D37204A108
:10D8300013A0CFF793F910BDF804002404ED00E025
:10D840002E2E5C2E2E5C4D6964646C65776172656A
:10D85000735C4672656552544F535C706F727461AD
:10D86000626C655C525644535C41524D5F434D3788
:10D870005C723070315C706F72742E630000000057
:10D880004572726F723A2025732C2025640D0A00B0
:10D8900010B50B48006828B940F2AD1209A119A0D3
:10D8A000CFF75CF906480068401E05490860084645
:10D8B000006820B9002080F3118800BF00BF10BDB0
:10D8C000F80400242E2E5C2E2E5C4D6964646C6579
:10D8D00077617265735C4672656552544F535C7034
:10D8E0006F727461626C655C525644535C41524D78
:10D8F0005F434D375C723070315C706F72742E63B1
:10D90000000000004572726F723A2025732C2025AA
:10D91000640D0A0070B506463546002E3AD0083D23
:10D920002C461D4960680968084008B1012000E0E4
:10D93000002028B94FF4927218A126A0CFF70EF953
:10D94000206808B9012000E0002028B940F2251223
:10D9500012A120A0CFF702F90F49606809680840BA
:10D96000C0B12068B0B90C4960680968884360603C
:10D9700000F0F0FB1B496068096808441949086019
:10D980002046EFF7DBFF18480068401C1649086086
:10D9900001F032FD70BD0000200500242E2E5C2E0B
:10D9A0002E5C4D6964646C6577617265735C467268
:10D9B000656552544F535C706F727461626C655C44
:10D9C0004D656D4D616E675C686561705F342E6397
:10D9D000000000004572726F723A2025732C2025DA
:10D9E000640D0A00100500241C05002400204FF0DF
:10D9F000E02108618861064800684FF47A71B0FB45
:10DA0000F1F0401E4FF0E0214861072008617047A7
:10DA10000000002470B5C2F7A9FC0546102D11D3F3
:10DA200005F1E02090F8F04310480078844201DBD3
:10DA3000012000E0002028B940F209320CA11CA00E
:10DA4000CFF78CF81E48006800F4E0601D490968B3
:10DA5000884201D8012000E0002028B940F21932A4
:10DA600003A113A0CFF77AF870BD0000FC040024D6
:10DA70002E2E5C2E2E5C4D6964646C657761726538
:10DA8000735C4672656552544F535C706F7274617B
:10DA9000626C655C525644535C41524D5F434D3756
:10DAA0005C723070315C706F72742E630000000025
:10DAB0004572726F723A2025732C2025640D0A007E
:10DAC0000CED00E0000500242DE9F04106460F466C
:10DAD0002EB940F6C82211A119A0CFF73FF80025B2
:10DAE000BFB1002412E01A4800EBC4004068B04205
:10DAF00003D1174800EBC4050AE035B9144850F8C3
:10DB0000340010B9124800EBC405641C082CEAD399
:10DB100000BF0DB12F606E60BDE8F0812E2E5C2E2F
:10DB20002E5C4D6964646C6577617265735C4672E6
:10DB3000656552544F535C71756575652E630000C1
:10DB40004572726F723A2025732C2025640D0A00ED
:10DB5000CCE0032470B5044625462DB94FF401628C
:10DB600005A10EA0CEF7FAFF284600F01FF82846C0
:10DB7000FFF7D0FE70BD00002E2E5C2E2E5C4D698E
:10DB800064646C6577617265735C46726565525456
:10DB90004F535C71756575652E6300004572726F39
:10DBA000723A2025732C2025640D0A0070B50546B5
:10DBB0002DB940F616320CA114A0CEF7CFFF0024E9
:10DBC0000EE0164800EBC4004068A84207D10020D0
:10DBD000124941F8340001EBC401486002E0641CC2
:10DBE000082CEED300BF70BD2E2E5C2E2E5C4D692E
:10DBF00064646C6577617265735C467265655254E6
:10DC00004F535C71756575652E6300004572726FC8
:10DC1000723A2025732C2025640D0A00CCE00324E1
:10DC20002DE9F04105460E4617462C46FFF7E0FD6C
:10DC300094F94400401C10B9002084F8440094F981
:10DC40004500401C10B9002084F84500FFF720FE75
:10DC5000A06B28B93A46314604F1240000F024F9BB
:10DC60002046F0F710F9BDE8F081000070B50446D9
:10DC70000025ACB10F48006808B9012000E0002081
:10DC800028B940F24B520CA114A0CEF767FF00F068
:10DC900061FA00212046EFF771FB01F0ADFB05466C
:10DCA0003DB94FF0805011490860BFF34F8FBFF36B
:10DCB0006F8F70BDD80400242E2E5C2E2E5C4D6913
:10DCC00064646C6577617265735C46726565525415
:10DCD0004F535C7461736B732E6300004572726FF7
:10DCE000723A2025732C2025640D0A0004ED00E013
:10DCF00070B50546FFF77CFD15B92F48006800E0B8
:10DD000028460446201DFFF717FD78B9E06A00EBAE
:10DD100080002A4951F8200040B994F82C100120C5
:10DD2000884027490968814325480160A06A18B1E5
:10DD300004F11800FFF700FD22480068401C21494B
:10DD400008601D480068844209D1211D1E48FFF764
:10DD500043FD1E480068401C1C49086006E01C4842
:10DD60000068401E1A490860EFF7ECFFFFF790FDCE
:10DD700011480068844202D02046EFF785FC154820
:10DD80000068C0B10C480068844214D11248006891
:10DD900008B9012000E0002028B940F2DE420FA1BE
:10DDA00017A0CEF7DBFE4FF0805019490860BFF393
:10DDB0004F8FBFF36F8F70BD9C0400240CE10324D0
:10DDC000B4040024C8040024C8E30324A8040024E5
:10DDD000AC040024B8040024D80400242E2E5C2EA9
:10DDE0002E5C4D6964646C6577617265735C467224
:10DDF000656552544F535C7461736B732E630000FE
:10DE00004572726F723A2025732C2025640D0A002A
:10DE100004ED00E0034909680160034909684160B5
:10DE200070470000C4040024B0040024012001490C
:10DE300008607047C004002401480068343070470F
:10DE40009C04002470B504460D462CB940F61E42D1
:10DE500007A110A0CEF782FE1248016818312046B3
:10DE6000FFF7A0FC01212846EFF788FA70BD0000FB
:10DE70002E2E5C2E2E5C4D6964646C657761726534
:10DE8000735C4672656552544F535C7461736B7377
:10DE90002E6300004572726F723A2025732C202584
:10DEA000640D0A009C04002470B504460E46154615
:10DEB0002CB940F6544211A119A0CEF74FFE60686C
:10DEC0001B490968C8611A49826809680A621849C9
:10DED00009681831826851601549096818318160F4
:10DEE000134909688C622168491C21600DB14FF00B
:10DEF000FF3629463046EFF741FA70BD2E2E5C2ED4
:10DF00002E5C4D6964646C6577617265735C467202
:10DF1000656552544F535C7461736B732E630000DC
:10DF20004572726F723A2025732C2025640D0A0009
:10DF30009C0400242DE9F04706460F4634464FF076
:10DF40000109002E70D0606D28B941F2A10237A1FD
:10DF50003FA0CEF703FE206DB84201D23D4600E05F
:10DF6000256DE06AA8425FD0606D01285CD13C4815
:10DF70000068844201D0012000E0002028B941F26D
:10DF8000BC022AA132A0CEF7E9FDD4F82C80E562CC
:10DF9000A06900F0004010B9C5F12000A06108EBB5
:10DFA0008801304A02EB81016069884201D1012079
:10DFB00000E00020C0B3201DFFF7BEFB40B994F87D
:10DFC0002C100120884028490968814326480160B7
:10DFD00094F82C10012088402349096808432249FD
:10DFE0000860E16A01EB81011E4A02EB8101486889
:10DFF000A0608268E260211D826851608160E16AF0
:10E0000001EB8101174A02EB81026261E16A01EBD7
:10E010008101144A52F82110491CE26A02EB820283
:10E02000104B43F8221000BFBDE8F0872E2E5C2E67
:10E030002E5C4D6964646C6577617265735C4672D1
:10E04000656552544F535C7461736B732E630000AB
:10E050004572726F723A2025732C2025640D0A00D8
:10E060009C0400240CE10324B4040024014800684B
:10E07000006B70479C04002401480068406C7047A6
:10E080009C0400241CB51D4800210B468022CDE9CC
:10E0900000101BA11C4800F0CBFE0446012C02D14D
:10E0A00001F07AFA0446012C19D100BF102072B693
:10E0B00080F31188BFF34F8FBFF36F8F62B600BF3D
:10E0C0004FF0FF301149086001201149086000201D
:10E0D000104908601049086000F0FEF80BE0601C71
:10E0E00008B1012000E0002028B940F642020BA14F
:10E0F00013A0CEF733FD164800681CBDD0040024E1
:10E1000049444C450000000055D70408CC040024C5
:10E11000B8040024B0040024080000242E2E5C2E35
:10E120002E5C4D6964646C6577617265735C4672E0
:10E13000656552544F535C7461736B732E630000BA
:10E140004572726F723A2025732C2025640D0A00E7
:10E15000D404002402480068401C0149086070474C
:10E16000D804002410B52F48006818B101202E49AA
:10E17000086055E000202C4908602C4800682C49B4
:10E180000860084600682B49096888420BD92A496B
:10E19000096801F15800896D254A1268254B1B68F2
:10E1A000D21A1144016022480068224908602248BE
:10E1B0000068006820490968096B884205D81E4834
:10E1C000016834310068FFF7CBFA1C480068B0FAE8
:10E1D00080F0C0F11F0404EB8400194951F82000BD
:10E1E00008B1012000E0002028B940F6044215A142
:10E1F0001DA0CEF7B3FC04EB8401114A02EB8100B1
:10E2000041684968416000F1080142688A4202D1D0
:10E210004168496841604168C968074A116000BFA8
:10E2200010BD0000D8040024C0040024080000240D
:10E23000E0040024DC0400249C040024B404002432
:10E240000CE103242E2E5C2E2E5C4D6964646C65FB
:10E2500077617265735C4672656552544F535C74A6
:10E2600061736B732E6300004572726F723A2025E2
:10E27000732C2025640D0A0070B505460C46204617
:10E28000D6F724FD064626B1012E08D0022E12D163
:10E290000BE00A4A0AA12846CEF770FC0CE0094AB6
:10E2A00007A12846CEF76AFC06E0074A04A12846E3
:10E2B000CEF764FC00E000BF00BF70BD3A5806080E
:10E2C00025730000335806082958060801480068DD
:10E2D00070470000100500241CB53F4C2046007814
:10E2E0000190FF20214608700846007800909DF8B4
:10E2F000000000F0F0009DF80010884201D10120DC
:10E3000000E0002028B940F24D1234A143A0CEF71E
:10E3100025FC9DF8000000F010004449087007201B
:10E320004349086009E042480068401E40490860CF
:10E330009DF800004006000E00909DF8000000F0DF
:10E3400080008028EFD03A480068C0F10700042818
:10E3500001D1012000E0002028B940F261121FA184
:10E360002EA0CEF7FBFB32480068C0F1070004285E
:10E3700001D1012000E0002028B94FF4B57217A1A7
:10E3800026A0CEF7EBFB2A48006800022849086067
:10E390000846008800F4E06008600F4901980870A2
:10E3A0002448006840F4700022490860084600686C
:10E3B00040F070400860FFF719FB00201E4908601C
:10E3C000C1F79AFF1D48006840F040401B490860B3
:10E3D000C1F77EFF00201CBD00E400E02E2E5C2E65
:10E3E0002E5C4D6964646C6577617265735C46721E
:10E3F000656552544F535C706F727461626C655CFA
:10E40000525644535C41524D5F434D375C723070FD
:10E41000315C706F72742E63000000004572726F81
:10E42000723A2025732C2025640D0A00FC04002478
:10E430000005002420ED00E0F804002434EF00E0A3
:10E4400010B500BF102072B680F31188BFF34F8F54
:10E45000BFF36F8F62B600BF00F036FD18B14FF00A
:10E4600080500449086000BF002080F3118800BF7D
:10E4700010BD000004ED00E02DE9F0410446012646
:10E48000002722460021012000F008F80546284612
:10E49000EFF774F92846BDE8F08100002DE9F84354
:10E4A00005460E4617460024E5B1601EB0FBF5F0A8
:10E4B000B04217D305FB06F010F1550F12D805FB3B
:10E4C00006F909F15400EFF723FE04468CB1A0468B
:10E4D00008F154083B464246314628460094EFF77F
:10E4E0005CF906E02CB94FF4E37203A10BA0CEF760
:10E4F00035FB2046BDE8F8832E2E5C2E2E5C4D6940
:10E5000064646C6577617265735C467265655254CC
:10E510004F535C71756575652E6300004572726FAF
:10E52000723A2025732C2025640D0A002DE9F04154
:10E5300005460E4601272C462CB94FF488722CA1B3
:10E5400034A0CEF70BFB002C42D0E06B00283FD06C
:10E550004FF0FF31E06BB1FBF0F0216C884237D314
:10E56000FFF746F9D4E90F12206801FB0200A06012
:10E570000020A06320686060E06B401E226C216870
:10E5800000FB0211E160FF2084F8440084F845009C
:10E590009EB9206908B9012000E00020A8B904F163
:10E5A000100000F083FE80B14FF080501D490860DC
:10E5B000BFF34F8FBFF36F8F07E004F11000FFF739
:10E5C000E1F804F12400FFF7DDF8FFF761F900E05E
:10E5D00000270FB1012000E0002028B940F24512C9
:10E5E00003A10CA0CEF7BAFA3846BDE8F0810000CE
:10E5F0002E2E5C2E2E5C4D6964646C6577617265AD
:10E60000735C4672656552544F535C7175657565F0
:10E610002E6300004572726F723A2025732C2025FC
:10E62000640D0A0004ED00E02DE9FF4782B00646C4
:10E6300088461D464FF0000934462CB940F22E3270
:10E6400064A16DA0CEF78AFAB8F1000F01D1206C59
:10E6500008B9012000E0002028B940F22F325DA166
:10E6600065A0CEF77BFA022D02D1E06B012801D123
:10E67000012000E0002028B94FF44C7255A15EA0A3
:10E68000CEF76CFA00F00AFC08B9049808B901202A
:10E6900000E0002028B940F233324EA156A0CEF758
:10E6A0005DFA00BFFFF7A4F8A06BE16B884201D3CD
:10E6B000022D3ED1D4F838A02A4641462046EEF736
:10E6C000A4FF0746A06C88B1022D02D1BAF1000F59
:10E6D00029D12046EFF7AEF928B34FF080504A49D0
:10E6E0000860BFF34F8FBFF36F8F1CE0606A08B9FB
:10E6F000012000E0002068B904F1240000F0D6FDFC
:10E7000088B14FF0805040490860BFF34F8FBFF38E
:10E710006F8F08E03FB14FF080503B490860BFF376
:10E720004F8FBFF36F8FFFF7B3F8012006B0BDE83E
:10E73000F087049818B9FFF7ABF80020F6E7B9F1B5
:10E74000000F04D16846FFF765FB4FF00109FFF7A2
:10E750009FF8FFF7FFFCFFF74BF894F94400401CCB
:10E7600010B9002084F8440094F94500401C10B909
:10E77000002084F84500FFF78BF804A9684600F0F4
:10E78000F1FAF8B92046EFF746F9A8B104F1100004
:10E790000499FFF757FB2046EFF775FB00F02CFEBE
:10E7A00000287FF47FAF4FF0805017490860BFF317
:10E7B0004F8FBFF36F8F75E72046EFF764FB00F0D4
:10E7C0001BFE6FE72046EFF75EFB00F015FE002012
:10E7D000ACE700002E2E5C2E2E5C4D6964646C65E7
:10E7E00077617265735C4672656552544F535C7114
:10E7F000756575652E6300004572726F723A20254B
:10E80000732C2025640D0A0004ED00E02DE9F0478B
:10E8100007460D463C462CB940F2AD4238A141A016
:10E82000CEF79CF9206C08B9012000E0002028B93F
:10E8300040F2B14232A13BA0CEF790F9206808B96E
:10E84000A06808B9012000E0002028B940F2B642D3
:10E850002BA134A0CEF782F9FFF7DCF800BF10211E
:10E86000EFF3118072B681F31188BFF34F8FBFF3BE
:10E870006F8F62B600BF0646D4F838A0E06B5045F3
:10E8800035D994F945900AF10100A06309F101001E
:10E89000C0B9A06C38B12046EFF7CCF820B31DB357
:10E8A0000120286020E0606A08B9012000E0002013
:10E8B000D0B904F1240000F0F9FCA8B1A5B1012001
:10E8C000286011E0B9F17F0F01D0012000E00020A5
:10E8D00028B940F235520AA112A0CEF73FF909F14A
:10E8E000010040B284F845004FF0010801E04FF00C
:10E8F000000800BF86F3118800BF4046BDE8F087DE
:10E900002E2E5C2E2E5C4D6964646C657761726599
:10E91000735C4672656552544F535C7175657565DD
:10E920002E6300004572726F723A2025732C2025E9
:10E93000640D0A0070B505462C462CB940F28322BE
:10E940000CA115A0CEF70AF900F0A2FAA16888423E
:10E950000CD1E068401EE060E06828B900231A4648
:10E9600019462046FFF760FE012600E000263046EB
:10E9700070BD00002E2E5C2E2E5C4D6964646C65AB
:10E9800077617265735C4672656552544F535C7172
:10E99000756575652E6300004572726F723A2025A9
:10E9A000732C2025640D0A002DE9F74183B005463C
:10E9B0000E464FF000082C462CB940F251524CA1A3
:10E9C00054A0CEF7CBF80EB9206C08B9012000E0B6
:10E9D000002028B940F2555245A14EA0CEF7BEF80E
:10E9E00000F05CFA08B9059808B9012000E00020A1
:10E9F00028B940F25A523EA146A0CEF7AFF800BF68
:10EA0000FEF7F6FEA76BF7B131462046EEF7E8FDBC
:10EA1000781EA063206908B9012000E0002060B9D9
:10EA200004F1100000F042FC38B14FF080503D4935
:10EA30000860BFF34F8FBFF36F8FFEF729FF0120F0
:10EA400006B0BDE8F081059818B9FEF721FF002057
:10EA5000F6E7B8F1000F04D101A8FFF7DBF94FF09A
:10EA60000108FEF715FFFFF775FBFEF7C1FE94F9ED
:10EA70004400401C10B9002084F8440094F945007B
:10EA8000401C10B9002084F84500FEF701FF05A9DD
:10EA900001A800F067F9F0B92046EEF7AFFFA0B18A
:10EAA00004F124000599FFF7CDF92046EFF7EBF9C3
:10EAB00000F0A2FC0028A3D14FF080501949086053
:10EAC000BFF34F8FBFF36F8F9AE72046EFF7DBF965
:10EAD00000F092FC94E72046EFF7D5F900F08CFCAB
:10EAE0002046EEF78BFF00288AD00020A8E7000020
:10EAF0002E2E5C2E2E5C4D6964646C6577617265A8
:10EB0000735C4672656552544F535C7175657565EB
:10EB10002E6300004572726F723A2025732C2025F7
:10EB2000640D0A0004ED00E02DE9F34182B00546D2
:10EB30004FF000082C4600262CB940F2E3525DA1AC
:10EB400065A0CEF70BF8206C08B9012000E000208A
:10EB500028B940F2E75257A15FA0CDF7FFFF00F0C0
:10EB60009DF908B9039808B9012000E0002028B9F0
:10EB700040F2EC524FA158A0CDF7F0FF00BFFEF7D6
:10EB800037FEA76BFFB1781EA063206810B9EFF7BE
:10EB900089FBA060206908B9012000E0002060B96D
:10EBA00004F1100000F082FB38B14FF080504E4964
:10EBB0000860BFF34F8FBFF36F8FFEF769FE012030
:10EBC00004B0BDE8F081039870B90EB9012000E0EF
:10EBD000002028B940F2326236A13FA0CDF7BEFF37
:10EBE000FEF756FE0020EBE7B8F1000F04D16846AF
:10EBF000FFF710F94FF00108FEF74AFEFFF7AAFAF7
:10EC0000FEF7F6FD94F94400401C10B9002084F88A
:10EC1000440094F94500401C10B9002084F84500D8
:10EC2000FEF736FE03A9684600F09CF840BB20467C
:10EC3000EEF7E4FEF0B1206838B9FEF7D9FDA06820
:10EC400000F0BEFA0646FEF723FE04F12400039905
:10EC5000FFF7F8F82046EFF716F900F0CDFB002893
:10EC60008DD14FF0805020490860BFF34F8FBFF324
:10EC70006F8F84E72046EFF706F900F0BDFB7EE7D3
:10EC80002046EFF700F900F0B7FB2046EEF7B6FE9E
:10EC90000028EED05EB1FEF7ABFD2046EEF7FDFC9E
:10ECA00007463946A068FFF745F9FEF7F1FD002059
:10ECB00086E700002E2E5C2E2E5C4D6964646C6528
:10ECC00077617265735C4672656552544F535C712F
:10ECD000756575652E6300004572726F723A202566
:10ECE000732C2025640D0A0004ED00E02DE9F041AD
:10ECF00006460F4634462CB940F2BB220CA115A0A3
:10ED0000CDF72CFF00F0C4F8A168884204D1E06878
:10ED1000401CE060012508E039462046FFF704FF6B
:10ED2000054615B1E068401CE0602846BDE8F0816A
:10ED30002E2E5C2E2E5C4D6964646C657761726565
:10ED4000735C4672656552544F535C7175657565A9
:10ED50002E6300004572726F723A2025732C2025B5
:10ED6000640D0A0070B506460C462EB940F6FF4207
:10ED70001FA128A0CDF7F2FE2CB94FF450621CA1C0
:10ED800024A0CDF7EBFEFEF733FD2648026870683D
:10ED9000131A2548006890F8610030B1002022491C
:10EDA000096881F8610001251EE02068401C08B94F
:10EDB000002519E01D4930680968884206D070684E
:10EDC000904203D80125002020600DE02068984281
:10EDD00007D92068C01A20603046FFF71BF80025CD
:10EDE00002E0002020600125FEF752FD284670BD9C
:10EDF0002E2E5C2E2E5C4D6964646C6577617265A5
:10EE0000735C4672656552544F535C7461736B73E7
:10EE10002E6300004572726F723A2025732C2025F4
:10EE2000640D0A00B00400249C040024C4040024DF
:10EE30002DE9FF4F85B0804689461746DDE912ABC4
:10EE4000B800EFF765F9064656B16420EFF760F9B0
:10EE500004460CB1266304E03046FEF75BFD00E09B
:10EE600000247CB10020CDE900ABCDE902403A4658
:10EE700049464046089BEEF7A7FC2046EEF7E4FA29
:10EE8000012501E04FF0FF35284609B0BDE8F08FBD
:10EE900001490868704700009C040024054909687E
:10EEA00009B9012005E00449096809B9022000E018
:10EEB00000207047B8040024D804002401490868E1
:10EEC00070470000B00400242DE9F0414FF0000825
:10EED0005F48006800287DD15E480068451C5D4899
:10EEE0000560002D1DD15C480068006808B901204C
:10EEF00000E0002028B940F6C92258A160A0CDF753
:10EF00002DFE55480768624800685349086060480C
:10EF1000076060480068401C5E490860EEF712FF19
:10EF200000BF5D480068854277D300BF4A4800684B
:10EF3000006808B9012000E0002020B14FF0FF3048
:10EF40005549086068E044480068C068C46866685D
:10EF5000B54202D2504806605EE06069D4E9021210
:10EF60008A60D4E902214A60211D42688A4201D1A7
:10EF7000E1684160002262610168491E0160A06A87
:10EF800098B1A06AD4E907128A60D4E907214A60DF
:10EF900004F1180142688A4201D1216A41600022CD
:10EFA000A2620168491E016000BF94F82C10012084
:10EFB00088403A490968084338490860E16A01EB2A
:10EFC0008101374A02EB81014868A0608268E260F3
:10EFD000211D00E033E0826851608160E16A01EB4D
:10EFE00081012F4A02EB81026261E16A01EB81013A
:10EFF0002B4A52F82110491CE26A02EB8202284B8C
:10F0000043F822102749E06A0968C96A88428DD30B
:10F010004FF001088AE700E000BF22480068C06A9C
:10F0200000EB80001E4951F82000012801D94FF063
:10F0300001081D48006808B14FF0010804E01B48B2
:10F040000068401C194908604046BDE8F081000096
:10F05000D8040024B0040024A00400242E2E5C2E2A
:10F060002E5C4D6964646C6577617265735C467291
:10F07000656552544F535C7461736B732E6300006B
:10F080004572726F723A2025732C2025640D0A0098
:10F09000A4040024C4040024CC040024B4040024E8
:10F0A0000CE103249C040024C0040024BC040024BC
:10F0B00070B505462C460026002D5ED0304800680D
:10F0C000844201D1012000E0002028B941F2510220
:10F0D0002CA135A0CDF742FD606D28B941F2520256
:10F0E00028A131A0CDF73AFD606D401E6065216D0D
:10F0F000E06A884241D0606D00283ED1201DFEF7B5
:10F100001BFB40B994F82C10012088402A4909685B
:10F11000814329480160206DE062E06AC0F120006F
:10F12000A06194F82C100120884023490968084305
:10F1300021490860E16A01EB8101204A02EB81016B
:10F140004868A0608268E260211D82685160816029
:10F15000E16A01EB8101194A02EB81026261E16A15
:10F1600001EB8101154A52F82110491CE26A02EBB9
:10F170008202124B43F822100126304670BD000077
:10F180009C0400242E2E5C2E2E5C4D6964646C65FC
:10F1900077617265735C4672656552544F535C7457
:10F1A00061736B732E6300004572726F723A202593
:10F1B000732C2025640D0A00B40400240CE1032400
:10F1C00070B505462C460026002D67D03449E06A0C
:10F1D0000968C96A88425AD2A06900F0004028B97B
:10F1E0002F480068C06AC0F12000A061E16A01EB0D
:10F1F00081012C4A02EB81016069884201D1012022
:10F2000000E00020E0B3201DFEF796FA40B994F824
:10F210002C1001208840244909688143224801605C
:10F220001F480068C06AE06294F82C1001208840F2
:10F230001D49096808431C490860E16A01EB810126
:10F24000184A02EB81014868A0608268E260211DD3
:10F25000826851608160E16A01EB8101114A02EB31
:10F2600081026261E16A01EB81010E4A52F82110CC
:10F27000491CE26A02EB82020A4B43F8221004E0C6
:10F28000FFE707480068C06AE062012606E004491B
:10F29000206D0968C96A884200D20126304670BDD7
:10F2A0009C0400240CE10324B404002470B5064639
:10F2B000F068C4682CB940F684423CA144A0CDF764
:10F2C0004DFCA06AD4E907128A60D4E907214A609C
:10F2D00004F1180142688A4201D1216A416000228A
:10F2E000A2620168491E01603D48006800283DD1C6
:10F2F0006069D4E902128A60D4E902214A60211DC2
:10F3000042688A4201D1E16841600022626101687D
:10F31000491E016094F82C10012088403149096889
:10F32000084330490860E16A01EB81012E4A02EB93
:10F3300081014868A0608268E260211D8268516096
:10F340008160E16A01EB8101274A02EB810262617F
:10F35000E16A01EB8101244A52F82110491CE26A5A
:10F3600002EB8202204B43F8221010E01F4948684C
:10F37000E0618268226204F1180182685160816054
:10F380001A4AA26211460968491C116000BF184957
:10F39000E06A0968C96A884204D901250120154933
:10F3A000086000E00025284670BD00002E2E5C2E6F
:10F3B0002E5C4D6964646C6577617265735C46723E
:10F3C000656552544F535C7461736B732E63000018
:10F3D0004572726F723A2025732C2025640D0A0045
:10F3E000D8040024B40400240CE10324B4E303246F
:10F3F0009C040024C004002470B50024002650485A
:10F40000006828B940F6B5024EA157A0CDF7A6FB7B
:10F41000FEF7EEF94A480068401E49490860084670
:10F42000006800287ED15448006800287AD05BE04C
:10F430005248C068C468A06AD4E907128A60D4E957
:10F4400007214A6004F1180142688A4201D1216A09
:10F4500041600022A2620168491E01606069D4E92E
:10F4600002128A60D4E902214A60211D42688A4260
:10F4700001D1E1684160002262610168491E0160BA
:10F4800094F82C10012088403D49096808433C4904
:10F490000860E16A01EB81013A4A02EB81014868A8
:10F4A000A0608268E260211D826851608160E16A2B
:10F4B00001EB8101334A02EB81026261E16A01EBF7
:10F4C0008101304A52F82110491CE26A02EB8202A3
:10F4D0002C4B43F822102C49E06A0968C96A88421B
:10F4E00002D30120294908602448006808B9012096
:10F4F00000E0002000289BD00CB1EEF723FC24484C
:10F50000056865B100BFFFF7DFFC10B101201F499E
:10F5100008606D1E002DF6D100201D4908601B48B3
:10F52000006800E008E038B101263007194908609A
:10F53000BFF34F8FBFF36F8FFEF7AAF9304670BD50
:10F54000D80400242E2E5C2E2E5C4D6964646C65FC
:10F5500077617265735C4672656552544F535C7493
:10F5600061736B732E6300004572726F723A2025CF
:10F57000732C2025640D0A00AC040024B4E303249A
:10F58000B40400240CE103249C040024C0040024DF
:10F59000BC04002404ED00E01CB50024EDF7CAFF14
:10F5A0000B48006858B10B481F2100234FF48072AC
:10F5B000CDE9001008A10A48FFF73AFC04462CB92F
:10F5C00040F2191207A110A0CDF7C8FA20461CBDC1
:10F5D000EC040024F0040024546D72205376630080
:10F5E0006DDE04082E2E5C2E2E5C4D6964646C6505
:10F5F00077617265735C4672656552544F535C74F3
:10F60000696D6572732E63004572726F723A2025C0
:10F61000732C2025640D0A00000000000102030481
:10F620000102030406070809E697A0E8BF9EE68EDC
:10F63000A500E69C89E7BABFE5B7B2E8BF9EE68EB3
:10F64000A500E697A0E7BABFE5B7B2E8BF9EE68E91
:10F65000A50020E5B7B2E68C82E8BDBD200020E61B
:10F660009CAAE68C82E8BDBD2000E69FA5E689BE87
:10F67000E4BFA1E58FB72000E69FA5E689BE534908
:10F680004D2000E6B3A8E5868CE7BD91E7BB9C2042
:10F6900000E5908CE6ADA5E697B6E997B42000E6C4
:10F6A000A8A1E59D97E5889DE5A78BE58C962000B0
:10F6B000E6BF80E6B4BBE7BD91E7BB9C00E69FA533
:10F6C000E8AFA2E58D8FE8AEAEE6A08800E69FA584
:10F6D000E8AFA2E68BA8E58FB7E78AB6E68081009F
:10F6E000CDC902080DCB0208099A02082DCA0208EA
:10F6F0000000204200004842000020420000484232
:10F70000645A0608060000003C5A06081100000072
:10F71000645A060806000000505A0608100000004F
:10F7200000316253C4F5A697B988DBEA7D4C1F2EE1
:10F730004372211087B6E5D4FACB98A93E0F5C6DD1
:10F7400086B7E4D5427320113F0E5D6CFBCA99A8C1
:10F75000C5F4A796013063527C4D1E2FB889DAEBB1
:10F760003D0C5F6EF9C89BAA84B5E6D740712213A1
:10F770007E4F1C2DBA8BD8E9C7F6A5940332615091
:10F78000BB8AD9E87F4E1D2C02336051C6F7A49581
:10F79000F8C99AAB3C0D5E6F4170231285B4E7D671
:10F7A0007A4B1829BE8FDCEDC3F2A1900736655461
:10F7B00039085B6AFDCC9FAE80B1E2D34475261751
:10F7C000FCCD9EAF38095A6B4574271681B0E3D241
:10F7D000BF8EDDEC7B4A192806376455C2F3A09131
:10F7E0004776251483B2E1D0FECF9CAD3A0B586921
:10F7F00004356657C0F1A293BD8CDFEE79481B2A11
:10F80000C1F0A3920534675678491A2BBC8DDEEF00
:10F8100082B3E0D1467724153B0A5968FFCE9DACF0
:10F8200000316253C4F5A697B988DBEA7D4C1F2EE0
:10F830004372211087B6E5D4FACB98A93E0F5C6DD0
:10F8400086B7E4D5427320113F0E5D6CFBCA99A8C0
:10F85000C5F4A796013063527C4D1E2FB889DAEBB0
:10F860003D0C5F6EF9C89BAA84B5E6D740712213A0
:10F870007E4F1C2DBA8BD8E9C7F6A5940332615090
:10F88000BB8AD9E87F4E1D2C02336051C6F7A49580
:10F89000F8C99AAB3C0D5E6F4170231285B4E7D670
:10F8A0007A4B1829BE8FDCEDC3F2A1900736655460
:10F8B00039085B6AFDCC9FAE80B1E2D34475261750
:10F8C000FCCD9EAF38095A6B4574271681B0E3D240
:10F8D000BF8EDDEC7B4A192806376455C2F3A09130
:10F8E0004776251483B2E1D0FECF9CAD3A0B586920
:10F8F00004356657C0F1A293BD8CDFEE79481B2A10
:10F90000C1F0A3920534675678491A2BBC8DDEEFFF
:10F9100082B3E0D1467724153B0A5968FFCE9DACEF
:10F9200000070E091C1B1215383F363124232A2DDF
:10F9300070777E796C6B6265484F464154535A5DCF
:10F94000E0E7EEE9FCFBF2F5D8DFD6D1C4C3CACDBF
:10F9500090979E998C8B8285A8AFA6A1B4B3BABDAF
:10F96000C7C0C9CEDBDCD5D2FFF8F1F6E3E4EDEA9F
:10F97000B7B0B9BEABACA5A28F88818693949D9A8F
:10F980002720292E3B3C35321F18111603040D0A7F
:10F990005750595E4B4C45426F68616673747D7A6F
:10F9A000898E878095929B9CB1B6BFB8ADAAA3A45F
:10F9B000F9FEF7F0E5E2EBECC1C6CFC8DDDAD3D44F
:10F9C000696E676075727B7C51565F584D4A43443F
:10F9D000191E171005020B0C21262F283D3A33342F
:10F9E0004E49404752555C5B7671787F6A6D64631F
:10F9F0003E39303722252C2B0601080F1A1D14130F
:10FA0000AEA9A0A7B2B5BCBB9691989F8A8D8483FE
:10FA1000DED9D0D7C2C5CCCBE6E1E8EFFAFDF4F3EE
:10FA200000C1814001C0804101C0804100C18140CE
:10FA300001C0804100C1814000C1814001C08041BE
:10FA400001C0804100C1814000C1814001C08041AE
:10FA500000C1814001C0804101C0804100C181409E
:10FA600001C0804100C1814000C1814001C080418E
:10FA700000C1814001C0804101C0804100C181407E
:10FA800000C1814001C0804101C0804100C181406E
:10FA900001C0804100C1814000C1814001C080415E
:10FAA00001C0804100C1814000C1814001C080414E
:10FAB00000C1814001C0804101C0804100C181403E
:10FAC00000C1814001C0804101C0804100C181402E
:10FAD00001C0804100C1814000C1814001C080411E
:10FAE00000C1814001C0804101C0804100C181400E
:10FAF00001C0804100C1814000C1814001C08041FE
:10FB000001C0804100C1814000C1814001C08041ED
:10FB100000C1814001C0804101C0804100C18140DD
:10FB200000C0C101C30302C2C60607C705C5C4049D
:10FB3000CC0C0DCD0FCFCE0E0ACACB0BC90908C80D
:10FB4000D81819D91BDBDA1A1EDEDF1FDD1D1CDCFD
:10FB500014D4D515D71716D6D21213D311D1D0106D
:10FB6000F03031F133F3F23236F6F737F53534F45D
:10FB70003CFCFD3DFF3F3EFEFA3A3BFB39F9F838CD
:10FB800028E8E929EB2B2AEAEE2E2FEF2DEDEC2CBD
:10FB9000E42425E527E7E62622E2E323E12120E02D
:10FBA000A06061A163A3A26266A6A767A56564A41D
:10FBB0006CACAD6DAF6F6EAEAA6A6BAB69A9A8688D
:10FBC00078B8B979BB7B7ABABE7E7FBF7DBDBC7C7D
:10FBD000B47475B577B7B67672B2B373B17170B0ED
:10FBE00050909151935352929656579755959454DD
:10FBF0009C5C5D9D5F9F9E5E5A9A9B5B995958984D
:10FC0000884849894B8B8A4A4E8E8F4F8D4D4C8C3C
:10FC100044848545874746868242438341818040AC
:10FC20000003030601040602050003050006101682
:10FC300000061016010002000400060008000A0079
:10FC40000C00100020004000800000010000000FA8
:10FC500000000000000000000000000000000000A4
:10FC60000000000000000000000000000000000094
:10FC70000000000F00000000000000000000000075
:10FC80000000000000000000000000000000000074
:10FC9000000000000001010100000000FFFFFFFF65
:10FCA000FFFFFFFF00000000000000000000000058
:10FCB0000000000001000000000000000000000043
:10FCC000FFFFFFFFFFFFFFFF00000000000000003C
:10FCD0000000000001000000000000000100000022
:10FCE0000000000000000000000000000000000014
:10FCF0000000000000000000FFFFFFFF0000000008
:10FD00000000000008FC0F600000000008FC0F600D
:10FD100000000000000000000000000000000000E3
:10FD200000000000000000000000000000000000D3
:10FD300000000000000000000000000000000000C3
:10FD400000000000000000000000000000000000B3
:10FD500001000000000000000000000000000000A2
:10FD60000000000000000000000000000000000093
:10FD70000000000000000000000000000000000083
:10FD80000000000000000000000000000000000073
:10FD90000000000000000000000002000000000061
:10FDA0000000000000000000000000000000000053
:10FDB00000001040000000000800F00F505B060833
:10FDC00018001020000000000000000001000000EA
:10FDD0000000000000000000000000000000000023
:10FDE0000000000000000000000000000100000012
:10FDF00000000000505B0608080000000000000042
:10FE000000000000000000000000000000000000F2
:10FE100000000000000000000100000000000000E1
:10FE200000000000000000000000000000000000D2
:10FE300000000001000000000100000000000000C0
:10FE40000000000008FC0F6000000000000000003F
:10FE5000410B04081D0B0408090B0408650B04087A
:10FE60000001000000010000001000000008000078
:10FE7000F40100000001000000010000000000008B
:10FE80000000000000000000000000000000000072
:10FE90000000000000000000000000006410B71D1A
:10FEA000C8206E3BAC30D9269041DC76F4516B6BA8
:10FEB0005861B24D3C7105502083B8ED44930FF06A
:10FEC000E8A3D6D68CB361CBB0C2649BD4D2D38620
:10FED00078E20AA01CF2BDBD000400004000000052
:10FEE0000000010000000000000000000C00000005
:10FEF000690000000B0000007100000073000000AA
:10FF0000160000000B0000006200000072000000FC
:10FF10006A0000006B000000FFFFFFFF67000000A9
:10FF2000680000006B000000050000001C000400D9
:10FF30009B49032494020024280004000E4A032451
:10FF40009802002498000400B14A03249C02002473
:10FF50001C000200144D0324A002002410007800AD
:10FF60004F4D0324A402002420000500D254032492
:10FF7000A802002418000F0075550324AC020024C9
:10FF800010000200E0560324B00200242C000400FC
:10FF900003570324B402002410000800B6570324BA
:10FFA000B80200241000080039580324BC020024C1
:10FFB00010000800BC580324C002002410000600F2
:10FFC0003F590324C402002434010100A259032430
:10FFD000C802002410000F00D95A0324CC020024C8
:10FFE000FC051400CC5B0324D00200242CFF050880
:10FFF00038FF050844FF050850FF05085CFF0508A9
:020000040806EC
:1000000068FF050874FF050880FF05088CFF0508D8
:1000100098FF0508A4FF0508B0FF0508BCFF050808
:10002000C8FF0508D4FF0508E0FF0508105C0608B6
:10003000385C0608585C0608185C0608045C06086C
:10004000EC5B0608F85B06084C5C0608245C0608B6
:100050002C5C0608405C060801020304050607073D
:10006000070707070703060C18306078F002002422
:10007000EC020024F4020024F8020024FA0000003C
:1000800041B70508E8030000C9FA0308E8030000C7
:100090001D7803086400000059E20308E80300002B
:1000A000135B03080500000000000000FFFFFFFFD6
:1000B000FFFFFFFFFFFF00000000000014000A0028
:1000C000E4D40324740300242F696E6465782E73CE
:1000D00068746D6C00000000485454502F312E306D
:1000E00020323030204F4B0D0A5365727665723ADC
:1000F000206C7749502F312E332E312028687474AC
:10010000703A2F2F736176616E6E61682E6E6F6E1E
:10011000676E752E6F72672F70726F6A6563747386
:100120002F6C776970290D0A436F6E74656E742D9C
:10013000747970653A20746578742F68746D6C0DED
:100140000A457870697265733A204672692C2031CD
:10015000302041707220323030382031343A303023
:100160003A303020474D540D0A507261676D613A44
:10017000206E6F2D63616368650D0A0D0A3C68741B
:100180006D6C206C616E673D227A682D434E223E75
:100190000D0A202020203C686561643E0D0A202065
:1001A0002020202020203C6D6574612068747470CC
:1001B0002D65717569763D22436F6E74656E742D81
:1001C000547970652220636F6E74656E743D22747D
:1001D0006578742F68746D6C3B2063686172736519
:1001E000743D75746638222F3E0D0A202020202091
:1001F0002020203C7374796C653E0D0A202020205D
:1002000020202020202020202E666C65787B0D0A7F
:1002100020202020202020202020202020202020DE
:10022000666C65782D666C6F773A726F772077729F
:1002300061703B0D0A20202020202020202020203B
:100240002020202020646973706C61793A20666CEC
:1002500065783B0D0A20202020202020202020200F
:10026000202020202077696474683A2031303025BE
:100270003B0D0A202020202020202020202020208C
:100280002020206865696768743A20313030253B4A
:100290000D0A2020202020202020202020207D0D3D
:1002A0000A2020202020202020202020200D0A208D
:1002B00020202020202020202020202A7B0D0A2002
:1002C0002020202020202020202020202020206DE1
:1002D000617267696E3A20303B0D0A202020202091
:1002E00020202020202020202020207061646469AC
:1002F0006E673A20303B0D0A20202020202020204D
:100300002020202020202020626F782D73697A69B8
:100310006E673A626F726465722D626F783B0D0A88
:1003200020202020202020202020202020202020CD
:10033000637572736F723A20706F696E7465723B89
:100340000D0A0D0A202020202020202020202020FF
:100350007D0D0A2020202020202020202020200D7C
:100360000A2020202020202020202020202E7377EB
:1003700069746368207B0D0A202020202020202023
:100380002020202020202020706F736974696F6EF8
:100390003A2072656C61746976653B0D0A202020F5
:1003A000202020202020202020202020206469736D
:1003B000706C61793A20696E6C696E652D626C6F44
:1003C000636B3B0D0A2020202020202020202020AD
:1003D000202020202077696474683A2036307078B5
:1003E0003B0D0A202020202020202020202020201B
:1003F0002020206865696768743A20333470783B40
:100400000D0A202020202020202020202020202015
:1004100020206D617267696E2D6C6566743A2031BB
:100420003070783B0D0A2020202020202020202022
:1004300020207D0D0A202020202020202020202088
:10044000202E73776974636820696E707574207BE1
:10045000646973706C61793A6E6F6E653B7D0D0AED
:100460000D0A2020202020202020202020202E7354
:100470006C69646572207B0D0A20202020202020DA
:10048000202020202020202020706F736974696F45
:100490006E3A206162736F6C7574653B0D0A2020A3
:1004A00020202020202020202020202020206375B4
:1004B00072736F723A20706F696E7465723B0D0AC9
:1004C000202020202020202020202020202020202C
:1004D000746F703A20303B0D0A202020202020200D
:1004E0002020202020202020206C6566743A2030B7
:1004F0003B0D0A202020202020202020202020200A
:1005000020202072696768743A20303B0D0A202051
:100510002020202020202020202020202020626F4A
:1005200074746F6D3A20303B0D0A2020202020206B
:10053000202020202020202020206261636B677211
:100540006F756E642D636F6C6F723A202363636303
:100550003B0D0A20202020202020202020202020A9
:100560002020202D7765626B69742D7472616E7323
:100570006974696F6E3A202E34733B0D0A20202077
:100580002020202020202020202020202074726184
:100590006E736974696F6E3A202E34733B0D0A20B6
:1005A00020202020202020202020207D0D0A0D0A40
:1005B0002020202020202020202020202E736C6945
:1005C0006465723A6265666F7265207B0D0A202051
:1005D0002020202020202020202020202020706F7C
:1005E000736974696F6E3A206162736F6C757465BC
:1005F0003B0D0A2020202020202020202020202009
:10060000202020636F6E74656E743A2022223B0DA9
:100610000A202020202020202020202020202020F0
:10062000206865696768743A20323670783B0D0A35
:1006300020202020202020202020202020202020BA
:1006400077696474683A20323670783B0D0A20204E
:1006500020202020202020202020202020206C6509
:1006600066743A203470783B0D0A20202020202028
:1006700020202020202020202020626F74746F6DA5
:100680003A203470783B0D0A2020202020202020A2
:1006900020202020202020206261636B67726F750C
:1006A0006E642D636F6C6F723A2077686974653B76
:1006B0000D0A202020202020202020202020202063
:1006C00020202D7765626B69742D7472616E736979
:1006D00074696F6E3A202E34733B0D0A202020205F
:1006E0002020202020202020202020207472616ED5
:1006F000736974696F6E3A202E34733B0D0A2020A3
:10070000202020202020202020207D0D0A0D0A20DE
:100710002020202020202020202020696E70757449
:100720003A636865636B6564202B202E736C696483
:100730006572207B0D0A20202020202020202020F0
:100740002020202020206261636B67726F756E64C9
:100750002D636F6C6F723A20233231393646333B4A
:100760000D0A2020202020202020202020207D0D68
:100770000A0D0A202020202020202020202020696F
:100780006E7075743A666F637573202B202E736CD0
:1007900069646572207B0D0A202020202020202003
:1007A0002020202020202020626F782D7368616433
:1007B0006F773A2030203020317078202332313961
:1007C0003646333B0D0A20202020202020202020E8
:1007D00020207D0D0A0D0A2020202020202020200E
:1007E000202020696E7075743A636865636B656478
:1007F000202B202E736C696465723A6265666F7295
:1008000065207B0D0A202020202020202020202071
:1008100020202020202D7765626B69742D74726111
:100820006E73666F726D3A207472616E736C617470
:1008300065582832367078293B0D0A202020202068
:1008400020202020202020202020202D6D732D749A
:1008500072616E73666F726D3A207472616E736C42
:10086000617465582832367078293B0D0A202020A3
:100870002020202020202020202020202074726191
:100880006E73666F726D3A207472616E736C617410
:1008900065582832367078293B0D0A202020202008
:1008A000202020202020207D0D0A0D0A202020203D
:1008B00020202020202020202E736C696465722E59
:1008C000726F756E64207B0D0A202020202020206E
:1008D000202020202020202020626F726465722D4D
:1008E0007261646975733A20333470783B0D0A2065
:1008F00020202020202020202020207D0D0A0D0AED
:100900002020202020202020202020202E736C69F1
:100910006465722E726F756E643A6265666F726599
:10092000207B0D0A20202020202020202020202095
:1009300020202020626F726465722D726164697577
:10094000733A203530253B0D0A202020202020201E
:1009500020202020207D0D0A202020202020202063
:10096000202020200D0A20202020202020202020B0
:1009700020202E6E61767B0D0A2020202020202052
:10098000202020202020202020666F6E742D736987
:100990007A653A20343070783B0D0A0D0A20202009
:1009A0002020202020202020207D0D0A2020202013
:1009B00020202020202020200D0A20202020202060
:1009C0002020202020202E626C75657B0D0A2020BF
:1009D0002020202020202020202020202020626194
:1009E000636B67726F756E643A2023303066393BF3
:1009F0000D0A2020202020202020202020207D0DD6
:100A00000A2020202020202020202020200D0A2025
:100A10002020202020202020202020627574746F48
:100A20006E7B0D0A20202020202020202020202046
:100A30002020202070616464696E673A2031307034
:100A4000783B0D0A2020202020202020202020205C
:100A50002020202077696474683A20333030707821
:100A60003B0D0A0D0A2020202020202020202020BD
:100A7000207D0D0A20202020202020202020202042
:100A80000D0A202020202020202020202020236349
:100A90006F6E74656E747B0D0A202020202020204C
:100AA000202020202020202020646973706C617930
:100AB0003A20666C65783B0D0A20202020202020FB
:100AC000202020202020202020666C65782D64695D
:100AD00072656374696F6E3A20636F6C756D6E3BFF
:100AE0000D0A20202020202020202020202020202F
:100AF0002020616C69676E2D6974656D733A20639F
:100B0000656E7465723B0D0A202020202020202075
:100B1000202020202020202070616464696E672DD1
:100B2000746F703A20323070783B0D0A20202020FC
:100B30002020202020202020202020206F76657279
:100B4000666C6F772D793A206175746F3B0D0A20C2
:100B500020202020202020202020207D0D0A0D0A8A
:100B6000202020202020202020202020236C6F67A0
:100B7000696E736861646F7B0D0A2020202020203D
:100B800020202020202020202020646973706C61A8
:100B9000793A20666C65783B0D0A202020202020C1
:100BA00020202020202020202020666C65782D64C5
:100BB0006972656374696F6E3A20636F6C756D6EF0
:100BC0003B0D0A2020202020202020202020202033
:100BD000202020616C69676E2D6974656D733A2001
:100BE00063656E7465723B0D0A0D0A20202020207B
:100BF0002020202020202020202020706164646993
:100C00006E672D746F703A2031303070783B0D0A6A
:100C100020202020202020202020202020202020D4
:100C200077696474683A20313030253B0D0A202002
:100C30002020202020202020202020202020686527
:100C4000696768743A20313030253B0D0A20202036
:100C500020202020202020202020202020626163CE
:100C60006B67726F756E643A2023303030663B0DCF
:100C70000A2020202020202020202020202020208A
:100C800020706F736974696F6E3A20666978656465
:100C90003B0D0A2020202020202020202020202062
:100CA000202020646973706C61793A20666C6578E5
:100CB0003B0D0A2020202020202020202020207DE5
:100CC0000D0A2020202020202020202020200D0A76
:100CD000202020202020202020202020236C6F672F
:100CE000696E7B0D0A20202020202020202020203B
:100CF0002020202020646973706C61793A20666C32
:100D000065783B0D0A202020202020202020202054
:100D10002020202020666C65782D646972656374DC
:100D2000696F6E3A20636F6C756D6E3B0D0A202003
:100D30002020202020202020202020202020616C26
:100D400069676E2D6974656D733A2063656E7465AD
:100D5000723B0D0A2020202020202020202020204F
:100D6000202020206261636B67726F756E643A2089
:100D7000236666663B0D0A202020202020202020AC
:100D80002020202020202077696474683A203630A3
:100D90003070783B0D0A20202020202020202020A9
:100DA0002020202020206865696768743A2034304C
:100DB0003070783B0D0A2020202020202020202089
:100DC0002020202020206A7573746966792D636F56
:100DD0006E74656E743A2063656E7465723B0D0ABD
:100DE0002020202020202020202020207D0D0A20CF
:100DF00020202020202020202020200D0A2020201C
:100E00002020202020202020202E66726F6D207B45
:100E10000D0A2020202020202020202020202020FB
:100E20002020646973706C61793A20666C65783B48
:100E30000D0A2020202020202020202020202020DB
:100E400020206D617267696E3A20323070782030F0
:100E50003B0D0A20202020202020202020202020A0
:100E600020202077696474683A2034353070783BEC
:100E70000D0A20202020202020202020202020209B
:100E80002020616C69676E2D6974656D733A20630B
:100E9000656E7465723B0D0A2020202020202020E2
:100EA000202020207D0D0A0D0A2020202020202037
:100EB00020202020202E66726F6D207370616E7B63
:100EC0000D0A20202020202020202020202020204B
:100ED000206D696E2D77696474683A203135307001
:100EE000783B0D0A202020202020202020202020B8
:100EF000202020746578742D616C69676E3A206CCF
:100F00006566743B0D0A2020202020202020202010
:100F1000202020202077686974652D7370616365D7
:100F20003A206E6F777261703B0D0A2020202020DE
:100F3000202020202020207D0D0A2020202020207D
:100F40002020202020200D0A2020202020202020CA
:100F500020202020696E7075742C73656C65637435
:100F6000207B0D0A2020202020202020202020204F
:100F70002020202077696474683A203230307078FD
:100F80003B0D0A202020202020202020202020206F
:100F90002020206865696768743A20333070783B98
:100FA0000D0A20202020202020202020202020206A
:100FB00020206D617267696E2D6C6566743A20320F
:100FC000253B0D0A2020202020202020202020202A
:100FD0002020202070616464696E672D6C656674E2
:100FE0003A203570783B0D0A202020202020202038
:100FF0002020202020202020626F726465722D72D4
:1010000061646975733A203370783B0D0A202020A3
:1010100020202020202020202020202020626F72ED
:101020006465723A2031707820736F6C6964202394
:101030003931393139313B0D0A2020202020202040
:1010400020202020207D0D0A20202020202020206C
:101050003C2F7374796C653E0D0A202020203C2FB4
:10106000686561643E0D0A202020203C626F64792F
:101070003E0D0A20202020202020203C646976207C
:1010800069643D226170702220636C6173733D223C
:10109000666C6578223E0D0A20202020202020202A
:1010A000202020203C646976207374796C653D2291
:1010B00077696474683A313030253B6865696768E0
:1010C000743A2037253B626F726465722D626F74CB
:1010D000746F6D3A2031707820736F6C69642023CF
:1010E0003030303B616C69676E2D6974656D733AA1
:1010F0002063656E7465723B646973706C61793AE4
:1011000020666C65783B223E0D0A2020202020209E
:10111000202020202020202020203C6831207374B3
:10112000796C653D226D617267696E2D6C656674C0
:101130003A20313070783B223EE695B0E68DAEE93C
:101140008787E99B86E599A83C68313E0D0A2020F7
:10115000202020202020202020203C2F6469763E63
:101160000D0A2020202020202020202020203C6448
:101170006976207374796C653D2277696474683A86
:10118000203135253B6865696768743A2038362513
:101190003B626F726465722D72696768743A2031C0
:1011A000707820736F6C696420233030303B206F7F
:1011B000766572666C6F772D793A206175746F3B36
:1011C000222069643D226E6176223E3C2F6469765E
:1011D0003E0D0A2020202020202020202020203CFE
:1011E000646976207374796C653D227769647468EC
:1011F0003A203835253B6865696768743A20383687
:10120000253B222069643D22636F6E74656E7422F3
:101210003E3C2F6469763E0D0A20202020202020AD
:1012200020202020203C646976207374796C653D11
:101230002277696474683A20313030253B686569EB
:101240006768743A2037253B626F726465722D744B
:101250006F703A2031707820736F6C69642023308E
:1012600030303B616C69676E2D6974656D733A202F
:1012700063656E7465723B646973706C61793A2062
:10128000666C65783B6A7573746966792D636F6EF9
:1012900074656E743A73706163652D626574776509
:1012A000656E3B223E0D0A20202020202020202099
:1012B000202020202020203C68313E3C68313E0D1B
:1012C0000A20202020202020202020202020202034
:1012D000203C6832207374796C653D226D617267C1
:1012E000696E2D6C6566743A20343070783B636F9C
:1012F0006C6F723A207265643B223E203C2F68324C
:101300003E0D0A2020202020202020202020203CCC
:101310002F6469763E0D0A202020202020202020E6
:101320002020203C6469762069643D226C6F6769E7
:101330006E736861646F223E0D0A202020202020F9
:10134000202020202020202020203C646976206955
:10135000643D226C6F67696E223E3C2F6469763E65
:101360000D0A2020202020202020202020203C2F7B
:101370006469763E0D0A20202020202020203C2F6A
:101380006469763E0D0A202020203C2F626F64792C
:101390003E0D0A202020203C7363726970743E0D5C
:1013A0000A2020202020202020766172206C6F6F80
:1013B0007054696D653D313030300D0A2020202099
:1013C000202020200D0A20202020202020207661AF
:1013D00072206D6F64656C4368616E676550617300
:1013E00073776F72643D7B0D0A202020202020201F
:1013F000202020202064697669643A226C6F676936
:101400006E222C0D0A2020202020202020202020A9
:101410002062746E747970653A226368616E6765E4
:1014200050617373776F7264222C0D0A2020202084
:1014300020202020202020206E6F6465733A5B0DF1
:101440000A202020202020202020202020202020B2
:10145000205B22E4BFAEE694B9E5AF86E7A0812227
:101460002C22222C2270617373776F7264225D0DBF
:101470000A2020202020202020202020205D2C0D4C
:101480000A20202020202020202020202062746E8E
:10149000733A5B0D0A2020202020202020202020CD
:1014A00020202020205B22E4BFAEE694B9222C222B
:1014B0006368616E676550617373776F7264225DF4
:1014C0000D0A2020202020202020202020205D0D1B
:1014D0000A20202020202020207D0D0A20202020EE
:1014E000202020200D0A202020202020202076618E
:1014F00072206D6F64656C3D5B0D0A2020202020FA
:10150000202020202020207B0D0A202020202020A9
:101510002020202020202020202064697669643A41
:10152000226C6F67696E222C0D0A2020202020205B
:101530002020202020202020202062746E747970CA
:10154000653A226C6F67696E496E6974222C0D0AC8
:10155000202020202020202020202020202020208B
:101560006E6F6465733A5B0D0A20202020202020D6
:10157000202020202020202020202020205B22E866
:10158000B4A6E58FB7222C22222C22757365726EC9
:10159000616D65225D2C0D0A202020202020202056
:1015A0002020202020202020202020205B22E5AFAA
:1015B00086E7A081222C22222C2270617373776F20
:1015C0007264225D0D0A202020202020202020206F
:1015D0002020202020205D2C0D0A202020202020EB
:1015E0002020202020202020202062746E733A5B6F
:1015F0000D0A202020202020202020202020202014
:101600002020202020205B22E799BBE99986222C0C
:10161000226C6F67696E225D0D0A20202020202039
:10162000202020202020202020205D0D0A202020A6
:101630002020202020202020207D2C0D0A2020206A
:101640002020202020202020207B0D0A2020202068
:101650002020202020202020202020206C61626576
:101660006C3A22E794B5E58E8BE794B5E6B5812216
:101670002C0D0A2020202020202020202020202087
:1016800020202062746E747970653A225641436F4F
:101690006C6C656374696F6E222C0D0A202020200B
:1016A000202020202020202020202020646976690E
:1016B000643A22636F6E74656E74222C0D0A2020CA
:1016C00020202020202020202020202020206E6F7D
:1016D0006465733A5B0D0A20202020202020202002
:1016E00020202020202020202020205B22E680BBFC
:1016F000E997B8E794B5E58E8B285629222C22224B
:101700002C27766F6C275D2C0D0A202020202020AE
:1017100020202020202020202020202020205B228C
:10172000E680BBE997B8E794B5E6B581286D412915
:10173000222C22222C27637572275D2C0D0A202073
:101740002020202020202020202020202020202099
:1017500020205B22E794B5E6B581E9809AE9819380
:1017600031286D4129222C22222C27637572723177
:10177000275D2C0D0A202020202020202020202042
:101780002020202020202020205B22E794B5E6B5F1
:1017900081E9809AE9819332286D4129222C222205
:1017A0002C276375727232275D2C0D0A20202020B1
:1017B0002020202020202020202020202020202029
:1017C0005B22E794B5E6B581E9809AE981933328F5
:1017D0006D4129222C22222C276375727233275DDA
:1017E0002C0D0A2020202020202020202020202016
:1017F000202020202020205B22E794B5E6B581E957
:10180000809AE9819334286D4129222C22222C27A9
:101810006375727234275D2C0D0A20202020202051
:10182000202020202020202020205D2C0D0A202098
:10183000202020202020202020207D2C0D0A202068
:10184000202020202020202020207B0D0A20202066
:10185000202020202020202020202020206C6162B9
:10186000656C3A22E4BCA0E6849FE599A8E695B0B1
:10187000E68DAE222C0D0A202020202020202020C2
:101880002020202020202062746E747970653A2216
:101890006F74686572436F6C6C656374696F6E22F8
:1018A0002C0D0A2020202020202020202020202055
:1018B00020202064697669643A22636F6E74656ED5
:1018C00074222C0D0A2020202020202020202020DF
:1018D00020202020206E6F6465733A5B0D0A202063
:1018E00020202020202020202020202020202020F8
:1018F00020205B22E6B8A9E5BAA631222C22222CB0
:101900002774656D7031275D2C0D0A202020202062
:101910002020202020202020202020202020205B8C
:1019200022E6B9BFE5BAA631222C22222C276875FF
:101930006D6931275D2C0D0A2020202020202020D9
:101940002020202020202020202020205B22E6B8FC
:10195000A9E5BAA632222C22222C2774656D70329A
:10196000275D2C0D0A202020202020202020202050
:101970002020202020202020205B22E6B9BFE5BACD
:10198000A632222C22222C2768756D6932275D2C05
:101990000D0A202020202020202020202020202070
:1019A0002020202020205B22E8A792E5BAA6222C46
:1019B00022222C27706F7365275D2C0D0A202020B2
:1019C0002020202020202020202020202020202017
:1019D000205B22E7AEB1E997A831222C22222C27E6
:1019E000646F6F7231275D2C0D0A2020202020208B
:1019F00020202020202020202020202020205B22AA
:101A0000E7AEB1E997A832222C22222C27646F6F0F
:101A10007232275D2C0D0A2020202020202020203B
:101A200020202020202020202020205B22E7AEB193
:101A3000E997A833222C22222C27646F6F72332758
:101A40005D2C0D0A20202020202020202020202076
:101A500020202020202020205B22E7AEB1E997A89B
:101A600034222C22222C27646F6F7234275D2C0DB8
:101A70000A09090909095B22E6B0B4E6B5B83122C2
:101A80002C22222C27776174657231275D2C0D0A78
:101A900009090909095B22E6B0B4E6B5B832222C7F
:101AA00022222C27776174657232275D2C0D0A2063
:101AB0002020202020202020202020202020202026
:101AC0002020205B22E6BC8FE794B531222C222215
:101AD0002C276C6431275D2C0D0A2020202020202B
:101AE00020202020202020202020202020205B22B9
:101AF000E6BC8FE794B532222C22222C276C64326C
:101B0000275D2C0D0A2020202020202020202020AE
:101B100020202020205D2C0D0A20202020202020A5
:101B200020202020207D2C0D0A2020202020202075
:101B300020202020207B0D0A202020202020202073
:101B400020202020202020206C6162656C3A22E950
:101B50009888E580BCE8AEBEE7BDAE222C0D0A2019
:101B60002020202020202020202020202020206233
:101B7000746E747970653A225468726573686F6C1C
:101B80006444617461222C0D0A2020202020202032
:101B900020202020202020202064697669643A22B9
:101BA000636F6E74656E74222C0D0A202020202035
:101BB00020202020202020202020206E6F646573AC
:101BC0003A5B0D0A202020202020202020202020E9
:101BD00020202020202020205B22E9AB98E58E8B5E
:101BE000285629222C223C212D2D23412D2D3E2209
:101BF0002C2741275D2C0D0A09090909095B22E4FC
:101C0000BD8EE58E8B285629222C223C212D2D239A
:101C1000422D2D3E222C2742275D2C0D0A2020200C
:101C200020202020202020202020202020202020B4
:101C3000205B22E794B5E6B581286D4129222C224C
:101C40003C212D2D23512D2D3E222C2751275D2C5B
:101C50000D0A2020202020202020202020202020AD
:101C60002020202020205B22E8A792E5BAA628C2E7
:101C7000B029222C223C212D2D23522D2D3E222C09
:101C80002752275D2C0D0A202020202020202020F4
:101C900020202020202020202020205B22E6B8A920
:101CA000E5BAA65FE9AB98222C223C212D2D2353C7
:101CB0002D2D3E222C2753275D2C0D0A202020207D
:101CC0002020202020202020202020202020202014
:101CD0005B22E6B8A9E5BAA65FE4BD8E222C223CC1
:101CE000212D2D23542D2D3E222C2754275D2C0DE4
:101CF0000A202020202020202020202020202020FA
:101D000020202020205B22E6B9BFE5BAA65FE9AB20
:101D100098222C223C212D2D23552D2D3E222C277F
:101D200055275D2C0D0A2020202020202020202057
:101D3000202020202020202020205B22E6B9BFE5A3
:101D4000BAA65FE4BD8E222C223C212D2D23562DD8
:101D50002D3E222C2756275D2C0D0A2020202020E6
:101D60002020202020202020202020202020205B38
:101D700022E6BC8FE794B5286D4129222C223C2114
:101D80002D2D23572D2D3E222C2757275D2C0D0A54
:101D90002020202020202020202020202020202043
:101DA000202020205B22E4BFA1E58FB7E781AFE4CC
:101DB000B88DE4BAAE282529222C223C212D2D23D2
:101DC00061642D2D3E222C276164275D2C0D0A09AC
:101DD000090909095B22E4BFA1E58FB7E781AFE9F3
:101DE00083A8E58886E4BAAE282529222C223C2146
:101DF0002D2D2361652D2D3E222C276165275D2C1D
:101E00000D0A2020202020202020202020202020FB
:101E100020205D2C0D0A20202020202020202020A2
:101E200020202020202062746E733A5B0D0A20204F
:101E300020202020202020202020202020202020A2
:101E400020205B22E4BF9DE5AD98222C22746872AD
:101E50006573686F6C645F73617665225D0D0A203F
:101E60002020202020202020202020202020205D35
:101E70000D0A2020202020202020202020207D2C22
:101E80000D0A2020202020202020202020207B0D33
:101E90000A20202020202020202020202020202058
:101EA000206C6162656C3A22E5BC80E585B3E78A07
:101EB000B6E68081222C0D0A202020202020202020
:101EC000202020202020202062746E747970653AD2
:101ED00022737769746368537461747573222C0D6F
:101EE0000A20202020202020202020202020202008
:101EF0002064697669643A22636F6E74656E742239
:101F00002C0D0A20202020202020202020202020EE
:101F10002020206E6F6465733A5B0D0A202020201C
:101F200020202020202020202020202020202020B1
:101F30005B22E7BBA7E794B5E599A831222C2222C2
:101F40002C27737731272C7B0D0A2020202020207E
:101F50002020202020202020202020202020202081
:101F60002020747970653A22737769746368222C33
:101F70000D0A20202020202020202020202020208A
:101F80002020202020207D5D2C0D0A2020202020D4
:101F90002020202020202020202020202020205B06
:101FA00022E7BBA7E794B5E599A832222C22222C80
:101FB00027737732272C7B0D0A2020202020202019
:101FC0002020202020202020202020202020202011
:101FD00020747970653A22737769746368222C0DD6
:101FE0000A20202020202020202020202020202007
:101FF00020202020207D5D2C0D0A09090909095B9C
:1020000022E7BBA7E794B5E599A833222C22222C1E
:1020100027737733272C7B0D0A20202020202020B7
:1020200020202020202020202020202020202020B0
:1020300020747970653A22737769746368222C0D75
:102040000A202020202020202020202020202020A6
:1020500020202020207D5D2C0D0A09090909095B3B
:1020600022E7BBA7E794B5E599A834222C22222CBD
:1020700027737734272C7B0D0A2020202020202056
:102080002020202020202020202020202020202050
:1020900020747970653A22737769746368222C0D15
:1020A0000A20202020202020202020202020202046
:1020B00020202020207D5D2C0D0A202020202020A3
:1020C000202020202020202020205D2C0D0A2020F0
:1020D000202020202020202020207D2C0D0A2020C0
:1020E000202020202020202020207B0D0A202020BE
:1020F000202020202020202020202020206C616211
:10210000656C3A22E58C97E69697E5AE9AE4BD8D2C
:10211000222C0D0A202020202020202020202020DA
:102120002020202062746E747970653A22426569BD
:10213000646F7544617461222C0D0A2020202020D8
:10214000202020202020202020202064697669641F
:102150003A22636F6E74656E74222C0D0A20202063
:10216000202020202020202020202020206E6F648E
:1021700065733A5B0D0A202020202020202020209B
:10218000202020202020202020205B22E58DABE68F
:10219000989FE695B0E9878F222C22222C27626433
:1021A0005F6E756D275D2C0D0A20202020202020D9
:1021B000202020202020202020202020205B22E41E
:1021C000BFA1E58FB7E5BCBAE5BAA6222C22222C26
:1021D0002762645F7369676E616C275D2C0D0A204E
:1021E00020202020202020202020202020202020EF
:1021F0002020205B22E5AE9AE4BD8DE78AB6E6801A
:1022000081222C22222C2762645F7374617475739F
:10221000275D2C0D0A202020202020202020202097
:102220002020202020202020205B22E7BB8FE5BA41
:10223000A6222C22222C2762645F6C6F6E275D2CF5
:102240000D0A2020202020202020202020202020B7
:102250002020202020205B22E7BAACE5BAA6222C61
:1022600022222C2762645F6C6174275D2C0D0A208A
:10227000202020202020202020202020202020205E
:102280002020205B22E696B9E59091222C22222C78
:102290002762645F646972275D2C0D0A202020206C
:1022A0002020202020202020202020205D2C0D0A0E
:1022B0002020202020202020202020207D2C0D0ADE
:1022C0000D0A2020202020202020202020207B0DEF
:1022D0000A20202020202020202020202020202014
:1022E000206C6162656C3A22E7B3BBE7BB9FE78A6B
:1022F000B6E68081222C0D0A2020202020202020DC
:10230000202020202020202062746E747970653A8D
:102310002273797374656D537461747573222C0D17
:102320000A202020202020202020202020202020C3
:102330002064697669643A22636F6E74656E7422F4
:102340002C0D0A20202020202020202020202020AA
:102350002020206E6F6465733A5B0D0A20202020D8
:10236000202020202020202020202020202020206D
:102370005B22E7BB88E7ABAFE5BA8FE58897E58FCF
:10238000B7222C22222C276E6F31275D2C0D0A20BC
:10239000202020202020202020202020202020203D
:1023A0002020205B22E8BDAFE4BBB6E78988E69C2D
:1023B000ACE58FB7222C22222C276E6F32275D2CA2
:1023C0000D0A202020202020202020202020202036
:1023D0002020202020205B22E7A1ACE4BBB6E789C7
:1023E00088E69CACE58FB7222C22222C276E6F3317
:1023F000275D2C0D0A2020202020202020202020B6
:1024000020202020205D2C0D0A20202020202020AC
:1024100020202020207D2C0D0A202020202020207C
:1024200020202020207B0D0A20202020202020207A
:1024300020202020202020206C6162656C3A22E759
:10244000B3BBE7BB9FE8AEBEE7BDAE222C0D0A20B2
:10245000202020202020202020202020202020623A
:10246000746E747970653A2273797374656D53650F
:102470007474696E67222C0D0A20202020202020F1
:1024800020202020202020202064697669643A22C0
:10249000636F6E74656E74222C0D0A20202020203C
:1024A00020202020202020202020206E6F646573B3
:1024B0003A5B0D0A202020202020202020202020F0
:1024C00020202020202020205B22E5908CE6ADA556
:1024D000E697B6E997B4222C223C212D2D23612DBD
:1024E0002D3E222C2761275D2C0D0A202020202044
:1024F0002020202020202020202020202020205BA1
:1025000022E69CACE69CBA4944222C223C212D2D8B
:1025100023622D2D3E222C2762275D2C0D0A2020C0
:1025200020202020202020202020202020202020AB
:1025300020205B22E8AEBEE5A487E5908DE7A7B03A
:10254000222C223C212D2D23632D2D3E222C27636E
:10255000275D2C0D0A202020202020202020202054
:102560002020202020202020205B22E799BBE99911
:1025700086E5AF86E7A081222C223C212D2D236405
:102580002D2D3E222C2764275D2C0D0A2020202093
:10259000202020202020202020202020202020203B
:1025A0005B22E7BD91E7BB9CE8BF9EE68EA5E78A6C
:1025B000B6E68081222C223C212D2D23432D2D3E59
:1025C000222C2743275D2C0D0A20202020202020AC
:1025D000202020202020202020202020205B27E4F5
:1025E000BCA0E8BE93E696B9E5BC8F272C27272C24
:1025F000277472616E272C7B0D0A2020202020205A
:1026000020202020202020202020202020202020CA
:102610002020747970653A2273656C656374222C8E
:102620000D0A2020202020202020202020202020D3
:10263000202020202020202020206F7074696F6EC1
:10264000733A5B22E69C89E7BABFE4BCA0E8BE937C
:10265000222C22E697A0E7BABFE4BCA0E8BE9322F2
:102660002C22E887AAE58AA8E58887E68DA2225D64
:102670002C0D0A2020202020202020202020202077
:10268000202020202020207D5D2C0D0A20202020CD
:102690002020202020202020202020205D2C0D0A1A
:1026A000202020202020202020202020202020202A
:1026B00062746E733A5B0D0A2020202020202020B7
:1026C0002020202020202020202020205B22E4BF6A
:1026D0009DE5AD98222C227365745F736176652247
:1026E0005D2C0D0A202020202020202020202020CA
:1026F000202020205D0D0A202020202020202020C6
:102700002020207D2C0D0A20202020202020202089
:102710002020207B0D0A2020202020202020202087
:102720002020202020206C6162656C3A22E697A070
:10273000E7BABFE7BD91E7BB9C222C0D0A20202001
:102740002020202020202020202020202062746EA5
:10275000747970653A226770727353657474696E28
:1027600067222C0D0A20202020202020202020203D
:10277000202020202064697669643A22636F6E7499
:10278000656E74222C0D0A2020202020202020207D
:10279000202020202020206E6F6465733A5B0D0A94
:1027A0002020202020202020202020202020202029
:1027B000202020205B22E4BFA1E681AFE5BCBAE582
:1027C000BAA6222C22222C277369676E275D2C0D56
:1027D0000A2020202020202020202020202020200F
:1027E00020202020205B22E6A8A1E59D97E78AB65D
:1027F000E68081222C22222C2767707273275D2CA1
:102800000D0A2020202020202020202020202020F1
:102810002020202020205B2253494DE58DA14943F3
:10282000434944222C22222C276963636964275D73
:102830002C0D0A20202020202020202020202020B5
:10284000202020202020205B22E6A8A1E59D97E5FE
:102850009E8BE58FB7222C22222C276D6F64656C2E
:10286000275D2C0D0A202020202020202020202041
:102870002020202020202020205B22E6A8A1E59D0A
:1028800097494D4549222C22222C27696D656927DD
:102890005D2C0D0A20202020202020202020202018
:1028A000202020205D0D0A20202020202020202014
:1028B0002020207D2C0D0A202020202020202020D8
:1028C0002020207B0D0A20202020202020202020D6
:1028D0002020202020206C6162656C3A22E69C89D1
:1028E000E7BABFE7BD91E7BB9C222C0D0A20202050
:1028F0002020202020202020202020202062746EF4
:10290000747970653A226E6574776F726B53657473
:1029100074696E67222C0D0A2020202020202020A0
:10292000202020202020202064697669643A2263D8
:102930006F6E74656E74222C0D0A202020202020DA
:10294000202020202020202020206E6F6465733AF4
:102950005B0D0A2020202020202020202020202065
:10296000202020202020205B224950222C223C21A4
:102970002D2D23652D2D3E222C2765275D2C0D0A3C
:102980002020202020202020202020202020202047
:10299000202020205B22E5AD90E7BD91E68EA9E7DF
:1029A000A081222C223C212D2D23662D2D3E222C70
:1029B0002766275D2C0D0A202020202020202020A3
:1029C00020202020202020202020205B22E7BD91F5
:1029D000E585B3222C223C212D2D23672D2D3E226F
:1029E0002C2767275D2C0D0A202020202020202066
:1029F0002020202020202020202020205B22444E48
:102A000053222C223C212D2D23682D2D3E222C22B9
:102A100068225D2C0D0A202020202020202020204C
:102A2000202020202020202020205B224D414322F6
:102A30002C223C212D2D234C2D2D3E222C224C22AC
:102A40005D2C0D0A20202020202020202020202066
:102A500020202020202020205B22E4B8BBE7BD916D
:102A6000E59CB0E59D8031222C223C212D2D23694F
:102A70002D2D3E222C2269225D2C0D0A20202020A3
:102A80002020202020202020202020202020202046
:102A90005B22E4B8BBE7BD91E59CB0E59D803222A6
:102AA0002C223C212D2D234B2D2D3E222C224B223E
:102AB0005D2C0D0A202020202020202020202020F6
:102AC00020202020202020205B22E4BFA1E58FB71A
:102AD000E69CBAE59CB0E59D80222C223C212D2D60
:102AE0002361632D2D3E222C226163225D2C0D0A71
:102AF00009090909095B22E7BD91E7BB9CE5BBB663
:102B0000E697B6E697B6E997B4222C223C212D2D04
:102B1000234E2D2D3E222C224E225D2C0D0A2020EC
:102B200020202020202020202020202020202020A5
:102B300020205B22E7BB84E692AD4950222C223C48
:102B4000212D2D234F2D2D3E222C224F225D2C0D89
:102B50000A2020202020202020202020202020208B
:102B600020202020205B22E7BB84E692ADE7ABAFBC
:102B7000E58FA3222C223C212D2D23502D2D3E22EA
:102B80002C2250225D2C0D0A2020202020202020E5
:102B900020202020202020205D2C0D0A2020202015
:102BA00020202020202020202020202062746E73EE
:102BB0003A5B0D0A202020202020202020202020E9
:102BC00020202020202020205B22E4BF9DE5AD981E
:102BD000222C226C6F63616C5F73617665225D0DE0
:102BE0000A202020202020202020202020202020FB
:102BF000205D0D0A202020202020202020202020C1
:102C00007D2C0D0A20202020202020202020202084
:102C10007B0D0A2020202020202020202020202082
:102C20002020206C6162656C3A22E69C8DE58AA1C9
:102C3000E599A8E8AEBEE7BDAE222C0D0A20202003
:102C40002020202020202020202020202062746EA0
:102C5000747970653A227365727665727365742251
:102C60002C0D0A2020202020202020202020202081
:102C700020202064697669643A22636F6E74656E01
:102C800074222C0D0A20202020202020202020200B
:102C900020202020206E6F6465733A5B0D0A20208F
:102CA0002020202020202020202020202020202024
:102CB00020205B22E58685E7BD9131E59CB0E59D4E
:102CC00080222C223C212D2D23442D2D3E222C27E9
:102CD00044275D2C0D0A20202020202020202020A9
:102CE000202020202020202020205B22E58685E750
:102CF000BD9131E7ABAFE58FA3222C223C212D2DD6
:102D000023452D2D3E222C2745275D2C0D0A202002
:102D100020202020202020202020202020202020B3
:102D200020205B22E5A496E7BD9131E59CB0E59DAE
:102D300080222C223C212D2D23462D2D3E222C2776
:102D400046275D2C0D0A2020202020202020202036
:102D5000202020202020202020205B22E5A496E7B0
:102D6000BD9131E7ABAFE58FA3222C223C212D2D65
:102D700023472D2D3E222C2747275D2C0D0A20208E
:102D80002020202020202020202020202020202043
:102D900020205B22E58685E7BD9131E59CB0E59D6D
:102DA000805FE5A487E4BBBD222C22222C27626130
:102DB000636B31275D2C0D0A20202020202020204D
:102DC0002020202020202020202020205B22E5869B
:102DD00085E7BD9131E7ABAFE58FA35FE5A487E45D
:102DE000BBBD222C22222C276261636B32275D2C13
:102DF0000D0A2020202020202020202020202020FC
:102E00002020202020205B22E5A496E7BD9131E51B
:102E10009CB0E59D805FE5A487E4BBBD222C222207
:102E20002C276261636B33275D2C0D0A2020202044
:102E30002020202020202020202020202020202092
:102E40005B22E5A496E7BD9131E7ABAFE58FA35FC9
:102E5000E5A487E4BBBD222C22222C276261636B90
:102E600034275D2C0D0A2020202020202020202027
:102E7000202020202020202020205B22E4B88AE689
:102E80008AA5E997B4E99A94E697B6E997B4222C13
:102E9000223C212D2D234A2D2D3E222C274A275D11
:102EA0002C0D0A202020202020202020202020203F
:102EB0002020205D2C0D0A202020202020202020F2
:102EC0002020202020202062746E733A5B0D0A209F
:102ED00020202020202020202020202020202020F2
:102EE0002020205B22E4BF9DE5AD98222C22726554
:102EF0006D6F74655F73617665225D0D0A20202019
:102F0000202020202020202020202020205D0D0AAD
:102F10002020202020202020202020207D2C0D0A71
:102F20002020202020202020202020207B0D0A206F
:102F30002020202020202020202020202020206C45
:102F40006162656C3A22E58D87E7BAA7E69C8DE55C
:102F50008AA1E599A8222C0D0A20202020202020DB
:102F600020202020202020202062746E747970653B
:102F70003A227570646174655F61646472222C0D1D
:102F80000A20202020202020202020202020202057
:102F90002064697669643A22636F6E74656E742288
:102FA0002C0D0A202020202020202020202020203E
:102FB0002020206E6F6465733A5B0D0A202020206C
:102FC0002020202020202020202020202020202001
:102FD0005B22E58D87E7BAA775726C222C223C2113
:102FE0002D2D2361612D2D3E222C276161275D2C23
:102FF0000D0A2020202020202020202020202020FA
:103000002020202020205B22E58D87E7BAA7E7ABB0
:10301000AFE58FA3222C223C212D2D2361622D2D83
:103020003E222C276162275D2C0D0A2020202020C3
:1030300020202020202020202020205D2C0D0A2070
:10304000202020202020202020202020202020623E
:10305000746E733A5B0D0A2020202020202020204F
:1030600020202020202020202020205B22E4BF9D43
:10307000E5AD98222C227570646174655F7361768A
:1030800065225D0D0A2020202020202020202020E5
:1030900020202020205D0D0A20202020202020201C
:1030A000202020207D2C0D0A2020202020202020E0
:1030B000202020207B0D0A202020202020202020DE
:1030C000202020202020206C6162656C3A22E7B32A
:1030D000BBE7BB9FE6938DE4BD9C222C0D0A20200C
:1030E000202020202020202020202020202062744A
:1030F0006E747970653A2273797374656D222C0D44
:103100000A202020202020202020202020202020D5
:103110002064697669643A22636F6E74656E742206
:103120002C0D0A20202020202020202020202020BC
:103130002020206E6F6465733A5B5D2C0D0A2020A1
:1031400020202020202020202020202020206274E9
:103150006E733A5B0D0A20202020202020202020A2
:10316000202020202020202020205B22E7B3BBE766
:10317000BB9FE58D87E7BAA72DE69C89E7BABF22FA
:103180002C227570646174656C776970225D2C0DFA
:103190000A09090909095B22E7B3BBE7BB9FE58D73
:1031A00087E7BAA72DE697A0E7BABF222C22757051
:1031B0006461746567707273225D2C0D0A20202093
:1031C00020202020202020202020202020202020FF
:1031D000205B22E681A2E5A48DE587BAE58E8222F6
:1031E0002C227265736574225D2C0D0A202020202C
:1031F00020202020202020202020202020202020CF
:103200005B22E8AEBEE5A487E9878DE590AF222C6E
:10321000227265626F6F74225D2C0D0A090909091B
:10322000095B22E693A6E999A4E5AD98E582A8E8B2
:103230008AAFE78987222C22656163726573225DFC
:103240002C0D0A202020202020202020202020209B
:10325000202020202020205B22E6B885E999A4E4E4
:10326000BFA1E58FB7E781AF222C2273696E676C2F
:10327000655F636C656172225D2C0D0A2020202041
:10328000202020202020202020202020202020203E
:103290005B22E4B88AE68AA5E9858DE697B6222CFA
:1032A000227265706F72745F73696E676C655F74AC
:1032B000696D65225D2C0D0A202020202020202011
:1032C0002020202020202020202020205B22E4B865
:1032D0008AE68AA5E794B5E6B581222C227265704C
:1032E0006F72745F73696E676C655F637572726528
:1032F0006E74225D2C0D0A2020202020202020200A
:1033000020202020202020202020205B22E4B88ABA
:10331000E68AA5E9858DE7BDAE222C227265706F25
:1033200072745F73696E676C655F636F6E66696701
:10333000225D2C0D0A20202020202020202020206B
:1033400020202020205D0D0A202020202020202069
:10335000202020207D0D0A20202020202020205DFC
:103360000D0A202020203C2F7363726970743E0D7B
:103370000A0D0A202020203C7363726970743E0D90
:103380000A202020202020202076617220566965A6
:10339000773D7B0D0A202020202020202020202087
:1033A00020696E6974286D6F64656C2C6E61762976
:1033B0007B0D0A20202020202020202020202020DB
:1033C000202020746869732E6D6F64656C3D6D6F8D
:1033D00064656C0D0A202020202020202020202041
:1033E0002020202020746869732E6E61763D6E6106
:1033F000760D0A20202020202020202020202020A0
:10340000202020746869732E73656C656374696E1F
:103410006465783D310D0A202020202020202020C6
:1034200020202020202020746869732E6C6F616436
:10343000636F6E74656E7428302C746869732E6DBA
:103440006F64656C5B305D290D0A202020202020F0
:1034500020202020202020202020746869732E6CDA
:103460006F61646E617628746869732E73656C652C
:103470006374696E646578290D0A2020202020205D
:103480002020202020207D2C0D0A202020202020FC
:103490002020202020206C6F6F7028297B0D0A20AF
:1034A000202020202020202020202020202020201C
:1034B000202020746869732E6C6F6164636F6E7472
:1034C000656E7428746869732E73656C6563746ABD
:1034D0002C746869732E73656C65637464617461C0
:1034E000290D0A2020202020202020202020207D9F
:1034F0002C0D0A2020202020202020202020206C9D
:103500006162656C68746D6C28692C7374796C6584
:103510002C6C6162656C297B0D0A20202020202004
:103520002020202020202020202072657475726EBB
:10353000205B0D0A20202020202020202020202079
:103540002020202020202020273C70206F6E636CDC
:1035500069636B3D22566965772E7365744E61769B
:1035600028272C692C27292220636C6173733D2244
:103570006E617620272C7374796C652C27223E2788
:103580002C0D0A2020202020202020202020202058
:1035900020202020202020202020206C6162656CCB
:1035A0002C0D0A2020202020202020202020202038
:1035B00020202020202020273C703E270D0A20209C
:1035C00020202020202020202020202020205D2EB0
:1035D0006A6F696E282727290D0A202020202020C5
:1035E0002020202020207D2C0D0A2020202020209B
:1035F0002020202020207365744E61762876297B58
:103600000D0A2020202020202020202020202020E3
:103610002020646F63756D656E742E676574456CEC
:10362000656D656E74427949642827636F6E7465B1
:103630006E7427292E696E6E657248544D4C3D227A
:10364000220D0A20202020202020202020202020A1
:10365000202020746869732E6C6F61646E61762817
:1036600076290D0A20202020202020202020202024
:103670007D2C0D0A2020202020202020202020200A
:103680006C6F61646E61762876297B0D0A2020209C
:103690002020202020202020202020202076617241
:1036A0002068746D6C3D22220D0A202020202020ED
:1036B00020202020202020202020666F7228766184
:1036C0007220693D303B693C746869732E6D6F648C
:1036D000656C2E6C656E6774683B692B2B297B0DBE
:1036E0000A202020202020202020202020202020F0
:1036F0002020202020696628746869732E6D6F640D
:10370000656C5B695D2E6C6162656C297B0D0A20BE
:1037100020202020202020202020202020202020A9
:103720002020202020202068746D6C2B3D74686957
:10373000732E6C6162656C68746D6C28692C693DD0
:103740003D763F22626C7565223A22222C746869AC
:10375000732E6D6F64656C5B695D2E6C6162656C68
:10376000290D0A2020202020202020202020202079
:10377000202020202020207D0D0A20202020202015
:10378000202020202020202020207D0D0A20202005
:103790002020202020202020202020202074686944
:1037A000732E6C6F6164636F6E74656E7428762C13
:1037B000746869732E6D6F64656C5B765D290D0AA4
:1037C00020202020202020202020202020202020F9
:1037D000746869732E6E61762E696E6E65724854D8
:1037E0004D4C3D68746D6C0D0A2020202020202057
:1037F00020202020207D2C0D0A2020202020202089
:103800002020202020696E70757468746D6C2864A7
:103810006174612C6A2C69297B0D0A2020202020EC
:103820002020202020202020202020646174615B43
:10383000315D3D646174615B315D2E7265706C61F8
:103840006365282F3C2E2A3E2F672C2727290D0A37
:103850002020202020202020202020202020202068
:10386000636C6173736E616D653D2266726F6D226C
:103870000D0A202020202020202020202020202071
:10388000202076617220636865636B65643D6461C6
:1038900074615B335D3D3D313F22636865636B65F9
:1038A00064223A22223B0D0A2020202020202020C2
:1038B00020202020202020207661722073313D5B63
:1038C000273C64697620636C6173733D227377696A
:1038D000746368223E272C0D0A20202020202020FF
:1038E00020202020202020202020202020202020D8
:1038F0002020202020273C6C6162656C20636C6175
:1039000073733D22737769746368223E272C0D0A16
:1039100020202020202020202020202020202020A7
:103920002020202020202020202020202020202097
:10393000273C696E70757420747970653D226368E8
:1039400065636B626F782220272C636865636B6503
:10395000642C27206F6E6368616E67653D2256692F
:1039600065772E7377697463684368616E6765284D
:10397000272C6A2C272C272C692C272C3329223E14
:10398000272C0D0A2020202020202020202020204D
:103990002020202020202020202020202020202027
:1039A00020202020273C64697620636C6173733D7E
:1039B00022736C6964657220726F756E64223E3C7E
:1039C0002F6469763E272C0D0A20202020202020FD
:1039D00020202020202020202020202020202020E7
:1039E0002020202020273C2F6C6162656C3E272C14
:1039F0000D0A2020202020202020202020202020F0
:103A000020202020202020202020273C2F646976A1
:103A10003E275D2E6A6F696E282727290D0A202010
:103A200020202020202020202020202020207661FF
:103A3000722073323D646174615B335D213D756E4C
:103A4000646566696E65643F73313A22223B0D0AF4
:103A50002020202020202020202020202020202066
:103A600072657475726E205B0D0A20202020202064
:103A70002020202020202020202020202020273C23
:103A800064697620636C6173733D22272C636C61DB
:103A900073736E616D652C27223E272C0D0A202042
:103AA0002020202020202020202020202020202016
:103AB000202020202020273C7370616E3E272C643C
:103AC0006174615B305D2C273A3C2F7370616E3EF0
:103AD000272C0D0A202020202020202020202020FC
:103AE000202020202020202020202020273C696E1C
:103AF0007075742076616C75653D22272C64617445
:103B0000615B315D2C2722206E616D653D22272C83
:103B1000646174615B325D2C27222F3E272C0D0AD5
:103B20002020202020202020202020202020202095
:103B3000202020202020202073322C0D0A2020203D
:103B40002020202020202020202020202020202075
:103B500020273C2F6469763E270D0A202020202054
:103B600020202020202020202020205D2E6A6F6928
:103B70006E282727290D0A20202020202020202001
:103B80002020207D2C0D0A202020202020202020F5
:103B90002020207377697463684368616E676528C5
:103BA0006A2C692C6B6579297B0D0A202020202046
:103BB00020202020202020202020206B65793D6BB4
:103BC00065797C7C310D0A202020202020202020B7
:103BD0002020202020202076617220646174613DC5
:103BE000566965772E6D6F64656C5B6A5D2E6E6FCE
:103BF0006465735B695D0D0A202020202020202051
:103C00002020202020202020646174615B6B657976
:103C10005D3D646174615B6B65795D3D3D27312776
:103C20003F2730273A2731270D0A20202020202047
:103C300020202020202020202020636F6E736F6CB6
:103C4000652E6C6F672827737769746368436861B2
:103C50006E676527290D0A202020202020202020A3
:103C600020202020202020566965772E636C696310
:103C70006B2822737769746368222C5B5B27272C7F
:103C8000646174615B6B65795D2C646174615B3246
:103C90005D2B275F737769746368275D5D290D0A63
:103CA0002020202020202020202020207D2C0D0AD4
:103CB00020202020202020202020202073776963CE
:103CC0006868746D6C28646174612C6A2C69297B46
:103CD0000D0A20202020202020202020202020200D
:103CE0002020636865636B65643D646174615B316A
:103CF0005D3D3D2731273F27636865636B6564271A
:103D00003A22220D0A2020202020202020202020BE
:103D1000202020202072657475726E205B0D0A20B1
:103D20002020202020202020202020202020202093
:103D3000202020273C64697620636C6173733D22E8
:103D400066726F6D223E272C0D0A20202020202035
:103D50002020202020202020202020202020202063
:103D60002020273C7370616E3E272C646174615B78
:103D7000305D2C273A3C2F7370616E3E272C0D0A64
:103D80002020202020202020202020202020202033
:103D90002020202020202020273C6C6162656C20A0
:103DA000636C6173733D22737769746368223E2785
:103DB0002C0D0A2020202020202020202020202020
:103DC00020202020202020202020202020202027EC
:103DD0003C696E70757420747970653D2263686506
:103DE000636B626F782220272C636865636B656460
:103DF0002C27206F6E6368616E67653D225669658A
:103E0000772E7377697463684368616E67652827E6
:103E10002C6A2C272C272C692C2729223E272C0D95
:103E20000A202020202020202020202020202020A8
:103E300020202020202020202020202020273C641B
:103E4000697620636C6173733D22736C696465727B
:103E500020726F756E64223E3C2F6469763E272C7B
:103E60000D0A20202020202020202020202020207B
:103E700020202020202020202020273C2F6C616241
:103E8000656C3E272C0D0A20202020202020202099
:103E90002020202020202020202020273C2F646963
:103EA000763E270D0A2020202020202020202020C0
:103EB00020202020205D2E6A6F696E282727290D7B
:103EC0000A2020202020202020202020207D2C0DB2
:103ED0000A20202020202020202020202073656C14
:103EE0006563744368616E6765286A2C69297B0D78
:103EF0000A202020202020202020202020202020D8
:103F00002076617220646174613D566965772E6D1B
:103F10006F64656C5B6A5D2E6E6F6465735B695D73
:103F20000D0A2020202020202020202020202020BA
:103F30002020646174615B315D3D646F63756D6504
:103F40006E742E676574456C656D656E7442794953
:103F500064282773656C656374272B6A2B27272BCE
:103F600069292E76616C75650D0A2020202020209D
:103F700020202020202020202020636F6E736F6C73
:103F8000652E6C6F67282773656C65637443686181
:103F90006E6765272C64617461290D0A202020203A
:103FA00020202020202020202020202056696577F6
:103FB0002E636C69636B282273656C656374222CB5
:103FC0005B646174615D290D0A202020202020207F
:103FD00020202020207D2C0D0A20202020202020A1
:103FE000202020202073656C65637468746D6C28D4
:103FF000646174612C6A2C69297B0D0A20202020C1
:1040000020202020202020202020202076617220C7
:1040100072743D5B273C73656C6563742069643D15
:104020002273656C656374272C6A2C692C27222007
:104030006F6E6368616E67653D22566965772E73A2
:10404000656C6563744368616E676528272C6A2C0C
:10405000272C272C692C2729223E275D2E6A6F6981
:104060006E282727290D0A2020202020202020200C
:1040700020202020202020666F722876617220691F
:104080003D303B693C646174615B335D2E6F7074DD
:10409000696F6E732E6C656E6774683B692B2B2994
:1040A0007B0D0A20202020202020202020202020DE
:1040B00020202020202020636F6E736F6C652E6C93
:1040C0006F67282773656C6563746564272C692C9A
:1040D000646174615B315D2C693D3D706172736533
:1040E000496E7428646174615B315D29290D0A2071
:1040F00020202020202020202020202020202020C0
:1041000020202073656C65637465643D693D3D7076
:1041100061727365496E7428646174615B315D29F5
:104120003F2773656C6563746564273A27270D0A1A
:10413000202020202020202020202020202020207F
:104140002020202072742B3D273C6F7074696F6EA5
:104150002076616C75653D22272B692B272220274D
:104160002B73656C65637465642B273E272B646134
:1041700074615B335D2E6F7074696F6E735B695D24
:104180002B273C2F6F7074696F6E733E270D0A20CA
:104190002020202020202020202020202020207DC2
:1041A0000D0A202020202020202020202020202038
:1041B000202072742B3D273C2F73656C6563743E21
:1041C000270D0A2020202020202020202020202011
:1041D00020202072657475726E205B0D0A202020ED
:1041E00020202020202020202020202020202020CF
:1041F00020273C64697620636C6173733D2266728C
:104200006F6D223E272C0D0A202020202020202008
:10421000202020202020202020202020202020209E
:10422000273C7370616E3E272C646174615B305D66
:104230002C273A3C2F7370616E3E272C0D0A2020EC
:10424000202020202020202020202020202020206E
:1042500020202020202072742C0D0A2020202020D5
:104260002020202020202020202020202020202747
:104270003C2F6469763E270D0A2020202020202034
:104280002020202020202020205D2E6A6F696E28AB
:104290002727290D0A202020202020202020202030
:1042A000207D2C0D0A2020202020202020202020CE
:1042B0002062746E68746D6C28692C646174612965
:1042C0007B0D0A20202020202020202020202020BC
:1042D00020202072657475726E205B0D0A202020EC
:1042E00020202020202020202020202020202020CE
:1042F00020273C646976207374796C653D2274656F
:1043000078742D616C69676E3A63656E74657222AC
:104310003E3C627574746F6E20636C6173733D22F2
:10432000627574746F6E22206F6E636C69636B3D8F
:1043300022566965772E636C69636B285C27272C8E
:10434000646174615B315D2C275C272C272C692C00
:104350002729223E272C0D0A202020202020202043
:10436000202020202020202020202020202020204D
:10437000646174615B305D2C0D0A202020202020B8
:104380002020202020202020202020202020273C0A
:104390002F627574746F6E3E3C2F6469763E270DF4
:1043A0000A20202020202020202020202020202023
:1043B000205D2E6A6F696E282222290D0A20202096
:1043C0002020202020202020207D2C0D0A202020AD
:1043D00020202020202020202072656E6465722815
:1043E000732C646174612C6A297B0D0A0D0A2020EC
:1043F0002020202020202020202020202020766126
:10440000722068746D6C3D22223B0D0A2020202012
:10441000202020202020202020202020636F6E7369
:104420006F6C652E6C6F6728276C6F6164636F6EAD
:1044300074656E74272C732C646174612C6A290D69
:104440000A20202020202020202020202020202082
:1044500020666F722876617220693D303B693C644A
:104460006174612E6E6F6465732E6C656E6774681F
:104470003B692B2B297B0D0A202020202020202087
:104480002020202020202020202020206966287342
:104490005B695D297B0D0A20202020202020202020
:1044A00020202020202020202020202020202064C8
:1044B0006174612E6E6F6465735B695D5B315D3D38
:1044C000735B695D2B27270D0A20202020202020E8
:1044D000202020202020202020202020207D0D0AA8
:1044E00020202020202020202020202020202020CC
:1044F00020202020696628646174612E6E6F6465D7
:10450000735B695D5B335D2626747970656F662029
:10451000646174612E6E6F6465735B695D5B335DAE
:104520003D3D276F626A65637427297B0D0A202051
:10453000202020202020202020202020202020207B
:10454000202020202020696628646174612E6E6F0F
:104550006465735B695D5B335D2E747970653D3DA9
:104560002273776974636822297B0D0A202020203A
:10457000202020202020202020202020202020203B
:10458000202020202020202068746D6C2B3D746832
:1045900069732E737769636868746D6C28646174DD
:1045A000612E6E6F6465735B695D2C6A2C69290DE1
:1045B0000A20202020202020202020202020202011
:1045C0002020202020202020207D656C73657B0D1D
:1045D0000A202020202020202020202020202020F1
:1045E0002020202020202020202020202068746DE2
:1045F0006C2B3D746869732E73656C6563746874A5
:104600006D6C28646174612E6E6F6465735B695DA7
:104610002C6A2C69290D0A2020202020202020200F
:104620002020202020202020202020202020207D2D
:104630000D0A2020202020202020202020202020A3
:104640002020202020207D656C73657B0D0A2020B2
:10465000202020202020202020202020202020205A
:1046600020202020202068746D6C2B3D74686973B5
:104670002E696E70757468746D6C28646174612E37
:104680006E6F6465735B695D2C6A2C69290D0A2065
:10469000202020202020202020202020202020201A
:1046A0002020207D0D0A20202020202020202020D6
:1046B0002020202020207D0D0A20202020202020C6
:1046C0002020202020202020206966286461746139
:1046D0002E62746E73213D756E646566696E6564E5
:1046E000297B0D0A2020202020202020202020208F
:1046F0002020202020202020666F722876617220E2
:10470000693D303B693C646174612E62746E732E46
:104710006C656E6774683B692B2B297B0D0A202022
:104720002020202020202020202020202020202089
:1047300020202020202068746D6C2B3D74686973E4
:104740002E62746E68746D6C286A2C646174612EBC
:1047500062746E735B695D290D0A20202020202081
:1047600020202020202020202020202020207D0DFF
:104770000A2020202020202020202020202020204F
:10478000207D0D0A202020202020202020202020F5
:1047900020202020646F63756D656E742E676574CC
:1047A000456C656D656E7442794964286461746115
:1047B0002E6469766964292E696E6E657248544D5F
:1047C0004C3D68746D6C0D0A202020202020202094
:1047D000202020207D2C0D0A202020202020202099
:1047E000202020206C6F6164636F6E74656E742886
:1047F0006A2C64617461297B0D0A2020202020200E
:1048000020202020202020202020746869732E730F
:10481000656C6563746A3D6A0D0A202020202020A3
:1048200020202020202020202020746869732E73EF
:10483000656C656374646174613D646174610D0AE3
:104840002020202020202020202020202020202068
:104850006966286A3D3D30297B0D0A2020202020F2
:1048600020202020202020202020202020202074F4
:104870006869732E72656E646572285B5D2C646175
:1048800074612C6A290D0A2020202020202020205D
:10489000202020202020207D656C73657B0D0A2060
:1048A0002020202020202020202020202020202008
:1048B000202020696628646F63756D656E742E67AD
:1048C0006574456C656D656E7442794964286461F0
:1048D00074612E6469766964292E717565727953E5
:1048E000656C6563746F722827627574746F6E27C8
:1048F000293D3D6E756C6C297B0D0A2020202020FF
:1049000020202020202020202020202020202020A7
:10491000202020746869732E67657428272F7365BB
:104920007474696E672E6367693F62746E74797020
:10493000653D272B646174612E62746E74797065B5
:104940002C2873293D3E746869732E72656E646508
:104950007228735B315D2C646174612C6A29290DA6
:104960000A2020202020202020202020202020205D
:1049700020202020207D0D0A0D0A2020202020202C
:10498000202020202020202020207D0D0A202020F3
:104990002020202020202020207D2C0D0A202020D7
:1049A0002020202020202020206765742875726C2C
:1049B0002C6261636B297B0D0A202020202020209F
:1049C000202020202020202020786D6C68747470B6
:1049D0003D6E756C6C3B0D0A20202020202020208D
:1049E00020202020202020206966202877696E64FE
:1049F0006F772E584D4C487474705265717565739D
:104A000074290D0A20202020202020202020202072
:104A1000202020207B0D0A09092020202020202092
:104A20002020202020786D6C687474703D6E65774E
:104A300020584D4C487474705265717565737428B4
:104A4000293B0D0A2020202020202020202020206B
:104A5000202020207D0D0A20202020202020202022
:104A600020202020202020656C7365206966202886
:104A700077696E646F772E416374697665584F620B
:104A80006A656374290D0A0909202020202020204E
:104A9000207B0D0A09092020202020202020202012
:104AA0002020786D6C687474703D6E65772041636A
:104AB00074697665584F626A65637428224D69632C
:104AC000726F736F66742E584D4C4854545022299F
:104AD0003B0D0A090920202020202020207D0D0ADE
:104AE0000909202020202020202069662028786DB8
:104AF0006C68747470213D6E756C6C290D0A09091F
:104B000020202020202020207B0D0A202020202073
:104B1000202020202020202020202020202020783D
:104B20006D6C687474702E6F6E72656164797374E5
:104B30006174656368616E67653D28293D3E7B0D44
:104B40000A2020202020202020202020202020207B
:104B500020202020202020202069662028786D6CCD
:104B6000687474702E726561647953746174653D04
:104B70003D3426266261636B297B0D0A20202020AC
:104B80002020202020202020202020202020202025
:104B90002020202020202020766172206461746112
:104BA0003D786D6C687474702E726573706F6E737F
:104BB00065546578740D0A202020202020202020B4
:104BC00020202020202020202020202020202020E5
:104BD000202020747279207B0D0A202020202020A4
:104BE00020202020202020202020202020202020C5
:104BF00020202020202020202020646174613D4A54
:104C0000534F4E2E706172736528646174612E7209
:104C100065706C616365282F3C2E2A3E2F672C2718
:104C20002729290D0A202020202020202020202094
:104C30002020202020202020202020202020202074
:104C4000207D20636174636820286572726F722909
:104C5000207B0D0A20202020202020202020202022
:104C60002020202020202020202020202020202044
:104C700020202020646174613D5B3530302C27E8B2
:104C8000A7A3E69E90E99499E8AFAF272B646174DF
:104C9000612C646174612E7265706C616365282F8C
:104CA0003C2E2A3E2F672C2727295D0D0A20202025
:104CB00020202020202020202020202020202020F4
:104CC0002020202020202020207D0D0A20202020B0
:104CD00020202020202020202020202020202020D4
:104CE00020202020202020206261636B28646174D2
:104CF00061290D0A20202020202020202020202093
:104D00002020202020202020202020207D0D0A206F
:104D10002020202020202020202020202020202093
:104D20002020207D0D0A202020202020202020204F
:104D300020202020202020202020786D6C68747492
:104D4000702E6F70656E2822474554222C75726C48
:104D50002C74727565293B0D0A202020202020200C
:104D600020202020202020202020202020786D6C52
:104D7000687474702E73656E64286E756C6C293B54
:104D80000D0A20202020202020202020202020204C
:104D900020207D0D0A0909202020202020202065C8
:104DA0006C73650D0A090920202020202020207B1B
:104DB0000D0A09092020202020202020202020204A
:104DC000616C6572742822596F75722062726F77F8
:104DD00073657220646F6573206E6F7420737570D5
:104DE000706F727420584D4C485454502E22293BF9
:104DF0000D0A090920202020202020207D0D0A20D6
:104E000020202020202020202020207D2C0D0A2062
:104E10002020202020202020202020636C69636B2C
:104E2000286E616D652C69297B0D0A2020202020C9
:104E30002020202020202020202020766172207336
:104E40003D272F73657474696E672E6367693F62CF
:104E5000746E747970653D272B6E616D650D0A2047
:104E600020202020202020202020202020202076EC
:104E70006172206E6F6465733D690D0A20202020E9
:104E80002020202020202020202020206966287437
:104E90007970656F6620693D3D276E756D6265723C
:104EA00027297B0D0A2020202020202020202020C0
:104EB0002020202020202020206E6F6465733D7408
:104EC0006869732E6D6F64656C5B695D2E6E6F64CF
:104ED00065730D0A20202020202020202020202063
:104EE000202020207D0D0A2020202020202020208E
:104EF0002020202020202069662869213D30297B40
:104F00000D0A2020202020202020202020202020CA
:104F10002020202020206E6F6465733D74686973C3
:104F20002E6D6F64656C5B305D2E6E6F6465732EE5
:104F3000636F6E636174286E6F646573290D0A2058
:104F40002020202020202020202020202020207D04
:104F50000D0A20202020202020202020202020207A
:104F60002020766172206F6A3D7B7D0D0A20202013
:104F7000202020202020202020202020206E6F6450
:104F800065732E666F72456163682828656C656D70
:104F9000656E742C6E2C6129203D3E207B0D0A200D
:104FA0002020202020202020202020202020202001
:104FB00020202076617220696E7075743D646F6385
:104FC000756D656E742E676574456C656D656E7480
:104FD0007342794E616D6528656C656D656E745BB5
:104FE000325D295B305D0D0A20202020202020200A
:104FF00020202020202020202020202069662869D1
:105000006E707574297B0D0A20202020202020201E
:105010002020202020202020202020202020202090
:105020006F6A5B656C656D656E745B325D5D3D6975
:105030006E7075742E76616C75650D0A20202020C7
:105040002020202020202020202020202020202060
:1050500020202020733D732B2726272B656C656D40
:10506000656E745B325D2B273D272B696E707574FE
:105070002E76616C75650D0A2020202020202020CE
:105080002020202020202020202020207D656C73DF
:10509000657B0D0A20202020202020202020202099
:1050A0002020202020202020202020206F6A5B65E7
:1050B0006C656D656E745B325D5D3D656C656D65DF
:1050C0006E745B315D0D0A202020202020202020DE
:1050D000202020202020202020202020202020737D
:1050E0003D732B2726272B656C656D656E745B32CF
:1050F0005D2B273D272B656C656D656E745B315D9F
:105100000D0A2020202020202020202020202020C8
:105110002020202020207D0D0A202020202020205B
:105120002020202020202020207D293B0D0A202027
:105130002020202020202020202020202020636FDD
:105140006E736F6C652E6C6F672822676574222CF6
:105150006E616D652C6F6A290D0A202020202020A9
:10516000202020202020202020206966286E616DCC
:10517000653D3D226368616E676550617373776F4B
:105180007264227C7C6E616D653D3D227365745F47
:105190007361766522297B0D0A20202020202020A3
:1051A000202020202020202020202020200D0A2028
:1051B00020202020202020202020202020202020EF
:1051C000202020766172206D61703D7B6368616E86
:1051D000676550617373776F72643A22706173739D
:1051E000776F7264222C7365745F736176653A22FF
:1051F00064227D0D0A202020202020202020202035
:105200002020202020202020206C657420703D2F3D
:105210005E283F3D2E2A5B612D7A5D29283F3D2E79
:105220002A5B412D5A5D29283F3D2E2A5C64295B6B
:105230005C735C535D7B382C31327D242F0D0A204A
:10524000202020202020202020202020202020205E
:1052500020202069662821702E74657374286F6A77
:105260005B6D61705B6E616D655D5D29297B0D0A0B
:10527000202020202020202020202020202020202E
:10528000202020202020202072657475726E2061FD
:105290006C6572742822E8AFB7E8BE93E585A5E691
:1052A000ADA3E7A1AEE5AF86E7A081E6A0BCE5BC73
:1052B0008FEFBC9A5C6EE5AF86E7A081E995BFE50C
:1052C000BAA63A382D31325C6EE5AF86E7A081E7A9
:1052D00094B1E695B0E5AD972BE5A4A7E58699E8EE
:1052E0008BB1E69687E5AD97E7ACA62BE5B08FE5E9
:1052F0008699E88BB1E69687E5AD97E7ACA6E7BB64
:1053000084E6889022290D0A2020202020202020B9
:105310002020202020202020202020207D0D0A2059
:105320002020202020202020202020202020207D20
:105330000D0A202020202020202020202020202096
:105340002020746869732E67657428732C2864297B
:105350003D3E746869732E636C69636B6261636B55
:1053600028642C6E616D6529290D0A2020202020DB
:10537000202020202020207D2C0D0A2020202020ED
:1053800020202020202020636C69636B6261636BA6
:1053900028642C6E616D65297B0D0A202020202059
:1053A0002020202020202020202020636F6E736F7B
:1053B0006C652E6C6F67286E616D652C64290D0A13
:1053C00020202020202020202020202020202020DD
:1053D0006966286E616D653D3D226C6F67696E225E
:1053E0002626645B325D3D3D273127297B0D0A204F
:1053F00020202020202020202020202020202020AD
:10540000202020746869732E72656E646572285B53
:105410005D2C6D6F64656C4368616E676550617388
:1054200073776F72642C30290D0A202020202020F1
:1054300020202020202020202020202020207265D5
:105440007475726E0D0A202020202020202020203C
:105450002020202020207D0D0A2020202020202018
:10546000202020202020202020646F63756D656E31
:10547000742E676574456C656D656E744279496418
:1054800028276C6F67696E736861646F27292E73B4
:1054900074796C652E646973706C61793D645B30FE
:1054A0005D3D3D3430313F27273A276E6F6E6527CB
:1054B0000D0A202020202020202020202020202015
:1054C0002020696628645B315D297B0D0A2020203D
:1054D00020202020202020202020202020202020CC
:1054E00020616C65727428645B315D290D0A20208F
:1054F00020202020202020202020202020207D0D62
:105500000A2020202020202020202020207D0D0A7D
:1055100020202020202020207D0D0A202020202057
:105520002020200D0A2020202020202020566965E0
:10553000772E696E6974286D6F64656C2C646F6377
:10554000756D656E742E676574456C656D656E74FA
:105550004279496428276E61762729290D0A20207F
:105560002020202020200D0A202020202020202064
:105570006966286C6F6F7054696D65297B0D0A2010
:105580002020202020202020202020736574496EB8
:1055900074657276616C2828293D3E566965772EC0
:1055A0006C6F6F7028292C6C6F6F7054696D652952
:1055B0000D0A20202020202020207D0D0A202020E0
:1055C000203C2F7363726970743E0D0A3C2F68741F
:1055D0006D6C3E0D0A2F726561646D652E6D640001
:1055E00000485454502F312E3020323030204F4B51
:1055F0000D0A5365727665723A206C7749502F31E7
:105600002E332E312028687474703A2F2F736176F0
:10561000616E6E61682E6E6F6E676E752E6F72674B
:105620002F70726F6A656374732F6C776970290DC0
:105630000A436F6E74656E742D747970653A2074C8
:105640006578742F706C61696E0D0A0D0A32303204
:1056500030303631353A200D0A20202020312EE618
:10566000B7BBE58AA0E4B88BE68B89E6A186200D5E
:105670000A20202020322EE6B7BBE58AA0E7BBBF78
:10568000E38081E7BAA2E782B90D0A202020203307
:105690002EE8BE93E585A5E6A186E694B9E79FAD21
:1056A000322F332F73657474696E672E7368746D4F
:1056B0006C0000485454502F312E302032303020AE
:1056C0004F4B0D0A5365727665723A206C774950DC
:1056D0002F312E332E312028687474703A2F2F7397
:1056E0006176616E6E61682E6E6F6E676E752E6F7D
:1056F00072672F70726F6A656374732F6C7769704D
:10570000290D0A436F6E74656E742D747970653A55
:1057100020746578742F68746D6C0D0A4578706913
:105720007265733A204672692C20313020417072C4
:1057300020323030382031343A30303A303020475F
:105740004D540D0A507261676D613A206E6F2D6382
:10575000616368650D0A0D0A5B0D0A202020203C5C
:10576000212D2D23592D2D3E2C0D0A202020203CAB
:10577000212D2D235A2D2D3E0D0A5D000000000025
:10578000C8000608D8000608FD540000010000000B
:105790007C570608D5550608E1550608C2000000EA
:1057A0000100000090570608A3560608B3560608E5
:1057B000C800000001000000705D06080100000044
:1057C000505D0608010000009C5D06080100000015
:1057D000645D060800000000905D060800000000FF
:1057E000445D06084C5D0608405E0608019002080C
:1057F0004C5E060841A00208E5BC8000E585B300C8
:10580000E6ADA3E5B8B800E69585E99A9C00E4B852
:105810008DE6A380E6B58B00E5B7B2E5A4B1E695C9
:105820008800E6ADA3E5B8B800E4B88DE6A380E64D
:10583000B58B00E6BC8FE6B0B400E6ADA3E5B8B822
:1058400000000000A461060884650608D865060803
:1058500060660608A05F0608C85F06089866060826
:10586000C0660608EC65060864650608C465060897
:105870002C660608F05F060878610608E8620608EC
:10588000786206082C650608D06406086C63060872
:10589000B462060808620608406206080465060845
:1058A000A86406082C630608B8630608E45E0608C8
:1058B000486406080064060824610608305F06088C
:1058C00030600608F060060864600608906006080C
:1058D000C060060810670608E86606086765745F1A
:1058E0006375725F7468726561645F737461636B22
:1058F0005F696E666F00636D5F6261636B74726196
:1059000063655F61737365727400636D5F62616389
:105910006B74726163655F6661756C740000000092
:10592000CC5E0608D05E0608D45E0608D85E06087F
:105930009C5F0608E05E0608DC5E060860600608FC
:10594000010001014000000040760524407A052452
:10595000C07A052400000000555555555555C53FE2
:105960007D6FEB0312D6D4BF5544880E55C1C93F95
:105970003B8F68B52882A4BF88B20175E0EF493F2C
:1059800009F7FD0DE13D023F4B2D8A1C273A03C06C
:10599000C88A599CE52A004059018D1B6C06E6BF58
:1059A00082922EB1C5B8B33F0040404040404040D5
:1059B00040404141414141404040404040404040E2
:1059C0004040404040404040400502020202020286
:1059D00002020202020202020220202020202020D5
:1059E00020202002020202020202909090909090E9
:1059F00010101010101010101010101010101010A7
:105A0000101010100202020202028888888888881A
:105A10000808080808080808080808080808080806
:105A2000080808080202020240000000A9590608FE
:105A30001F1D1F1E1F1E1F1F1E1F1E1F0D0A2B4D69
:105A400049504F50454E3A20312C300D0A0000008D
:105A50000D0A2B4D4950434C4F53453A20310D0A06
:105A6000000000000D0A4F4B0D0A000025733A2577
:105A7000643A64656275673A20466978696E6720A2
:105A80006D6F7665207768696C6520666978696EE8
:105A900067206F727068616E73207B307825782C78
:105AA00020307825787D20307825780A25730A0003
:105AB0006C66732D3E6366672D3E6C6F6F6B61681D
:105AC0006561645F73697A6520252038203D3D203B
:105AD00030202626202875696E747074725F7429D0
:105AE0006C66732D3E6366672D3E6C6F6F6B6168ED
:105AF0006561645F62756666657220252034203DAD
:105B00003D203000342A6C66735F6E707732283027
:105B1000786666666666666666202F20286C667301
:105B20002D3E6366672D3E626C6F636B5F73697AAF
:105B3000652D322A342929203C3D206C66732D3E88
:105B40006366672D3E626C6F636B5F73697A650095
:105B50006C6974746C656673000000004C574950A2
:105B60005F434F4E53545F43415354206E6F742034
:105B7000696D706C656D656E74656420636F7272BB
:105B80006563746C792E20436865636B20796F754B
:105B900072206C77495020706F72742E00000000E4
:105BA0007261772070636220726563762063616C36
:105BB0006C6261636B20616C7465726564207062F5
:105BC0007566207061796C6F616420706F696E74A6
:105BD000657220776974686F757420656174696E89
:105BE00067207061636B65740000000046494E5F7A
:105BF000574149545F31000046494E5F574149546F
:105C00005F32000045535441424C495348454400DB
:105C1000434C4F534544000053594E5F5243564442
:105C200000000000434C4F53494E47004C41535431
:105C30005F41434B000000004C495354454E000067
:105C400054494D455F57414954000000434C4F5360
:105C5000455F57414954000053594E5F53454E54D8
:105C6000000000007463705F656E71756575655F37
:105C7000666C6167733A206E656564206569746857
:105C80006572205443505F53594E206F7220544325
:105C9000505F46494E20696E20666C61677320280C
:105CA00070726F6772616D6D65722076696F6C617D
:105CB0007465732041504929000000006E657469C5
:105CC000662D3E6877616464725F6C656E206D75E9
:105CD0007374206265207468652073616D6520614E
:105CE00073204554485F4857414444525F4C454EE9
:105CF00020666F7220657468617270210000000078
:105D000069676D705F6C6F6F6B75705F67726F75D1
:105D1000703A20616C6C20657863657074206669E8
:105D20007273742067726F7570206D757374206E56
:105D30006F7420626520616C6C73797374656D7328
:105D4000000000003C212D2D230000002D2D3E00E1
:105D50002F696E6465782E73736900002E73736902
:105D6000000000002F696E6465782E68746D6C0009
:105D70002F696E6465782E7368746D6C0000000086
:105D80002E7368746D6C00002E786D6C000000003E
:105D90002F696E6465782E68746D00002F696E64DB
:105DA00065782E7368746D002E7368746D00000042
:105DB00041000000420000004300000044000000D9
:105DC00045000000460000004700000048000000B9
:105DD000490000004A0000004C0000004E00000096
:105DE0004F00000050000000510000005200000071
:105DF0005300000054000000550000005600000051
:105E000057000000590000005A00000061610000C6
:105E10006100000061620000620000006163000038
:105E20006300000061640000640000006165000020
:105E300065000000660000006700000068000000C8
:105E40002F70617273652E63676900002F7365742C
:105E500074696E672E6367690000000069000000C6
:105E600073000000740000005B2225732573222C50
:105E70002225732525222C2225732573222C2225E9
:105E8000732525222C222573222C090909090909C9
:105E90000909090920222573222C222573222C228C
:105EA0002573222C222573222C09090909090909C5
:105EB00009090920222573222C222573222C222550
:105EC00073222C222573225D000000005230200036
:105ED0005231200052322000523320005043200023
:105EE0004C5220005573616765206661756C7420A3
:105EF00069732063617573656420627920617474CD
:105F0000656D70747320746F207377697463682093
:105F1000746F20616E20696E76616C6964207374A1
:105F20006174652028652E672E2C2041524D290072
:105F30005573616765206661756C742069732063B1
:105F4000617573656420627920496E646963617468
:105F50006573206120646976696465206279207ABE
:105F600065726F206861732074616B656E20706C60
:105F7000616365202863616E20626520736574200B
:105F80006F6E6C79206966204449565F305F5452C9
:105F9000502069732073657429000000523132006B
:105FA0003D3D3D3D3D2054687265616420737461E0
:105FB000636B20696E666F726D6174696F6E203DF0
:105FC0003D3D3D3D000000003D3D3D3D3D3D204D02
:105FD00061696E20737461636B20696E666F726DA8
:105FE0006174696F6E203D3D3D3D3D3D0000000008
:105FF0003D3D3D3D3D3D3D3D3D3D3D3D3D3D3D3DD1
:106000003D3D3D2052656769737465727320696E0A
:10601000666F726D6174696F6E203D3D3D3D3D3D23
:106020003D3D3D3D3D3D3D3D3D3D3D3D3D3D00001A
:106030004465627567206661756C742069732063BE
:1060400061757365642062792068616C7420726583
:106050007175657374656420696E204E56494300FE
:10606000505352004465627567206661756C7420F8
:1060700069732063617573656420627920445754A5
:10608000206D61746368206F63637572726564006C
:106090004465627567206661756C7420697320635E
:1060A000617573656420627920566563746F722030
:1060B0006665746368206F6363757272656400005F
:1060C0004465627567206661756C7420697320632E
:1060D00061757365642062792045444247525120BE
:1060E0007369676E616C20617373657274656400B7
:1060F0004465627567206661756C742069732063FE
:10610000617573656420627920424B505420696E3A
:10611000737472756374696F6E20657865637574E6
:10612000656400005573616765206661756C742055
:1061300069732063617573656420627920696E6498
:10614000696361746573207468617420616E207581
:106150006E616C69676E656420616363657373204B
:106160006661756C74206861732074616B656E2064
:10617000706C61636500000048617264206661753F
:106180006C74206973206361757365642062792083
:106190006661696C656420766563746F72206665FC
:1061A000746368004552524F523A20556E61626CDA
:1061B0006520746F2067657420746865206D61695F
:1061C0006E20737461636B20696E666F726D6174AB
:1061D000696F6E2C20706C65617365206368656300
:1061E0006B2074686520636F6E6669677572617491
:1061F000696F6E206F6620746865206D61696E201E
:10620000737461636B000000427573206661756C86
:1062100074206973206361757365642062792070EE
:10622000726563697365206461746120616363658D
:1062300073732076696F6C6174696F6E0000000083
:10624000427573206661756C742069732063617593
:1062500073656420627920696D7072656369736526
:106260002064617461206163636573732076696F74
:106270006C6174696F6E00004D656D6F7279206D91
:10628000616E6167656D656E74206661756C742002
:106290006973206361757365642062792064617439
:1062A00061206163636573732076696F6C617469E3
:1062B0006F6E0000427573206661756C742069739F
:1062C0002063617573656420627920696E737472EE
:1062D000756374696F6E206163636573732076699B
:1062E0006F6C6174696F6E004D656D6F7279206DB2
:1062F000616E6167656D656E74206661756C742092
:1063000069732063617573656420627920696E73B7
:106310007472756374696F6E206163636573732053
:1063200076696F6C6174696F6E000000427573204E
:106330006661756C74206973206361757365642090
:10634000627920666C6F6174696E672D706F696E1B
:1063500074206C617A792073746174652070726541
:10636000736572766174696F6E0000004D656D6FC4
:106370007279206D616E6167656D656E742066610E
:10638000756C74206973206361757365642062792C
:1063900020666C6F6174696E672D706F696E742012
:1063A0006C617A79207374617465207072657365AD
:1063B00072766174696F6E005573616765206661FE
:1063C000756C7420697320636175736564206279EC
:1063D00020617474656D70747320746F20657865C6
:1063E0006375746520616E20756E646566696E659F
:1063F0006420696E737472756374696F6E00000057
:106400005573616765206661756C742069732063DC
:10641000617573656420627920617474656D707450
:106420007320746F206578656375746520612063DF
:106430006F70726F636573736F7220696E737472BD
:10644000756374696F6E00005573616765206661DE
:10645000756C74206973206361757365642062795B
:1064600020617474656D70747320746F20646F2084
:10647000616E20657863657074696F6E20776974EA
:10648000682061206261642076616C756520696EA8
:1064900020746865204558435F52455455524E203C
:1064A0006E756D6265720000427573206661756C71
:1064B0007420697320636175736564206279207349
:1064C0007461636B696E67206572726F72000000A1
:1064D0004D656D6F7279206D616E6167656D656E7A
:1064E00074206661756C74206973206361757365CF
:1064F0006420627920737461636B696E67206572D2
:10650000726F7200427573206661756C74206973D6
:106510002063617573656420627920756E737461A0
:10652000636B696E67206572726F72004D656D6F87
:106530007279206D616E6167656D656E742066614C
:10654000756C74206973206361757365642062796A
:1065500020756E737461636B696E67206572726F0C
:106560007200000044756D702063616C6C20737460
:1065700061636B2068617320616E206572726F7257
:10658000000000004669726D77617265206E616D72
:10659000653A2025732C20686172647761726520EA
:1065A00076657273696F6E3A2025732C20736F665F
:1065B00074776172652076657273696F6E3A202513
:1065C000730000004661756C74206F6E20746872F1
:1065D0006561642025730000417373657274206FD8
:1065E0006E207468726561642025730053686F774C
:1065F000206D6F72652063616C6C20737461636BD6
:1066000020696E666F2062792072756E3A2061642F
:106610006472326C696E65202D65202573257320A8
:106620002D616670694320252E2A73004661756CC2
:1066300074206F6E20696E74657272757074206F4D
:10664000722062617265206D6574616C286E6F20C6
:106650004F532920656E7669726F6E6D656E74009A
:10666000417373657274206F6E20696E7465727207
:10667000757074206F722062617265206D6574613F
:106680006C286E6F204F532920656E7669726F6E8D
:106690006D656E74000000004572726F723A20548E
:1066A000687265616420737461636B282530387883
:1066B0002920776173206F766572666C6F770000B2
:1066C0004572726F723A204D61696E207374616316
:1066D0006B28253038782920776173206F766572B2
:1066E000666C6F7700000000546865206275732047
:1066F0006661756C74206F63637572726564206186
:1067000064647265737320697320253038780000E3
:10671000546865206D656D6F7279206D616E61677B
:10672000656D656E74206661756C74206F6363754A
:10673000727265642061646472657373206973208A
:106740002530387800000000737461636B5F706FF0
:10675000696E7465723A203078253038782C207351
:106760007461636B5F73746172745F616464723AC5
:10677000203078253038782C20737461636B5F6526
:106780006E645F616464723A203078253038780036
:10679000E0670608000000204C0A0000C817020845
:1067A000046806080000002458050000C817020805
:1067B000886906080000013000260000C81702089A
:1067C000D86906080000003800020000C817020857
:1067D0008869060858050024909D0500C4D0020869
:1067E00001FF01E514905F012360EA690403FFC81B
:1067F0007801FF01FF01FF01FF01FF01FF01FF0120
:106800005E000000113C90D00304018B1314011BA7
:10681000305E041A6A04411A1C081A5D045A691091
:106820001A18081A5C045A68100148152269702267
:10683000336E6D3367772D6D6970310512323363B6
:10684000312B6332052A33052A34052A35053236C1
:106850001C706131041A32041A33041A34041A35D4
:1068600004291A011C352F6862D69B1D23130015BD
:106870005F464E2D53542D424A2D30312F696E669E
:106880006F2E7478743210021701181239D0020872
:10689000B1CC0208D5E70408755F03086D04121433
:1068A0001214126480082C01F401E803064C0C0257
:1068B00058481230001185999804086D9904088091
:1068C000D4012480D40224021AC00B506E1954C182
:1068D0001E992002088D041ACD041AA9041A9104E5
:1068E00001401AFF01101430313233343536376429
:1068F00038396173646667686A6B1E805D0608A834
:10690000041A5C041A880401241E105E0608180488
:106910001A20041A28041A30041A34041A38041AE3
:106920003C041A5C041A60041A64041AB8541ABCB1
:10693000041AC0041AC4041AC8041ACC041AD004D5
:106940001AD4041AD8041ADC041AE0041AE4041A4B
:10695000B0041AB4041AE8041AEC041AF0041AF485
:10696000041AF8042AFCA019541A0C041A14041A64
:106970001C041A24041A2C041A04041A08040138EA
:1069800002231F1AAA01015C01FF01FF01FF01FFA1
:1069900001FF01FF01FF01FF01FF01FF01FF01FFF7
:1069A00001FF01FF01FF01FF01FF01FF01FF01FFE7
:1069B00001FF01FF01FF01FF01FF01FF01FF01FFD7
:1069C00001FF01FF01FF01FF01FF01FF01FF01FFC7
:1069D00001FF01FF0126000001FF01FF210000006F
:040000050802029952
:00000001FF
