:020000040800F2
:1000000080530124B1020008F55C0008ED5C000893
:10001000F15C0008D10800083D73000800000000F2
:1000200000000000000000000000000089610008DE
:10003000610E000800000000F95C00088B610008F8
:10004000D7020008D7020008D7020008D70200082C
:10005000D7020008D7020008D7020008D70200081C
:10006000D7020008D7020008D7020008D70200080C
:10007000D7020008D7020008D7020008D7020008FC
:10008000D7020008D7020008D7020008D7020008EC
:10009000D7020008D7020008D7020008D7020008DC
:1000A000D7020008D7020008D7020008D7020008CC
:1000B000D7020008D7020008D7020008D7020008BC
:1000C000D7020008D7020008D7020008C55F000861
:1000D000D7020008B972000831730008D70200087F
:1000E000D7020008D702000800000000D70200086D
:1000F000D7020008D7020008D7020008D70200087C
:10010000D7020008D7020008D7020008D70200086B
:10011000D7020008D7020008D7020008D70200085B
:10012000D7020008D7020008D5080008E508000833
:10013000D7020008D7020008D7020008D70200083B
:1001400000000000000000000000000000000000AF
:10015000D7020008D7020008D7020008D70200081B
:10016000D7020008D7020008D7020008D70200080B
:10017000D7020008D7020008D702000800000000DC
:10018000D7020008D7020008D7020008D7020008EB
:10019000D7020008D7020008D7020008D7020008DB
:1001A000D7020008D7020008D7020008D7020008CB
:1001B000D7020008D7020008D7020008D7020008BB
:1001C000D7020008D7020008D7020008D7020008AB
:1001D000D7020008D7020008D7020008D70200089B
:1001E000D7020008D7020008D7020008D70200088B
:1001F000D7020008D7020008D7020008D70200087B
:10020000D7020008D7020008D7020008D70200086A
:10021000D7020008D7020008D7020008D70200085A
:10022000D7020008D7020008D7020008000000002B
:10023000D7020008D702000800000000D70200081B
:10024000D7020008D7020008D7020008D70200082A
:10025000D7020008D7020008D7020008D70200081A
:10026000D7020008D7020008D7020008D70200080A
:10027000D7020008D7020008D702000800000000DB
:10028000D7020008D7020008D702000800000000CB
:1002900000000000D7020008DFF810D000F07AFA62
:1002A00000480047D5820008AFF300808053012446
:1002B000DFF82400016841F47001016007488047BD
:1002C00007480047FEE7FEE7FEE7FEE7FEE7FEE73A
:1002D000FEE7FEE7FEE7FEE788ED00E021630008A9
:1002E000990200082DE9F05F0546002092469B46E2
:1002F00088460646814640241BE02846414647463C
:10030000224600F07FF853465A46C01A914110D356
:1003100011461846224600F066F82D1A67EB0108D0
:100320004F4622460120002100F05DF817EB00093E
:100330004E41201EA4F10104DFDC484631462A4626
:100340004346BDE8F09F40EA01039B0703D009E064
:1003500008C9121F08C0042AFAD203E011F8013BB1
:1003600000F8013B521EF9D27047D2B201E000F80A
:10037000012B491EFBD270470022F6E710B5134649
:100380000A4604461946FFF7F0FF204610BD30B577
:1003900004460020034600E05B1C934203D2E05C6D
:1003A000CD5C401BF8D030BD034611F8012B00F89E
:1003B000012B002AF9D11846704730B50B4601468B
:1003C00000202022012409E021FA02F59D4205D3F4
:1003D00003FA02F5491B04FA02F52844151EA2F19E
:1003E0000102F1DC30BD202A04DB203A00FA02F1E0
:1003F000002070479140C2F1200320FA03F3194313
:1004000090407047202A04DB203A21FA02F00021B4
:10041000704721FA02F3D040C2F120029140084314
:10042000194670472DE9FE4F804681EA0300C00F50
:100430000C46009021F0004123F00045B8EB02008B
:10044000A94105D24046214690461C460B4602462D
:1004500023F00040104347D0270DC7F30A00C3F331
:100460000A510290401A019040286BDAC3F313003E
:1004700040F4801B0098924620B10023D2EB030A7F
:1004800063EB0B0B01985946C0F140025046FFF751
:10049000AAFF06460D4650465946019A00F08CF9CF
:1004A00010EB08006141002487EA115284EAE773E7
:1004B0001A4340D0009A62B3019A012A4FEA0752C8
:1004C00015DC001B61EB02014FF0004202EA07520B
:1004D000CDE90042001C41F5801132462B4600F068
:1004E0008CF903B0BDE8F08F40462146F9E7001BC8
:1004F00061EB0201001C41F5801300185B412018DC
:10050000A2F5001747EB030140EAD570B6196D411B
:1005100011E06D084FEA360645EAC0754FEA07520A
:10052000001B61EB0201001C41F5801149084FEAF4
:1005300030000019514132462B4603B0BDE8F04F60
:1005400000F04CB90098012240000023D0EB0202D9
:1005500063EBE073009821464FEAE074B8EB0000CB
:1005600061EB0401E9E783F000435BE781F00041C0
:1005700058E72DE9FE4F81EA030404F0004421F01E
:10058000004100944FF0000B23F0004350EA0104B7
:100590005ED052EA03045BD0C3F30A54C1F30A5598
:1005A0002C44A4F2F3340194A0FB0254C1F31301D0
:1005B00041F48011C3F3130343F4801301FB02449D
:1005C00000FB034E840A970A44EA815447EA8357A2
:1005D000A4FB076802958D0A05FB07854FEA932C5B
:1005E00004FB0C542705029D4FEA065847EA1637CC
:1005F000B5EB08056EEB070C870E920E47EA8117E4
:1006000042EA8312A7FB0201B6EB0B0164EB000484
:100610002B0D43EA0C335E1844EB1C50DA4651466E
:10062000E7FB0201C5F313044FEA0B3343EA14530B
:100630004FEA0432019C43EA0603A4F10C0402943D
:10064000009CCDE900B400F0D8F803B0BDE8F08F0D
:1006500000200146F9E72DE9F04D81EA030404F09A
:10066000004B21F0004514464FF0000A23F00041F2
:1006700050EA050220D054EA01021DD0C5F30A5702
:100680000246C5F31303C1F31300C1F30A5640F445
:10069000801543F48013A7EB0608101BD64608F21A
:1006A000FD3873EB050002D308F1010801E0921850
:1006B0005B41B8F1000F03DA00200146BDE8F08D80
:1006C00000204FF48011064684460EE0171B73EBA2
:1006D000050705D3121B63EB050306434CEA010C27
:1006E00049084FEA300092185B4150EA0107EDD10A
:1006F00052EA030012D082EA040083EA05010843AB
:1007000005D0101BAB4106D20122002306E00022D7
:100710004FF0004302E06FF0010253101AEB0600A5
:100720004CEB085110EB0A0041EB0B01BDE8F04D1A
:1007300000F054B8C1F30A52C1F3130140F2FF3381
:1007400041F480119A4202DA00200146704740F2DB
:1007500033439A42A2F2334202DC5242FFF752BEC6
:10076000FFF741BE30B5041E71F1000404DB4FF009
:100770000044404264EB0101141E73F1000405DBE8
:100780001C464FF00043524263EB0403994208BFFA
:10079000904230BD064C074D06E0E06840F0010392
:1007A00094E8070098471034AC42F6D3FFF778FD81
:1007B0003095000850950008202A06DBCB17203A18
:1007C00041FA02F043EAE07306E041FA02F3D04056
:1007D000C2F12002914008431946704710B5141E1B
:1007E00073F1000408DA401C41F1000192185B41EA
:1007F0001A4301D120F0010010BD2DE9F04D9246C1
:100800009B4611B1B1FA81F202E0B0FA80F22032D7
:100810009046FFF7E8FD04460F4640EA0A0041EA29
:100820000B0153465A46084313D0114653EA0100C0
:1008300019D0C8F140025046FFF7E4FD05460E46C8
:10084000504659464246FFF7CEFD084305D00120E9
:1008500004E020463946BDE8F08D0020054346EA15
:10086000E0762C4337430A986305E40AA0EB0800BE
:100870000022FD0A44EA47540A3002D5002001460E
:10088000E9E7010510196941DDE9084500196941E9
:10089000BDE8F04DA2E730B58C1810F8012B12F02E
:1008A0000F0301D110F8013B120906D110F8012BFA
:1008B00003E010F8015B01F8015B5B1EF9D101E078
:1008C00001F8013B521EFBD1A142E6D3002030BD0E
:1008D00000BFFEE710B50249C86F00F091FF10BDE0
:1008E0008028002410B50249886F00F089FF10BDF0
:1008F000802800240146374A0868904249D0354A8A
:1009000018320868904244D0324A30320868904227
:100910003FD0304A4832086890423AD02D4A60327F
:100920000868904235D02B4A78320868904230D01F
:10093000284A9032086890422BD0264AA83208688C
:10094000904226D0244A0868904222D0224A183287
:10095000086890421DD0204A30320868904218D072
:100960001D4A48320868904213D01B4A603208681A
:1009700090420ED0184A78320868904209D0164A40
:1009800090320868904204D0134AA8320868904216
:1009900001D1012000E00020B0B10A78103A1823FC
:1009A000B2FBF3F000F007020C4B9A5CCA65032817
:1009B00005D90A686FF30902121D8A6503E00A6807
:1009C0006FF309028A6503E0086820F0FF0088657C
:1009D000886D70471000024010040240C89400085F
:1009E00010B502682B4C0368A34222D0294C143462
:1009F0000368A3421DD0274C28340368A34218D0B3
:100A0000244C3C340368A34213D0224C5034036876
:100A1000A3420ED01F4C64340368A34209D01D4C7E
:100A200078340368A34204D01A4C8C340368A34280
:100A300001D1012300E000238BB10378083B14248B
:100A4000B3FBF4F1144B03EB81030366124B8033C9
:100A5000436601F01F040123A340836618E0037876
:100A6000103B1824B3FBF4F10C4B9A4204D80B4B07
:100A7000A83B9A4200D30831094B03EB810303667C
:100A8000074B8033436601F01F040123A3408366B4
:100A900010BD00000854025800580258B804024023
:100AA000000802400179A9B3082940D8204B026808
:100AB0009A4222D01E4B143302689A421DD01C4B1E
:100AC000283302689A4218D0194B3C3302689A4284
:100AD00013D0174B503302689A420ED0144B643334
:100AE00002689A4209D0124B783302689A4204D0C5
:100AF0000F4B8C3302689A4201D1012200E00022A0
:100B00004AB14A1E0B4B03EB8202C266094A4032CD
:100B1000026708E00BE04A1E074B03EB8202C26645
:100B2000054A403202674A1E0123934043677047DB
:100B3000085402580059025800090240014600209A
:100B40008A69D2B98A6A32B1012A0DD0022A03D049
:100B5000032A10D10EE000BFCA6A02F08072B2F11F
:100B6000807F00D1012007E0CA6AB2F1C07F00D1C6
:100B7000012001E000E000BF36E08A69B2F5005FC5
:100B80001BD18A6A32B1012A07D0022A03D0032A74
:100B900011D10AE000BF01200EE0CA6A02F08072A3
:100BA000B2F1807F00D1012006E0CA6AB2F1C07FB5
:100BB00000D1012000E000BF16E08A6A32B1012AAC
:100BC00005D0022A04D0032A0CD103E000BF00BFE5
:100BD000012008E0CA6A02F08072B2F1807F00D181
:100BE000012000E000BF00BF70470000F0B5856D38
:100BF000846D984F0668BE4270D0964F18370668CD
:100C0000BE426BD0934F30370668BE4266D0914FDC
:100C100048370668BE4261D08E4F60370668BE42D4
:100C20005CD08C4F78370668BE4257D0894F9037DA
:100C30000668BE4252D0874FA8370668BE424DD0E4
:100C4000854F0668BE4249D0834F18370668BE42BA
:100C500044D0814F30370668BE423FD07E4F483780
:100C60000668BE423AD07C4F60370668BE4235D037
:100C7000794F78370668BE4230D0774F9037066894
:100C8000BE422BD0744FA8370668BE4226D0734FA1
:100C90000668BE4222D0714F14370668BE421DD08E
:100CA0006E4F28370668BE4218D06C4F3C37066836
:100CB000BE4213D0694F50370668BE420ED0674F10
:100CC00064370668BE4209D0644F78370668BE4272
:100CD00004D0624F8C370668BE4201D1012600E085
:100CE00000263EB1D0E919767E60C66E16B1D0E915
:100CF0001C767E60574F0668BE4249D0554F183764
:100D00000668BE4244D0534F30370668BE423FD0DB
:100D1000504F48370668BE423AD04E4F603706689B
:100D2000BE4235D04B4F78370668BE4230D0494F6F
:100D300090370668BE422BD0464FA8370668BE42A1
:100D400026D0454F0668BE4222D0434F183706686A
:100D5000BE421DD0404F30370668BE4218D03E4FCD
:100D600048370668BE4213D03B4F60370668BE4224
:100D70000ED0394F78370668BE4209D0364F9037CB
:100D80000668BE4204D0344FA8370668BE4201D17F
:100D9000012600E00026DEB190F85C6006F01F0737
:100DA0003F26BE40AE600668366826F48026076897
:100DB0003E60066873608668402E04D10668B260A3
:100DC0000668F16044E00668B1600668F2603FE0E2
:100DD000224F0668BE4222D0204F14370668BE421A
:100DE0001DD01E4F28370668BE4218D01B4F3C3717
:100DF0000668BE4213D0194F50370668BE420ED067
:100E0000164F64370668BE4209D0144F783706681B
:100E1000BE4204D0114F8C370668BE4201D1012674
:100E200000E00026A6B190F85C6006F01F070126DE
:100E3000BE406660066873608668402E04D106680E
:100E4000B2600668F16003E00668B1600668F260AF
:100E5000F0BD000010000240100402400854025887
:100E60007047000010B500242B480068C0F34040D4
:100E700018B12AA006F064FA012427480068C0F3DC
:100E8000C04018B128A006F05BFA0224224800688E
:100E9000C0F3005018B12CA006F052FA03241E48EB
:100EA0000068C0F3405018B12FA006F049FA05249D
:100EB00019480068C0F3805018B106242DA006F030
:100EC0003FFA15480068C0F3C05018B107242CA0A1
:100ED00006F036FA10480068C0F3006018B1082424
:100EE0002BA006F02DFA0C480068C0F3405018B152
:100EF000092415A006F024FA07480068C0F38060B2
:100F000018B10A242AA006F01BFA0348006840F42E
:100F100080300149086010BDD0440258435055202C
:100F200072657365740A0000443120646F6D6169F5
:100F30006E20706F776572207377697463682072B2
:100F4000657365740A000000443220646F6D616946
:100F50006E20706F77657220737769746368207292
:100F6000657365740A000000424F52207265736514
:100F7000740A000050696E2072657365740A00007F
:100F8000504F522F504452202072657365740A00EE
:100F900053797374656D2072657365742066726F22
:100FA0006D204350552072657365740A000000007F
:100FB00043505520496E646570656E64656E74209B
:100FC0005761746368646F672072657365740A00A3
:100FD00001B9704700BFFEE710B501F001037BB116
:100FE000134BDB6823F4E663114CE36042F0040327
:100FF00043EA002343F08003E46823430C4CE3609E
:1010000001F00203022B12D10A4B1B6823F4E663A2
:10101000074CC4F80C3142F0040343EA002343F0C8
:101020008003D4F80C412343014CC4F80C3110BDAB
:10103000002000520C21005201F00302032A1BD1B0
:10104000234AD26822F03002214BDA60214A12682A
:1010500022F03002C3F80C211A46D2680243DA604B
:101060001A46D2F80C210243C3F80C211A469269A1
:1010700042F010029A6129E001F0010272B1144AB3
:10108000D26822F03002124BDA601A46D26802436C
:10109000DA601A46D26842F08802DA6001F0020291
:1010A000022A13D10B4A126822F03002084BC3F80F
:1010B0000C211A46D2F80C210243C3F80C211A461F
:1010C000D2F80C2142F08802C3F80C2170470000CE
:1010D000002000520C2100522DE9F04107460E4637
:1010E0000424002502F02AF88046022E00D1344C58
:1010F0000BE0781C48B102F021F8A0EB0800B842E0
:1011000000D817B90320BDE8F0812E482040A04246
:1011100008D12D4800692040A04201D101200DE0F6
:1011200000200BE02948006824F00041084024F02A
:101130000041884201D1012000E000200028D8D1E0
:10114000012E05D120480069214900EA010505E08A
:101150001E4800681F49084040F0004525F0004047
:1011600090B11D48806928431B4988611548284073
:10117000A84202D11448456104E025F0004013491B
:10118000091D08600120BEE7012E0AD10E48006942
:1011900000F48030B0F5803F0FD130040A49486137
:1011A0000BE00A48006800F48030B0F5803F04D1BD
:1011B0004FF480300549091D08600020A3E70000B6
:1011C000040000800F00EF1F002000521021005289
:1011D0000000EE170000EE97343B002470B5044683
:1011E0000CB9012070BD94F83500022803D080208E
:1011F00060650120F6E7DC492068884249D0DA4979
:1012000018312068884244D0D7493031206888425C
:101210003FD0D5494831206888423AD0D249603120
:101220002068884235D0D04978312068884230D053
:10123000CD499031206888422BD0CB49A831206815
:10124000884226D0C9492068884222D0C74918312F
:10125000206888421DD0C54930312068884218D0A6
:10126000C24948312068884213D0C04960312068A3
:1012700088420ED0BD4978312068884209D0BB49E8
:1012800090312068884204D0B849A831206888424B
:1012900001D1012000E00020F0B3042084F83500E3
:1012A000B149206888424BD0AF4918312068884244
:1012B00046D0AD4930312068884241D0AA494831F2
:1012C000206888423CD0A84960312068884237D0E5
:1012D000A54978312068884232D0A34990312068EE
:1012E00088422DD0A049A8312068884228D09F4943
:1012F0002068884224D09D491831206888421FD038
:101300009A493031206888421AD09849483120687B
:10131000884215D0954900E020E06031206888427D
:101320000ED0924978312068884209D08F49903197
:101330002068884204D08D49A8312068884206D1AF
:101340002068006820F001002168086009E1206839
:10135000006820F001002168086002E12068006850
:1013600020F00E00216808607F492068884249D03B
:101370007D4918312068884244D07B49303120684B
:1013800088423FD078494831206888423AD076492F
:1013900060312068884235D07349783120688842AE
:1013A00030D071499031206888422BD06E49A831E5
:1013B0002068884226D06D492068884222D06B4937
:1013C0001831206888421DD0684930312068884231
:1013D00018D0664948312068884213D0634960318B
:1013E000206888420ED0614978312068884209D04F
:1013F0005E4990312068884204D05C49A831206859
:10140000884206D12068006820F001002168086049
:1014100005E02068006820F001002168086052495A
:101420002068884270D050491831206888426BD0BB
:101430004D4930312068884266D04B494831206898
:10144000884261D048496031206888425CD0464972
:1014500078312068884257D04349903120688842CB
:1014600052D04149A831206888424DD03F49206878
:10147000884249D03D4918312068884244D03B49D0
:101480003031206888423FD038494831206888424E
:101490003AD0364960312068884235D033497831B6
:1014A0002068884230D031499031206888422BD062
:1014B0002E49A8312068884226D02D4920688842CC
:1014C00022D02B491431206888421DD02849283168
:1014D0002068884218D026493C312068884213D0C1
:1014E00023495031206888420ED021496431206858
:1014F000884209D01E4978312068884204D01C49AE
:101500008C312068884201D1012000E00020D8B150
:10151000206E006820F48070216E0860A56D94F83C
:101520005C0000F01F01012088406860D4E91910B8
:101530004860E06E40B1E06E006820F48070E16EBB
:101540000860D4E91C104860012084F8350000BF11
:10155000002084F8340000BF206D10B12046216DBA
:10156000884700203EE600001000024010040240C0
:101570000854025870B504460CB9012070BD9B494F
:101580002068884249D0994918312068884244D05F
:1015900096493031206888423FD0944948312068CC
:1015A00088423AD0914960312068884235D08F49CD
:1015B00078312068884230D08C4990312068884248
:1015C0002BD08A49A8312068884226D088492068D3
:1015D000884222D086491831206888421DD084492B
:1015E00030312068884218D08149483120688842CB
:1015F00013D07F496031206888420ED07C49783111
:101600002068884209D07A4990312068884204D005
:101610007749A8312068884206D12068006820F008
:1016200001002168086005E02068006820F00100E2
:10163000216808606D492068884249D06B4918319B
:101640002068884244D069493031206888423FD0C0
:1016500066494831206888423AD064496031206840
:10166000884235D0614978312068884230D05F495E
:101670009031206888422BD05C49A831206888428C
:1016800026D05B492068884222D059491831206809
:1016900088421DD0564930312068884218D05449BC
:1016A00048312068884213D051496031206888420F
:1016B0000ED04F4978312068884209D04C4990318A
:1016C0002068884204D04A49A8312068884201D164
:1016D000012000E00020C8B10020216808602168D6
:1016E0004860216888602168C860216808612120FD
:1016F000216848612046FFF7FDF8064694F85C0033
:1017000000F01F013F208840B06043E03949206865
:10171000884222D037491431206888421DD035498B
:1017200028312068884218D032493C3120688842EC
:1017300013D030495031206888420ED02D49643191
:101740002068884209D02B4978312068884204D02B
:1017500028498C312068884201D1012000E0002016
:10176000B0B1002021680860216848602168886065
:101770002168C860216808612046FFF7BBF805466C
:1017800094F85C0000F01F0101208840686001E0CF
:101790000120F3E62046FFF723F9206E28B1002050
:1017A000216E0860D4E919104860606858B160681B
:1017B000082808D82046FFF775F90020E16E086078
:1017C000D4E91C1048600020E06620676067E06391
:1017D00020646064A064E0642065606584F835007E
:1017E00000BF84F8340000BF00BFC7E6100002400D
:1017F00010040240085402580146486D704700002A
:101800002DE9F84F044600200090FE4800684FF490
:101810001651B0FBF1FAA66DD4F858803768D8F8A5
:101820000090F9492068884249D0F749183120686A
:10183000884244D0F4493031206888423FD0F24990
:101840004831206888423AD0EF49603120688842A8
:1018500035D0ED4978312068884230D0EA4990315E
:10186000206888422BD0E849A8312068884226D0D9
:10187000E6492068884222D0E4491831206888422D
:101880001DD0E24930312068884218D0DF49483104
:101890002068884213D0DD496031206888420ED02C
:1018A000DA4978312068884209D0D84990312068D7
:1018B000884204D0D549A8312068884201D101204E
:1018C00000E0002000287DD094F85C0000F01F01AB
:1018D000082088403840002868D0CB4920688842DA
:1018E00049D0C94918312068884244D0C6493031AE
:1018F000206888423FD0C4494831206888423AD0A5
:10190000C14960312068884235D0BF4978312068AC
:10191000884230D0BC499031206888422BD0BA49E7
:10192000A8312068884226D0B8492068884222D051
:10193000B6491831206888421DD0B449303120683A
:10194000884218D0B14948312068884213D0AF4945
:101950006031206888420ED0AC49783120688842D6
:1019600009D0AA4990312068884204D0A749A831FB
:101970002068884204D12068006800F0040003E079
:101980002068006800F0080080B12068006820F03E
:1019900004002168086094F85C0000F01F01082032
:1019A0008840B060606D40F00100606594F85C00B4
:1019B00000F01F01012088403840E8B392492068B8
:1019C000884200E0B7E24BD08F4918312068884246
:1019D00046D08D4930312068884241D08A4948310B
:1019E000206888423CD0884960312068884237D0DE
:1019F000854978312068884232D083499031206807
:101A000088422DD08049A8312068884228D07F495B
:101A10002068884224D07D491831206888421FD030
:101A20007A493031206888421AD078494831206894
:101A3000884215D0754900E026E060312068884270
:101A40000ED0724978312068884209D06F499031B0
:101A50002068884204D06D49A8312068884204D1AA
:101A60002068406900F0800002E0206800680020E3
:101A700050B194F85C0000F01F0101208840B06074
:101A8000606D40F00200606594F85C0000F01F019A
:101A9000042088403840E8B35B49206888424BD036
:101AA000594918312068884246D05749303120685A
:101AB000884241D054494831206888423CD052493C
:101AC00060312068884237D04F4978312068884299
:101AD00032D04D499031206888422DD04A49A831F2
:101AE0002068884228D049492068884224D0474944
:101AF0001831206888421FD044493031206888421C
:101B00001AD0424948312068884215D03F49603197
:101B1000206800E024E088420ED03C4978312068FB
:101B2000884209D0394990312068884204D0374929
:101B3000A8312068884204D12068006800F00200C3
:101B400002E020680068002050B194F85C0000F0CA
:101B50001F0104208840B060606D40F004006065A3
:101B600094F85C0000F01F01102088403840E8B372
:101B700025492068884251D023491831206888427D
:101B80004CD0214930312068884247D01E49483125
:101B90002068884242D01C496031206888423DD08C
:101BA000194978312068884238D017499031206827
:101BB000884233D01449A831206888422ED0134976
:101BC000206888422AD0114918312068884225D0DF
:101BD0000E4930312068884220D00C4948312068B5
:101BE00088421BD009496031206800E04DE08842FE
:101BF00014D006497831206888420FD003499031CB
:101C0000206805E004200024100002401004024077
:101C1000884203D0FE492068884204D120680068C9
:101C200000F0080003E02068006800F0040060B3E2
:101C300094F85C0000F01F0110208840B06020681C
:101C4000006800F4802080B12068006800F4002063
:101C500028B9206CC8B12046216C884715E0A06CDB
:101C600098B12046A16C88470FE02068006800F416
:101C7000807028B92068006820F00800216808609A
:101C8000206C10B12046216C884794F85C0000F06D
:101C90001F0120208840384000287DD0DD49206881
:101CA000884249D0DB4918312068884244D0D9495C
:101CB0003031206888423FD0D64948312068884278
:101CC0003AD0D44960312068884235D0D149783142
:101CD0002068884230D0CF499031206888422BD08C
:101CE000CC49A8312068884226D0C949A839206843
:101CF000884221D0C6499039206888421CD0C44906
:101D000078392068884217D0C149603920688842F4
:101D100012D0BF494839206888420DD0BC493039BB
:101D20002068884208D0BA4918392068884203D010
:101D3000B7492068884204D12068006800F010008C
:101D400003E02068006800F0020028B394F85C000B
:101D500000F01F0120208840B06094F8350004286E
:101D60002DD12068006820F01600216808602068E6
:101D7000406920F0800021684861206C08B9A06C9F
:101D800028B12068006820F008002168086094F8F5
:101D90005C0000F01F0100E03FE03F208840B060A1
:101DA000012084F8350000BF002084F8340000BF13
:101DB000206D10B12046216D8847BDE8F88F20685E
:101DC000006800F4802080B12068006800F40020E2
:101DD00028B9606C08B32046616C88471DE0E06B51
:101DE000D8B12046E16B884717E02068006800F40E
:101DF000807068B92068006820F0100021680860D1
:101E0000012084F8350000BF002084F8340000BFB2
:101E1000E06B10B12046E16B8847606D00287AD0F6
:101E2000606D00F00100E8B3042084F835007949C2
:101E3000206888424BD0774918312068884246D0C4
:101E4000744930312068884241D072494831206855
:101E500088423CD06F4960312068884237D06D4954
:101E600078312068884232D06A49903120688842AF
:101E70002DD06849A8312068884228D06449A83903
:101E80002068884223D062499039206888421ED059
:101E90005F4978392068884219D05D4960392068E7
:101EA000884200E040E012D0594948392068884211
:101EB0000DD0574930392068884208D05449183924
:101EC0002068884203D052492068884206D12068A1
:101ED000006820F001002168086005E020680068C3
:101EE00020F001002168086000BF0098401C0090AD
:101EF000504500D905E02068006800F00100002886
:101F0000F3D100BF2068006800F0010020B1032079
:101F100084F8350003E00DE0012084F8350000BFAF
:101F2000002084F8340000BFE06C002802D0204676
:101F3000E16C8847D9E138492068884222D0364987
:101F40001431206888421DD03349283120688842E6
:101F500018D031493C312068884213D02E49503185
:101F6000206888420ED02C4964312068884209D00C
:101F7000294978312068884204D027498C3120686B
:101F8000884201D1012000E000200028D2D0206842
:101F9000056894F85C0000F01F010420884000EA06
:101FA0000900D8B305F00400C0B394F85C0000F059
:101FB0001F0104208840C8F8040005F4004080B1E7
:101FC00005F4803030B9A06C0028B3D02046A16C55
:101FD00088478AE1206C0028ACD02046216C8847D5
:101FE00083E105F02000E8BB0A492068884253D00D
:101FF00008491831206888424ED00649303120689F
:10200000884249D0034948312068884244D006E0DC
:10201000B804024010000240085402584FE0B4498E
:1020200060312068884237D0B149783120688842D1
:1020300032D0AF499031206888422DD0AC49A831C8
:102040002068884228D0AB492068884224D0A9491A
:102050001831206888421FD0A64930312068884254
:102060001AD000E025E0A34948312068884213D007
:10207000A0496031206888420ED09E49783120689E
:10208000884209D09B4990312068884204D0994900
:10209000A8312068884206D12068006820F0080036
:1020A0002168086005E02068006820F004002168CD
:1020B0000860206C10B32046216C884715E194F825
:1020C0005C0000F01F010220884000EA0900E8B32C
:1020D00005F00200D0B394F85C0000F01F0102206C
:1020E0008840C8F8040005F4004070B105F4803061
:1020F00028B9606C10B12046616C8847F5E0E06B50
:10210000F0B32046E16B8847EFE005F02000C0BB4C
:102110007749206888424ED0754918312068884236
:1021200049D0734930312068884244D070494831E1
:10213000206888423FD06E496031206888423AD09A
:102140006B4978312068884235D000E04EE068491C
:102150009031206888422ED06549A8312068884295
:1021600029D064492068884225D062491831206806
:10217000884220D05F493031206888421BD001E07E
:102180006EE02DE05B4948312068884213D0594900
:102190006031206888420ED05649783120688842E4
:1021A00009D0544990312068884204D05149A8315F
:1021B0002068884206D12068006820F01400216859
:1021C000086005E02068006820F00A0021680860C7
:1021D000012084F8350000BF002084F8340000BFDF
:1021E000E06BE8B32046E16B88477EE094F85C0042
:1021F00000F01F010820884000EA090080B305F0C4
:10220000080068B33A49206888424BD038491831F1
:102210002068884246D0364930312068884241D013
:1022200033494831206888423CD0314960312068C8
:10223000884237D02E4978312068884232D02C49E4
:102240009031206888422DD02949A83120688842E1
:1022500028D028492068884224D02649183100E037
:1022600043E0206888421DD02249303120688842EE
:1022700018D0204948312068884213D01D49603168
:10228000206888420ED01B4978312068884209D0E6
:10229000184990312068884204D01649A831206836
:1022A000884206D12068006820F01C002168086080
:1022B00005E02068006820F00E002168086094F8AE
:1022C0005C0000F01F0101208840C8F804000120D4
:1022D000606584F8350000BF002084F8340000BF3A
:1022E000E06C10B12046E16C884700BF65E5000056
:1022F00010000240100402402DE9F041044600F0B5
:102300001DFF804614B90120BDE8F081FE49206818
:10231000884249D0FC4918312068884244D0FA49A3
:102320003031206888423FD0F749483120688842E0
:102330003AD0F54960312068884235D0F249783189
:102340002068884230D0F0499031206888422BD0F4
:10235000ED49A8312068884226D0EC49206888429F
:1023600022D0EA491831206888421DD0E74930312F
:102370002068884218D0E54948312068884213D047
:10238000E2496031206888420ED0E0497831206807
:10239000884209D0DD4990312068884204D0DB4969
:1023A000A8312068884201D1012000E000200028E7
:1023B00073D0606A00B100BF022084F8350000BF0E
:1023C000002084F8340000BFCF492068884249D0FB
:1023D000CD4918312068884244D0CB49303120683B
:1023E00088423FD0C8494831206888423AD0C6491F
:1023F00060312068884235D0C349783120688842EE
:1024000030D0C1499031206888422BD0BE49A831D4
:102410002068884226D0BD492068884222D0BB4926
:102420001831206888421DD0B84930312068884270
:1024300018D0B64948312068884213D0B34960317A
:10244000206888420ED0B14978312068884209D08E
:10245000AE4990312068884204D0AC49A831206848
:10246000884206D12068006820F0010021680860D9
:1024700005E02068006820F00100216808600DE098
:1024800000F05CFEA0EB0800052807D9202060655D
:10249000032084F83500012036E76AE020680068F0
:1024A00000F001000028EBD120680568984805403D
:1024B000D4E9020108432169084361690843A1691D
:1024C0000843E1690843216A08430543606A042818
:1024D00003D1D4E90B01084305438E4800686FF32C
:1024E0000F00B0F1005F1DD36068292802D3606837
:1024F0002E2811D960683F2802D3606842280BD982
:102500006068472802D36068482805D960684F286A
:1025100004D36068522801D8012000E0002008B1EF
:1025200045F48015206805602068456925F0070599
:10253000606A0543606A04280DD1A06A0543E06A19
:1025400048B12046FEF7FAFA28B140206065012024
:1025500084F83500D8E6206845612046FEF7CAF9C0
:10256000064694F85C0000F01F013F208840B060F0
:102570009EE069492068884222D06749143120686A
:1025800088421DD0644928312068884218D06249A9
:102590003C312068884213D05F495031206888421E
:1025A0000ED05D4964312068884209D05A4978319B
:1025B0002068884204D058498C312068884201D173
:1025C000012000E00020E0B353492068884222D077
:1025D00051491431206888421DD04F492831206864
:1025E000884218D04C493C312068884213D04A496F
:1025F0005031206888420ED04749643120688842B3
:1026000009D0454978312068884204D042498C314C
:102610002068884201D1012000E0002000B100BF05
:10262000022084F8350000BF002084F8340000BF89
:102630002068056839480540A068402802D110216B
:1026400006E02EE0A068802801D1C10100E0002151
:10265000E06841EAD001206941EAD001606941EABD
:10266000D001A06941EAD001E06941EAD001206AC5
:1026700041EA101005432068056027492068401A88
:102680001421B0FBF1F08000E0652046FEF732F93E
:10269000074694F85C0000F01F0101208840786034
:1026A00006E040206065032084F8350001202BE619
:1026B0001549206888427FD0134918312068884224
:1026C0007AD0114930312068884275D00E4948319E
:1026D0002068884270D00C496031206888426BD0F5
:1026E000094978312068884266D0074990312068CE
:1026F000884261D00449A831206888425CD00349EF
:102700002068884258D00BE01000024010040240BC
:102710003F8010FE0010005C085402580F00FEFFBE
:102720003B4918312068884246D039493031206809
:10273000884241D036494831206888423CD03449EB
:1027400060312068884237D031497831206888422A
:1027500032D02F499031206888422DD02C49A831A1
:102760002068884228D02B492068884224D02949F3
:102770001431206888421FD02649283120688842B9
:102780001AD024493C312068884215D02149503163
:102790002068884210D01F496431206888420BD0DD
:1027A0001C4978312068884206D01A498C3120684B
:1027B000884200E000E001D1012000E0002000B3E9
:1027C0002046FEF70DF9A068802801D10020606046
:1027D0002079216E0860D4E919104860606860B102
:1027E0006068082809D82046FEF75CF90020E16EF1
:1027F0000860D4E91C10486003E00020E066206710
:10280000606700206065012084F8350000207BE5CA
:1028100010040240085402582DE9F04104460D46C8
:1028200016461F464FF0000814B90120BDE8F0819C
:1028300000BF94F83400012801D10220F6E70120FE
:1028400084F8340000BF94F8350001287ED10220BE
:1028500084F8350000206065E4492068884249D04A
:10286000E24918312068884244D0E049303120687C
:1028700088423FD0DD494831206888423AD0DB4960
:1028800060312068884235D0D84978312068884244
:1028900030D0D6499031206888422BD0D349A83116
:1028A0002068884226D0D2492068884222D0D04968
:1028B0001831206888421DD0CD49303120688842C7
:1028C00018D0CB4948312068884213D0C8496031BC
:1028D000206888420ED0C64978312068884209D0E5
:1028E000C34990312068884204D0C149A83120688A
:1028F000884206D12068006820F001002168086045
:1029000005E02068006820F00100216808603B466F
:10291000324629462046FEF769F9B44920688842C4
:102920004BD0B24918312068884246D0AF49303187
:102930002068884241D0AD494831206888423CD067
:10294000AA4960312068884237D000E042E1A749B7
:1029500078312068884230D0A4499031206888427C
:102960002BD0A249A8312068884226D0A0492068EF
:10297000884222D09E491831206888421DD09C4947
:1029800030312068884218D09949483120688842FF
:1029900013D097496031206888420ED0944978312D
:1029A0002068884209D0924990312068884204D03A
:1029B0008F49A8312068884201D1012000E0002021
:1029C00080B12068006820F01E0040F016002168E9
:1029D0000860206CB0B12068006840F008002168F1
:1029E00008600FE02068006820F00E0040F00A0048
:1029F00021680860206C28B12068006840F004005D
:102A00002168086079492068884270D07749183178
:102A1000206888426BD0754930312068884266D082
:102A2000724948312068884261D07049603120681D
:102A300088425CD06D4978312068884257D06B4914
:102A400090312068884252D06849A8312068884275
:102A50004DD067492068884249D0654918312068BF
:102A6000884244D062493031206888423FD0604972
:102A70004831206888423AD05D49603120688842F8
:102A800035D05B4978312068884230D05849903140
:102A9000206888422BD05649A8312068884226D029
:102AA00054492068884222D0524914312068884213
:102AB0001DD0504928312068884218D04D493C31FA
:102AC0002068884213D04B495031206888420ED08C
:102AD000484964312068884209D0464978312068E5
:102AE000884204D043498C312068884201D10120BA
:102AF00000E0002090B1206E006800F4803028B122
:102B0000206E006840F48070216E0860E06E28B18D
:102B1000E06E006840F48070E16E08603349206820
:102B2000884249D0314918312068884244D02F4921
:102B30003031206888423FD02C4948312068884293
:102B40003AD02A4960312068884235D02749783107
:102B50002068884230D025499031206888422BD0A7
:102B60002249A8312068884226D02149206888421D
:102B700022D01F491831206888421DD01C493031AD
:102B80002068884218D01A4948312068884213D0FA
:102B900017496031206888420ED015497831206885
:102BA000884209D0124990312068884204D01049E7
:102BB000A8312068884206D12068006840F00100F2
:102BC0002168086010E02068006840F0010021687A
:102BD000086009E04FF40060606500BF002084F8E1
:102BE000340000BF4FF0010840461FE610000240CD
:102BF00010040240085402580348006840F00100E5
:102C00000149086070470000200400582DE9F04198
:102C100004460E46002700BF4848007D012802D127
:102C20000220BDE8F08101204449087500BF002062
:102C30008861207900F0010030B101214CF2503060
:102C4000FEF74AFA00B10127207900F002000228BD
:102C500006D102214CF25030FEF73EFA00B10127B6
:102C6000002F63D12068012828D161682069FEF710
:102C7000E3F9207900F0010060B101214CF25030FD
:102C8000FEF72AFA00B101272D48C06820F008009D
:102C90002B49C860207900F00200022846D10221A9
:102CA0004CF25030FEF718FA00B1012725480068B1
:102CB00020F008002249C1F80C0137E04FF0FF3046
:102CC0003060A5682CE0284622696168FEF784F927
:102CD000207900F0010060B101214CF25030FEF784
:102CE000FBF907461648C06840F20471884314494E
:102CF000C860207900F0020002280DD102214CF2B8
:102D00005030FEF7E9F907460E48006840F20471BA
:102D100088430B49C1F80C010FB1356005E06D1C0B
:102D2000D4E902100844A842CDD800BF00BF00205B
:102D30000249087500BF384673E70000343B0024A1
:102D4000002000520C2100520E48C06840F00100E3
:102D50000C49C8600846C06800F0010008B90120AD
:102D600070470948006840F001000649C1F80C01AD
:102D70000548006800F0010008B90120F0E70020D4
:102D8000EEE70000002000520C2100522DE9F05F18
:102D900083460C461746A046B9464FF0080A00BFC6
:102DA0004248007D012802D10220BDE8F09F0120A9
:102DB0003E49087500BFB4F1006F04D3B4F1016F50
:102DC00001D2012509E0B4F1016F04D3B4F1026F1F
:102DD00001D2022501E00120E7E7002033498861A4
:102DE00029464CF25030FEF777F90646002E55D1B1
:102DF000012D06D12E48C06840F002002C49C86061
:102E000006E02C48006840F002002949C1F80C0196
:102E100000BF00BF00BFBFF36F8F00BF00BF00BF88
:102E200000BF00BF00BFBFF34F8F00BF00BF00BF98
:102E300000BFD9F80000C8F8000008F1040809F143
:102E40000409AAF1010000F0FF0ABAF1000FF0D165
:102E500000BF00BF00BFBFF36F8F00BF00BF00BF48
:102E600000BF00BF00BFBFF34F8F00BF00BF00BF58
:102E700029464CF25030FEF72FF90646012D06D1B7
:102E80000B48C06820F002000949C86006E0094804
:102E9000006820F002000649C1F80C0100BF0020C4
:102EA0000249087500BF30467FE70000343B00242C
:102EB000002000520C2100521348C06800F00100AD
:102EC00058B1124810494860114848600846C06827
:102ED00000F0010008B1012070470E48006800F0C2
:102EE000010070B109480B490839086008480649D3
:102EF000C1F804010748006800F0010008B1012092
:102F0000EAE70020E8E700000020005223016745BF
:102F1000AB89EFCD0C210052F8B502460B460021DB
:102F20006F4DD7E001278F401E6806EA0704002C8A
:102F300072D01E7906F00306012E04D01E7906F029
:102F40000306022E13D190684F000326BE40B04303
:102F50004F00DE68BE4030439060506801268E40CE
:102F6000B0431E79C6F300168E40304350601E7980
:102F700006F00306032E09D0D0684F000326BE409A
:102F8000B0434F009E68BE403043D0601E7906F0CB
:102F90000306022E13D1CF0802F1200656F82700AF
:102FA0004E07F70E0F26BE40B0434F07FF0E1E69B7
:102FB000BE403043CF0802F1200646F827001068D3
:102FC0004F000326BE40B0431E7906F003064F00B3
:102FD000BE40304310605E6806F44036002E78D064
:102FE00000BF404E366846F002063E4F3E603E4609
:102FF000366806F00206009600BF00BF3A4E8F0802
:1030000056F827008E07370F0F26BE40B043374EC5
:10301000B24202D100262EE05BE0354EB24201D131
:10302000012628E0334EB24201D1022623E0324E7F
:10303000B24201D103261EE0304EB24201D1042635
:1030400019E02F4EB24201D1052614E02D4EB242B6
:1030500001D106260FE02C4EB24201D107260AE02C
:103060002A4EB24201D1082605E0294EB24201D1D2
:10307000092600E00A268F073F0FBE4030431A4E54
:103080008F0846F827004FF0B0463068A0435E68CE
:1030900006F4801606B120434FF0B04630607068E9
:1030A000A0435E6806F4001606B120434FF0B04618
:1030B00070606868A0435E6806F4003606B120437D
:1030C00068602868A0435E6806F4803606B1204335
:1030D0002860491C1E68CE40002E7FF423AFF8BD47
:1030E00080000058F44402580804005800000258B8
:1030F0000004025800080258000C02580010025840
:103100000014025800180258001C025800200258EF
:1031100000240258024613690B400BB1012000E065
:10312000002070470AB1816101E00B0483617047A0
:1031300001480068000C70470010005C01480068FE
:1031400070470000302000240348006803490978D4
:1031500008440149086070473020002438200024CA
:1031600010B5052000F00EF901F0EEFA10490968DB
:10317000C1F303210F4A515C01F01F0120FA01F451
:103180000B48006800F00F001146085C00F01F00BB
:1031900024FA00F008490860084804600F2000F095
:1031A0000FF808B1012010BD00F09AF80020FAE7EE
:1031B00018440258B8940008082000240420002471
:1031C00070B504461148007808B9012070BD0F4859
:1031D00000784FF47A71B1FBF0F00D490968B1FB4A
:1031E000F0F5284602F083FC08B10120EEE7102C30
:1031F00007D200222146501E00F087F805480460DF
:1032000001E00120E2E70020E0E700003820002490
:1032100004200024342000244178154A11600178EC
:10322000F9B1121D41681160017B0907C27A41EAB8
:103230000261827A41EAC241427B41EA8241827B59
:1032400041EA4241C27B41EA0241427A41EA02211B
:10325000027A41EA420102781143054A08321160BC
:1032600005E00021024A121D1160121D1160704715
:1032700098ED00E000BF00BF00BFBFF35F8F00BF4D
:1032800000BF00BF0548006820F480300349086093
:1032900000200249703108607047000024ED00E012
:1032A00040F001010D4A11600C497039096841F480
:1032B00080310A4A703A116000BF00BF00BFBFF3FF
:1032C0004F8F00BF00BF00BF00BF00BF00BFBFF3F4
:1032D0006F8F00BF00BF00BF7047000094ED00E09B
:1032E00070470146084600280DDB00BF00BF00F014
:1032F0001F0301229A4043099B0003F1E023C3F816
:10330000002100BF00BF00BF70472DE9F05F80467D
:103310000D46164604F024F8074639462A46334639
:1033200001F00700C0F1070ABAF1040F02D94FF00B
:10333000040A01E0C0F1070AD14600F1040ABAF11B
:10334000070F02D24FF0000A01E0A0F1030AD446B1
:103350004FF0010A0AFA09FAAAF1010A0AEA020A76
:103360000AFA0CFA4FF0010B0BFA0CFBABF1010B54
:103370000BEA030B4AEA0B042146404603F0F8FF30
:10338000BDE8F09F00BF00F00702064B19684FF63A
:10339000FF031940044B0B4343EA0221014B196020
:1033A00000BF70470CED00E00000FA0510B501F019
:1033B00081F905490968C1F30211044A515C01F021
:1033C0001F01C84010BD000020440258B8940008F6
:1033D00070B50146844D2D6805F00303824D2D68BC
:1033E000C5F30530804D2D1D2D68C5F300147E4DAD
:1033F00014352D68C5F3CC0515FB04F501EE105A04
:10340000B8EE411AF0EE410A00286FD023B1012B2B
:103410004ED0022B6BD16BE0734D283D2D68C5F368
:1034200040153DB3704D283D2D68C5F3C1066F4D65
:1034300025FA06F201EE102AF8EE411A01EE100A02
:10344000B8EE411A81EE812A9FED691AC0EE811A09
:10345000654D10352D68C5F3080501EE105AB8EE1C
:10346000411A31EE811AF7EE001A31EE211A22EEDE
:10347000010A1CE001EE100AB8EE411ADFED5D1AF8
:1034800081EE812A9FED5A1AC0EE811A564D1035F1
:103490002D68C5F3080501EE105AB8EE411A31EE59
:1034A000811AF7EE001A31EE211A22EE010A5BE0D2
:1034B00001EE100AB8EE411ADFED4F1A81EE812AB3
:1034C0009FED4B1AC0EE811A474D10352D68C5F39C
:1034D000080501EE105AB8EE411A31EE811AF7EEE6
:1034E000001A31EE211A22EE010A3DE077E01DE0DC
:1034F00001EE100AB8EE411A9FED402AC2EE011A01
:103500009FED3B1A80EE812A374D10352D68C5F3AB
:10351000080501EE105AB8EE411A32EE011AB7EE64
:10352000002A31EE021A21EE810A1DE001EE100A96
:10353000B8EE411ADFED301A81EE812A9FED2C1A88
:10354000C0EE811A284D10352D68C5F3080501EE2F
:10355000105AB8EE411A31EE811AF7EE001A31EE28
:10356000211A22EE010A00BF00BF1F4D10352D6841
:10357000C5F3462501EE105AB8EE411AF7EE001ACF
:1035800031EE211AC0EE011ABCEEE11A81ED001AEB
:10359000154D10352D68C5F3064501EE105AB8EEED
:1035A000411AF7EE001A31EE211AC0EE011ABCEEF4
:1035B000E11A81ED011A0C4D10352D68C5F3066531
:1035C00001EE105AB8EE411AF7EE001A31EE211A48
:1035D000C0EE011ABCEEE11A81ED021A03E00025EB
:1035E0000D604D608D6070BD284402580090D0037E
:1035F000000000460024744C0024744A20BCBE4BDA
:1036000070B50146844D2D6805F00303824D2D6889
:10361000C5F30550804D2D1D2D68C5F300247E4D4A
:103620001C352D68C5F3CC0515FB04F501EE105AC9
:10363000B8EE411AF0EE410A00286FD023B1012BF9
:103640004ED0022B6BD16BE0734D283D2D68C5F336
:1036500040153DB3704D283D2D68C5F3C1066F4D33
:1036600025FA06F201EE102AF8EE411A01EE100AD0
:10367000B8EE411A81EE812A9FED691AC0EE811AD7
:10368000654D18352D68C5F3080501EE105AB8EEE2
:10369000411A31EE811AF7EE001A31EE211A22EEAC
:1036A000010A1CE001EE100AB8EE411ADFED5D1AC6
:1036B00081EE812A9FED5A1AC0EE811A564D1835B7
:1036C0002D68C5F3080501EE105AB8EE411A31EE27
:1036D000811AF7EE001A31EE211A22EE010A5BE0A0
:1036E00001EE100AB8EE411ADFED4F1A81EE812A81
:1036F0009FED4B1AC0EE811A474D18352D68C5F362
:10370000080501EE105AB8EE411A31EE811AF7EEB3
:10371000001A31EE211A22EE010A3DE077E01DE0A9
:1037200001EE100AB8EE411A9FED402AC2EE011ACE
:103730009FED3B1A80EE812A374D18352D68C5F371
:10374000080501EE105AB8EE411A32EE011AB7EE32
:10375000002A31EE021A21EE810A1DE001EE100A64
:10376000B8EE411ADFED301A81EE812A9FED2C1A56
:10377000C0EE811A284D18352D68C5F3080501EEF5
:10378000105AB8EE411A31EE811AF7EE001A31EEF6
:10379000211A22EE010A00BF00BF1F4D18352D6807
:1037A000C5F3462501EE105AB8EE411AF7EE001A9D
:1037B00031EE211AC0EE011ABCEEE11A81ED001AB9
:1037C000154D18352D68C5F3064501EE105AB8EEB3
:1037D000411AF7EE001A31EE211AC0EE011ABCEEC2
:1037E000E11A81ED011A0C4D18352D68C5F30665F7
:1037F00001EE105AB8EE411AF7EE001A31EE211A16
:10380000C0EE011ABCEEE11A81ED021A03E00025B8
:103810000D604D608D6070BD284402580090D0034B
:10382000000000460024744C0024744A20BCBE4BA7
:103830002DE9F04104460025A846206800F000600C
:10384000B0F1006F30D1606E48B1B0F5801F0DD07F
:10385000B0F5001F10D0B0F5401F15D113E0F948A6
:10386000006840F40030F74908600FE00221201D95
:1038700002F044FA054609E0022104F1240002F0B6
:10388000EFFA054602E001E0012500BF00BF55B98F
:10389000EC482430006820F44010616E0843E94988
:1038A0002431086000E0A846208800F48070B0F55C
:1038B000807F2DD1606D05281AD2DFE800F0030A61
:1038C00010171800DF48006840F40030DD49086038
:1038D00010E00021201D02F011FA05460AE0002147
:1038E00004F1240002F0BCFA054603E002E001E026
:1038F000012500BF00BF55B9D2482430006820F030
:103900000700616D0843CF492431086000E0A846F4
:10391000208800F40070B0F5007F33D1A06D8028BE
:1039200017D003DC40B140281CD10CE0C02817D0D0
:10393000B0F5807F16D114E0C248006840F4003032
:10394000C049086010E00021201D02F0D7F90546AB
:103950000AE0002104F1240002F082FA054603E0A7
:1039600002E001E0012500BF00BF55B9B548243091
:10397000006820F4E070A16D0843B249243108606A
:1039800000E0A846208800F48060B0F5806F38D150
:10399000D4F8A400B0F5800F19D004DC50B1B0F514
:1039A000001F1DD10DE0B0F5C00F17D0B0F5000F0E
:1039B00016D114E0A348006840F40030A149086023
:1039C00010E00021201D02F099F905460AE00021CF
:1039D00004F1240002F044FA054603E002E001E0AD
:1039E000012500BF00BF5DB996482C30006820F467
:1039F0006000D4F8A410084392492C31086000E01C
:103A0000A846208800F40060B0F5006F38D1D4F8E3
:103A1000A800B0F1007F19D004DC50B1B0F1807F74
:103A20001DD10DE0B0F1407F17D0B0F1806F16D1FD
:103A300014E08448006840F400308249086010E0D7
:103A40000021201D02F05AF905460AE0002104F188
:103A5000240002F005FA054603E002E001E001253A
:103A600000BF00BF5DB977482C30006820F0E060EF
:103A7000D4F8A810084373492C31086000E0A84628
:103A8000206800F00070B0F1007F27D1A06CA0B1D9
:103A9000102804D0202809D030280FD10CE0694824
:103AA000006840F400306749086009E00221201DE9
:103AB00002F024F9054603E002E001E0012500BF21
:103AC00000BF55B95F482030006820F03000A16C7D
:103AD00008435C492031086000E0A846208800F4D3
:103AE0008050B0F5805F36D1E06DB0F5005F19D041
:103AF00004DC50B1B0F5805F1DD10DE0B0F5405F42
:103B000017D0B0F5804F16D114E04E48006840F44D
:103B100000304C49086010E00021201D02F0EEF852
:103B200005460AE0002104F1240002F099F9054657
:103B300003E002E001E0012500BF00BF55B94148A4
:103B40002430006820F4E040E16D08433D49243111
:103B5000086000E0A846208800F40050B0F5005F3F
:103B600034D1206EB0F5403F1DD007DC68B1B0F510
:103B7000803F0BD0B0F5003F18D10DE0B0F5802F9D
:103B800012D0B0F5A02F11D10FE011E00121201DBE
:103B900002F0B4F805460BE0012104F1240002F024
:103BA0005FF9054604E003E002E001E0012500BF03
:103BB00000BF55B923482430006820F4E020216E6E
:103BC000084320492431086000E0A846208800F41A
:103BD0008040B0F5804F38D1D4F8AC00B0F1405FF0
:103BE0001DD007DC68B1B0F1805F0BD0B0F1005F91
:103BF00018D10DE0B0F1804F12D0B0F1A04F11D12B
:103C00000FE011E00121201D02F078F805460BE0DD
:103C1000012104F1240002F023F9054604E003E049
:103C200002E001E0012500BF00BF6DB905482C305E
:103C3000006820F0E040D4F8AC10084301492C3172
:103C4000086002E02C440258A846208800F4004096
:103C5000B0F5004F26D1E06E98B1B0F1805F03D08F
:103C6000B0F1005F0ED106E0F948006840F4003082
:103C7000F749086008E00121201D02F03FF80546E1
:103C800002E001E0012500BF00BF55B9F048243033
:103C9000006820F04050E16E0843ED49243108608F
:103CA00000E0A846206800F08070B0F1807F27D146
:103CB000606CA0B1012804D0022809D003280FD1DC
:103CC0000CE0E348006840F40030E149086009E096
:103CD0000221201D02F012F8054603E002E001E097
:103CE000012500BF00BF55B9D9482030006820F039
:103CF0000300616C0843D6492031086000E0A84603
:103D0000206800F48000B0F5800F7DD1D1480068B4
:103D100040F48070CF490860FFF710FA064606E0CD
:103D2000FFF70CFA801B642801D9032505E0C94878
:103D3000006800F480700028F2D000BF85BBC44842
:103D40004430006800F44070B4F8B01001F44071E1
:103D5000884213D0BE484430006820F44077BC4805
:103D60004430006840F48030B94944310860084666
:103D7000006820F48030086008460760D4F8B0007E
:103D8000B0F5807F15D1FFF7D9F9064609E0FFF7B6
:103D9000D5F9801B41F28831884202D9032507E01A
:103DA00038E0AB4844300068C0F340000028EED053
:103DB00000BF55BB00BFB4F8B00000F44070B0F5D0
:103DC000407F0ED1A2481C38006820F47C51A24AE2
:103DD000D4F8B000104041EA10109D491C39086029
:103DE00007E09B481C38006820F47C5098491C3937
:103DF0000860974844300068B4F8B010C1F30B0174
:103E000008439349443101E005E001E0086002E025
:103E1000A84600E0A846207800F0010068B3A06F33
:103E2000182819D005DC48B1082808D0102816D168
:103E30000BE0202811D0282811D10FE011E001213A
:103E4000201D01F05BFF05460BE0012104F1240079
:103E500002F006F8054604E003E002E001E0012577
:103E600000BF00BF55B97A482830006820F03800FC
:103E7000A16F084376492831086000E0A846207801
:103E800000F00200022828D1606F062815D2DFE872
:103E900000F003040A11121311E00121201D01F0AA
:103EA0002DFF05460BE0012104F1240001F0D8FFAD
:103EB000054604E003E002E001E0012500BF00BF89
:103EC00055B963482830006820F00700616F084347
:103ED0005F492831086000E0A846207800F004001F
:103EE00004282AD1D4F89000062815D2DFE800F083
:103EF00003040A11121311E00121201D01F0FEFE3E
:103F000005460BE0012104F1240001F0A9FF05465C
:103F100004E003E002E001E0012500BF00BF5DB95D
:103F20004B482C30006820F00700D4F8901008436C
:103F300047492C31086000E0A846207800F02000B6
:103F4000202836D1D4F88C00B0F1405F1DD007DCBA
:103F500068B1B0F1805F0BD0B0F1005F18D10DE017
:103F6000B0F1804F12D0B0F1A04F11D10FE011E0AD
:103F70000021201D01F0C2FE05460BE0022104F1E4
:103F8000240001F06DFF054604E003E002E001E0DB
:103F9000012500BF00BF5DB92D482830006820F022
:103FA000E040D4F88C10084329492831086000E02B
:103FB000A846207800F04000402836D1D4F8980078
:103FC000B0F5406F1DD007DC68B1B0F5806F0BD045
:103FD000B0F5006F18D10DE0B0F5805F12D0B0F5EC
:103FE000A05F11D10FE011E00021201D01F086FE3D
:103FF00005460BE0022104F1240001F031FF0546E3
:1040000004E003E002E001E0012500BF00BF5DB96C
:104010000F482C30006820F4E050D4F89810084382
:104020000B492C31086000E0A846207800F08000A1
:1040300080283AD1D4F89C00B0F5C04F23D00DDCD5
:1040400098B1B0F5005F11D0B0F5804F1ED113E0EC
:104050002C44025800480258FFFCFF0FB0F5004FF7
:1040600012D0B0F5204F11D10FE011E00021201D3A
:1040700001F044FE05460BE0022104F1240001F0AA
:10408000EFFE054604E003E002E001E0012500BF89
:1040900000BF4DB9BE48006820F46040D4F89C10C1
:1040A0000843BB49086000E0A846207800F00800FB
:1040B000082817D1D4F88000B0F5805F07D102211D
:1040C00004F1240001F0CCFE08B14FF00108B04823
:1040D000001F006820F44050D4F880100843AC4919
:1040E000091F0860207800F01000102815D1D4F8BE
:1040F0009400B0F5807F07D1022104F1240001F083
:10410000AFFE08B14FF00108A148006820F44070EC
:10411000D4F8941008439E490860206800F40020F9
:10412000B0F5002F26D1D4F8A00030B1B0F5803F13
:1041300009D0B0F5003F0ED10CE00021201D01F0A8
:10414000DDFD054609E0022104F1240001F088FEAE
:10415000054602E001E0012500BF00BF4DB98C48D3
:10416000006820F44030D4F8A01008438849086063
:1041700000E0A846206800F48020B0F5802F2DD103
:10418000D4F88400B0F5801F06D0B0F5001F0CD025
:10419000B0F5401F11D10FE07D482C38006840F485
:1041A00000307B492C39086009E0012104F124002A
:1041B00001F056FE054602E001E0012500BF00BF08
:1041C0005DB97348001F006820F44010D4F88410D3
:1041D00008436F49091F086000E0A846206800F402
:1041E0008030B0F5803F24D1E06C18B1B0F5803F4D
:1041F0000FD108E066482C38006840F4003064496C
:104200002C39086007E00221201D01F077FD0546EA
:1042100001E0012500BF00BF55B95D480C380068BA
:1042200020F48030E16C084359490C39086000E003
:10423000A846206800F00050B0F1005F07D10221CD
:1042400004F1240001F00CFE08B14FF001082068D1
:1042500000F40030B0F5003F27D1E06FA0B1B0F519
:10426000807F06D0B0F5007F0CD0B0F5407F0CD138
:1042700009E047482C38006840F4003044492C39A4
:10428000086004E003E002E001E0012500BF00BF98
:1042900055B93F48001F006820F44070E16F0843A3
:1042A0003B49091F086000E0A846206800F4801020
:1042B000B0F5801F09D136480838006820F000406A
:1042C000216F0843324908390860206800F08050A7
:1042D000B0F1805F0AD12E484838006820F4804051
:1042E000D4F8B41008432A4948390860206800F41B
:1042F0000010B0F5001F09D125480838006820F0EB
:104300008070A16E0843224908390860206800F0D7
:104310008040B0F1804F11D100BF1D48483800687F
:1043200020F400401A494839086008460068D4F86B
:10433000B810084316494839086000BF206800F0EB
:104340000040B0F1004F09D111480C38006820F04E
:104350004050216D08430E490C390860206800F474
:104360000000B0F5000F0AD10948001F006820F4D2
:104370004000D4F8881008430549091F0860B8F1C7
:10438000000F02D10020BDE8F0810120FBE7000012
:10439000584402582DE9F04104460D4614B9012055
:1043A000BDE8F081BD48006800F00F00A8420ED2C1
:1043B000BA48006820F00F002843B8490860084652
:1043C000006800F00F00A84201D00120E8E7207843
:1043D00000F0040004280ED1B1492069096801F0F9
:1043E0007001884207D9AE48006820F0700021694A
:1043F0000843AB490860207800F00800082811D174
:10440000A749091D6069096801F07001884209D94E
:10441000A348001D006820F0700061690843A049AE
:10442000091D0860207800F01000102811D19C4967
:10443000091DA069096801F4E061884209D998481A
:10444000001D006820F4E060A16908439449091D3B
:104450000860207800F02000202811D19049083110
:10446000E069096801F07001884209D98C48083078
:10447000006820F07000E16908438949083108604C
:10448000207800F0020002280ED18549E068096812
:1044900001F00F01884207D98148006820F00F0021
:1044A000E16808437E490860207800F00100002898
:1044B00050D07B48006820F47060A16808437849B8
:1044C00008606068022807D1754818380068C0F392
:1044D0004040F8B9012063E76068032807D17048BD
:1044E00018380068C0F34060A0B9012058E7606840
:1044F000012807D16A4818380068C0F3002048B97D
:1045000001204DE7664818380068C0F3800008B9FC
:10451000012045E762480838006820F0070061681C
:1045200008435F4908390860FEF708FE064608E0C0
:10453000FEF704FE801B41F28831884201D9032036
:104540002EE757480838006800F038006168B0EB83
:10455000C10FEDD1207800F0020002280ED15049A1
:10456000E068096801F00F01884207D24C480068F2
:1045700020F00F00E1680843494908604748006897
:1045800000F00F00A8420ED94448006820F00F0048
:104590002843424908600846006800F00F00A8421E
:1045A00001D00120FCE6207800F0040004280ED1A0
:1045B0003B492069096801F07001884207D23848F8
:1045C000006820F0700021690843354908602078B0
:1045D00000F00800082811D13149091D60690968F7
:1045E00001F07001884209D22D48001D006820F0BA
:1045F0007000616908432A49091D0860207800F0AD
:104600001000102811D12649091DA069096801F47C
:10461000E061884209D22248001D006820F4E06071
:10462000A16908431E49091D0860207800F0200098
:10463000202811D11A490831E069096801F0700198
:10464000884209D216480830006820F07000E169FD
:10465000084313490831086000F076F810490968EA
:10466000C1F303210F4A515C01F01F0120FA01F749
:104670000B48006800F00F001146085C00F01F00B6
:1046800027FA00F0084908600848076008480068F1
:10469000FEF796FD8046404682E60000002000526C
:1046A00018440258B894000808200024042000246C
:1046B0003420002410B500F047F80D490968C1F313
:1046C00003210C4A515C01F01F0120FA01F4084853
:1046D000006800F00F001146085C00F01F0024FA8B
:1046E00000F005490860054804600846006810BDF0
:1046F00018440258B894000808200024042000241C
:1047000000B5FFF7D7FF05490968C1F30211044A54
:10471000515C01F01F01C84000BD00001C4402585C
:10472000B894000800B5FFF7C5FF05490968C1F353
:104730000221044A515C01F01F01C84000BD000085
:104740001C440258B8940008F0B5824E366806F052
:10475000380636B1082E15D0102E15D0182E7DD162
:1047600014E07C4E103E3668C6F3401646B1794ED2
:10477000103E3668C6F3C107774E26FA07F000E010
:104780007548E5E07548E3E07548E1E0714E18369C
:10479000366806F003046F4E18363668C6F3051106
:1047A0006C4E1C36366806F001056A4E24363668B3
:1047B000C6F3CC0616FB05F601EE106AB8EE410A08
:1047C000002971D024B1012C50D0022C6DD16DE0A4
:1047D000604E103E3668C6F340163EB35D4E103E46
:1047E0003668C6F3C1075C4E26FA07F301EE103AAD
:1047F000F8EE411A01EE101AB8EE411A81EE812A44
:104800009FED581AC0EE011A524E20363668C6F394
:10481000080601EE106AB8EE411A31EE811AF7EE81
:10482000001A31EE211A62EE010A1EE001EE101AA2
:10483000B8EE411ADFED4C1A81EE812A9FED491A3C
:10484000C0EE011A434E20363668C6F3080601EE64
:10485000106AB8EE411A31EE811A00E076E0F7EE08
:10486000001A31EE211A62EE010A5BE001EE101A25
:10487000B8EE411A9FED3D2AC2EE011A9FED391A9A
:1048800080EE012A334E20363668C6F3080601EE64
:10489000106AB8EE411A32EE011AB7EE002A31EE74
:1048A000021A61EE810A3DE04EE01DE001EE101AB1
:1048B000B8EE411ADFED2E1A81EE812A9FED291AFA
:1048C000C0EE011A234E20363668C6F3080601EE04
:1048D000106AB8EE411A31EE811AF7EE001A31EE85
:1048E000211A62EE010A1DE001EE101AB8EE411A1B
:1048F0009FED1E2AC2EE011A9FED1A1A80EE012AC0
:10490000144E20363668C6F3080601EE106AB8EE7B
:10491000411A32EE011AB7EE002A31EE021A61EEA8
:10492000810A00BF00BF0B4E20363668C6F346260C
:10493000721C01EE102AB8EE411AC0EE811ABCEECC
:10494000E11A11EE100A00E0002001E0034800BF68
:1049500000BFF0BD104402580090D00300093D0094
:1049600040787D01000000460024744C0024744A05
:1049700020BCBE4B2DE9F047044614B90120BDE828
:10498000F087207800F00100002870D0FA48006815
:1049900000F03808F8481830D0F80090B8F1100F3F
:1049A00006D0B8F1180F0FD109F0030002280BD17F
:1049B000F14810380068C0F3404000286AD06068B1
:1049C000002867D10120DAE700BF6068B0F5803FBA
:1049D00008D1E9481038006840F48030E6491039C1
:1049E00008602EE0606868B9E3481038006820F479
:1049F0008030E149103908600846006820F48020C2
:104A000008601EE06068B0F5A02F0DD1DA481038BC
:104A1000006840F48020D8491039086008460068D2
:104A200040F4803008600CE0D3481038006820F46F
:104A30008030D149103908600846006820F4802091
:104A4000086000BF606898B1FEF778FB054606E095
:104A5000FEF774FB401B642801D903208FE7C6488A
:104A600010380068C0F340400028F1D012E012E096
:104A7000FEF764FB054606E0FEF760FB401B64287A
:104A800001D903207BE7BC4810380068C0F34040E0
:104A90000028F1D100BF207800F00200022874D174
:104AA000B548006800F03808B3481830D0F80090D6
:104AB000B8F1000F05D0B8F1180F56D109F0030076
:104AC000D0BBAD4810380068C0F3800018B1E06872
:104AD00008B9012053E7A8481038006820F01900F1
:104AE000E1680843A44910390860FEF727FB054632
:104AF00006E0FEF723FB401B022801D903203EE716
:104B00009D4810380068C0F380000028F1D000BF35
:104B1000FEF70EFB41F2030188421AD820694028B3
:104B20000BD195480C38006820F47C3040F40030FC
:104B300091490C39086017E017E08F480C3800687D
:104B400020F47C30216940EA01308B490C3908603F
:104B50000AE089480C38006820F0FE40217C40EAD9
:104B6000016085490C39086066E0E06888B38248D6
:104B70001038006820F01900E16808437E491039B8
:104B80000860FEF7DBFA054607E056E0FEF7D6FAC6
:104B9000401B022801D90320F1E67748103800684D
:104BA000C0F380000028F1D000BFFEF7C1FA41F247
:104BB000030188421AD8206940280BD16E480C386E
:104BC000006820F47C3040F400306B490C390860F8
:104BD00017E017E068480C38006820F47C30216941
:104BE00040EA013064490C3908600AE062480C3838
:104BF000006820F0FE40217C40EA01605E490C39EB
:104C0000086019E05C481038006820F001005A493B
:104C100010390860FEF792FA054606E0FEF78EFAB4
:104C2000401B022801D90320A9E653481038006828
:104C3000C0F380000028F1D100BF207800F0100000
:104C400010287CD14C48006800F038084A481830D9
:104C5000D0F80090B8F1080F06D0B8F1180F3DD188
:104C600009F00300012839D1434810380068C0F327
:104C7000002020B1E069802801D001207FE600BF3C
:104C8000FEF756FA41F2030188421AD8206A20281A
:104C90000AD139480C38006820F0F84040F08040D4
:104CA00035490C39086018E033480C38006820F0AA
:104CB000F84094F8201040EA81602F490C390860D0
:104CC0000BE02D48001F006820F07C5094F8201065
:104CD00040EA01602849091F086066E0E06978B38E
:104CE00025481038006840F08000234910390860DA
:104CF000FEF724FA054606E0FEF720FA401B0228DC
:104D000001D903203BE61C4810380068C0F300209E
:104D10000028F1D000BFFEF70BFA41F203018842F0
:104D20001CD8206A20280CD113480C38006820F0C9
:104D3000F84040F0804010490C3908601AE035E036
:104D40001CE00D480C38006820F0F84094F8201062
:104D500040EA816008490C3908600BE00648001FF2
:104D6000006820F07C5094F8201040EA016002496D
:104D7000091F086019E0000010440258FA48006852
:104D800020F08000F8490860FEF7D8F9054606E0F3
:104D9000FEF7D4F9401B022801D90320EFE5F248C1
:104DA0000068C0F300200028F2D100BF207800F096
:104DB0000800082836D16069D0B1EB48743000682B
:104DC00040F00100E84974310860FEF7B7F9054684
:104DD00006E0FEF7B3F9401B022801D90320CEE517
:104DE000E14874300068C0F340000028F1D019E0B9
:104DF000DD487430006820F00100DB497431086040
:104E0000FEF79CF9054606E0FEF798F9401B0228DC
:104E100001D90320B3E5D44874300068C0F34000E2
:104E20000028F1D1207800F02000202830D1A0699E
:104E3000B8B1CD48006840F48050CB490860FEF717
:104E40007DF9054606E0FEF779F9401B022801D9F5
:104E5000032094E5C4480068C0F340300028F2D035
:104E600016E0C148006820F48050BF490860FEF792
:104E700065F9054606E0FEF761F9401B022801D9F5
:104E800003207CE5B8480068C0F340300028F2D128
:104E9000207800F0040004287DD1B448006840F474
:104EA0008070B2490860FEF749F9054606E0FEF752
:104EB00045F9401B642801D9032060E5AB48006830
:104EC00000F480700028F2D000BFA068012808D14B
:104ED000A5487030006840F00100A34970310860B7
:104EE0002DE0A06868B9A0487030006820F001008B
:104EF0009D49703108600846006820F00400086091
:104F00001DE0A06805280DD197487030006840F07A
:104F100004009549703108600846006840F00100BF
:104F200008600CE090487030006820F001008E4965
:104F3000703108600846006820F00400086000BF77
:104F4000A068A0B1FEF7FAF8054608E0FEF7F6F80B
:104F5000401B41F28831884201D903200FE5824885
:104F600070300068C0F340000028EFD013E0FEF777
:104F7000E5F8054608E0FEF7E1F8401B41F288310C
:104F8000884201D90320FAE4774870300068C0F302
:104F900040000028EFD1606A00287DD072481030B0
:104FA000006800F03800182877D0606A022875D1B0
:104FB0006D48006820F080706B490860FEF7BEF80D
:104FC000054606E0FEF7BAF8401B022801D9032087
:104FD000D5E465480068C0F340600028F2D100BF06
:104FE000D4E90A1041EA00105F492831096840F20B
:104FF000F332914308435C4928310860208E401EFB
:10500000C0F30800616B491E4FF47E4202EA412161
:105010000843218F491ED20102EA014108433C2185
:10502000095D491E120202EA016108434E4930310E
:10503000086000BF081F006820F00100091F086019
:105040004948343000684FF6F8718843A16C40EA53
:10505000C10045493431086043482C30006820F0D5
:105060000C00216C084340492C3108600846006858
:1050700020F00200616C08433B492C31086008466F
:10508000006840F4803008600846006840F4003052
:1050900008600846006802E06AE038E01FE040F47B
:1050A000802008600846006840F0010008602E4833
:1050B000006840F080702C490860FEF73FF8054614
:1050C00006E0FEF73BF8401B022801D9032056E416
:1050D00025480068C0F340600028F2D048E022482C
:1050E000006820F0807020490860FEF727F8054628
:1050F00006E0FEF723F8401B022801D903203EE416
:1051000019480068C0F340600028F2D130E016482A
:1051100028300768144830300668606A012821D0BA
:1051200007F00301A06A81421CD1C7F30511E06AB0
:10513000884217D1C6F30801206B401E814211D16D
:10514000606B401EC6F3462188420BD1A06B401E07
:10515000C6F30641884205D1E06B401EC6F30661E6
:10516000884205D001200AE4004402580048025851
:10517000002004E410B504460CB9012010BD022043
:1051800084F881002068006820F001002168086030
:10519000204600F023FA0020C4F8840084F881003F
:1051A00000BF84F8800000BF00BFE7E70221014A8A
:1051B00011607047242000242DE9F0470446206840
:1051C00007692068D0F8148007EA08052068D0F83D
:1051D00008904FF0000A94F8816005F0400070B923
:1051E00005F0200058B905F00400042807D1204636
:1051F000616F88472046216F88474FF0010A05F00C
:10520000400050B905F0010038B105F0040020B9A4
:105210002046216F88474FF0010A05F0200058B959
:1052200005F00200022807D105F0040020B920464D
:10523000616F88474FF0010ABAF1000F01D0BDE855
:10524000F08705F00800082872D12068806940F0D6
:105250000800216888612068806940F0100021689A
:1052600088612068806940F4006021688861206856
:10527000006920F008002168086109F4404048B145
:10528000042E02D0A06FC06920B1032E3DD0E06F84
:10529000C069C8BB2068806800F4404038BB22E089
:1052A000E0680F2807D92068006B616E0860606EA7
:1052B000001D606612E0E068072807D92068008EAC
:1052C000616E0880606E801C606607E0206890F860
:1052D0003000616E0870606E401C6066B4F86A0051
:1052E000401EA4F86A00B4F86A000028D8D120460D
:1052F00000F070FE012084F88100D4F8840018B119
:105300002046FFF753FF9AE7FFE7052E03D120461B
:1053100000F0E6FB0AE0042E03D1204600F084FAF8
:1053200004E0032E02D1204600F0D8FB87E7FFE718
:1053300008F40060B0F5006F0AD107F008000828F3
:1053400006D12068806940F400602168886176E7B2
:1053500005F4587000287DD005F0400058B1D4F80D
:10536000840040F00400C4F884002068806940F0A4
:1053700040002168886105F4007058B1D4F88400B9
:1053800040F00100C4F884002068806940F4007097
:105390002168886105F4807058B1D4F8840040F029
:1053A0000800C4F884002068806940F48070216897
:1053B000886105F0200058B1D4F8840040F08000E6
:1053C000C4F884002068806940F02000216888616A
:1053D000D4F88400A8B32068006820F00100216898
:1053E00008602068006940F26B31884321680861D9
:1053F00009F44040B0F5404F25D12068806820F482
:10540000404021688860E06F60B11348E16F086533
:10541000E06FFBF7E3FE28B1D4F8840040F04000D1
:10542000C4F88400A06F60B10B48A16F0865A06F3D
:10543000FBF7D4FE28B1D4F8840040F04000C4F853
:10544000840006E006E0012084F881002046FFF792
:10545000ADFEF4E600BFF2E6AB60000870B50446AE
:105460000CB9012070BD606A00B900BF0021A162C3
:105470005749206888420CD056492068884208D095
:1054800055492068884204D0E0680F2801D90120DE
:10549000E8E7204600F06BFE05464D49206888424B
:1054A00009D04C492068884205D04B492068884281
:1054B00001D0082D0DD846492068884207D04549BB
:1054C0002068884203D044492068884203D1102DC7
:1054D00001D90120C6E794F8810028B9002084F89A
:1054E0008000204600F07CF8022084F881002068CB
:1054F000006820F00100216808602068806800F4DE
:10550000F816A069B0F1806F11D16068B0F5800F16
:1055100001D1A06B28B1606848B9A06BB0F1805F81
:1055200005D12068006840F4805021680860A16AB5
:10553000E06908433043E16B0843E16808432168B0
:105540008860616A606B0843A16B0843A1690843E6
:105550002169084361690843216A08436168084377
:10556000E16C0843A1680843A16C0843A16D08439E
:105570002168C860606878B92068806820F4C050ED
:1055800040F40060216888602068806820F4C06072
:1055900040F48060216888602068006D20F0010080
:1055A00021680865606800F48000B0F5800F07D1BD
:1055B0002068C06820F00040616D08432168C86021
:1055C0000020C4F88400012084F88100002049E70D
:1055D0000030014000380040003C004070470000AF
:1055E00010B5B6B00446BC2107A8FAF7C5FE4FF4C3
:1055F0008050079005200890A021099104210A916C
:1056000002210B910C9180210D9100210E910F919F
:105610004FF480501E9007A8FEF70AF918B1EC214C
:1056200073A0FBF7D5FC00BF7A48006840F0020089
:10563000784908600846006800F00200019000BF49
:1056400000BF00BF0846006840F00200086008463E
:10565000006800F00200019000BF00BF00BF0846D4
:10566000006840F0020008600846006800F0020090
:10567000019000BF00BF00BF66481030006840F4D2
:1056800080506449103108600846006800F480507A
:10569000019000BF00BF082002900220039000206C
:1056A0000490022005900520069002A95A48FDF7B3
:1056B00033FC102002900520069002A95648FDF701
:1056C0002BFC202002900520069002A95248FDF7ED
:1056D00023FC00BF4F480838006840F002004D49E5
:1056E000083908600846006800F00200069000BF14
:1056F00000BF4A484A4908600021494841620321E5
:1057000081620021C1620163262045494860402131
:10571000434881600021C1604FF480610161002134
:1057200041618161C1610162FBF724FF20B140F258
:1057300025112FA0FBF74CFC3948FCF7DDFD20B10B
:1057400040F22B112AA0FBF743FC00BF3448A067AE
:10575000846300BF3148183832490860002131485D
:105760004162032181620021C162016325202D492C
:10577000486000212B488160C1604FF48061016165
:10578000002141618161C1614FF400310162FBF789
:10579000F1FE20B140F2431115A0FBF719FC21489E
:1057A000FCF7AAFD20B140F2491111A0FBF710FC53
:1057B00000BF1C48E067846300BF002205213B2036
:1057C000FDF7A3FD3B20FDF78CFD002205213A20CB
:1057D000FDF79BFD3A20FDF784FD002205212320E3
:1057E000FDF793FD2320FDF77CFD36B010BD0000D2
:1057F0002E2E5C2E2E5C48617264776172655C733C
:1058000072635C6273705F7370695F6275732E633D
:1058100000000000E044025800040258580402400E
:105820000829002480290024704770472DE9F0479B
:1058300004460E4617461D464FF0000A00BF94F876
:105840008000012802D10220BDE8F087012084F801
:10585000800000BF94F88180D4F80490B8F1010F63
:1058600010D0B9F5800F04D1A06810B9B8F1040FB9
:1058700008D04FF0020A00BF002084F8800000BF6B
:105880005046E1E70EB107B145B94FF0010A00BF3C
:10589000002084F8800000BF5046D5E794F88100CE
:1058A000042802D0052084F8810000202C34A06553
:1058B0002663A586E586A763A587E5876064A0645F
:1058C00054F82C0C806820F4404054F82C1D88605B
:1058D000E0680F2804D9E06F8069B0F5804F0CD1E3
:1058E000E068072812D9E06F8069B0F5005F0DD03D
:1058F000E06F8069B0F5804F08D04FF0010A00BF1B
:10590000002084F8800000BF50469DE7E06807282B
:105910002CD8A06F8069B0F5005F05D1B4F86200A3
:10592000401C4010A4F86200A06F8069B0F5804F61
:1059300005D1B4F86200C01C8010A4F86200E06FCA
:105940008069B0F5005F05D1B4F86A00401C4010D2
:10595000A4F86A00E06F8069B0F5804F1FD1B4F8F9
:105960006A00C01C8010A4F86A0018E0E0680F28E4
:1059700015D8A06F8069B0F5804F05D1B4F86200EA
:10598000401C4010A4F86200E06F8069B0F5804FC1
:1059900005D1B4F86A00401C4010A4F86A0094F8DD
:1059A0008100042806D14848E16F08644748E16F48
:1059B000C86305E04648E16F08644648E16FC86384
:1059C0004548E16FC8640020E16F0865B4F86A30AB
:1059D000D4F800C00CF13001626EE06FFCF71CFFE0
:1059E00080B1D4F8840040F01000C4F8840000BFF7
:1059F000002084F8800000BF012084F881008246E6
:105A0000504621E72068806840F480402168886023
:105A10000020A16F0864A16FC863A16FC864A16F63
:105A20000865B4F86230D4F800C00CF12002E16DD2
:105A3000A06FFCF7F1FE80B1D4F8840040F01000B4
:105A4000C4F8840000BF002084F8800000BF01205B
:105A500084F8810082465046F6E6A06FC069B0F532
:105A6000807F06D1206840686FF30F00216848608E
:105A700006E0206840686FF30F0028432168486003
:105A80002068806840F400402168886020680069D0
:105A900040F45870216808612068006840F00100F7
:105AA000216808606068B0F5800F05D12068006843
:105AB00040F400702168086000BF002084F8800076
:105AC00000BF5046C0E60000F76000081361000800
:105AD0000561000841610008C760000870470000C8
:105AE0000121014A1160704724200024704770B5DD
:105AF00004462546681EB0F1807F01D301200FE0E7
:105B0000681E4FF0E02148610F214FF0FF3001F097
:105B10002FFC00204FF0E021886107200861002061
:105B200070BD7047704710B504460CB9012010BD18
:105B3000A06900B100E000BFD4F8840028B90020BB
:105B400084F88000204600F02AF82420C4F884005D
:105B50002068006820F0010021680860204600F0FD
:105B6000ADFF012800D1E2E7A06A10B1204600F0A5
:105B700055FC2068406820F4904021684860206807
:105B8000806820F02A00216888602068006840F062
:105B9000010021680860204600F0BCFCC7E77047A0
:105BA00070B504460D461646D4F8880020282CD13E
:105BB00005B10EB9012070BD00BF94F88000012826
:105BC00001D10220F7E7012084F8800000BF002007
:105BD000E0660F492068884211D02068406800F4D0
:105BE000000060B100BF00BF216851E8001F41F014
:105BF0008060226842E800010029F5D100BF3246EA
:105C00002946204601F020FAD5E70220D3E700001C
:105C1000000C005870472DE9F84F04460E46174611
:105C20009946D4F8840020285ED106B117B9012026
:105C3000BDE8F88F00BF94F88000012801D1022050
:105C4000F6E7012084F8800000BF00205434A063F0
:105C500021202063FDF772FA824627806780543C3A
:105C6000A068B0F5805F04D1206910B90025B04666
:105C700002E035464FF0000800BF002084F88000A5
:105C800000BF1DE05346002280212046CDF8009041
:105C900001F092FA08B10320CAE745B9B8F800004C
:105CA000C0F308002168886208F1020803E0287840
:105CB000216888626D1CB4F85600401EA4F8560096
:105CC000B4F856000028DDD153460022402120467A
:105CD000CDF8009001F070FA08B10320A8E7202069
:105CE000C4F884000020A3E70220A1E700BFFEE77C
:105CF00000BFFEE700BFFEE7704700002DE9F0415E
:105D000004460E4600275548006800F003000328AB
:105D100002D10120BDE8F08150482838006820F009
:105D200080604E4928390860FDF708FA054606E00C
:105D3000FDF704FA401B022801D90320EAE747488F
:105D400028380068C0F3C0600028F1D100BF434884
:105D5000006820F47C30216840EA01303F49086047
:105D6000A088401EC0F30800A168491E4FF47E427F
:105D700002EA41210843A189491ED20102EA0141F8
:105D80000843217C491E120202EA0161084333499B
:105D90001031086000BF3148001D006820F0C000CD
:105DA000616908432D49091D08600846006820F014
:105DB0002000A16908432949091D086008460068B8
:105DC00020F0100008602548143000684FF6F87184
:105DD0008843E16940EAC1002049143108601F4846
:105DE000001D006840F010001C49091D08602EB914
:105DF0000846006840F40020086012E0012E08D137
:105E00001648001D006840F480101449091D086000
:105E100007E01248001D006840F400100F49091DFA
:105E200008600E482838006840F080600B49283927
:105E30000860FDF783F9054606E0FDF77FF9401B92
:105E4000022801D9032065E7044828380068C0F318
:105E5000C0600028F1D038465CE7000028440258B2
:105E60002DE9F04104460E4600275548006800F031
:105E70000300032802D10120BDE8F08150482838F2
:105E8000006820F080504E4928390860FDF756F927
:105E9000054606E0FDF752F9401B022801D9032010
:105EA000EAE7474828380068C0F340700028F1D17D
:105EB00000BF4348006820F07C70218840EA015010
:105EC0003F490860A088401EC0F30800A168491E31
:105ED0004FF47E4202EA41210843A189491ED201C2
:105EE00002EA01410843217C491E120202EA0161D3
:105EF000084333491831086000BF3148001D00686D
:105F000020F44060616908432D49091D0860084676
:105F1000006820F40070A16908432949091D086040
:105F20000846006820F48070086025481C3000682E
:105F30004FF6F8718843E16940EAC10020491C31FD
:105F400008601F48001D006840F480701C49091D4E
:105F500008602EB90846006840F48000086012E02E
:105F6000012E08D11648001D006840F400001449B5
:105F7000091D086007E01248001D006840F08070AD
:105F80000F49091D08600E482838006840F080500D
:105F90000B4928390860FDF7D1F8054606E0FDF702
:105FA000CDF8401B022801D9032065E704482838B2
:105FB0000068C0F340700028F1D038465CE700006C
:105FC0002844025810B50248FFF7F6F810BD00004B
:105FD00080280024026851690268926942F0080230
:105FE00003689A610268926942F0100203689A613C
:105FF0000268126822F0010203681A6002681269DE
:1060000040F26F339A4303681A610268926822F47F
:10601000404203689A6090F88120042A0ED001F073
:1060200020025AB1D0F8842042F08002C0F88420C7
:106030000268926942F0200203689A6190F8812018
:10604000032A0ED001F040025AB1D0F8842042F069
:106050000402C0F884200268926942F0400203689A
:106060009A6101F400725AB1D0F8842042F0010222
:10607000C0F884200268926942F4007203689A6151
:1060800001F480725AB1D0F8842042F00802C0F8BE
:1060900084200268926942F4807203689A61002247
:1060A000A0F86220A0F86A20704770B50546AC6B76
:1060B00000206234208120800120E077623C20466D
:1060C000FFF774F870BD70B50546AC6B2846FBF75A
:1060D00093FB02280ED02046FFF77CFFD4F8840003
:1060E00040F01000C4F88400012084F881002046AC
:1060F000FFF75CF870BD70B50446A56B2846FFF746
:1061000094FB70BD70B50446A56B2846FFF7EEFC06
:1061100070BD70B50546AC6B94F8810007280ED0B1
:10612000E06FC069B0F5807F03D12046FFF77CFBAC
:1061300005E02068006940F008002168086170BD32
:1061400070B50546AC6B94F8810007280ED0A06F9F
:10615000C069B0F5807F03D12046FFF7C1FC05E0A0
:106160002068006940F008002168086170BD10B522
:1061700001460124C86B04EB5013C868421CD01DB3
:10618000C20802FB03F010BD704710B5FCF7DCFF3E
:1061900010BD000000B59DB04C210AA8FAF7ECF83C
:1061A000202102A8FAF7E8F85248006820F004001D
:1061B0005049086000BF002001904F48006820F05F
:1061C00001004D4908600846006800F00100019098
:1061D00048480C30006840F4404046490C310860A3
:1061E0000846006800F44040019000BF00BF00BFB7
:1061F00040480C30006800F40050B0F5005FF7D163
:1062000001200A9000040B900220139002211491A7
:1062100005211591C021169102211791189119910C
:1062200008211A9100211B911C910AA8FEF7A2FBDC
:1062300018B1AC2131A0FAF7CBFE3F200290032029
:1062400003900020049008200590402006900790BD
:106250000001089040200990042102A8FEF79AF856
:1062600018B1C52125A0FAF7B3FE2C48006840F00C
:1062700080002A49086000BF2848F430006840F0D8
:1062800002002649F43108600846006800F0020068
:10629000019000BF00BFFCF7AFFC00BF1F48DC301F
:1062A000006840F000501D49DC3108600846006875
:1062B00000F00050019000BF00BF00BF084600681A
:1062C00040F0804008600846006800F0804001907F
:1062D00000BF00BF00BF0846006840F000400860F3
:1062E0000846006800F00040019000BF00BF1DB0EC
:1062F00000BD00000C4802582C0400582E2E5C2EC5
:106300002E5C447269766572735C53595354454DE3
:106310005C7379735C7379732E63000000440258D8
:106320003448006840F47000324908603248006820
:1063300000F00F00072806D22F48006820F00F0059
:10634000C01D2D4908602D48006840F001002B4910
:106350000860002029491031086028480068284951
:106360000840264908602448006800F00F0007280C
:1063700006D92148006820F00F00C01D1E490860A2
:1063800000201E4918310860091D0860091D0860B9
:106390001C481A49283108601B48091D08601B4821
:1063A000091D08600020091D08601848091D0860C3
:1063B0000020091D08601548091D08600020091DFE
:1063C00008600E48006820F480200C490860002016
:1063D0000A49603108600E4800686FF30F00B0F1A1
:1063E000005F02D201200B49086043F2D2000A4943
:1063F0000860704788ED00E0002000520044025819
:106400007FEDF6EA000202020000FF0180020101B6
:106410000010005C088100510040005290F82810E4
:1064200001F0010139B10168496821F40031C26A03
:1064300011430268516090F8281001F0020102290E
:1064400007D10168496821F48031026B1143026869
:10645000516090F8281001F00401042907D1016867
:10646000496821F48021426B11430268516090F821
:10647000281001F00801082907D10168496821F4B2
:106480000041826B11430268516090F8281001F0BE
:106490001001102907D10168896821F48051C26B6D
:1064A00011430268916090F8281001F02001202922
:1064B00007D10168896821F40051026C1143026818
:1064C000916090F8281001F04001402913D1016833
:1064D000496821F48011426C114302685160416C9B
:1064E000B1F5801F07D10168496821F4C001826CB1
:1064F00011430268516090F8281001F08001802952
:1065000007D10168496821F40021C26C1143026877
:106510005160704738B504460020C4F88C00FCF781
:106520000DFE05462068006800F0080008280CD120
:106530006FF07E402B4600224FF400110090204661
:1065400000F03AFE08B1032038BD2068006800F072
:10655000040004280CD16FF07E402B4600224FF43B
:1065600080010090204600F027FE08B10320EBE7F1
:106570002020C4F88400C4F888000020E06600BF32
:1065800084F8800000BF00BFDEE72DE9F04104463B
:10659000B4F86070D4F88800222857D12068406A87
:1065A00086B2A56D06EA07002880A06D801CA06554
:1065B000B4F85E00401EA4F85E00B4F85E00002847
:1065C0004AD100BF00BF216851E8001F21F490703C
:1065D000226842E800010029F5D100BF00BF00BFDA
:1065E0002168083151E8001F21F0010021680831BD
:1065F00041E80002002AF3D100BF2020C4F888003F
:1066000000202067E06E01281CD10020E06600BF5A
:1066100000BF216851E8001F21F01000226842E805
:1066200000010029F5D100BF2068C069C0F3001047
:1066300010B1102021680862B4F85C102046FFF702
:1066400070FA09E02046FFF7E5FA05E02068806966
:1066500040F0080021688861BDE8F0812DE9F84F1D
:106660000446B4F860B02068C569206800680090EE
:106670002068D0F808A0D4F8880022287ED1B4F889
:10668000689096E02068406A1FFA80F8A76D08EAD3
:106690000B003880A06D801CA065B4F85E00401E21
:1066A000A4F85E002068C56905F00700B0B305F0E6
:1066B000010060B1009800F4807040B101202168B1
:1066C0000862D4F88C0040F00100C4F88C0005F09A
:1066D000020058B10AF0010040B1022021680862AE
:1066E000D4F88C0040F00400C4F88C0005F00400DD
:1066F00058B10AF0010040B1042021680862D4F8C2
:106700008C0040F00200C4F88C00D4F88C0028B152
:106710002046FFF707FA0020C4F88C00B4F85E00AA
:1067200068BB00BF00BF216851E8001F21F48070E2
:10673000226842E800010029F5D100BF00BF00BF78
:106740002168083151E8001F344A01EA020021683B
:10675000083141E80002002AF2D100BF2020C4F82D
:10676000880000202067E06E01281FD10020E0662D
:1067700000BF00BF216851E8001F01E046E018E0BB
:1067800021F01000226842E800010029F2D100BF88
:106790002068C069C0F3001010B1102021680862A1
:1067A000B4F85C102046FFF7BCF902E02046FFF782
:1067B00031FAB9F1000F04D005F0200000287FF471
:1067C00061AFB4F85E6006B3B4F86800B04223DD90
:1067D00000BF00BF2168083151E8001F21F0805040
:1067E0002168083141E80002002AF3D100BF0C48BB
:1067F000206700BF00BF216851E8001F41F0200062
:10680000226842E800010029F5D105E0206880698E
:1068100040F0080021688861BDE8F88FFEFFFFEFB7
:106820008B65000870B50446B4F86060D4F8880041
:10683000222857D12068406A85B2F0B22840A16D65
:106840000870A06D401CA065B4F85E00401EA4F85E
:106850005E00B4F85E0000284AD100BF00BF216886
:1068600051E8001F21F49070226842E800010029DD
:10687000F5D100BF00BF00BF2168083151E8001FFB
:1068800021F001002168083141E80002002AF3D11B
:1068900000BF2020C4F8880000202067E06E012897
:1068A0001CD10020E06600BF00BF216851E8001F36
:1068B00021F01000226842E800010029F5D100BF54
:1068C0002068C069C0F3001010B110202168086270
:1068D000B4F85C102046FFF724F909E02046FFF7E2
:1068E00099F905E02068806940F008002168886116
:1068F00070BD00002DE9F05F0446B4F860A0206888
:10690000C5692068D0F800B02068D0F80890D4F8A5
:10691000880022287DD1B4F8688095E02068406A1C
:1069200087B20AF0FF003840A16D0870A06D401CCE
:10693000A065B4F85E00401EA4F85E002068C5693A
:1069400005F00700A8B305F0010058B10BF4807002
:1069500040B1012021680862D4F88C0040F00100A9
:10696000C4F88C0005F0020058B109F0010040B1F4
:10697000022021680862D4F88C0040F00400C4F8BA
:106980008C0005F0040058B109F0010040B104206A
:1069900021680862D4F88C0040F00200C4F88C0032
:1069A000D4F88C0028B12046FFF7BCF80020C4F8CA
:1069B0008C00B4F85E0068BB00BF00BF216851E8DE
:1069C000001F21F48070226842E800010029F5D1FF
:1069D00000BF00BF00BF2168083151E8001F354AE1
:1069E00001EA02002168083141E80002002AF2D1E0
:1069F00000BF2020C4F8880000202067E06E012836
:106A00001FD10020E06600BF00BF216851E8001FD1
:106A100001E046E018E021F01000226842E80001A1
:106A20000029F2D100BF2068C069C0F3001010B186
:106A3000102021680862B4F85C102046FFF771F856
:106A400002E02046FFF7E6F8B8F1000F04D005F0A9
:106A5000200000287FF462AFB4F85E6006B3B4F89B
:106A60006800B04223DD00BF00BF2168083151E853
:106A7000001F21F080502168083141E80002002AFF
:106A8000F3D100BF0C48206700BF00BF216851E868
:106A9000001F41F02000226842E800010029F5D1E2
:106AA00005E02068806940F0080021688861BDE841
:106AB000F09F0000FEFFFFEF256800082DE9F04F72
:106AC00089B0054600200890F8492868884200D11E
:106AD00000E000BF2969A868084369690843E969BB
:106AE00040EA010828680068F149084040EA0800C7
:106AF000296808602868406820F44050E968084325
:106B000029684860D5F81880E8492868884202D08A
:106B1000286A40EA080828688068E649084040EA90
:106B20000800296888602868C06A20F00F00696A38
:106B300008432968C86200BFDF492868884220D11D
:106B4000DE48006800F03800182811D005DC48B194
:106B5000082809D0102811D108E020280AD02828B8
:106B60000CD109E001240BE0042409E0082407E02B
:106B7000102405E0202403E0402401E0802400BF2D
:106B8000F8E0CF492868884219D1CC48006800F065
:106B90000700062810D2DFE800F0030507090B0DF7
:106BA00000240BE0042409E0082407E0102405E099
:106BB000202403E0402401E0802400BFDAE0C14942
:106BC0002868884219D1BD48006800F007000628EF
:106BD00010D2DFE800F0030507090B0D00240BE0DD
:106BE000042409E0082407E0102405E0202403E041
:106BF000402401E0802400BFBCE0B34928688842FB
:106C000019D1AE48006800F00700062810D2DFE86E
:106C100000F0030507090B0D00240BE0042409E034
:106C2000082407E0102405E0202403E0402401E0CC
:106C3000802400BF9EE0A5492868884219D19F485A
:106C4000006800F00700062810D2DFE800F0030516
:106C500007090B0D00240BE0042409E0082407E0D9
:106C6000102405E0202403E0402401E0802400BF3C
:106C700080E097492868884220D19048006800F059
:106C80003800182811D005DC48B1082809D0102890
:106C900011D108E020280AD028280CD109E00124CD
:106CA0000BE0042409E0082407E0102405E0202478
:106CB00003E0402401E0802400BF5BE085492868B0
:106CC000884219D17D48006800F00700062810D2DC
:106CD000DFE800F0030507090B0D00240BE0042496
:106CE00009E0082407E0102405E0202403E0402404
:106CF00001E0802400BF3DE077492868884219D12F
:106D00006E48006800F00700062810D2DFE800F0A7
:106D1000030507090B0D00240BE0042409E00824F7
:106D200007E0102405E0202403E0402401E0802453
:106D300000BF1FE05D49286888421AD15F48001DE6
:106D4000006800F00700062810D2DFE800F0030515
:106D500007090B0D02240BE0042409E0082407E0D6
:106D6000102405E0202403E0402401E0802400BF3B
:106D700000E0802400BF4D49286888427DD1102C56
:106D80001AD006DC022C09D0042C0BD0082C29D1F7
:106D90000DE0202C21D0402C24D120E0FCF706FB74
:106DA000064623E005A8FCF713FB069E1EE002A89A
:106DB000FCF726FC039E19E0404854380068C0F3F5
:106DC000401040B13D4854380068C0F3C101434809
:106DD00020FA01F600E0414E08E0414E06E04FF493
:106DE000004603E000260120089000BF00BF002EEF
:106DF00010D03C49686A31F81000B6FBF0F96868B9
:106E000000EB4000484503D868680003484502D2BB
:106E10000120089003E13349686A31F810C06246E6
:106E2000002330461946F9F75DFA4FF480730022CB
:106E30008446ACFB030B01FB03B10CFB021C69682D
:106E40004908034659184CEB0200CDE90010D5F86B
:106E500004C06246002308460199F9F743FA074641
:106E6000B7F5407F06D3B7F5801F03D22868C76007
:106E7000D5E002E001200890D1E0E869B0F5004FCC
:106E80007BD1082C39D005DC5CB1012C2CD0042C32
:106E90004CD12DE0102C35D0202C42D0402C45D1A7
:106EA00041E0FDF72DFC064644E00000000C0058D0
:106EB000F369FFCFFFF4FF11001001405444025862
:106EC0000044004000480040004C0040005000409A
:106ED0000014014000780040007C00400090D00386
:106EE00000093D00D0940008FDF71CFC064621E097
:106EF00005A8FCF76DFA069E1CE002A8FCF780FBD3
:106F0000039E17E04C480068C0F3401038B14A486F
:106F10000068C0F3C101494820FA01F600E0474E7D
:106F200008E0474E06E04FF4004603E0002601204B
:106F3000089000BF00BFFEB14249686A31F81000F6
:106F4000B6FBF0F04000696800EB5100B0FBF1F7D0
:106F5000102F0FD3B7F5803F0CD24FF6F07007EA31
:106F6000000AC7F342004AEA000A2868C0F80CA0E9
:106F700055E002E00120089051E0082C1AD005DC11
:106F80005CB1012C0DD0042C2DD10EE0102C16D0AC
:106F9000202C23D0402C26D122E0FDF7B1FB064661
:106FA00025E0FDF7BFFB064621E005A8FCF710FA37
:106FB000069E1CE002A8FCF723FB039E17E01E4878
:106FC0000068C0F3401038B11B480068C0F3C1012D
:106FD0001A4820FA01F600E0184E08E0184E06E0C4
:106FE0004FF4004603E000260120089000BF00BFD8
:106FF000AEB11449686A31F81000B6FBF0F0696868
:1070000000EB5100B0FBF1F7102F06D3B7F5803F2E
:1070100003D2B8B22968C86001E0012008900120BD
:10702000A5F86A00A5F86800002028676867089836
:1070300009B0BDE8F08F0000004402580090D00372
:1070400000093D00D094000830B503469965A3F8C7
:107050005C20A3F85E200020186700BF9868B0F598
:10706000805F0AD1186920B940F2FF10A3F86000D0
:1070700020E0FF20A3F860001CE0986848B9186978
:1070800018B9FF20A3F8600014E07F20A3F8600087
:1070900010E09868B0F1805F09D1186918B97F20B5
:1070A000A3F8600006E03F20A3F8600002E00020A3
:1070B000A3F8600000BF0020C3F88C002220C3F8B2
:1070C000880000BF00BF1C68083454E8004F44F03B
:1070D00001001C68083444E80005002DF3D100BF0E
:1070E000586EB0F1005F31D1B3F8680090422DDCEA
:1070F0009868B0F5805F04D1186910B92A481867FC
:1071000001E02A48186700BF002083F8800000BF14
:10711000186960B100BF00BF1C6854E8004F44F418
:1071200080701D6845E80004002CF5D100BF00BF49
:1071300000BF1C68083454E8004F44F080501C68BD
:10714000083444E80005002DF3D12BE09868B0F531
:10715000805F04D1186910B91548186701E0154817
:10716000186700BF002083F8800000BF186960B175
:1071700000BF00BF1C6854E8004F44F490701D68C5
:1071800045E80004002CF5D10CE000BF00BF1C68EE
:1071900054E8004F44F020001D6845E80004002C2E
:1071A000F5D100BF002030BD5D660008F56800081D
:1071B0008B650008256800082DE9F04104460D465E
:1071C00017469846069E6AE0701C002867D0FBF7B9
:1071D000B5FFA0EB0800B04200D846BB00BF00BF1F
:1071E000216851E8001F21F4D070226842E80001B4
:1071F0000029F5D100BF00BF00BF2168083151E868
:10720000001F21F001002168083141E80002002A36
:10721000F3D100BF2020C4F88400C4F8880000BF68
:10722000002084F8800000BF0320BDE8F0812068C2
:10723000006800F0040088B32068C069C0F3C02073
:1072400060B34FF400602168086200BF00BF21688E
:1072500051E8001F21F4D070226842E800010029A3
:10726000F5D100BF00BF00BF2168083151E8001F01
:1072700021F001002168083141E80002002AF3D121
:1072800000BF202044F8840F6060A060843C00BFF1
:10729000002084F8800000BF0320C6E7FFE72068D5
:1072A000C0692840A84201D1012000E00020B84276
:1072B0008AD00020B9E700001C48006A40F00100B5
:1072C0001A4908620846006A40F00200086208464F
:1072D000006A40F0040008620846006A40F00800B6
:1072E00008620846006A40F0100008620846006A1A
:1072F00040F0400008620846006A40F4807008626E
:107300000846006A40F4007008620846006A40F4CB
:10731000003008620846006A40F48010086208469F
:10732000006A40F020000862704700000010014031
:1073300001480068C0697047143A002400BFFEE7A6
:107340000FB4054B10B503A9044A029800F0F6F8F3
:1073500010BC5DF814FB0000758100087C2000243F
:1073600002480068C0F30220704700000CED00E006
:1073700010B5002804DB0A07130E054A135406E073
:107380000A07140E034A00F00F031B1FD45410BD4C
:1073900000E400E018ED00E002E008C8121F08C198
:1073A000002AFAD170477047002001E001C1121F86
:1073B000002AFBD1704700002DE9FF5F82B0002159
:1073C000DDE90430020DDDF840B0034318D044F687
:1073D0001050A2F2FF3242431514119801281FD019
:1073E000A5EB0B00401C5FEA000A4FF000064E4F71
:1073F000DFF83891B046504615D5CAF1000413E0C5
:10740000119801244AA3012801D16FEA0B010298C7
:10741000119AC0E90031C0E9024206B0BDE8F09F10
:10742000CBF10000DFE704460021404A491842EB57
:107430000450CDE9001012E0E00707D032463B4689
:1074400040464946F9F795F88046894632463B461C
:1074500010461946F9F78DF806460F466410002CC1
:10746000EAD1DDE90401DDE90023BAF1000F06DA13
:10747000F9F77FF842464B46F9F77BF805E0F9F754
:10748000EAF842464B46F9F7E6F804460E46002273
:10749000284BF9F767F903D84FF0FF30014607E0B2
:1074A0000022254B20463146F8F7BCFFF9F742F998
:1074B000102409E0002C0ADB0A220023F8F712FF4F
:1074C000039B30321A55641E50EA0102F2D1641C4B
:1074D000039AC4F111031444119A012A03D0012222
:1074E00008430DD10AE0084304D000204FF0110BEF
:1074F000119072E7A3EB0B056D1E0DE05B4504DDFB
:107500004FF0000205F1010504E003DA4FF000023C
:10751000A5F10105002AECD002981199C0E90231C9
:10752000C0E9004579E70000000014400000F03F8A
:10753000300000000000F0430000E03F2DE9FF4F65
:1075400095B09A46884606460025EEE1252877D173
:1075500000242746F94A0121039400E0044316F869
:10756000013F203B01FA03F01042F7D130782A287E
:1075700011D06FF02F033078A0F13002092A16D80D
:10758000039A44F0020402EB820203EB420210442D
:10759000761C0390EFE758F8042B0392002A03DAD5
:1075A000504244F40054039044F00204761C3078B6
:1075B0002E2816D116F8010F44F004042A280DD005
:1075C0006FF02F023078A0F13003092B09D807EBB8
:1075D000870302EB4303C718761CF3E758F8047BD4
:1075E000761C30786C280FD006DC4C2817D0682821
:1075F0000DD06A2814D104E0742810D07A280FD155
:107600000DE044F400140AE044F4801401E044F472
:1076100040147278824202D104F58014761C761CE4
:10762000307866280BD013DC582877D009DC002886
:1076300075D04528F6D04628F4D047281AD193E1D2
:1076400018E0632835D0642879D0652812D18BE101
:10765000702873D008DC6728F1D069286FD06E28B5
:107660000DD06F2806D1ACE073282CD0752874D0CB
:10767000782853D05246179990476D1C54E1C4F3B3
:107680000250022809D003280DD0D8F80010042891
:107690000DD00D6008F1040846E1D8F80010EA1793
:1076A000C1E90052F6E7D8F800100D80F2E70D703E
:1076B000F0E718F8041B8DF8001000208DF8010089
:1076C000EB46012003E058F804BB4FF0FF306107A0
:1076D0004FF0000102D40DE009F101018946B942E1
:1076E0000FDA8145F8DB1BF809100029F4D108E016
:1076F00009F1010189468142FADB1BF809100029D2
:10770000F6D103985346A0EB090721463846179A4D
:1077100000F080FA284400EB090507E044E008E1A6
:107720000DE01BF8010B524617999047B9F101097A
:10773000F7D2534621463846179AF2E039E00A213B
:10774000C4F302524FF0000B0091022A06D058F801
:10775000040BC117032A09D00AE023E008F107004F
:1077600020F00702F2E80201904605E000B2C117DE
:10777000042A01D140B2C117002906DA0A460021C5
:10778000404261EB02012D2202E0220504D52B22AA
:107790008DF80420012203E0E20701D02022F7E760
:1077A000914657E00A2100E010214FF0000B0091B4
:1077B0000BE010214FF0000B44F004040827009167
:1077C00003E008204FF0000B0090C4F30252022A9D
:1077D00005D058F8040B0021032A08D008E008F16E
:1077E000070020F00702F2E80201904603E080B2B1
:1077F000042A00D1C0B24FF0000922072AD53278FE
:10780000702A07D0DDF800C08CF0100C5CEA0B0C7D
:1078100005D00EE040228DF80420012208E050EA55
:10782000010306D030238DF804308DF805200222A4
:107830009146009B83F0080353EA0B030AD150EAF8
:10784000010201D1620705D530228DF804204FF0E6
:1078500001097F1E3278582A04D039A20C920CAA52
:1078600002920BE03BA2F9E75B46009AF8F73AFD7B
:107870000C9B9B5C029A521E0292137050EA01020A
:10788000F2D1029804A9081A00F1200B600702D572
:1078900024F4803400E001275F4502DDA7EB0B00F4
:1078A00000E0002000EB0B01009003984944401ACF
:1078B0000390E00306D453462146179A039800F03C
:1078C000A9F90544002706E001A85246C05D1799B2
:1078D00090476D1C7F1C4F45F6DBE0030CD55346EB
:1078E0002146179A039800F095F9054404E03020EA
:1078F0005246179990476D1C0099481E0090002928
:10790000F5DC08E00298029952460078491C029181
:10791000179990476D1CBBF10001ABF1010BF1DC35
:107920005BE100F065F90544761C307800287FF4AF
:107930000DAE19B02846BDE8F08F000009280100FF
:1079400030313233343536373839616263646566D5
:107950000000000030313233343536373839414297
:107960004344454600000000600700D4062708F1A4
:10797000070020F00700F0E80223804603F0004CE7
:107980005FEA0C0001D097A009E0200501D596A080
:1079900005E0E00701D095A001E0AFF24C001390A4
:1079A000307823F0004365280CD006DC452809D048
:1079B00046281DD047287FD13BE0662818D067288D
:1079C0007AD136E00021112F01DB112000E0781C74
:1079D000CDE9000104A90CA8FFF7EEFCDDE90D01DB
:1079E0000C9A4FF0000B07F10109109200914EE044
:1079F0004FF000400097CDE9011004A90CA8FFF753
:107A0000DBFCDDE90D020C9B0F994FF0000B91465A
:107A10001093009211B9791C00EB0109B7EB090032
:107A200003D4C0F1FF3B07F10109A9EB0700019066
:107A300042E0012F00DA01270021112F01DD112082
:107A400000E03846CDE9000104A90CA8FFF7B4FC1A
:107A5000DDE90D010C9A00914FF0000BB946109230
:107A600021070FD4009A4A4503DA914601E0A9F1B3
:107A70000109B9F1010F05DD109AA9F10101515C6D
:107A80003029F4D0B84202DA10F1040F03DA0121F0
:107A9000CDE9011010E0002803DC8344A9EB0001CC
:107AA00002E0411C494500DD8946A0EB0B00401C6B
:107AB00001904FF000400290200705D401984845FE
:107AC00002DB4FF0FF30019000208DF84B00029850
:107AD0000DF14B07B0F1004F25D002200C902B2068
:107AE0000D90029800280CDA404202902D200D9053
:107AF00007E00A210298F8F760FC3031029007F89D
:107B0000011D0C99481E0C900029F2DC02980028F7
:107B1000EFD1791E0D980870307800F0200040F009
:107B2000450007F8020D11A8C01BC01D0290139854
:107B3000007800B1012000EB0901019801EBE07130
:107B4000029801440398401A401E0390E00306D4B3
:107B500053462146179A039800F05CF805441398A1
:107B6000007818B15246179990476D1CE00323D551
:107B700053462146179A039800F04CF805441BE041
:107B8000BBF1000F07DB0098584504DD10981799EA
:107B900010F80B0001E017993020524690470198E9
:107BA0000BF1010B401E05F10105019004D12E20BF
:107BB0005246179990476D1CB9F10001A9F10109CE
:107BC000DEDC05E017F8010B5246179990476D1C53
:107BD0000299481E02900029F4DC53462146179A68
:107BE00003989EE62D0000002B00000020000000FE
:107BF0002DE9F041044600251E461746880404D4AA
:107C000005E039462020B0476D1C641EF9D5284692
:107C1000BDE8F0812DE9F041044600251E4690465E
:107C2000C80301D5302700E02027880404D505E0EB
:107C300041463846B0476D1C641EF9D52846BDE85C
:107C4000F081000000B587B0142102A8F8F794FB7A
:107C500000BF3248006840F0040030490860084620
:107C6000006800F00400019000BF00BF00BF08469C
:107C7000006840F0800008600846006800F080005E
:107C8000019000BF00BF00BF0846006840F001003F
:107C900008600846006800F00100019000BF00BFC6
:107CA00000BF0846006840F002000860084600680F
:107CB00000F00200019000BF00BF00BF084600684E
:107CC00040F0100008600846006800F010000190C5
:107CD00000BF00BF01224FF440711148FBF722FAA8
:107CE000012211460F48FBF71DFA4FF44070029035
:107CF0000120039000200490059002A90848FBF79A
:107D00000BF901200290039000200490059002A935
:107D10000348FBF701F907B000BD0000E04402583A
:107D2000000402580010025800B587B000BF0E488A
:107D3000006840F008000C4908600846006800F040
:107D40000800019000BF00BF0120039000200490B4
:107D5000032005908020029002A90448FBF7DCF87C
:107D600000F08CFF07B000BDE0440258000C025840
:107D700010B5002004490870002211464FF0005051
:107D800000F004F810BD00002020002470B5064665
:107D90000C46154621480068B04208D120480068CA
:107DA000A04204D11F480068A84200D170BD1B4802
:107DB00006601B4804601B4805601B481B4908609F
:107DC0000846C66100218160446105610721C160E8
:107DD00000210162416281620721C16209040163DD
:107DE0004FF0806181610021C16341634FF0004128
:107DF0004165480A0D4948600846FDF7BBF918B1CE
:107E0000C8210BA0F9F7E4F80848FDF727FB18B1E3
:107E1000CE2107A0F9F7DCF800BFC7E71020002447
:107E20001420002418200024003001408028002461
:107E30002E2E5C2E2E5C48617264776172655C73D5
:107E400072635C6273705F7370695F6275732E63D7
:107E50000000000010B5B6B00446142131A8F8F7B0
:107E60008BFABC2102A8F8F787FA012002900020C3
:107E7000209002A8FBF7DCFC18B1352131A0F9F7FE
:107E8000A7F800BF3748006840F010003549086087
:107E90000846006800F01000019000BF00BF00BF5E
:107EA00030481038006840F001002E491039086051
:107EB0000846006800F00100019000BF00BF4FF4C9
:107EC000C060319002203290002033900220349024
:107ED0000720359031A92448FBF71EF82348244990
:107EE00008600846446000218160C16001610C2186
:107EF000416100218161C1610162416210201C4920
:107F0000886201021A48C163FDF70DFE18B16D21A8
:107F10000CA0F9F75DF810201549096808622020C7
:107F20001349096808624020114909680862002263
:107F300004212520FBF7E9F92520FBF7D2F936B01B
:107F400010BD00002E2E5C2E2E5C4861726477619D
:107F500072655C7372635C6273705F757361727477
:107F6000312E6300F0440258000002580010014016
:107F7000A43A002410B5B6B00446142131A8F8F78D
:107F8000FBF9BC2102A8F8F7F7F9022002900020C3
:107F90001F9002A8FBF74CFC18B124212AA0F9F786
:107FA00017F800BF3048006840F400302E490860E0
:107FB0000846006800F40030019000BF00BF00BF19
:107FC00029480838006840F0080027490839086047
:107FD0000846006800F00800019000BF00BF602064
:107FE00031900220329000203390022034900720FC
:107FF000359031A91D48FAF78FFF1D481D490860CB
:108000000846446000218160C16001610C2141612A
:1080100000218161C16101624162102015498862BD
:1080200001021448C163FDF77EFD2620FBF759F9D4
:10803000032211462620FBF768F901220E490D485C
:10804000FDF7AEFD36B010BD2E2E5C2E2E5C4861C5
:108050007264776172655C7372635C6273705F7582
:1080600073617274322E6300E8440258000C0258A7
:1080700000440040143A0024282000240120014933
:1080800008707047202000240020014908707047C4
:108090002020002410B50F480068B0F5805F00D99B
:1080A00010BD00200C4908600A48008883B20B4AC2
:1080B0000B490C48FDF7BAFB20B140F279110AA038
:1080C000F8F786FF00BF044800680028FBD000BF17
:1080D000E6E700001C2000242420002400100024D7
:1080E00000000024802800242E2E5C2E2E5C486187
:1080F0007264776172655C7372635C6273705F73E4
:1081000070695F6275732E630000000001490860AA
:10811000704700002C20002410B504464FF47A71FB
:1081200004FB01F000F002F810BD000070B503463A
:1081300000224FF0E02675690D4E366803FB06F409
:108140004FF0E026B16910E04FF0E026B0698842B8
:108150000BD0884202D20E1A324402E02E1A0E448C
:1081600032440146A24200D300E0EDE700BF70BDFB
:108170002C20002413B50C464FF6FF7301226946EC
:108180000248FDF748FD00981CBD0000143A002489
:1081900010B50446206809490840B0F1105F0BD1C2
:1081A00007A0FFF7CDF8606808490860206801F073
:1081B000AFF806480068804710BD00000000F02FAF
:1081C000CCF8D7AAB5BD4150500D0A000C200024B0
:1081D0002DE9F05F0746884691460025BB46444698
:1081E000AA461DE0E0780606A07846EA00466078D8
:1081F00046EA002620780643241D2846691C8DB2D5
:108200000C4941F82060B5F5007F07D100254FF4F7
:108210000072584600F038FF0BF5006B0AF1040AB3
:10822000CA45DFD325B12A460249584600F02CFF43
:10823000BDE8F09F802000247047704710B50122F0
:1082400011020748FAF76EFF012251020448FAF7BB
:1082500069FF012211460248FAF764FF10BD0000D1
:108260000004025810B500224FF480710748FAF755
:1082700059FF00224FF400710448FAF753FF00221F
:1082800001210248FAF74EFF10BD00000004025819
:1082900070B50546642095FBF0F100FB1150C4B2A7
:1082A000322C08DA0A48007828B9012008490870F9
:1082B000FFF7D8FF0AE0322C08DB054800780128D8
:1082C00004D1002002490870FFF7B8FF70BD00001C
:1082D0000020002400F07CFFFAF742FFFDF75AFF70
:1082E0004FF4F070FFF712FF00F028F8FFF7AAFC38
:1082F00000F0A2F94FF4E130FFF7ACFD4FF4E130AC
:10830000FFF738FEF8F7AEFD4FF47A710420FFF75F
:1083100094FFFFF72DFDFFF707FD00F0FFFF06E0DC
:1083200003A0FFF70DF84FF47A70FFF7F5FEF7E7BB
:1083300072756E206572726F720A00001FB501209F
:1083400000220323CDE90120009303901346024647
:108350001021400700F04FF8002001210323CDE950
:10836000003103460222CDE902101221480600F036
:1083700042F8012000220323CDE90120009303905D
:10838000134603221221100700F035F801200022C5
:108390000323CDE9012000930390134604220F210B
:1083A0004FF0605000F027F800200323CDE90030A3
:1083B000029003460522192103904FF0C04000F0BF
:1083C0001AF8012000220323CDE901200093039035
:1083D000134606221821C80600F00DF800200323DA
:1083E000CDE900300290012307221B210390C8072A
:1083F00000F001F81FBD2DE9FF5F04460D4616464B
:108400001F46DDE910ABDDE90E89FAF733FF0120E5
:108410008DF80000F0B28DF8010001948DF80C7019
:10842000E8B28DF8080000208DF809008DF80A00E8
:108430008DF80B808DF80D908DF80EA08DF80FB093
:108440006846FAF7E9FE0420FAF72AFF002004B094
:10845000BDE8F09F2DE9F04104460E461548005D49
:1084600038B9144838380168204688470120BDE8EB
:10847000F081114850F82400B04219D90F4850F843
:108480002400B6FBF0F10B48183850F8240050F8DF
:108490002120002508E000230648183850F8240061
:1084A0004F1940F827306D1C9542F4DB0020DEE7C1
:1084B0000220DCE7742000241895000800950008CD
:1084C00030B504460425084951F8241001FB05F293
:1084D000064951F82400002100F07EF801210348EC
:1084E0001830015530BD0000E89400085C200024DD
:1084F0002DE9F04704460F460025A9462348005DB4
:1085000020B9224838380168204688471FB94FF003
:10851000FF30BDE8F0871E4850F82400B7FBF0F6A6
:108520001B4850F82400B7FBF0F100FB117000B1BC
:10853000761C184850F82400451E22E013481838CD
:1085400050F8240050F8250010B909F1010901E0A4
:108550004FF00009B14513D14FF0000809E00B4876
:10856000183850F8240005EB080140F8216008F1A4
:108570000108B045F3D3064850F824006843C8E723
:108580006D1E002DDADA4FF0FF30C2E774200024B0
:1085900000950008E894000810B501460023002269
:1085A00007E00B4850F8210050F8220000B15B1C96
:1085B000521C084850F821009042F2D84FF47A70CB
:1085C0005843044C54F82140B0FBF4F080B210BD85
:1085D0005C200024E894000830B5034601E003F86D
:1085E000011B141EA2F10102F9D130BD70B5054680
:1085F0000C4604B970BD054850F82500261A3146CE
:108600002846FFF727FF00BFF4E7000044200024BE
:1086100070B504460E4631462046FFF769FF054611
:10862000681C08B9002070BD024850F82400284496
:10863000F9E700004420002400B587B0142102A807
:10864000F7F79AFE00BF0C48006840F020000A4986
:1086500008600846006800F02000019000BF00BFDD
:1086600001200290002003900120049002A90348F9
:10867000FAF752FC07B000BDE0440258000C025863
:1086800010B504460C220249204600F06BFA10BDDA
:1086900000FCFF002DE9F05F07460D46164616B9AF
:1086A0000120BDE8F09F3E484069A84201D8002063
:1086B000F7E73B48008BB04201DA0020F1E7324691
:1086C0002946384800F04EFA324639463548F7F721
:1086D0005EFE08B90120E4E74FF0000A3246394651
:1086E000304800F01BF908B14FF0010A2C48008B0C
:1086F000401E25EA00082A48008BB0420BD1002416
:1087000004E0385D27490855601C84B22448008B7A
:10871000A042F6DC10E02248028B4146214800F0DE
:1087200021FA1F48008B401E284084B21D490819B9
:1087300032463946F7F707FE4FF0000B00242AE0D7
:10874000BAF1010F02D1404600F0B0F81448028B94
:108750004146144800F0F6F832463946284600F003
:1087600023F810B94FF0010B17E03246394628467E
:1087700000F01AF810B94FF0010B0EE04FF00009AD
:1087800003E009F101001FFA80F942F210708145FF
:10879000F7DB601C84B2032CD2DB00BF584680E7B5
:1087A000F8290024142A00242DE9F04705460E4636
:1087B0001746E81939494969884202D90120BDE8BC
:1087C000F0870FB90020FAE7002000F0E3FA00205C
:1087D000334908600321324802680068401C304B6E
:1087E000186030488154C5F3074118460268006894
:1087F000401C18602B488154C5F3072218460168B5
:108800000068401C186027484254184602680068F7
:10881000401C186023488554FFF73CFC4FF00009CA
:1088200017E04FF480501E490860FFF733FC002426
:1088300008E016F8011B1C48005D814200D027E0CB
:10884000601C84B2B4F5805FF3DB09F101001FFA0C
:1088500080F9B9EB173FE4D3C7F30B08B8F1000F69
:1088600011DD0F48C0F80080FFF714FC002408E079
:1088700016F8011B0C48005D814200D008E0601C26
:1088800084B24445F4DB012000F084FA002096E72E
:10889000012000F07FFA012091E70000F829002470
:1088A0001C200024000000240010002410B5044601
:1088B00000F062FB002000F06DFA0020154908600E
:1088C0002021144802680068401C124B18601248AE
:1088D0008154C4F30742184601680068401C1860C0
:1088E0000D484254C4F30722184601680068401C32
:1088F000186009484254184601680068401C186016
:1089000005484454FFF7C6FB012000F043FA00F08D
:1089100059FA10BD1C2000240000002470B5034645
:1089200000240BE013F8015BE843C5B211F8010B1A
:10893000284008B1012070BD601C84B29442F1DB74
:108940000020F8E72DE9F04104460E46154681481F
:108950000068814988427DD1022D08DA284605EB5E
:10896000D0714910A5EB410109B1BDE8F08100F0DB
:1089700003FB002000F00EFA002078490860AD21CA
:10898000764802680068401C744B18607448815433
:10899000C6F30741184602680068401C186070481A
:1089A0008154C6F30721184602680068401C18600D
:1089B0006B488154184602680068401C186068487B
:1089C000865414F8011B184602680068401C1860A1
:1089D0006348815414F8011B184602680068401C63
:1089E00018605F488154FFF755FB012000F0D2F971
:1089F00000F0E8F9A81E85B2002728E0002000F06A
:108A0000C9F9002055490860AD2154480268006842
:108A1000401C524B18605248815414F8011B1846F0
:108A200002680068401C18604D48815414F8011B0E
:108A3000184602680068401C186049488154FFF7D6
:108A400029FB012000F0A6F900F0BCF97F1C05EB22
:108A5000D57100E019E0B7EB610FCFD3002000F033
:108A600099F900203D49086004213C4802680068EB
:108A7000401C3A4B18603A488154FFF70BFB012029
:108A800000F088F900F09EF962E04FF0000843E042
:108A900000F072FA002000F07DF900202F490860F4
:108AA00002212E4802680068401C2C4B18602C489C
:108AB0008154C6F30741184602680068401C1860DC
:108AC00027488154C6F30721184602680068401CF5
:108AD000186023488154184602680068401C1860DA
:108AE0001F48865400270AE014F8011B1B4802683F
:108AF0000068401C194B1860194881547F1CFF2FD7
:108B0000F2D9FFF7C7FA012000F044F900F05AF952
:108B100006F5807608F10108E91705EB1161B8EB5D
:108B2000212FB5D3002000F035F900200B49086053
:108B300004210A4802680068401C084B1860084875
:108B40008154FFF7A7FA012000F024F900F03AF968
:108B500000BF0AE7F82900244125BF001C2000249B
:108B6000000000242DE9F04180460C46154625B151
:108B700060192B494969884201D9BDE8F08100207C
:108B800000F008F900202749086003212548026801
:108B90000068401C234B186023488154C4F30741EC
:108BA000184602680068401C18601F488154C4F3CE
:108BB0000722184601680068401C18601A48425491
:108BC000184602680068401C186017488454FFF774
:108BD00061FA00270FE04FF4805012490860FFF758
:108BE00059FA4FF4805211494046F7F7ACFB08F5AB
:108BF0008058781C87B2B7EB153FECD3C5F30B0652
:108C0000002E08DD07480660FFF744FA32460749A0
:108C10004046F7F798FB012000F0BCF800BFACE736
:108C2000F82900241C200024000000240010002447
:108C30002DE9F041002000F0ADF800200C4908605B
:108C40009F200C490870042009490860FFF722FAA8
:108C5000094845788678C778012000F09BF82804F9
:108C600040EA062040EA07042046BDE8F081000003
:108C70001C200024000000240010002410B5FFF781
:108C8000D7FF30490860084600682F4A811A904291
:108C90003DD007DC2D49084448B12D49084400283F
:108CA00041D110E001291AD002293CD123E029A1A9
:108CB0002448001DF7F778FB4FF400102149486164
:108CC000401208833BE026A11E48001DF7F76CFB0D
:108CD0004FF400101B494861401208832FE023A184
:108CE0001848001DF7F760FB4FF400001549486174
:108CF000C012088323E01FA11248001DF7F754FBA0
:108D00004FF080700F4948610013088317E01BA1E2
:108D10000C48001DF7F748FB4FF4800009494861F3
:108D2000801208830BE017A10648001DF7F73CFBF3
:108D30004FF40010034948614012088300BF00BF90
:108D400010BD0000F82900241640EF00BFDA40FFF4
:108D50002C05FDFF53535432355646303136420010
:108D60004D5832354C31363036450000573235518A
:108D700036340000573235513132380057323551D0
:108D800033320000556E6B6E6F7720466C617368EE
:108D90000000000010B5044664B9FFF76FF9002227
:108DA00011464FF08050FEF7F1FF4FF400000449E8
:108DB000086004E0802002490860FFF765F910BDF3
:108DC000180C025810B50020FFF7E4FF05201249E7
:108DD0000870022011490860FFF75CF90120FFF7D5
:108DE000D9FF15E00020FFF7D5FF05200A490870DC
:108DF00000204870022009490860FFF74BF9012064
:108E0000FFF7C8FF0648407800F0010000B900E015
:108E1000E8E700BF10BD0000000000241C20002473
:108E2000001000242DE9F05F07460E4615464FF06E
:108E30000009C846C2460024A3464E48008BB6FB34
:108E4000F0F100FB116A4B48008BA0EB0A04494883
:108E5000008BB5FBF0F94748008BB5FBF0F100FB48
:108E60001158BAF1000F29D1B9F1000F08D1AAB2F7
:108E700031463846FFF70EFC002878D1BDE8F09F58
:108E80000EE03C48028B31463846FFF703FC08B938
:108E90000020F3E73748008B06443648008B074430
:108EA000B9F10000A9F10109EBD11FFA88F23146AE
:108EB0003846FFF7EFFB002859D1DFE7B9F1000F83
:108EC0001ED1A04514D9A8EB040BA2B231463846F6
:108ED000FFF7E0FB08B90020D0E7264427441FFA3B
:108EE0008BF231463846FFF7D5FB00283FD1C5E766
:108EF000AAB231463846FFF7CDFBB8BB0020BDE72C
:108F00002D1B1C48008BB5FBF0F91A48008BB5FBF4
:108F1000F0F100FB1158A2B231463846FFF7BAFB18
:108F200008B90020AAE7264427440EE01148028B26
:108F300031463846FFF7AEFB08B900209EE70D48E2
:108F4000008B06440B48008B0744B9F10000A9F1DF
:108F50000109EBD1B8F1000F09D01FFA88F23146B0
:108F60003846FFF797FB08B9002087E7FFE70120A5
:108F700084E70000F829002410B50020FFF70AFF5D
:108F80000020084908600621064802680068401C65
:108F9000044B186004488154FFF77CF80120FFF768
:108FA000F9FE10BD1C2000240000002401462648C4
:108FB000814201D2002070472448814201D2012021
:108FC000F9E72348814201D20220F4E72148814297
:108FD00001D20320EFE72048814201D20420EAE7D2
:108FE0001E48814201D20520E5E71D48814201D299
:108FF0000620E0E7B1F1016F01D20720DBE7194855
:10900000814201D20820D6E71748814201D20920C7
:10901000D1E71648814201D20A20CCE714488142A8
:1090200001D20B20C7E71348814201D20C20C2E7CE
:109030001148814201D20D20BDE71048814201D282
:109040000E20B8E70F20B6E7000002080000040871
:10905000000006080000080800000A0800000C08CC
:1090600000000E0800001208000014080000160896
:109070000000180800001A0800001C0800001E0864
:1090800001460868704700002DE9F04387B00446A8
:109090000D4617464FF0000900200190002680463B
:1090A000B4F1006F05D304F01F0010B9B4F1026FE2
:1090B00002D907B0BDE8F083F9F7FEFE264604EBBF
:1090C00087084048864262D25EE03046FFF7D8FF0C
:1090D000401C002852D0012003900020029030460E
:1090E000FFF764FF0490012005902020069001A95D
:1090F00002A8F9F78BFD00B148E000BF0023DFF8BC
:10910000C8C0CCF8003000BF00BF00BF00BFBFF335
:109110004F8F00BF00BF00BFACF104031868C0F35D
:109120004E3100BFC0F3C90200BF43F6E07303EA4B
:1091300041134FF0404C0CEA827C43EA0C03DFF809
:109140008CC0CCF8003000BF00BF131EA2F101029A
:10915000EBD10B1EA1F10101E4D100BF00BF00BFA4
:10916000BFF34F8F00BF00BF00BF00BF00BF00BFF5
:10917000BFF36F8F00BF00BF00BF00E0361D0121AD
:109180004CF25030F7F7A8FF46459ED300BF0121AF
:109190004CF25030F7F7A0FF8146B9F1000F0CD127
:1091A00008E02A4621460120F9F7F0FD00B103E06E
:1091B000203420354445F4D300BFF9F7C5FD00BF86
:1091C00077E700000000F01F84ED00E074EF00E09E
:1091D00010B500BF4C48006800F4003000B139E021
:1091E00000BF00BF00BFBFF34F8F00BF00BF00BF75
:1091F00000BF00BF00BFBFF36F8F00BF00BF00BF45
:1092000000204249086000BF00BF00BFBFF34F8F7E
:1092100000BF00BF00BF00BF00BF00BFBFF36F8F24
:1092200000BF00BF00BF3848006840F40030364936
:10923000086000BF00BF00BFBFF34F8F00BF00BF7B
:1092400000BF00BF00BF00BFBFF36F8F00BF00BFF4
:1092500000BF00BF00BF2C4B1B6803F4803303B179
:1092600048E00023284C7034236000BF00BF00BFDB
:10927000BFF34F8F00BF00BF00BF231F1868C0F3AC
:109280004E3100BFC0F3C90200BF43F6E07303EAEA
:1092900041134FF0404404EA827423431B4C1034C2
:1092A000236000BF00BF131EA2F10102EDD10B1E0F
:1092B000A1F10101E6D100BF00BF00BFBFF34F8F96
:1092C00000BF00BF00BF104B1B6843F480330E4C3F
:1092D000236000BF00BF00BFBFF34F8F00BF00BFC0
:1092E00000BF00BF00BF00BFBFF36F8F00BF00BF54
:1092F00000BF00BF05484C30006840F0040003493F
:109300004C31086010BD000014ED00E050EF00E0AB
:1093100000BF80F3088800BF704700002DE9FE43BE
:1093200000200090019002900027804600251E2614
:109330000AE0FEF781FF6420FEF7EEFE01213548CA
:10934000F9F7E8FE00B904E0301EA6F10101CEB243
:10935000EFD100BFC82604E00A20FEF7DDFEFEF7CD
:109360006BFF301EA6F10101CEB2F5D1FFF7A8F8D0
:109370006846FFF785F90098012809D026A0FDF777
:10938000DFFFFEF759FF2D48FEF702FFBDE8FE8321
:109390002BA0FDF7D5FF00200090019800F14001BF
:1093A0000020FFF735F905462BA0DDE90121FDF787
:1093B000C7FF002417E0FEF73FFFE0B2FEF768FFAB
:1093C0000198604300F5700739462846019AFFF777
:1093D000C9FB1A49019804FB001829464046019A26
:1093E000FEF7F6FE641C0298A042E4D8294600204D
:1093F000FFF7FCF8FEF720FF02200090684600F01F
:1094000051F822A0FDF79CFF0C48FEF7C1FE00BFFB
:10941000BCE70000000C02580ACEDED0E8C9FDBC53
:10942000B6A3ACD6B1BDD3D6B4D0D0206D61696E31
:1094300020C4A3BFE9202E2E2E0A0000000002083F
:109440000AD6B4D0D0C9FDBCB6B3CCD0F2202E2EF3
:109450002E2E2E200A0000000AD6B4D0D0C9FDBCA2
:10946000B6B2CECAFD2C73656374696F6E5F636FAD
:10947000756E743A2025752C2073656374696F6E60
:109480005F73697A653A2025750A00000AC9FDBC38
:10949000B6CDEAB1CFA3A1CCF8D7AA202E2E2E0AA2
:1094A0000000000010B504460C2202492046FFF7D8
:1094B000B9FC10BD00FCFF00000000000102030425
:1094C000010203040607080900061016000610161C
:1094D000010002000400060008000A000C00100051
:1094E000200040008000000100040000000F070081
:1094F000000F0000C003000080070000C003000050
:10950000400000004000000040000000400000005B
:1095100040000000400000000000010000C0C30146
:1095200000C0030000F0000000E0010000F00000B7
:1095300050950008000000248020000096080008D4
:10954000CC9500088020002400330100A873000897
:1095500001FF01FF01FF01FF01FF01FF01FF01FF0B
:1095600001FF01FF01FF01FF01FF01FF01FF01FFFB
:1095700001FF01FF01FF01FF01FF01FF01FF01FFEB
:1095800001FF01FF01FF01FF01FF01FF01FF01FFDB
:109590000146082990D0030090D003421042012DCB
:1095A000C184000899850008803B002444401FC006
:1095B00042304238522035803B01242FE3C100C0A5
:0C95C000033000F0003800E00120F2F061
:040000050800029954
:00000001FF
