:020000040802F0
:10000000E842052485030208059A0208B90302089C
:1000100071990208311802087DCA02080000000028
:10002000000000000000000000000000B102020813
:10003000491E0208000000000D030208CDAA0208B4
:10004000AB030208AB030208AB030208AB030208D0
:10005000AB030208AB030208AB030208AB030208C0
:10006000AB030208AB030208AB0302087D180208C9
:10007000AB0302088D1802089D180208AD1802088B
:10008000BD180208CD180208AB030208AB03020832
:10009000AB030208AB030208AB030208AB03020880
:1000A000AB030208AB030208AB030208AB03020870
:1000B000EDAB020815AC020855AC0208AB03020810
:1000C000AB030208AB030208AB030208AB03020850
:1000D000AB03020841C3020855C50208CDC502089A
:1000E000AB030208499D020800000000AB030208B0
:1000F000AB030208AB030208AB030208AB03020820
:10010000AB030208AB0302086DAC0208AB030208A4
:10011000ADAF0208C9B1020885AC0208A5AC02085F
:10012000AB030208AB030208AB030208AB030208EF
:10013000AB030208FD1E0208AB030208AB03020872
:1001400000000000000000000000000000000000AF
:10015000AB030208AB030208AB03020805C80208A0
:10016000AB030208AB030208AB030208AB030208AF
:10017000AB030208AB030208AB0302080000000057
:10018000AB030208AB030208DDB302081DB6020888
:10019000AB030208AB030208AB030208AB0302087F
:1001A000AB030208AB030208AB030208AB0302086F
:1001B000AB030208AB030208AB030208AB0302085F
:1001C000AB030208AB030208AB030208AB0302084F
:1001D000AB030208AB030208AB030208AB0302083F
:1001E000AB030208AB030208AB030208AB0302082F
:1001F000AB030208AB030208AB030208AB0302081F
:10020000AB030208AB030208AB030208AB0302080E
:10021000AB030208AB030208AB030208AB030208FE
:10022000AB030208AB030208AB03020800000000A6
:10023000AB030208AB03020800000000AB03020896
:10024000AB03020821180208AB030208AB03020843
:10025000AB030208AB030208AB030208AB030208BE
:10026000AB030208AB030208AB030208AB030208AE
:10027000AB030208AB030208399702080000000034
:10028000AB030208AB030208AB0302080000000046
:1002900000000000AB030208DFF810D001F01CF8EA
:1002A00000480047C58A0408AFF30080E8420524EF
:1002B0002D4B19680868B0E8F04F80F30988BFF348
:1002C0006F8F4FF0000080F311887047000000002E
:1002D00008480068006880F308884FF0000080F349
:1002E000148862B661B6BFF34F8FBFF36F8F00DF24
:1002F00000BF00BF08ED00E0DFF80C00016841F42A
:1003000070010160704700BF88ED00E0EFF30980E5
:10031000BFF36F8F144B1A681EF0100F08BF20ED4B
:10032000108A20E9F04F106009B44FF0100072B647
:1003300080F31188BFF34F8FBFF36F8F62B63DF02C
:1003400037FD4FF0000080F3118809BC1968086878
:10035000B0E8F04F1EF0100F08BFB0EC108A80F329
:100360000988BFF36F8F704788040024EFF305807E
:1003700070470000EFF308807047EFF30980704783
:1003800068467047DFF82400016841F4700101609D
:100390000748804707480047FEE7FEE7FEE7FEE71D
:1003A000FEE7FEE7FEE7FEE7FEE7FEE788ED00E09A
:1003B000E1AA0208990202087046694612F04CFB55
:1003C000FFF7FEFF2DE9F05F0546002092469B46B1
:1003D00088460646814640241BE02846414647465B
:1003E000224600F0D4FA53465A46C01A914110D31F
:1003F00011461846224600F0BBFA2D1A67EB010899
:100400004F4622460120002100F0B2FA17EB000906
:100410004E41201EA4F10104DFDC484631462A4645
:100420004346BDE8F09F000000487047C4550608E9
:1004300010B50446FFF7F8FF0068005D00F001000A
:1004400010BDA0F14101192900D8203070470000EB
:100450000649074A0868504343F2390210440860CD
:1004600040087047014908607047000030050024CB
:100470006D4EC64110B5441A0346944209D2841801
:10048000114403E011F8013D04F8013D521EF9D278
:1004900010BD40EA0104A40703D009E010C9121FEF
:1004A00010C3042AFAD203E011F8014B03F8014B00
:1004B000521EF9D210BDD2B201E000F8012B491E44
:1004C000FBD270470022F6E710B513460A460446F1
:1004D0001946FFF7F0FF204610BD421E12F8013FFB
:1004E000002BFBD111F8013B02F8013B002BF9D1A5
:1004F000704730B505462A460B4612F8010B13F833
:10050000014B08B1A042F8D01CB1002802D06D1CEC
:10051000F1E7284630BD10B5044604E00B7800F83A
:10052000013B03B1491C521EF8D2204610BDCAB28D
:10053000401E10F8011F8A4202D00029F9D1002084
:100540007047421C10F8011B0029FBD1801A70472C
:1005500010B5002200E0521C835C8C5CA34201D1E8
:10056000002BF8D1D8B2E1B2401A10BD30B5044624
:100570000020034600E05B1C934203D2E05CCD5CAC
:10058000401BF8D030BD034611F8012B00F8012BB9
:10059000002AF9D11846704730B5054600200346B9
:1005A00000E05B1C934205D2EC5CC85C201A01D1D0
:1005B000002CF6D130BD000070B50F4D00B9286891
:1005C000002412E00A4602E09E4203D0521C137837
:1005D000002BF9D1DAB2224305D02BB124B100218E
:1005E00000F8011B04E00446401C0678002EE9D107
:1005F0002860204670BD00003405002430B5034655
:100600001D783DB10A4612F8014B1CB1AC42FAD13B
:100610005B1CF5E7181A30BD30B50546002008E030
:100620000A4602E0A34207D0521C1378002BF9D1EE
:10063000401C2C5C002CF3D130BD00000FB400B581
:100640008DB010A909900B9000914FF0FF300A90E7
:1006500000200C9005480690054807906A4609A8B6
:100660000F9900F0B5FB0DB05DF814FBED0D02081D
:100670000B0E02082DE9FF5F1D464FF0FF3BD5E949
:10068000014691465F464FF00008A9697F1C01981A
:100690008847296A824688470028F6D1BAF1FF3F89
:1006A0000CD024F4C064002E19DD600614D5BAF114
:1006B0002B0F09D0BAF12D0F0ED103E0584604B02C
:1006C000BDE8F09F44F48064A9697F1C01988847C5
:1006D000761E8246002E02DDBAF1300F03D0B9F14A
:1006E000000F26D032E0A969761E44F400747F1C06
:1006F000019888478246002E05DDBAF1780F06D0B2
:10070000BAF1580F03D0B9F1000F10D01EE0B9F1C3
:10071000000F02D0B9F1100F18D1A969761E24F488
:1007200000747F1C019888478246102002E0082050
:1007300000E00A20814609E008FB0908A969761E45
:1007400044F400747F1C019888478246002E05DD22
:100750004946504600F078F90028EDDAE969019839
:100760008847A00502D46FF00100A8E7E00725D173
:10077000600613D5600502D5C8F1000000E04046D0
:1007800029680A1D2A600968220501D5087015E04C
:10079000220701D5088011E008600FE02868011DDC
:1007A00029600068210502D580F8008006E0210755
:1007B00002D5A0F8008001E0C0F8008038467EE74E
:1007C0002DE9FF5FD2E901A74FF000089169994632
:1007D0001446DDF838B0464601988847054659EA80
:1007E0000B0005D009E0A169761C019888470546F1
:1007F000216A284688470028F5D1681C03D05FEAA3
:10080000CA7005D015E04FF0FF3004B0BDE8F09F8E
:100810002068011D2160D0F800800AE05FEACA70FC
:1008200001D108F8015BA169761C7F1E01988847F9
:100830000546002F1ADD681C18D0B9F1000F0DD045
:10084000E81705EBD060421120F01F0059F8221084
:100850002A1A012090400142E0D107E0BBF1000FCD
:10086000DCD1216A284688470028D7D0E169019861
:100870008847BBF1000F07D1002E05DD5FEACA7083
:1008800002D1002188F80010A068B84203DDBBF156
:10089000000F03D017B16FF00100B6E73046B4E7A0
:1008A0002DE9F04791460F4680460446002614F88D
:1008B000015B2DB1FFF7B8FD0068405DC007F6D1C0
:1008C0002B2D02D02D2D18D0641E4A4639462046C5
:1008D00000F0ACFA27B13968A14201D1C7F8008015
:1008E00071054FF002040BD54042002803DD0CF0E7
:1008F00005FA0460A007BDE8F08746F48066E4E7E7
:100900000028F8DA0CF0FAF904606FF00040F2E722
:1009100070B506460CF0F2F9046805460A2200217B
:100920003046FFF7BDFF2C6070BD70B506460CF079
:10093000E5F9046805460A2200213046FFF7B0FFBA
:100940002C6070BD30B50B460146002020220124EA
:1009500009E021FA02F59D4205D303FA02F5491B8D
:1009600004FA02F52844151EA2F10102F1DC30BDA3
:10097000202A04DB203A00FA02F10020704791405F
:10098000C2F1200320FA03F3194390407047202A54
:1009900004DB203A21FA02F00021704721FA02F329
:1009A000D040C2F120029140084319467047000030
:1009B000014900F003B80000E015052410B50068F7
:1009C0003C22B0FBF2F302FB1303B0FBF2F00B602E
:1009D000B0FBF2F302FB1303B0FBF2F018224B6002
:1009E000B0FBF2F302FB1303B0FBF2F0021D8B60CD
:1009F0000723B2FBF3F403FB1422800040F2B5534B
:100A000000F66C308A61B0FBF3F2B0FBF3F403FB49
:100A10001400443280084A61C8613B2802D392071F
:100A200000D0401C0022074C13460A61E25C82425F
:100A300003D8801A5B1C0B61F8E7401CC8600846AD
:100A400010BD0000C85506083A2800D2303820F002
:100A50002002412A01D3A2F13700884201D34FF08E
:100A6000FF3070472DE9FF4F087883B09946FF2883
:100A700005D0491C2D2804D00024002008E00020C7
:100A80000BE00124F9E700EB800003EB4000491C78
:100A90000B78FF2BF7D104B1404200230293147866
:100AA00019461D462D2C01D02B2C04D1521C2D2C67
:100AB00013D000240294AA461478FF2C0FD00A25E4
:100AC000A3FB057801FB05814FF0000C03FB0C1123
:100AD000521CE3194AEB0101EEE70124EAE78144E5
:100AE00053EA010002D019F5C87F06DA0398002105
:100AF000C0E9001107B0BDE8F08F0025AE4E2F46CB
:100B0000DFF8B882184600F000FECDE90001B9F127
:100B1000000002DAC9F1000400E004460023A74AFD
:100B20001AEB030B42EB045A12E0E00707D02A4607
:100B300033463846414600F0BEFA074688462A4604
:100B400033461046194600F0B6FA05460E466410C4
:100B5000002CEAD1DDE90001B9F1000F5A465346F5
:100B600006DA00F01AFB3A46434600F016FB05E0B1
:100B700000F0A1FA3A46434600F09DFA029A0AB103
:100B800081F00041039AC2E90001B3E72DE9FF4F6C
:100B90001F468DB0D7E901464FF0FF382E2045465D
:100BA0004FF000090B90B9696D1C0E988847396A9F
:100BB000824688470028F6D1BAF1FF3F0AD024F4D4
:100BC000D064002E11DDBAF12B0F08D0BAF12D0F31
:100BD0000BD102E0404611B08DE744F48064B9695E
:100BE0006D1C0E9888478246761E6946600501D5C1
:100BF0002D2000E02B208DF8000001F1010B0DF1FC
:100C0000200809E0B9696D1C0E98884782460F9844
:100C100044F40074761E0560002E02DDBAF1300F38
:100C2000F0D00B998A453ED144F0800406E00F993C
:100C3000681CA9F1010944F400740860B9696D1CCD
:100C4000761E0E98884782463028F0D02BE00B990C
:100C50008A4505D1200603D444F08004761E18E0AE
:100C600050460CF027FB08B30DF11301761E44F437
:100C700000748B4508D2AAF130000BF8010B200656
:100C800007D5A9F1010003E0200602D409F1010013
:100C90008146A00502D50F99681C0860B9696D1CD2
:100CA0000E9888478246002ED1DC53E0002E51DD9D
:100CB000BAF1650F02D0BAF1450F4BD1A00549D565
:100CC000B9696D1C24F44074761E0E9888478246DC
:100CD000002E0CDD2B2804D0BAF12D0F07D144F4DF
:100CE0008074B9696D1C0E9888478246761EE005AF
:100CF00001D52D2100E02B2108F8011BCDF82C8017
:100D000021E00DF12901761E44F4007488450CD2CF
:100D1000AAF1300010F0FF0088F8000002D10B9912
:100D2000884509D908F1010806E0E00501D5244805
:100D300001E042F20F708146B9696D1C0E98884738
:100D400082460F980560002E04DD50460CF0B2FA82
:100D50000028D6D1F9690E988847FF208BF800004B
:100D600088F800000020069007904B466A4608A9C4
:100D700006A8FFF777FEA00502D46FF001002AE76E
:100D800014F0240F0AD0E00714D1DDE90612386808
:100D9000031D3B600068C0E900120BE0DDE90601BD
:100DA00000F0BFFC0146E00704D13868021D3A603C
:100DB0000068016028460EE7000014400000F03F84
:100DC000F1D8FFFF0268114413780160184670479C
:100DD000D160044951610449116200211161114639
:100DE00000F09EBAC50D020831040208426842B103
:100DF000016811F8013B23B1521EC0E900121846E8
:100E000070470121C160881E704742685AB1C368AB
:100E1000016843B983688B4205D0491E521CC0E962
:100E20000012002070474FF0FF3070472DE9F05F4F
:100E300082460078002715468B460AF10104B94620
:100E4000302801D09DB113E014F8010B0127782858
:100E500003D0582801D045B10AE00DB1102D07D1BB
:100E60000027102514F8010B02E0082500E00A25F0
:100E70000026B0460EE005FB080005FB06F1012741
:100E800001EB10461FFA80F8B6F5803F00D3B94653
:100E900014F8010B2946FFF7D7FD0028EBDABBF168
:100EA000000F05D00FB1641E00E05446CBF800409F
:100EB000B9F1000F06D00BF021FF02210160C81E1E
:100EC000BDE8F09F48EA0640FAE700000FB40023AF
:100ED00000B589B00CA900910B996FF00042CB606E
:100EE0001E4B06931E4B07930423CDE901321D4A86
:100EF000089202466B460020FFF748FE09B05DF8F5
:100F000014FB70B586B006464FF0FF300091CDE976
:100F10000101002015460C4604903246694604A89B
:100F2000FFF7D4FF02460498211825B108B10846FE
:100F300000E020462860049800280DD0002A02DD39
:100F40000098884208D0081B0094CDE9010432467D
:100F5000694604A8FFF7BAFF06B070BDED0D0208A0
:100F60000B0E0208310402082DE9FE4F804681EA8B
:100F70000300C00F0C46009021F0004123F0004513
:100F8000B8EB0200A94105D24046214690461C46D6
:100F90000B46024623F00040104347D0270DC7F30D
:100FA0000A00C3F30A510290401A019040286BDAFC
:100FB000C3F3130040F4801B0098924620B1002335
:100FC000D2EB030A63EB0B0B01985946C0F14002C8
:100FD0005046FFF7CDFC06460D4650465946019A4D
:100FE00000F08CF910EB08006141002487EA1152EF
:100FF00084EAE7731A4340D0009A62B3019A012A47
:101000004FEA075215DC001B61EB02014FF0004272
:1010100002EA0752CDE90042001C41F58011324638
:101020002B4600F024FB03B0BDE8F08F404621467C
:10103000F9E7001B61EB0201001C41F58013001869
:101040005B412018A2F5001747EB030140EAD57079
:10105000B6196D4111E06D084FEA360645EAC075D4
:101060004FEA0752001B61EB0201001C41F58011A1
:1010700049084FEA30000019514132462B4603B06F
:10108000BDE8F04F00F0E4BA0098012240000023D0
:10109000D0EB020263EBE073009821464FEAE07464
:1010A000B8EB000061EB0401E9E783F000435BE784
:1010B00081F0004158E72DE9FE4F81EA030404F076
:1010C000004421F0004100944FF0000B23F0004356
:1010D00050EA01045ED052EA03045BD0C3F30A5421
:1010E000C1F30A552C44A4F2F3340194A0FB02543A
:1010F000C1F3130141F48011C3F3130343F48013CC
:1011000001FB024400FB034E840A970A44EA81541F
:1011100047EA8357A4FB076802958D0A05FB0785FC
:101120004FEA932C04FB0C542705029D4FEA065806
:1011300047EA1637B5EB08056EEB070C870E920EE3
:1011400047EA811742EA8312A7FB0201B6EB0B01C3
:1011500064EB00042B0D43EA0C335E1844EB1C5087
:10116000DA465146E7FB0201C5F313044FEA0B339D
:1011700043EA14534FEA0432019C43EA0603A4F104
:101180000C040294009CCDE900B400F070FA03B0A6
:10119000BDE8F08F00200146F9E72DE9F04D81EA26
:1011A000030404F0004B21F0004514464FF0000A00
:1011B00023F0004150EA050220D054EA01021DD07C
:1011C000C5F30A570246C5F31303C1F31300C1F375
:1011D0000A5640F4801543F48013A7EB0608101B51
:1011E000D64608F2FD3873EB050002D308F101087A
:1011F00001E092185B41B8F1000F03DA00200146CC
:10120000BDE8F08D00204FF48011064684460EE0C4
:10121000171B73EB050705D3121B63EB050306438E
:101220004CEA010C49084FEA300092185B4150EA41
:101230000107EDD152EA030012D082EA040083EAEA
:101240000501084305D0101BAB4106D20122002343
:1012500006E000224FF0004302E06FF0010253105D
:101260001AEB06004CEB085110EB0A0041EB0B01A6
:10127000BDE8F04D00F0ECB9C1F30A52C1F313011F
:1012800040F2FF3341F480119A4202DA0020014615
:10129000704740F233439A42A2F2334202DC524298
:1012A000FFF775BBFFF764BB30B5041E71F1000496
:1012B00004DB4FF00044404264EB0101141E73F163
:1012C000000405DB1C464FF00043524263EB04036D
:1012D000994208BF904230BD064C074D06E0E068D9
:1012E00040F0010394E8070098471034AC42F6D36D
:1012F000FEF7D6FF2863060878630608202A06DB77
:10130000CB17203A41FA02F043EAE07306E041FAD3
:1013100002F3D040C2F120029140084319467047C1
:101320002DE9F34F8BB04FF0000801F10C000C4693
:101330004FF0010B46460DF1080A01906269012148
:1013400001989047051E2DD0252D2CD0216A884765
:10135000C0B16269012101989047216A884700283D
:10136000F7D1411E62690198904700E0761CA1699F
:101370000B988847216A88470028F7D1E1690B98C4
:101380008847DBE7A1690B9888470746A84201D147
:10139000761CD3E7E1690B9888477F1C02D1B8F12E
:1013A000000F6FD047E1002762693D46394601983A
:1013B00090472A2804D162690121019890470125AC
:1013C000DFF888926269012101989047A0F130010D
:1013D0000A290AD24F45E5DC07EB870100EB4107FC
:1013E000303FDFD445F01005ECE7E90601D46FF09B
:1013F00000476C280AD04C2814D0682815D06A28D9
:101400000DD074281CD07A281AD01DE06269012101
:10141000019890476C2802D045F0040514E045F08F
:1014200002050DE045F020050AE0626901210198FE
:101430009047682802D045F0080505E045F40065AE
:101440006269012101989047C4E9015765283DD0A0
:1014500019DC58287AD00CDC452837D004DC252844
:1014600026D0412831D131E046282FD047282CD131
:101470002CE05B2877D0612828D063287CD06428B2
:1014800023D15AE0D1E06F2848D008DC66281DD06F
:1014900067281BD0692821D06E2816D127E0702834
:1014A00045D0732868D0752847D078280DD14DE0F5
:1014B000A1690B988847054625283FF469AFE16983
:1014C0000B9888476D1C3FF46AAFB4E023466A4628
:1014D0006FF001000B99FFF759FB9FE045F04000CA
:1014E0006060A80723464FF0000236D43EE0E807CC
:1014F0007FF447AF2068011D21600068290501D5F0
:1015000006701BE7290701D5068017E7A90703D551
:10151000F117C0E9006111E706600FE745F04000F0
:101520006060A80723464FF0080216D41EE040F67C
:101530000E0125EA0100606016E045F040006060A1
:10154000A80723464FF00A0207D40FE045F04000F9
:101550006060A80708D5234610226FF001000B99A0
:10156000AFF300805AE007E0234610226FF001003D
:101570000B99FFF77FF851E04FF000094F464B46BB
:10158000632802D05B2807D041E02079C00601D44F
:101590000120A06001273AE062690121019890478B
:1015A0005E2805D14FF001096269494601989047CC
:1015B000216939B900210A46534643F82120491CC4
:1015C0000829FADBB0B3216969B9C11700EBD16210
:1015D00053110AEB830122F01F02821A01200B68CB
:1015E000904003430B6062690121019890475D2898
:1015F000E8D1B9F1000F09D00020514651F8202060
:10160000D24341F82020401C0828F7DB02AB2246D9
:1016100000976FF001000B99FFF7D2F800280CDA61
:10162000401C08D1BBF1000F05D04FF0FF300DB0CA
:10163000BDE8F08FFFE74046F9E7E90701D108F17F
:10164000010806444FF0000B78E60000CCCCCC0C2F
:1016500010B5141E73F1000408DA401C41F10001BA
:1016600092185B411A4301D120F0010010BD2DE911
:10167000F04D92469B4611B1B1FA81F202E0B0FA08
:1016800080F220329046FFF773F904460F4640EA95
:101690000A0041EA0B0153465A46084313D011464B
:1016A00053EA010019D0C8F140025046FFF76FF924
:1016B00005460E46504659464246FFF759F908433B
:1016C00005D0012004E020463946BDE8F08D002019
:1016D000054346EAE0762C4337430A986305E40A5B
:1016E000A0EB08000022FD0A44EA47540A3002D564
:1016F00000200146E9E7010510196941DDE90845C7
:1017000000196941BDE8F04DA2E70EB540F2334241
:1017100002920022CDE900221346FFF7A8FF03B092
:1017200000BD01F0004330B421F0004150EA010255
:1017300006D00A0DA2F56072C1F31301002A02DC83
:1017400030BC00207047440F44EAC104C100E018D7
:1017500030BC00EBC250AFF300800029A8BF704737
:10176000401C490008BF20F00100704710B4B0FAD7
:1017700080FC00FA0CF050EA010404BF10BC704772
:1017800049B1CCF1200421FA04F411FA0CF118BF8C
:10179000012121430843A3EB0C01CB1D4FEA00615B
:1017A0004FEA102042BF002010BC704700EBC3502E
:1017B00010440029A4BF10BC7047401C490008BF5A
:1017C00020F0010010BC704770B58C1810F8015B58
:1017D00015F0070301D110F8013B2A1106D110F8CA
:1017E000012B03E010F8016B01F8016B5B1EF9D1CE
:1017F0002B0705D40023521E0DD401F8013BFAE754
:1018000010F8013BCB1A921C03E013F8015B01F8BE
:10181000015B521EF9D5A142D8D3002070BD000053
:1018200010B5024801F0C4FB10BD0000509E012419
:1018300000BFFEE7F8B505460E464FF6FF7448F2C6
:10184000050000906946684607F0AEFB10E015F809
:10185000010B4440002009E004F0010121B1BDF872
:10186000001081EA640400E06410401C0828F3DBE7
:10187000301EA6F10106EAD12046F8BD10B5024897
:1018800001F096FB10BD00004884012410B5024809
:1018900001F08EFB10BD00004897012410B50248EE
:1018A00001F086FB10BD0000C898012410B5024865
:1018B00001F07EFB10BD0000489A012410B50248DB
:1018C00001F076FB10BD0000C89B012410B5024852
:1018D00001F06EFB10BD0000489D01240146374A0F
:1018E0000868904249D0354A18320868904244D07E
:1018F000324A3032086890423FD0304A4832086855
:1019000090423AD02D4A60320868904235D02B4A36
:1019100078320868904230D0284A90320868904265
:101920002BD0264AA8320868904226D0244A08685C
:10193000904222D0224A1832086890421DD0204A94
:1019400030320868904218D01D4A483208689042E8
:1019500013D01B4A6032086890420ED0184A783281
:101960000868904209D0164A90320868904204D024
:10197000134AA8320868904201D1012000E00020FB
:10198000B0B10A78103A1823B2FBF3F000F0070266
:101990000C4B9A5CCA65032805D90A686FF30902E3
:1019A000121D8A6503E00A686FF309028A6503E085
:1019B000086820F0FF008865886D704710000240BD
:1019C0001004024078F8050810B502682B4C036833
:1019D000A34222D0294C14340368A3421DD0274CC3
:1019E00028340368A34218D0244C3C340368A34233
:1019F00013D0224C50340368A3420ED01F4C6434E1
:101A00000368A34209D01D4C78340368A34204D074
:101A10001A4C8C340368A34201D1012300E0002357
:101A20008BB10378083B1424B3FBF4F1144B03EBA4
:101A300081030366124B8033436601F01F040123C8
:101A4000A340836618E00378103B1824B3FBF4F13D
:101A50000C4B9A4204D80B4BA83B9A4200D3083156
:101A6000094B03EB81030366074B8033436601F0A8
:101A70001F040123A340836610BD000008540258D0
:101A800000580258B8040240000802400179A9B386
:101A9000082940D8204B02689A4222D01E4B1433AA
:101AA00002689A421DD01C4B283302689A4218D013
:101AB000194B3C3302689A4213D0174B50330268DB
:101AC0009A420ED0144B643302689A4209D0124BEA
:101AD000783302689A4204D00F4B8C3302689A42E2
:101AE00001D1012200E000224AB14A1E0B4B03EB58
:101AF0008202C266094A4032026708E00BE04A1ED1
:101B0000074B03EB8202C266054A403202674A1E57
:101B10000123934043677047085402580059025804
:101B200000090240014600208A69D2B98A6A32B1AE
:101B3000012A0DD0022A03D0032A10D10EE000BFE3
:101B4000CA6A02F08072B2F1807F00D1012007E002
:101B5000CA6AB2F1C07F00D1012001E000E000BFFD
:101B600036E08A69B2F5005F1BD18A6A32B1012A78
:101B700007D0022A03D0032A11D10AE000BF0120B6
:101B80000EE0CA6A02F08072B2F1807F00D10120BB
:101B900006E0CA6AB2F1C07F00D1012000E000BFB8
:101BA00016E08A6A32B1012A05D0022A04D0032A3B
:101BB0000CD103E000BF00BF012008E0CA6A02F0B8
:101BC0008072B2F1807F00D1012000E000BF00BF31
:101BD00070470000F0B5856D846D984F0668BE4271
:101BE00070D0964F18370668BE426BD0934F30378F
:101BF0000668BE4266D0914F48370668BE4261D043
:101C00008E4F60370668BE425CD08C4F78370668CE
:101C1000BE4257D0894F90370668BE4252D0874F98
:101C2000A8370668BE424DD0854F0668BE4249D0EF
:101C3000834F18370668BE4244D0814F303706685C
:101C4000BE423FD07E4F48370668BE423AD07C4FF6
:101C500060370668BE4235D0794F78370668BE4295
:101C600030D0774F90370668BE422BD0744FA837DC
:101C70000668BE4226D0734F0668BE4222D0714F1E
:101C800014370668BE421DD06E4F28370668BE4224
:101C900018D06C4F3C370668BE4213D0694F50379E
:101CA0000668BE420ED0674F64370668BE4209D050
:101CB000644F78370668BE4204D0624F8C3706689E
:101CC000BE4201D1012600E000263EB1D0E91976DE
:101CD0007E60C66E16B1D0E91C767E60574F0668EE
:101CE000BE4249D0554F18370668BE4244D0534FC4
:101CF00030370668BE423FD0504F48370668BE4274
:101D00003AD04E4F60370668BE4235D04B4F7837D9
:101D10000668BE4230D0494F90370668BE422BD08D
:101D2000464FA8370668BE4226D0454F0668BE42D9
:101D300022D0434F18370668BE421DD0404F30377F
:101D40000668BE4218D03E4F48370668BE4213D0E0
:101D50003B4F60370668BE420ED0394F7837066871
:101D6000BE4209D0364F90370668BE4204D0344F89
:101D7000A8370668BE4201D1012600E00026DEB188
:101D800090F85C6006F01F073F26BE40AE60066814
:101D9000366826F4802607683E60066873608668A9
:101DA000402E04D10668B2600668F16044E006681F
:101DB000B1600668F2603FE0224F0668BE4222D062
:101DC000204F14370668BE421DD01E4F28370668C4
:101DD000BE4218D01B4F3C370668BE4213D0194F85
:101DE00050370668BE420ED0164F64370668BE42B2
:101DF00009D0144F78370668BE4204D0114F8C3793
:101E00000668BE4201D1012600E00026A6B190F886
:101E10005C6006F01F070126BE40666006687360BE
:101E20008668402E04D10668B2600668F16003E05F
:101E30000668B1600668F260F0BD00001000024064
:101E40001004024008540258704710B5002210E0F8
:101E500002EB4204036903EBC40100230B604B60F7
:101E60008B60CB600B614B6100F1440343F822109F
:101E7000521C042AECD3002444658465C46544667E
:101E800004660324036803F58053C3F830410368F4
:101E900003F580530469C3F81C410369483304689F
:101EA00004F58054C4F8283110BD10B500220EE0AE
:101EB00002EB4204C36803EBC40100230B604B60D8
:101EC0008B60CB6000F1180343F82210521C042AE7
:101ED000EED3002484620324036803F58053C3F81F
:101EE0002C41036803F58053C468C3F814410368A8
:101EF00003F58053C468C3F8204110BD10B50248F3
:101F000002F020FC10BD000008D3012410B5A2B0DF
:101F1000044601208DF83300002012908DF8410016
:101F20008DF8430001208DF828008DF856008DF8BB
:101F3000320000208DF84C0001208DF88400400311
:101F40000F9000208DF85C0018908DF885008DF8BA
:101F500086004FF4C360169000208DF830000B907F
:101F600001208DF8350000208DF836008DF84000F6
:101F70001D901B9014908DF864008DF87A0001205C
:101F80008DF842002020209001208DF84400002090
:101F90008DF855004FF0405009904FF480400E905E
:101FA00000208DF8310002201F9000208DF878006D
:101FB0008DF879008DF8540001208DF83400002050
:101FC0001A9001208DF8700009A9204600F0AEFAA1
:101FD00001208DF804000290002000908DF81C0074
:101FE0008DF80D008DF80C004FF4001006900020C5
:101FF0008DF814004FF40010049000208DF81D009F
:102000004FF4067008906946204600F031FA22B07D
:1020100010BD000070B506463068D0F8004224F4C8
:10202000706404F06DFF05461348854205D31348DC
:10203000854202D244F400741AE01048854205D368
:102040000F48854202D244F4407411E00C488542A6
:1020500003D30C48854200D20AE00A48854205D3E2
:102060000948854202D244F4807401E044F480645B
:102070003068C0F8004270BD002D3101C00E16025C
:102080000087930300E1F50580D1F0080020704738
:1020900010B503F0C7FB10BD10B5024802F030FFC9
:1020A000002010BD08D3012470B504460D46164625
:1020B00033462A462146044802F0B7FE10B14FF0DD
:1020C000FF3070BD0020FCE708D3012470B5044642
:1020D0000D46164633462A462146044803F0B6F814
:1020E00010B14FF0FF3070BD0020FCE708D3012491
:1020F0002DE9F04F06460B46914606F11804226979
:10210000D4F810C0002754F822109D68BA46C86859
:1021100000F00040B0F1004F04D004F1140050F87A
:10212000220010B10220BDE8F08F187800F0040002
:10213000C8B3C8686FF30F00D3F824B040EA0B00AF
:10214000C860C86840F48030C8603068006E40F4F1
:102150008010D6F800B0CBF86000187800F00800C6
:1021600008B3B3F82CB088686BF31F408860C86868
:1021700040F40030C860C86820F44020D3F830B084
:1021800040EA0B00C8603068406E40F48010D6F81A
:1021900000B0CBF864003068006D40F08060D6F885
:1021A00000B0CBF85000187800F0100058B18868E3
:1021B0006FF30D00D3F818B040EA0B008860C868D0
:1021C00040F08060C860187800F0040018B91878F2
:1021D00000F01000F0B1C86840F08040C860C868E6
:1021E00040F00040C86000BF521C042A00D3121FF8
:1021F00000BF54F822107F1CC86800F00040B0F106
:10220000004F07D154F82C10C86820F00040C86077
:10221000022088E77F1C2868086088686FF30D003B
:10222000D5F804B040EA0B008860A86868B1AD68D2
:10223000286848608868DFF834B200EA0B00B5F817
:1022400004B040EA0B40886007E0002048608868DE
:10225000DFF818B200EA0B008860187800F0100070
:10226000A0B1C86820F4F000B3F820B040EACB4039
:10227000C860C8686FF31100D3F81CB040EA0B00C7
:10228000C860C86840F48020C8601FE0C8686FF369
:102290000E00D3F804B040EA0B00C860187800F0D4
:1022A000010038B1C86820F44030D3F814B040EAD7
:1022B0000B00C860187800F0200038B1C86820F022
:1022C0004060D3F810B040EA0B00C860187800F006
:1022D000040038B1886820F44040D3F828B040EAC0
:1022E0000B008860C86840F00050C860C86820F0E3
:1022F0008040C860C86840F00040C860187800F0AE
:10230000020038B1C86820F06070D3F80CB040EA21
:102310000B00C86085E0C86820F08050C86000BF2E
:10232000521C042A00D3121F00BF54F82210C868A0
:1023300020F00050C860C86800F00040B0F1004FC5
:1023400004D004F1140050F82200B8B1624654F8E9
:1023500022104FF000080DE0C86820F00040C8606F
:1023600000BF521C042A00D3121F00BF54F82210D1
:1023700008F10108B845EFD30220D4E67F1CAD6810
:102380002868086088686FF30D00D5F804B040EA4B
:102390000B008860A86868B1AD68286848608868E4
:1023A000DFF8C8B000EA0B00B5F804B040EA0B4013
:1023B000886007E0002048608868DFF8B0B000EA75
:1023C0000B008860187800F0100060B1C8686FF3E7
:1023D0001100D3F81CB040EA0B00C860C86840F494
:1023E0008020C86013E0C8686FF30E00D3F804B013
:1023F00040EA0B00C860187800F0010038B1C868E6
:1024000020F44030D3F814B040EA0B00C8600AF161
:10241000010AC86840F00040C860C86820F08040E9
:10242000C860A86800287FF476AFB9F1000F04D027
:10243000886840F00040886003E0886820F0004031
:102440008860C86840F08050C86004F11400D4F877
:1024500024B040F822B0226172B60AF10100D4F82B
:1024600028B05844A06262B600205CE6FFFF00C0BE
:1024700010B5036803F580531B6847F60204A343B5
:102480000C682343046804F5805423600C798B683E
:1024900043EA04330C7B43EAC432036803F58053F8
:1024A0005B684DF20104A3431343046804F58054B0
:1024B00063604C7B0B6A43EA0442036803F5805374
:1024C000D3F80031164C23401343046804F58054BC
:1024D000C4F800310C7D0B6943EA04134C7F43EAD6
:1024E0000432036803F58053D3F804310D4C2340C4
:1024F0001343046804F58054C4F804310C7F8B69DD
:1025000043EAC472036803F58053D3F80831064CDC
:1025100023401343046804F58054C4F8083110BD07
:1025200000C0FEFFEFEFC0FFFFFFC07F10B50C68DB
:102530008B6823430C7943EAC4630C7B43EAC4539E
:102540004C7B43EA84538C7B43EA4453CC7B43EA81
:1025500004530C7C0CB9012400E0002443EAC4437A
:102560004C7C0CB9012400E0002443EA44438C7CF9
:1025700043EA04434C6923438C6923430C7F43EAB9
:1025800004334C7F43EAC4238C7F0CB9012400E060
:10259000002443EA8423CC7F43EA442391F820407B
:1025A0000CB9012400E0002443EA042351F8244F2D
:1025B00023430C7943EA04138C6843EA040203685A
:1025C0001B683D4C23401343046823600B7E5B066D
:1025D0000C7D43EA04630C7B43EA84434C7B43EA6F
:1025E00044438C7B24390CB9012400E0002443EAE5
:1025F00004434C6B43EA040203685B682F4C23409E
:1026000013430468636091F840404B6C43EA042232
:102610000368DB6840F20F14A34313430468E360CC
:1026200091F854400B6D43EA440391F84C400CB9C7
:10263000012400E0002443EAC41331F8484F43EA80
:10264000044203681B6F4FF60D7423401343046864
:1026500023678B7B4C7B43EA44020368D3F89030BA
:1026600023F0030313430468C4F890300368D3F8DD
:10267000003D23F072030C6923430468C4F8003D55
:102680000C7E4B6948390CB9012400E0002443EA70
:10269000841391F8614043EA041391F8624043EADD
:1026A000C4020368D3F8303D23F07B03134304686E
:1026B000C4F8303D10BD0000838004000080F8C0E5
:1026C00010B50A46042800DB10BD00211BE0114BA9
:1026D00003EB802353F82130934212D10D4B03EBCF
:1026E00080240D4B1B5C5B1E54F82330094C04EB1B
:1026F000802444F82130084B1B5C5B1E064C23549D
:1027000005E04B1CD9B2044B1B5C8B42DFDC00BFE5
:1027100000BFD9E7680500243A0000242DE9FF41F5
:10272000074627B94FF0FF3004B0BDE8F081002420
:102730000020009001900290039000BF05E01E4928
:10274000095C2144CCB2411CC8B20428F7DB224604
:102750001AA168460AF03CFA69463846FDF7BDFE04
:10276000002C23DD00251FE01348405D00B919E06F
:10277000002612E013A13846FDF7AFFE124800EB29
:10278000852050F8262011A168460AF021FA6946F2
:102790003846FDF7A2FE701CC6B20748405DB04245
:1027A000E8DC00BF681CC5B2042DDDDB09A138469A
:1027B000FDF793FE60B2B7E73A0000244552523D60
:1027C000256400002C0000006805002425303858DE
:1027D000000000003B00000001B9704700BFFEE7A9
:1027E000042800DB7047002209E0104B03EB802334
:1027F00053F822308B4200D1F4E7531CDAB20C4B71
:102800001B5C9342F1DC0A4A125CFF2A0BDC074A8C
:1028100002EB8022064B1B5C42F82310044A125C38
:10282000521C034B1A5400BFDCE70000680500246B
:102830003A00002410B501F001037BB1134BDB68B3
:1028400023F4E663114CE36042F0040343EA0023FF
:1028500043F08003E46823430C4CE36001F002037F
:10286000022B12D10A4B1B6823F4E663074CC4F811
:102870000C3142F0040343EA002343F08003D4F810
:102880000C412343014CC4F80C3110BD0020005210
:102890000C21005201F00302032A1BD1234AD26803
:1028A00022F03002214BDA60214A126822F0300215
:1028B000C3F80C211A46D2680243DA601A46D2F8ED
:1028C0000C210243C3F80C211A46926942F010020F
:1028D0009A6129E001F0010272B1144AD26822F033
:1028E0003002124BDA601A46D2680243DA601A46A6
:1028F000D26842F08802DA6001F00202022A13D1A3
:102900000B4A126822F03002084BC3F80C211A4619
:10291000D2F80C210243C3F80C211A46D2F80C213C
:1029200042F08802C3F80C217047000000200052DA
:102930000C2100522DE9F04107460E4604240025E3
:1029400002F070FF8046022E00D1344C0BE0781C60
:1029500048B102F067FFA0EB0800B84200D817B9F1
:102960000320BDE8F0812E482040A04208D12D4828
:1029700000692040A04201D101200DE000200BE0C1
:102980002948006824F00041084024F000418842B2
:1029900001D1012000E000200028D8D1012E05D16E
:1029A00020480069214900EA010505E01E48006849
:1029B0001F49084040F0004525F0004090B11D48F7
:1029C000806928431B49886115482840A84202D1E4
:1029D0001448456104E025F000401349091D0860D2
:1029E0000120BEE7012E0AD10E48006900F48030B4
:1029F000B0F5803F0FD130040A4948610BE00A4826
:102A0000006800F48030B0F5803F04D14FF480308E
:102A10000549091D08600020A3E7000004000080AC
:102A20000F00EF1F00200052102100520000EE178F
:102A30000000EE97ECD201242DE9F04107460D4647
:102A40001646002409E055F824103846FDF780FDAD
:102A500010B92046BDE8F081641CB442F3DB4FF0AE
:102A6000FF30F7E72DE9F0410546002425E004EBAF
:102A70004400154911F82000298888421CD104EB34
:102A80004403114F07EB8303198904EB440307EB5D
:102A9000830358680D4B1A689047064604EB4400C0
:102AA000394601EB8000807AB04201D1012600E076
:102AB00000263046BDE8F081641C05480078844259
:102AC000D5DB0020F6E700004002002428020024A5
:102AD000E3F805082DE9F041044602F0A3FE804624
:102AE00014B90120BDE8F08194F83500022808D01F
:102AF0008020606500BF002084F8340000BF012002
:102B0000F0E7FE492068884249D0FC491831206826
:102B1000884244D0F9493031206888423FD0F74993
:102B20004831206888423AD0F449603120688842B0
:102B300035D0F24978312068884230D0EF49903161
:102B4000206888422BD0ED49A8312068884226D0E1
:102B5000EB492068884222D0E94918312068884230
:102B60001DD0E74930312068884218D0E449483107
:102B70002068884213D0E2496031206888420ED034
:102B8000DF4978312068884209D0DD4990312068DA
:102B9000884204D0DA49A8312068884201D1012056
:102BA00000E0002068B12068006820F01E00216865
:102BB00008602068406920F080002168486125682D
:102BC00006E02068006820F00E0021680860256893
:102BD000CA492068884270D0C849183120688842A4
:102BE0006BD0C64930312068884266D0C34948312D
:102BF0002068884261D0C1496031206888425CD039
:102C0000BE4978312068884257D0BC49903120684D
:102C1000884252D0B949A831206888424DD0B8497D
:102C20002068884249D0B64918312068884244D08B
:102C3000B3493031206888423FD0B14948312068DB
:102C400088423AD0AE4960312068884235D0AC49DC
:102C500078312068884230D0A94990312068884274
:102C60002BD0A749A8312068884226D0A5492068E2
:102C7000884222D0A3491431206888421DD0A1493E
:102C800028312068884218D09E493C31206888420B
:102C900013D09C495031206888420ED09949643144
:102CA0002068884209D0974978312068884204D04A
:102CB00094498C312068884201D1012000E0002035
:102CC00028B1206E006820F48070216E08608B4966
:102CD0002068884249D0894918312068884244D008
:102CE00086493031206888423FD084494831206885
:102CF00088423AD0814960312068884235D07F4986
:102D000078312068884230D07C49903120688842F0
:102D10002BD07A49A8312068884226D0784920688B
:102D2000884222D076491831206888421DD07449E3
:102D300030312068884218D0714948312068884273
:102D400013D06F496031206888420ED06C497831C9
:102D50002068884209D06A4990312068884204D0AE
:102D60006749A8312068884206D12068006820F0B1
:102D700001002168086005E02068006820F001007B
:102D80002168086011E002F04DFDA0EB0800052865
:102D90000BD920206065032084F8350000BF002097
:102DA00084F8340000BF01209CE6286800F0010090
:102DB0000028E8D151492068884249D04F4918314C
:102DC0002068884244D04D493031206888423FD045
:102DD0004A494831206888423AD0484960312068E1
:102DE000884235D0454978312068884230D04349FF
:102DF0009031206888422BD04049A8312068884211
:102E000026D03F492068884222D03D4918312068A9
:102E100088421DD03A4930312068884218D038495C
:102E200048312068884213D0354960312068884293
:102E30000ED0334978312068884209D0304990312A
:102E40002068884204D02E49A8312068884201D1E8
:102E5000012000E0002040B1A66D94F85C0000F075
:102E60001F013F208840B06007E0A76D94F85C0028
:102E700000F01F01012088407860204920688842C6
:102E800076D01E4918312068884271D01B493031F4
:102E9000206888426CD0194948312068884267D040
:102EA000164960312068884262D014497831206820
:102EB00088425DD0114990312068884258D00F492E
:102EC000A8312068884253D00D49206888424FD0ED
:102ED0000B491831206888424AD0094930312068AE
:102EE000884245D0064948312068884240D004498C
:102EF0006031206888423BD0014905E01000024063
:102F000010040240085402587831206888422FD0BB
:102F10002549206888422BD02349183120688842EF
:102F200026D022492068884222D0204914312068C6
:102F300088421DD01D4928312068884218D01B497D
:102F40003C312068884213D01849503120688842AB
:102F50000ED0164964312068884209D0134978316F
:102F60002068884204D011498C312068884201D100
:102F7000012000E0002068B1D4E919104860E06E3B
:102F800040B1E06E006820F48070E16E0860D4E922
:102F90001C104860012084F8350000BF002084F830
:102FA000340000BF00BF9DE5A00402400854025851
:102FB0002DE9F84F044600200090FE4800684FF4C9
:102FC0001651B0FBF1FAA66DD4F858803768D8F8DE
:102FD0000090F9492068884249D0F74918312068A3
:102FE000884244D0F4493031206888423FD0F249C9
:102FF0004831206888423AD0EF49603120688842E1
:1030000035D0ED4978312068884230D0EA49903196
:10301000206888422BD0E849A8312068884226D011
:10302000E6492068884222D0E44918312068884265
:103030001DD0E24930312068884218D0DF4948313C
:103040002068884213D0DD496031206888420ED064
:10305000DA4978312068884209D0D849903120680F
:10306000884204D0D549A8312068884201D1012086
:1030700000E0002000287DD094F85C0000F01F01E3
:10308000082088403840002868D0CB492068884212
:1030900049D0C94918312068884244D0C6493031E6
:1030A000206888423FD0C4494831206888423AD0DD
:1030B000C14960312068884235D0BF4978312068E5
:1030C000884230D0BC499031206888422BD0BA4920
:1030D000A8312068884226D0B8492068884222D08A
:1030E000B6491831206888421DD0B4493031206873
:1030F000884218D0B14948312068884213D0AF497E
:103100006031206888420ED0AC497831206888420E
:1031100009D0AA4990312068884204D0A749A83133
:103120002068884204D12068006800F0040003E0B1
:103130002068006800F0080080B12068006820F076
:1031400004002168086094F85C0000F01F0108206A
:103150008840B060606D40F00100606594F85C00EC
:1031600000F01F01012088403840E8B392492068F0
:10317000884200E0B7E24BD08F491831206888427E
:1031800046D08D4930312068884241D08A49483143
:10319000206888423CD0884960312068884237D016
:1031A000854978312068884232D08349903120683F
:1031B00088422DD08049A8312068884228D07F4994
:1031C0002068884224D07D491831206888421FD069
:1031D0007A493031206888421AD0784948312068CD
:1031E000884215D0754900E026E0603120688842A9
:1031F0000ED0724978312068884209D06F499031E9
:103200002068884204D06D49A8312068884204D1E2
:103210002068406900F0800002E02068006800201B
:1032200050B194F85C0000F01F0101208840B060AC
:10323000606D40F00200606594F85C0000F01F01D2
:10324000042088403840E8B35B49206888424BD06E
:10325000594918312068884246D057493031206892
:10326000884241D054494831206888423CD0524974
:1032700060312068884237D04F49783120688842D1
:1032800032D04D499031206888422DD04A49A8312A
:103290002068884228D049492068884224D047497C
:1032A0001831206888421FD0444930312068884254
:1032B0001AD0424948312068884215D03F496031D0
:1032C000206800E024E088420ED03C497831206834
:1032D000884209D0394990312068884204D0374962
:1032E000A8312068884204D12068006800F00200FC
:1032F00002E020680068002050B194F85C0000F003
:103300001F0104208840B060606D40F004006065DB
:1033100094F85C0000F01F01102088403840E8B3AA
:1033200025492068884251D02349183120688842B5
:103330004CD0214930312068884247D01E4948315D
:103340002068884242D01C496031206888423DD0C4
:10335000194978312068884238D01749903120685F
:10336000884233D01449A831206888422ED01349AE
:10337000206888422AD0114918312068884225D017
:103380000E4930312068884220D00C4948312068ED
:1033900088421BD009496031206800E04DE0884236
:1033A00014D006497831206888420FD00349903103
:1033B000206805E0000000241000024010040240D4
:1033C000884203D0FE492068884204D12068006802
:1033D00000F0080003E02068006800F0040060B31B
:1033E00094F85C0000F01F0110208840B060206855
:1033F000006800F4802080B12068006800F400209C
:1034000028B9206CC8B12046216C884715E0A06C13
:1034100098B12046A16C88470FE02068006800F44E
:10342000807028B92068006820F0080021680860D2
:10343000206C10B12046216C884794F85C0000F0A5
:103440001F0120208840384000287DD0DD492068B9
:10345000884249D0DB4918312068884244D0D94994
:103460003031206888423FD0D649483120688842B0
:103470003AD0D44960312068884235D0D14978317A
:103480002068884230D0CF499031206888422BD0C4
:10349000CC49A8312068884226D0C949A83920687B
:1034A000884221D0C6499039206888421CD0C4493E
:1034B00078392068884217D0C1496039206888422D
:1034C00012D0BF494839206888420DD0BC493039F4
:1034D0002068884208D0BA4918392068884203D049
:1034E000B7492068884204D12068006800F01000C5
:1034F00003E02068006800F0020028B394F85C0044
:1035000000F01F0120208840B06094F835000428A6
:103510002DD12068006820F016002168086020681E
:10352000406920F0800021684861206C08B9A06CD7
:1035300028B12068006820F008002168086094F82D
:103540005C0000F01F0100E03FE03F208840B060D9
:10355000012084F8350000BF002084F8340000BF4B
:10356000206D10B12046216D8847BDE8F88F206896
:10357000006800F4802080B12068006800F400201A
:1035800028B9606C08B32046616C88471DE0E06B89
:10359000D8B12046E16B884717E02068006800F446
:1035A000807068B92068006820F010002168086009
:1035B000012084F8350000BF002084F8340000BFEB
:1035C000E06B10B12046E16B8847606D00287AD02F
:1035D000606D00F00100E8B3042084F835007949FB
:1035E000206888424BD0774918312068884246D0FD
:1035F000744930312068884241D07249483120688E
:1036000088423CD06F4960312068884237D06D498C
:1036100078312068884232D06A49903120688842E7
:103620002DD06849A8312068884228D06449A8393B
:103630002068884223D062499039206888421ED091
:103640005F4978392068884219D05D49603920681F
:10365000884200E040E012D0594948392068884249
:103660000DD0574930392068884208D0544918395C
:103670002068884203D052492068884206D12068D9
:10368000006820F001002168086005E020680068FB
:1036900020F001002168086000BF0098401C0090E5
:1036A000504500D905E02068006800F001000028BE
:1036B000F3D100BF2068006800F0010020B10320B2
:1036C00084F8350003E00DE0012084F8350000BFE8
:1036D000002084F8340000BFE06C002802D02046AF
:1036E000E16C8847D9E138492068884222D03649C0
:1036F0001431206888421DD033492831206888421F
:1037000018D031493C312068884213D02E495031BD
:10371000206888420ED02C4964312068884209D044
:10372000294978312068884204D027498C312068A3
:10373000884201D1012000E000200028D2D020687A
:10374000056894F85C0000F01F010420884000EA3E
:103750000900D8B305F00400C0B394F85C0000F091
:103760001F0104208840C8F8040005F4004080B11F
:1037700005F4803030B9A06C0028B3D02046A16C8D
:1037800088478AE1206C0028ACD02046216C88470D
:1037900083E105F02000E8BB0A492068884253D045
:1037A00008491831206888424ED0064930312068D7
:1037B000884249D0034948312068884244D006E015
:1037C000B804024010000240085402584FE0B449C7
:1037D00060312068884237D0B1497831206888420A
:1037E00032D0AF499031206888422DD0AC49A83101
:1037F0002068884228D0AB492068884224D0A94953
:103800001831206888421FD0A6493031206888428C
:103810001AD000E025E0A34948312068884213D03F
:10382000A0496031206888420ED09E4978312068D6
:10383000884209D09B4990312068884204D0994938
:10384000A8312068884206D12068006820F008006E
:103850002168086005E02068006820F00400216805
:103860000860206C10B32046216C884715E194F85D
:103870005C0000F01F010220884000EA0900E8B364
:1038800005F00200D0B394F85C0000F01F010220A4
:103890008840C8F8040005F4004070B105F4803099
:1038A00028B9606C10B12046616C8847F5E0E06B88
:1038B000F0B32046E16B8847EFE005F02000C0BB85
:1038C0007749206888424ED075491831206888426F
:1038D00049D0734930312068884244D0704948311A
:1038E000206888423FD06E496031206888423AD0D3
:1038F0006B4978312068884235D000E04EE0684955
:103900009031206888422ED06549A83120688842CD
:1039100029D064492068884225D06249183120683E
:10392000884220D05F493031206888421BD001E0B6
:103930006EE02DE05B4948312068884213D0594938
:103940006031206888420ED056497831206888421C
:1039500009D0544990312068884204D05149A83197
:103960002068884206D12068006820F01400216891
:10397000086005E02068006820F00A0021680860FF
:10398000012084F8350000BF002084F8340000BF17
:10399000E06BE8B32046E16B88477EE094F85C007A
:1039A00000F01F010820884000EA090080B305F0FC
:1039B000080068B33A49206888424BD0384918312A
:1039C0002068884246D0364930312068884241D04C
:1039D00033494831206888423CD031496031206801
:1039E000884237D02E4978312068884232D02C491D
:1039F0009031206888422DD02949A831206888421A
:103A000028D028492068884224D02649183100E06F
:103A100043E0206888421DD0224930312068884226
:103A200018D0204948312068884213D01D496031A0
:103A3000206888420ED01B4978312068884209D01E
:103A4000184990312068884204D01649A83120686E
:103A5000884206D12068006820F01C0021680860B8
:103A600005E02068006820F00E002168086094F8E6
:103A70005C0000F01F0101208840C8F8040001200C
:103A8000606584F8350000BF002084F8340000BF72
:103A9000E06C10B12046E16C884700BF65E500008E
:103AA00010000240100402402DE9F041044601F0EC
:103AB000B9FE804614B90120BDE8F081FE492068B6
:103AC000884249D0FC4918312068884244D0FA49DC
:103AD0003031206888423FD0F74948312068884219
:103AE0003AD0F54960312068884235D0F2497831C2
:103AF0002068884230D0F0499031206888422BD02D
:103B0000ED49A8312068884226D0EC4920688842D7
:103B100022D0EA491831206888421DD0E749303167
:103B20002068884218D0E54948312068884213D07F
:103B3000E2496031206888420ED0E049783120683F
:103B4000884209D0DD4990312068884204D0DB49A1
:103B5000A8312068884201D1012000E0002000281F
:103B600073D0606A00B100BF022084F8350000BF46
:103B7000002084F8340000BFCF492068884249D033
:103B8000CD4918312068884244D0CB493031206873
:103B900088423FD0C8494831206888423AD0C64957
:103BA00060312068884235D0C34978312068884226
:103BB00030D0C1499031206888422BD0BE49A8310D
:103BC0002068884226D0BD492068884222D0BB495F
:103BD0001831206888421DD0B849303120688842A9
:103BE00018D0B64948312068884213D0B3496031B3
:103BF000206888420ED0B14978312068884209D0C7
:103C0000AE4990312068884204D0AC49A831206880
:103C1000884206D12068006820F001002168086011
:103C200005E02068006820F00100216808600DE0D0
:103C300001F0F8FDA0EB0800052807D920206065F9
:103C4000032084F83500012036E76AE02068006828
:103C500000F001000028EBD1206805689848054075
:103C6000D4E9020108432169084361690843A16955
:103C70000843E1690843216A08430543606A042850
:103C800003D1D4E90B01084305438E4800686FF364
:103C90000F00B0F1005F1DD36068292802D360686F
:103CA0002E2811D960683F2802D3606842280BD9BA
:103CB0006068472802D36068482805D960684F28A3
:103CC00004D36068522801D8012000E0002008B128
:103CD00045F48015206805602068456925F00705D2
:103CE000606A0543606A04280DD1A06A0543E06A52
:103CF00048B12046FDF716FF28B14020606501203D
:103D000084F83500D8E6206845612046FDF7E6FDD9
:103D1000064694F85C0000F01F013F208840B06028
:103D20009EE069492068884222D0674914312068A2
:103D300088421DD0644928312068884218D06249E1
:103D40003C312068884213D05F4950312068884256
:103D50000ED05D4964312068884209D05A497831D3
:103D60002068884204D058498C312068884201D1AB
:103D7000012000E00020E0B353492068884222D0AF
:103D800051491431206888421DD04F49283120689C
:103D9000884218D04C493C312068884213D04A49A7
:103DA0005031206888420ED04749643120688842EB
:103DB00009D0454978312068884204D042498C3185
:103DC0002068884201D1012000E0002000B100BF3E
:103DD000022084F8350000BF002084F8340000BFC2
:103DE0002068056839480540A068402802D11021A4
:103DF00006E02EE0A068802801D1C10100E000218A
:103E0000E06841EAD001206941EAD001606941EAF5
:103E1000D001A06941EAD001E06941EAD001206AFD
:103E200041EA101005432068056027492068401AC0
:103E30001421B0FBF1F08000E0652046FDF74EFD57
:103E4000074694F85C0000F01F010120884078606C
:103E500006E040206065032084F8350001202BE651
:103E60001549206888427FD013491831206888425C
:103E70007AD0114930312068884275D00E494831D6
:103E80002068884270D00C496031206888426BD02D
:103E9000094978312068884266D007499031206806
:103EA000884261D00449A831206888425CD0034927
:103EB0002068884258D00BE01000024010040240F5
:103EC0003F8010FE0010005C085402580F00FEFFF7
:103ED0003B4918312068884246D039493031206842
:103EE000884241D036494831206888423CD0344924
:103EF00060312068884237D0314978312068884263
:103F000032D02F499031206888422DD02C49A831D9
:103F10002068884228D02B492068884224D029492B
:103F20001431206888421FD02649283120688842F1
:103F30001AD024493C312068884215D0214950319B
:103F40002068884210D01F496431206888420BD015
:103F50001C4978312068884206D01A498C31206883
:103F6000884200E000E001D1012000E0002000B321
:103F70002046FDF729FDA068802801D1002060605F
:103F80002079216E0860D4E919104860606860B13A
:103F90006068082809D82046FDF778FD0020E16E0A
:103FA0000860D4E91C10486003E00020E066206748
:103FB000606700206065012084F8350000207BE503
:103FC00010040240085402582DE9F04104460D4601
:103FD00016461F464FF0000814B90120BDE8F081D5
:103FE00000BF94F83400012801D10220F6E7012037
:103FF00084F8340000BF94F8350001287ED10220F7
:1040000084F8350000206065E4492068884249D082
:10401000E24918312068884244D0E04930312068B4
:1040200088423FD0DD494831206888423AD0DB4998
:1040300060312068884235D0D8497831206888427C
:1040400030D0D6499031206888422BD0D349A8314E
:104050002068884226D0D2492068884222D0D049A0
:104060001831206888421DD0CD49303120688842FF
:1040700018D0CB4948312068884213D0C8496031F4
:10408000206888420ED0C64978312068884209D01D
:10409000C34990312068884204D0C149A8312068C2
:1040A000884206D12068006820F00100216808607D
:1040B00005E02068006820F00100216808603B46A8
:1040C000324629462046FDF785FDB44920688842DE
:1040D0004BD0B24918312068884246D0AF493031C0
:1040E0002068884241D0AD494831206888423CD0A0
:1040F000AA4960312068884237D000E042E1A749F0
:1041000078312068884230D0A449903120688842B4
:104110002BD0A249A8312068884226D0A049206827
:10412000884222D09E491831206888421DD09C497F
:1041300030312068884218D0994948312068884237
:1041400013D097496031206888420ED09449783165
:104150002068884209D0924990312068884204D072
:104160008F49A8312068884201D1012000E0002059
:1041700080B12068006820F01E0040F01600216821
:104180000860206CB0B12068006840F00800216829
:1041900008600FE02068006820F00E0040F00A0080
:1041A00021680860206C28B12068006840F0040095
:1041B0002168086079492068884270D077491831B1
:1041C000206888426BD0754930312068884266D0BB
:1041D000724948312068884261D070496031206856
:1041E00088425CD06D4978312068884257D06B494D
:1041F00090312068884252D06849A83120688842AE
:104200004DD067492068884249D0654918312068F7
:10421000884244D062493031206888423FD06049AA
:104220004831206888423AD05D4960312068884230
:1042300035D05B4978312068884230D05849903178
:10424000206888422BD05649A8312068884226D061
:1042500054492068884222D052491431206888424B
:104260001DD0504928312068884218D04D493C3132
:104270002068884213D04B495031206888420ED0C4
:10428000484964312068884209D04649783120681D
:10429000884204D043498C312068884201D10120F2
:1042A00000E0002090B1206E006800F4803028B15A
:1042B000206E006840F48070216E0860E06E28B1C6
:1042C000E06E006840F48070E16E08603349206859
:1042D000884249D0314918312068884244D02F495A
:1042E0003031206888423FD02C49483120688842CC
:1042F0003AD02A4960312068884235D02749783140
:104300002068884230D025499031206888422BD0DF
:104310002249A8312068884226D021492068884255
:1043200022D01F491831206888421DD01C493031E5
:104330002068884218D01A4948312068884213D032
:1043400017496031206888420ED0154978312068BD
:10435000884209D0124990312068884204D010491F
:10436000A8312068884206D12068006840F001002A
:104370002168086010E02068006840F001002168B2
:10438000086009E04FF40060606500BF002084F819
:10439000340000BF4FF0010840461FE61000024005
:1043A0001004024008540258F0B5044604F14402D7
:1043B000536952F823109669906908B90120F0BD3D
:1043C000D06900B1761C002522E0086908604FF032
:1043D0008070C860486928B148698860C86840F042
:1043E0000070C860C86840F00040C860106A18B12A
:1043F000C86840F08040C860701EA84207D900BF5E
:104400005B1C042B00D31B1F00BF52F823106D1C34
:10441000B542DAD3206800F58050C0F8281100209A
:1044200090610027276600BFC9E7704730B5044692
:104430000D4604F1440050F825100AB1042D02D3B2
:104440000120606730BD0A600A61C86840F0807072
:10445000C8602BB18B604B61C86840F00070C860C9
:10446000C86840F00040C8600020EBE77047024693
:1044700009B9012070471068006800F00C00C8629C
:1044800010680068C0F3001081F828001068006808
:1044900000F06000486210680068C0F3002080F0FF
:1044A000010081F8200010680068C0F34020C87740
:1044B00010680068C0F3802080F0010088771068E1
:1044C0000068C0F3C020487710680068C0F300306F
:1044D00008771068006800F4005088611068006870
:1044E00000F48040486110680068C0F300408874A0
:1044F00010680068C0F3404080F001004874106804
:104500000068C0F3C04080F00100087410680068C3
:10451000C0F30050C87310680068C0F3405088733F
:1045200010680068C0F38050487310680068C0F3DA
:10453000C05008731068006800F0E0608860106880
:104540000068C0F3C06008711068006800F0E040C7
:10455000086010684068C0F30D0048631068406848
:10456000C0F3004080F0010081F83200106840681C
:10457000C0F3404081F8310010684068C0F38040CB
:1045800081F8300010684068C0F3006081F838009E
:1045900010684068C0F34460C8631068C068C0F326
:1045A000002081F840001068C06800F00F004864E7
:1045B0001068006FC0F3400081F854001068006F6D
:1045C000C0F3C01080F0010081F84C001068006F4B
:1045D00000F0700008651068006F000C88641068B7
:1045E000D0F8900000F0010081F856001068D0F873
:1045F0009000C0F3400081F855001068D0F8000D1D
:1046000000F0720088651068D0F8300D00F02300CB
:10461000C8651068D0F8300DC0F3C00081F86200A2
:104620001068D0F8300DC0F3001081F861001068F8
:10463000D0F8300DC0F3801080F0010081F86000E8
:10464000002017E72DE9F84F05468A4605F1440793
:10465000D7F814800020009057F8286054461CB901
:1046600001206867BDE8F88FB86948B9284600F0AE
:10467000DFF908B90120F5E7D7F8148057F828606A
:104680004FF0000B1CE03069206068696060706961
:1046900020B1A4687069206068696060F068C0F348
:1046A0000E00009000BF08F10108B8F1040F01D31B
:1046B000A8F1040800BF57F82860A4680BF1010BAB
:1046C000B869401E5845DED8F068C0F30E01009866
:1046D000A1EB0009306920606869484502D3C4F83D
:1046E00004900DE0706948B168696060A468706901
:1046F00020606869A9EB0000606001E00120B1E77B
:104700000020AFE72DE9F04180460E4608F1440451
:104710006569A06930B9404600F08AF910B90120F6
:10472000BDE8F08100BFA069401E0544042D00D300
:104730002D1F00BF54F82570F868C0F30E003060DC
:104740000020EDE710B50446206800F58050D0F851
:10475000600100F04000402812D1206800F5805030
:10476000D0F8340100F04000402809D1204600F084
:1047700099FB48F24001206800F58050C0F86011B4
:10478000206800F58050D0F8600100F0010088B189
:10479000206800F58050D0F8340100F0010048B1E5
:1047A000204600F051FD48F20101206800F58050DC
:1047B000C0F86011206800F58050D0F8600100F466
:1047C0008040B0F5804F41D1206800F58050D0F88E
:1047D000340100F48040B0F5804F37D1606F40F075
:1047E00008006067206800F58050D0F8600100F490
:1047F0008050B0F5805F17D1206800F58050D0F868
:10480000600141F202110840A067206800F5805065
:10481000D0F8340120F44041206800F58050C0F801
:104820003411E020E0660EE0206800F58050D0F8FA
:10483000600100F4CD40A0674FF4CD41206800F541
:104840008050C0F860112046FFF7EFFD2068D0F8D7
:10485000B00000F4C040B0F5C04F0AD12068D0F8D5
:10486000B800E067E020E066204600F06AF900202A
:10487000E0672068D0F8B00000F0100010280CD1DC
:104880002068D0F8C00000F06000C4F88000204626
:1048900000F0CAFA0020C4F880002068D0F8B00008
:1048A00000F0200020280CD12068D0F8C00000F0D3
:1048B0000F00C4F884002046FFF7D8FD0020C4F89C
:1048C00084000648006800F4800030B14FF4800096
:1048D00002490860204600F0B8FC10BDA80000584E
:1048E00038B504460CB9012038BDE06E10B9204639
:1048F00000F028F92320E06600BF4B48006840F034
:104900000200494908600846006800F00200009073
:1049100000BF00BF207A18B9002004F0A1F803E01E
:104920004FF4000004F09CF8206800F58050006807
:1049300040F00101206800F58050016000F072FF36
:1049400005460BE000F06EFF401BB0F5FA7F05D97D
:1049500004206067E020E0660120C5E7206800F5DC
:104960008050006800F001000028EBD12046FDF7E0
:1049700051FB02F0C5FA2D49B0FBF1F0401E216851
:10498000C1F8DC002046FDF7C1FA206800F5805030
:10499000D0F8000120F4E01040F40021206800F578
:1049A0008050C0F80011207D00F0030028B10120E4
:1049B0006067E020E066012096E7206800F58050FF
:1049C000D0F8080147F6FE718843616940EA410169
:1049D000206800F58050C0F808112046FDF765FA00
:1049E0002046FDF732FA606800796168497940EA4B
:1049F00001202168C1F800036068C0780006616882
:104A0000897840EA01406168497840EA012061689C
:104A1000097808432168C1F804030020606710206A
:104A2000E066206700205FE7F444025840420F0030
:104A3000F0B5074607F14403196953F82120002512
:104A400000240026986908B10020F0BD3DE06D1CEF
:104A5000D06800F0805000B3641C012C00D10E46D9
:104A600000BF491C042900D3091F00BF53F82120AF
:104A7000D06800F0004058B9D06800F0804038B1EC
:104A80000120D86100BF491C042900D3091F00BFC1
:104A900019615E619C610120D7E7D06800F0005089
:104AA00050B10E46012400BF491C042900D3091F40
:104AB00000BF53F8212008E0641C00BF491C0429F2
:104AC00000D3091F00BF53F82120D06800F0004038
:104AD00008B9042DBBD384B319615E61314653F824
:104AE0002120002522E0106910604FF08070D06016
:104AF000506928B150699060D06840F00070D06073
:104B0000D06840F00040D060186A18B1D06840F01A
:104B10008040D060601EA84207D900BF491C04290C
:104B200000D3091F00BF53F821206D1CA542DAD322
:104B3000386800F58050C0F828210020986100BF37
:104B400083E7704730B587B0054600BF00BFB24865
:104B5000006840F00100B04908600846006800F0B5
:104B60000100019000BF00BF00BF00BF00BF0846AA
:104B7000006840F0010008600846006800F001008D
:104B8000019000BF00BF00BF00BF00BF0846006823
:104B900040F0010008600846006800F00100019044
:104BA00000BF00BF00BF00BF00BF0846006840F064
:104BB000040008600846006800F00400019000BF8F
:104BC00000BF00BF00BF00BF0846006840F00400FF
:104BD00008600846006800F00400019000BF00BFB4
:104BE00000BF00BF00BF0846006840F00400086036
:104BF0000846006800F00400019000BF00BF00BF3D
:104C000000BF00BF0846006840F002000860084688
:104C1000006800F00200019000BF00BF00BF00BFAD
:104C200000BF0846006840F00200086008460068BF
:104C300000F00200019000BF00BF00BF00BF00BF36
:104C40000846006840F0020008600846006800F06E
:104C50000200019000BF00BF00BF00BF00BF0846B8
:104C6000006840F0010008600846006800F001009C
:104C7000019000BF00BF00BF00BF00BF0846006832
:104C800040F0020008600846006800F00200019051
:104C900000BF00BF00BF00BF5F480838006840F495
:104CA00000405D49083908600846006800F400408B
:104CB000019000BF00BF00BF0846006840F480308C
:104CC00008600846006800F48030019000BF00BF13
:104CD00000BF0846006840F40030086008460068DD
:104CE00000F40030019000BF00BF0220029003904A
:104CF00000200490032005900B20069002A947484D
:104D000000F074FC0420029002A9444800F06EFCFC
:104D10008020029002A9414800F068FC0220029025
:104D200002A93F4800F062FC1020029002A93C4812
:104D300000F05CFC2020029002A9394800F056FCEB
:104D40004FF40060029002A9364800F04FFC4FF487
:104D50008050029002A9334800F048FC4FF4005004
:104D6000029002A92F4800F041FC012240212B486B
:104D700000F04CFD402002900120039000200490A0
:104D80000220059002A9254800F030FC00220121F4
:104D9000244800F03BFD0120029003900020049085
:104DA0000220059002A91F4800F020FC2FF03FFED2
:104DB000022012F061FF04468CB100BF00224021A6
:104DC000164800F023FD64200FF0C2FD01224021AF
:104DD000124800F01BFD64200FF0BAFD0FE0002226
:104DE00040210E4800F012FD64200FF0B1FD0122B9
:104DF00040210A4800F00AFD64200FF0A9FD2FF0C1
:104E000018FE002201213D2000F06FFE3D2000F041
:104E100058FE07B030BD0000E044025800000258C0
:104E2000000802580004025870472DE9F047044674
:104E30000F46904699462068D0F8000200F0010025
:104E400010B10120BDE8F0872068D0F8005225F0AD
:104E5000787040EA475525F4F81040EA084545F0D7
:104E60000C0545F001052068C0F8005200F0DAFC9E
:104E7000064607E000F0D6FC801BB0F57A7F01D92A
:104E80000120DFE72068D0F8000200F001000028D0
:104E9000F0D12068D0F8040280B2C9F800000020E8
:104EA000D0E7000038B50446002000906946094864
:104EB000006839F0D1FA01280BD100BF009838B151
:104EC0004FF0805004490860BFF34F8FBFF36F8FDE
:104ED00000BF38BD5C03002404ED00E070B504465B
:104EE0000D460DB9012070BD206F102805D129464F
:104EF0002046FDF71BFB0020F5E70120F3E700004B
:104F000070B506463068D0F8004224F4706401F0B1
:104F1000F7FF05461348854205D31348854202D260
:104F200044F400741AE01048854205D30F488542C6
:104F300002D244F4407411E00C48854203D30C487B
:104F4000854200D20AE00A48854205D309488542D5
:104F500002D244F4807401E044F480643068C0F804
:104F6000004270BD002D3101C00E16020087930370
:104F700000E1F50580D1F0080146C86E10283FD148
:104F80002320C8660868006840F002000A681060C4
:104F90000868006840F001000A6810600868D0F8EE
:104FA000000D40F001000A68C2F8000D086800F525
:104FB0008050D0F8040140F00102086800F58050EC
:104FC000C0F80421086800F58050D0F8080140F0CE
:104FD0000102086800F58050C0F80821086800F553
:104FE0008050D0F8600140F48172086800F580506C
:104FF000C0F860211020C866222008670020704792
:105000000120FCE710B50146C86E10285BD12320B3
:10501000C866002208E001F1440050F82230D86848
:1050200040F08040D860521C042AF4D301244C661E
:105030000868006840F002000C682060086800689A
:1050400040F001000C6820600868D0F8000D40F0C6
:1050500001000C68C4F8000D086800F58050D0F815
:10506000040140F00104086800F58050C0F80441D4
:10507000086800F58050D0F8080140F00104086885
:1050800000F58050C0F80841086800F58050D0F85D
:10509000600140F48174086800F58050C0F86041F8
:1050A000086800F58050D0F834014DF241042043E7
:1050B0000C6804F58054C4F834011020C86622201E
:1050C0000867002010BD0120FCE710B50146C86E3E
:1050D00000284ED02320C866086800F58050D0F81C
:1050E00034014DF24104A0430C6804F58054C4F827
:1050F0003401086800F58050D0F8040120F0010464
:10510000086800F58050C0F80441086800F5805038
:10511000D0F8080120F00104086800F58050C0F8BC
:1051200008410868006820F001000C6820600868E9
:10513000D0F8000D40F001000C68C4F8000D0868BC
:10514000006820F002000C682060002208E001F1F5
:10515000440050F82230D86820F08040D860521CBB
:10516000042AF4D300244C661020C8660867002087
:1051700010BD0120FCE72DE9F04104460F4615461D
:1051800037B9606F40F0010060670120BDE8F08131
:10519000E06E102856D1002239462046FCF7A8FFC1
:1051A00028B1606F40F0020060670120EEE704F173
:1051B0001800A16A50F8218000BFA06A401CA062BC
:1051C000A06A042802D3A06A001FA06200BF04F1F5
:1051D0001800A16A50F82110206800F58050C0F82E
:1051E000201100F01FFB064625E0206800F58050E6
:1051F000D0F8600100F4805068B1606F40F00800A2
:105200006067206800F58050D0F86001A067E0205A
:10521000E0660120BAE7681C68B100F003FB801B60
:10522000A84200D83DB9606F40F004006067E020FC
:10523000E0660120AAE7D8F80C0000F00040002842
:10524000D3D1A3E70120A1E7704770472DE9F047CC
:1052500005460F46904699462868D0F8000200F0AF
:10526000010010B10120BDE8F0872868D0F80042A5
:1052700024F0787040EA475424F4F81040EA0844D7
:1052800024F00C00041D44F001041FFA89F00D49BC
:1052900008600D48C0F8004200F0C4FA064607E076
:1052A00000F0C0FA801BB0F57A7F01D90120DAE75F
:1052B0002868D0F8000200F001000028F0D100BFFB
:1052C000D1E70000048202400080024003480068E9
:1052D00040F00100014908607047000020040058B8
:1052E0002DE9F04104460E46002700BF4848007DE6
:1052F000012802D10220BDE8F0810120444908754F
:1053000000BF00208861207900F0010030B1012148
:105310004CF25030FDF70EFB00B10127207900F070
:105320000200022806D102214CF25030FDF702FBA8
:1053300000B10127002F63D12068012828D16168BE
:105340002069FDF7A7FA207900F0010060B1012182
:105350004CF25030FDF7EEFA00B101272D48C0683D
:1053600020F008002B49C860207900F002000228D4
:1053700046D102214CF25030FDF7DCFA00B1012792
:105380002548006820F008002249C1F80C0137E0E8
:105390004FF0FF303060A5682CE028462269616834
:1053A000FDF748FA207900F0010060B101214CF2CC
:1053B0005030FDF7BFFA07461648C06840F2047146
:1053C00088431449C860207900F0020002280DD1FA
:1053D00002214CF25030FDF7ADFA07460E48006846
:1053E00040F2047188430B49C1F80C010FB13560DC
:1053F00005E06D1CD4E902100844A842CDD800BFD6
:1054000000BF00200249087500BF384673E700005E
:10541000ECD20124002000520C2100520E48C0683A
:1054200040F001000C49C8600846C06800F0010067
:1054300008B9012070470948006840F0010006499A
:10544000C1F80C010548006800F0010008B901200E
:10545000F0E70020EEE70000002000520C2100528F
:105460002DE9F05F83460C461746A046B9464FF03B
:10547000080A00BF4248007D012802D10220BDE891
:10548000F09F01203E49087500BFB4F1006F04D3BE
:10549000B4F1016F01D2012509E0B4F1016F04D329
:1054A000B4F1026F01D2022501E00120E7E70020FC
:1054B0003349886129464CF25030FDF73BFA0646E5
:1054C000002E55D1012D06D12E48C06840F00200B3
:1054D0002C49C86006E02C48006840F002002949C9
:1054E000C1F80C0100BF00BF00BFBFF36F8F00BF4A
:1054F00000BF00BF00BF00BF00BFBFF34F8F00BFA2
:1055000000BF00BF00BFD9F80000C8F8000008F1D4
:10551000040809F10409AAF1010000F0FF0ABAF138
:10552000000FF0D100BF00BF00BFBFF36F8F00BFFF
:1055300000BF00BF00BF00BF00BFBFF34F8F00BF61
:1055400000BF00BF29464CF25030FDF7F3F9064684
:10555000012D06D10B48C06820F002000949C8603F
:1055600006E00948006820F002000649C1F80C0175
:1055700000BF00200249087500BF30467FE70000E9
:10558000ECD20124002000520C2100521348C068C4
:1055900000F0010058B112481049486011484860B5
:1055A0000846C06800F0010008B1012070470E48AD
:1055B000006800F0010070B109480B490839086023
:1055C00008480649C1F804010748006800F00100D6
:1055D00008B10120EAE70020E8E7000000200052BF
:1055E00023016745AB89EFCD0C210052F8B5024687
:1055F0000B4600216F4DD7E001278F401E6806EA59
:105600000704002C72D01E7906F00306012E04D088
:105610001E7906F00306022E13D190684F00032670
:10562000BE40B0434F00DE68BE40304390605068DB
:1056300001268E40B0431E79C6F300168E403043DB
:1056400050601E7906F00306032E09D0D0684F0083
:105650000326BE40B0434F009E68BE403043D0603A
:105660001E7906F00306022E13D1CF0802F12006A0
:1056700056F827004E07F70E0F26BE40B0434F07DF
:10568000FF0E1E69BE403043CF0802F1200646F8E7
:10569000270010684F000326BE40B0431E7906F075
:1056A00003064F00BE40304310605E6806F440368B
:1056B000002E78D000BF404E366846F002063E4FBE
:1056C0003E603E46366806F00206009600BF00BF08
:1056D0003A4E8F0856F827008E07370F0F26BE4028
:1056E000B043374EB24202D100262EE05BE0354E89
:1056F000B24201D1012628E0334EB24201D1022646
:1057000023E0324EB24201D103261EE0304EB242B7
:1057100001D1042619E02F4EB24201D1052614E032
:105720002D4EB24201D106260FE02C4EB24201D1DD
:1057300007260AE02A4EB24201D1082605E0294E8A
:10574000B24201D1092600E00A268F073F0FBE4072
:1057500030431A4E8F0846F827004FF0B0463068A5
:10576000A0435E6806F4801606B120434FF0B046B1
:1057700030607068A0435E6806F4001606B12043EE
:105780004FF0B04670606868A0435E6806F400366B
:1057900006B1204368602868A0435E6806F480363E
:1057A00006B120432860491C1E68CE40002E7FF4BD
:1057B00023AFF8BD80000058F44402580804005894
:1057C000000002580004025800080258000C025859
:1057D000001002580014025800180258001C025809
:1057E0000020025800240258024613690B400BB1F6
:1057F000012000E00020704710B5426921EA020351
:1058000002EA010443EA0443836110BD0AB18161E5
:1058100001E00B048361704701480068000C704789
:105820000010005C0148006870470000FC01002483
:105830002DE9F04107460D4616464FF0010818F0D5
:1058400083FD1C49087818F047FD18F0C5FD10B11C
:105850004FF0000828E0384618F03EFD18F0BCFD77
:1058600010B14FF000081FE018F06EFD11490978E3
:10587000491CC8B218F030FD18F0AEFD10B14FF061
:10588000000811E000240CE0701EA04204D10020AA
:1058900018F0F2FC285503E0012018F0EDFC285523
:1058A000641CB442F0D300BF18F076FD4046BDE85A
:1058B000F08100004E0200242DE9F04107460D461C
:1058C00016464FF00108002418F03EFD15490878EF
:1058D00018F002FD18F080FD08B1A04617E0384628
:1058E00018F0FAFC18F078FD10B14FF000080EE047
:1058F000002409E0285D18F0EFFC18F06DFD10B1F0
:105900004FF0000803E0641CB442F3D300BF18F06A
:1059100043FDB8F1000F02D00120BDE8F081002066
:10592000FBE700004E0200240348006803490978A1
:105930000844014908607047FC0100240402002467
:1059400010B5032000F00EF901F024FB104909689E
:10595000C1F303210F4A515C01F01F0120FA01F449
:105960000B48006800F00F001146085C00F01F00B3
:1059700024FA00F008490860084804600F2000F08D
:105980000FF808B1012010BD00F09AF80020FAE7E6
:105990001844025864F205080400002400000024A2
:1059A00070B504461148007808B9012070BD0F4851
:1059B00000784FF47A71B1FBF0F00D490968B1FB42
:1059C000F0F5284603F06AF808B10120EEE7102C44
:1059D00007D200222146501E00F087F805480460D7
:1059E00001E00120E2E70020E0E7000004020024DB
:1059F00000000024000200244178154A116001785B
:105A0000F9B1121D41681160017B0907C27A41EAB0
:105A10000261827A41EAC241427B41EA8241827B51
:105A200041EA4241C27B41EA0241427A41EA022113
:105A3000027A41EA420102781143054A08321160B4
:105A400005E00021024A121D1160121D116070470D
:105A500098ED00E000BF00BF00BFBFF35F8F00BF45
:105A600000BF00BF0548006820F48030034908608B
:105A700000200249703108607047000024ED00E00A
:105A800040F001010D4A11600C497039096841F478
:105A900080310A4A703A116000BF00BF00BFBFF3F7
:105AA0004F8F00BF00BF00BF00BF00BF00BFBFF3EC
:105AB0006F8F00BF00BF00BF7047000094ED00E093
:105AC00070470146084600280DDB00BF00BF00F00C
:105AD0001F0301229A4043099B0003F1E023C3F80E
:105AE000002100BF00BF00BF70472DE9F05F804676
:105AF0000D46164607F098F8074639462A463346BB
:105B000001F00700C0F1070ABAF1040F02D94FF003
:105B1000040A01E0C0F1070AD14600F1040ABAF113
:105B2000070F02D24FF0000A01E0A0F1030AD446A9
:105B30004FF0010A0AFA09FAAAF1010A0AEA020A6E
:105B40000AFA0CFA4FF0010B0BFA0CFBABF1010B4C
:105B50000BEA030B4AEA0B042146404607F06CF8B7
:105B6000BDE8F09F00BF00F00702064B19684FF632
:105B7000FF031940044B0B4343EA0221014B196018
:105B800000BF70470CED00E00000FA0500BF00BF49
:105B900000BF00BF00BFBFF34F8F00BF00BF00BFFB
:105BA0000948006800F4E06008490843001D064900
:105BB000086000BF00BF00BFBFF34F8F00BF00BF32
:105BC00000BF00BF00BFFDE70CED00E00000FA05DC
:105BD0000348006840F08070014908607047000089
:105BE0000C4802580348006840F48070014908607E
:105BF000704700000048025810B501F081F90549CE
:105C00000968C1F30211044A515C01F01F01C84048
:105C100010BD00002044025864F2050870B501462A
:105C2000844D2D6805F00303824D2D68C5F30530C2
:105C3000804D2D1D2D68C5F300147E4D14352D6843
:105C4000C5F3CC0515FB04F501EE105AB8EE411A68
:105C5000F0EE410A00286FD023B1012B4ED0022B69
:105C60006BD16BE0734D283D2D68C5F340153DB3F6
:105C7000704D283D2D68C5F3C1066F4D25FA06F21B
:105C800001EE102AF8EE411A01EE100AB8EE411AA0
:105C900081EE812A9FED691AC0EE811A654D10359B
:105CA0002D68C5F3080501EE105AB8EE411A31EE21
:105CB000811AF7EE001A31EE211A22EE010A1CE0D9
:105CC00001EE100AB8EE411ADFED5D1A81EE812A6D
:105CD0009FED5A1AC0EE811A564D10352D68C5F346
:105CE000080501EE105AB8EE411A31EE811AF7EEAE
:105CF000001A31EE211A22EE010A5BE001EE100AD1
:105D0000B8EE411ADFED4F1A81EE812A9FED4B1A52
:105D1000C0EE811A474D10352D68C5F3080501EE18
:105D2000105AB8EE411A31EE811AF7EE001A31EE30
:105D3000211A22EE010A3DE077E01DE001EE100A93
:105D4000B8EE411A9FED402AC2EE011A9FED3B1AB0
:105D500080EE812A374D10352D68C5F3080501EE18
:105D6000105AB8EE411A32EE011AB7EE002A31EE9F
:105D7000021A21EE810A1DE001EE100AB8EE411A66
:105D8000DFED301A81EE812A9FED2C1AC0EE811AC8
:105D9000284D10352D68C5F3080501EE105AB8EEF0
:105DA000411A31EE811AF7EE001A31EE211A22EE75
:105DB000010A00BF00BF1F4D10352D68C5F34625F1
:105DC00001EE105AB8EE411AF7EE001A31EE211A20
:105DD000C0EE011ABCEEE11A81ED001A154D103526
:105DE0002D68C5F3064501EE105AB8EE411AF7EEDC
:105DF000001A31EE211AC0EE011ABCEEE11A81ED53
:105E0000011A0C4D10352D68C5F3066501EE105AC8
:105E1000B8EE411AF7EE001A31EE211AC0EE011A5F
:105E2000BCEEE11A81ED021A03E000250D604D6021
:105E30008D6070BD284402580090D00300000046D9
:105E40000024744C0024744A20BCBE4B70B501463B
:105E5000844D2D6805F00303824D2D68C5F3055070
:105E6000804D2D1D2D68C5F300247E4D1C352D68F9
:105E7000C5F3CC0515FB04F501EE105AB8EE411A36
:105E8000F0EE410A00286FD023B1012B4ED0022B37
:105E90006BD16BE0734D283D2D68C5F340153DB3C4
:105EA000704D283D2D68C5F3C1066F4D25FA06F2E9
:105EB00001EE102AF8EE411A01EE100AB8EE411A6E
:105EC00081EE812A9FED691AC0EE811A654D183561
:105ED0002D68C5F3080501EE105AB8EE411A31EEEF
:105EE000811AF7EE001A31EE211A22EE010A1CE0A7
:105EF00001EE100AB8EE411ADFED5D1A81EE812A3B
:105F00009FED5A1AC0EE811A564D18352D68C5F30B
:105F1000080501EE105AB8EE411A31EE811AF7EE7B
:105F2000001A31EE211A22EE010A5BE001EE100A9E
:105F3000B8EE411ADFED4F1A81EE812A9FED4B1A20
:105F4000C0EE811A474D18352D68C5F3080501EEDE
:105F5000105AB8EE411A31EE811AF7EE001A31EEFE
:105F6000211A22EE010A3DE077E01DE001EE100A61
:105F7000B8EE411A9FED402AC2EE011A9FED3B1A7E
:105F800080EE812A374D18352D68C5F3080501EEDE
:105F9000105AB8EE411A32EE011AB7EE002A31EE6D
:105FA000021A21EE810A1DE001EE100AB8EE411A34
:105FB000DFED301A81EE812A9FED2C1AC0EE811A96
:105FC000284D18352D68C5F3080501EE105AB8EEB6
:105FD000411A31EE811AF7EE001A31EE211A22EE43
:105FE000010A00BF00BF1F4D18352D68C5F34625B7
:105FF00001EE105AB8EE411AF7EE001A31EE211AEE
:10600000C0EE011ABCEEE11A81ED001A154D1835EB
:106010002D68C5F3064501EE105AB8EE411AF7EEA9
:10602000001A31EE211AC0EE011ABCEEE11A81ED20
:10603000011A0C4D18352D68C5F3066501EE105A8E
:10604000B8EE411AF7EE001A31EE211AC0EE011A2D
:10605000BCEEE11A81ED021A03E000250D604D60EF
:106060008D6070BD284402580090D00300000046A7
:106070000024744C0024744A20BCBE4B2DE9F0412E
:1060800004460025A846206800F00060B0F1006FCB
:1060900030D1606E48B1B0F5801F0DD0B0F5001F53
:1060A00010D0B0F5401F15D113E0F948006840F456
:1060B0000030F74908600FE00221201D03F0A4FC26
:1060C000054609E0022104F1240003F04FFD0546D6
:1060D00002E001E0012500BF00BF55B9EC482430C3
:1060E000006820F44010616E0843E94924310860DB
:1060F00000E0A846208800F48070B0F5807F2DD1A4
:10610000606D05281AD2DFE800F0030A10171800A6
:10611000DF48006840F40030DD49086010E00021ED
:10612000201D03F071FC05460AE0002104F1240063
:1061300003F01CFD054603E002E001E0012500BF7D
:1061400000BF55B9D2482430006820F00700616DC7
:106150000843CF492431086000E0A846208800F4B5
:106160000070B0F5007F33D1A06D802817D003DC1C
:1061700040B140281CD10CE0C02817D0B0F5807F7A
:1061800016D114E0C248006840F40030C0490860ED
:1061900010E00021201D03F037FC05460AE0002135
:1061A00004F1240003F0E2FC054603E002E001E014
:1061B000012500BF00BF55B9B5482430006820F460
:1061C000E070A16D0843B2492431086000E0A846A0
:1061D000208800F48060B0F5806F38D1D4F8A40036
:1061E000B0F5800F19D004DC50B1B0F5001F1DD1FF
:1061F0000DE0B0F5C00F17D0B0F5000F16D114E0C8
:10620000A348006840F40030A149086010E0002174
:10621000201D03F0F9FB05460AE0002104F12400EB
:1062200003F0A4FC054603E002E001E0012500BF05
:1062300000BF5DB996482C30006820F46000D4F8A7
:10624000A410084392492C31086000E0A846208839
:1062500000F40060B0F5006F38D1D4F8A800B0F1B8
:10626000007F19D004DC50B1B0F1807F1DD10DE06A
:10627000B0F1407F17D0B0F1806F16D114E08448A0
:10628000006840F400308249086010E00021201DC1
:1062900003F0BAFB05460AE0002104F1240003F0F4
:1062A00065FC054603E002E001E0012500BF00BFF8
:1062B0005DB977482C30006820F0E060D4F8A81071
:1062C000084373492C31086000E0A846206800F0BC
:1062D0000070B0F1007F27D1A06CA0B1102804D0CD
:1062E000202809D030280FD10CE06948006840F41C
:1062F00000306749086009E00221201D03F084FB9B
:10630000054603E002E001E0012500BF00BF55B9EA
:106310005F482030006820F03000A16C08435C49E1
:106320002031086000E0A846208800F48050B0F5D5
:10633000805F36D1E06DB0F5005F19D004DC50B15C
:10634000B0F5805F1DD10DE0B0F5405F17D0B0F51E
:10635000804F16D114E04E48006840F400304C499C
:10636000086010E00021201D03F04EFB05460AE006
:10637000002104F1240003F0F9FB054603E002E0EC
:1063800001E0012500BF00BF55B941482430006835
:1063900020F4E040E16D08433D492431086000E00D
:1063A000A846208800F40050B0F5005F34D1206E7C
:1063B000B0F5403F1DD007DC68B1B0F5803F0BD091
:1063C000B0F5003F18D10DE0B0F5802F12D0B0F538
:1063D000A02F11D10FE011E00121201D03F014FBCB
:1063E00005460BE0012104F1240003F0BFFB054644
:1063F00004E003E002E001E0012500BF00BF55B961
:1064000023482430006820F4E020216E084320490E
:106410002431086000E0A846208800F48040B0F5F0
:10642000804F38D1D4F8AC00B0F1405F1DD007DC0C
:1064300068B1B0F1805F0BD0B0F1005F18D10DE012
:10644000B0F1804F12D0B0F1A04F11D10FE011E0A8
:106450000121201D03F0D8FA05460BE0012104F1CB
:10646000240003F083FB054604E003E002E001E0C2
:10647000012500BF00BF6DB905482C30006820F031
:10648000E040D4F8AC10084301492C31086002E028
:106490002C440258A846208800F40040B0F5004F74
:1064A00026D1E06E98B1B0F1805F03D0B0F1005F0B
:1064B0000ED106E0F948006840F40030F749086062
:1064C00008E00121201D03F09FFA054602E001E0EB
:1064D000012500BF00BF55B9F0482430006820F006
:1064E0004050E16E0843ED492431086000E0A846C1
:1064F000206800F08070B0F1807F27D1606CA0B17F
:10650000012804D0022809D003280FD10CE0E34869
:10651000006840F40030E149086009E00221201DD4
:1065200003F072FA054603E002E001E0012500BF36
:1065300000BF55B9D9482030006820F00300616CD5
:106540000843D6492031086000E0A846206800F4DE
:106550008000B0F5800F7DD1D148006840F4807094
:10656000CF490860FFF75EF9064606E0FFF75AF9E3
:10657000801B642801D9032505E0C948006800F4A0
:1065800080700028F2D000BF85BBC448443000684A
:1065900000F44070B4F8B01001F44071884213D098
:1065A000BE484430006820F44077BC48443000685E
:1065B00040F48030B949443108600846006820F44E
:1065C0008030086008460760D4F8B000B0F5807FDE
:1065D00015D1FFF727F9064609E0FFF723F9801BDD
:1065E00041F28831884202D9032507E038E0AB4800
:1065F00044300068C0F340000028EED000BF55BB17
:1066000000BFB4F8B00000F44070B0F5407F0ED188
:10661000A2481C38006820F47C51A24AD4F8B0008B
:10662000104041EA10109D491C39086007E09B4862
:106630001C38006820F47C5098491C390860974841
:1066400044300068B4F8B010C1F30B01084393491B
:10665000443101E005E001E0086002E0A84600E006
:10666000A846207800F0010068B3A06F182819D060
:1066700005DC48B1082808D0102816D10BE02028E6
:1066800011D0282811D10FE011E00121201D03F0C5
:10669000BBF905460BE0012104F1240003F066FA82
:1066A000054604E003E002E001E0012500BF00BF71
:1066B00055B97A482830006820F03800A16F0843A7
:1066C00076492831086000E0A846207800F00200F2
:1066D000022828D1606F062815D2DFE800F00304F5
:1066E0000A11121311E00121201D03F08DF9054656
:1066F0000BE0012104F1240003F038FA054604E020
:1067000003E002E001E0012500BF00BF55B9634886
:106710002830006820F00700616F08435F49283186
:10672000086000E0A846207800F0040004282AD180
:10673000D4F89000062815D2DFE800F003040A110F
:10674000121311E00121201D03F05EF905460BE054
:10675000012104F1240003F009FA054604E003E0F6
:1067600002E001E0012500BF00BF5DB94B482C30BD
:10677000006820F00700D4F89010084347492C31F6
:10678000086000E0A846207800F02000202836D1DC
:10679000D4F88C00B0F1405F1DD007DC68B1B0F1D7
:1067A000805F0BD0B0F1005F18D10DE0B0F1804FE9
:1067B00012D0B0F1A04F11D10FE011E00021201D47
:1067C00003F022F905460BE0022104F1240003F056
:1067D000CDF9054604E003E002E001E0012500BF39
:1067E00000BF5DB92D482830006820F0E040D4F8A3
:1067F0008C10084329492831086000E0A846207819
:1068000000F04000402836D1D4F89800B0F5406F31
:106810001DD007DC68B1B0F5806F0BD0B0F5006F0C
:1068200018D10DE0B0F5805F12D0B0F5A05F11D1A6
:106830000FE011E00021201D03F0E6F805460BE013
:10684000022104F1240003F091F9054604E003E07D
:1068500002E001E0012500BF00BF5DB90F482C3008
:10686000006820F4E050D4F8981008430B492C310C
:10687000086000E0A846207800F0800080283AD127
:10688000D4F89C00B0F5C04F23D00DDC98B1B0F522
:10689000005F11D0B0F5804F1ED113E02C44025898
:1068A00000480258FFFCFF0FB0F5004F12D0B0F5C2
:1068B000204F11D10FE011E00021201D03F0A4F8BA
:1068C00005460BE0022104F1240003F04FF90546D0
:1068D00004E003E002E001E0012500BF00BF4DB984
:1068E000BE48006820F46040D4F89C100843BB49BF
:1068F000086000E0A846207800F00800082817D1BA
:10690000D4F88000B0F5805F07D1022104F12400A3
:1069100003F02CF908B14FF00108B048001F0068DF
:1069200020F44050D4F880100843AC49091F086097
:10693000207800F01000102815D1D4F89400B0F59C
:10694000807F07D1022104F1240003F00FF908B180
:106950004FF00108A148006820F44070D4F894106A
:1069600008439E490860206800F40020B0F5002F1D
:1069700026D1D4F8A00030B1B0F5803F09D0B0F5F1
:10698000003F0ED10CE00021201D03F03DF805462C
:1069900009E0022104F1240003F0E8F8054602E0D2
:1069A00001E0012500BF00BF4DB98C48006820F40C
:1069B0004030D4F8A01008438849086000E0A84699
:1069C000206800F48020B0F5802F2DD1D4F8840009
:1069D000B0F5801F06D0B0F5001F0CD0B0F5401FF9
:1069E00011D10FE07D482C38006840F400307B491D
:1069F0002C39086009E0012104F1240003F0B6F805
:106A0000054602E001E0012500BF00BF5DB9734803
:106A1000001F006820F44010D4F8841008436F4928
:106A2000091F086000E0A846206800F48030B0F537
:106A3000803F24D1E06C18B1B0F5803F0FD108E061
:106A400066482C38006840F4003064492C390860EE
:106A500007E00221201D02F0D7FF054601E00125D5
:106A600000BF00BF55B95D480C38006820F4803085
:106A7000E16C084359490C39086000E0A8462068D9
:106A800000F00050B0F1005F07D1022104F12400B2
:106A900003F06CF808B14FF00108206800F40030F2
:106AA000B0F5003F27D1E06FA0B1B0F5807F06D0F0
:106AB000B0F5007F0CD0B0F5407F0CD109E047481D
:106AC0002C38006840F4003044492C39086004E058
:106AD00003E002E001E0012500BF00BF55B93F48D7
:106AE000001F006820F44070E16F08433B49091F14
:106AF000086000E0A846206800F48010B0F5801F10
:106B000009D136480838006820F00040216F08435A
:106B1000324908390860206800F08050B0F1805F89
:106B20000AD12E484838006820F48040D4F8B410C8
:106B300008432A4948390860206800F40010B0F57D
:106B4000001F09D125480838006820F08070A16E28
:106B50000843224908390860206800F08040B0F1FD
:106B6000804F11D100BF1D484838006820F4004014
:106B70001A494839086008460068D4F8B810084334
:106B800016494839086000BF206800F00040B0F1A5
:106B9000004F09D111480C38006820F04050216D99
:106BA00008430E490C390860206800F40000B0F575
:106BB000000F0AD10948001F006820F44000D4F8F3
:106BC000881008430549091F0860B8F1000F02D179
:106BD0000020BDE8F0810120FBE700005844025886
:106BE0002DE9F04104460D4614B90120BDE8F081BD
:106BF000BD48006800F00F00A8420ED2BA480068F5
:106C000020F00F002843B84908600846006800F0EB
:106C10000F00A84201D00120E8E7207800F004002E
:106C200004280ED1B1492069096801F07001884239
:106C300007D9AE48006820F0700021690843AB49CD
:106C40000860207800F00800082811D1A749091D24
:106C50006069096801F07001884209D9A348001DE4
:106C6000006820F0700061690843A049091D0860B0
:106C7000207800F01000102811D19C49091DA0694E
:106C8000096801F4E061884209D99848001D00684C
:106C900020F4E060A16908439449091D0860207848
:106CA00000F02000202811D190490831E0690968DE
:106CB00001F07001884209D98C480830006820F042
:106CC0007000E1690843894908310860207800F0C4
:106CD000020002280ED18549E068096801F00F0121
:106CE000884207D98148006820F00F00E168084316
:106CF0007E490860207800F00100002850D07B48D1
:106D0000006820F47060A1680843784908606068F2
:106D1000022807D1754818380068C0F34040F8B918
:106D2000012063E76068032807D1704818380068BD
:106D3000C0F34060A0B9012058E76068012807D17E
:106D40006A4818380068C0F3002048B901204DE7B0
:106D5000664818380068C0F3800008B9012045E78C
:106D600062480838006820F00700616808435F49FE
:106D700008390860FEF756FD064608E0FEF752FDAA
:106D8000801B41F28831884201D903202EE7574801
:106D90000838006800F038006168B0EBC10FEDD131
:106DA000207800F0020002280ED15049E0680968FE
:106DB00001F00F01884207D24C48006820F00F0014
:106DC000E1680843494908604748006800F00F003F
:106DD000A8420ED94448006820F00F0028434249D9
:106DE00008600846006800F00F00A84201D00120AA
:106DF000FCE6207800F0040004280ED13B4920690D
:106E0000096801F07001884207D23848006820F014
:106E100070002169084335490860207800F00800B7
:106E2000082811D13149091D6069096801F0700114
:106E3000884209D22D48001D006820F07000616969
:106E400008432A49091D0860207800F01000102826
:106E500011D12649091DA069096801F4E061884241
:106E600009D22248001D006820F4E060A1690843AF
:106E70001E49091D0860207800F02000202811D14B
:106E80001A490831E069096801F07001884209D2A5
:106E900016480830006820F07000E1690843134983
:106EA0000831086000F076F810490968C1F3032141
:106EB0000F4A515C01F01F0120FA01F70B480068EE
:106EC00000F00F001146085C00F01F0027FA00F0E8
:106ED000084908600848076008480068FEF760FD38
:106EE0008046404682E600000020005218440258C6
:106EF00064F20508040000240000002400020024BD
:106F000010B500F047F80D490968C1F303210C4A98
:106F1000515C01F01F0120FA01F40848006800F0FC
:106F20000F001146085C00F01F0024FA00F005492C
:106F30000860054804600846006810BD18440258FF
:106F400064F20508040000240000002400B5FFF7E7
:106F5000D7FF05490968C1F30211044A515C01F0E9
:106F60001F01C84000BD00001C44025864F205081F
:106F700000B5FFF7C5FF05490968C1F30221044ABE
:106F8000515C01F01F01C84000BD00001C440258C4
:106F900064F20508F0B5824E366806F0380636B160
:106FA000082E15D0102E15D0182E7DD114E07C4E51
:106FB000103E3668C6F3401646B1794E103E36682C
:106FC000C6F3C107774E26FA07F000E07548E5E002
:106FD0007548E3E07548E1E0714E1836366806F012
:106FE00003046F4E18363668C6F305116C4E1C3616
:106FF000366806F001056A4E24363668C6F3CC06BC
:1070000016FB05F601EE106AB8EE410A002971D0B0
:1070100024B1012C50D0022C6DD16DE0604E103E99
:107020003668C6F340163EB35D4E103E3668C6F372
:10703000C1075C4E26FA07F301EE103AF8EE411A4A
:1070400001EE101AB8EE411A81EE812A9FED581A0E
:10705000C0EE011A524E20363668C6F3080601EE1D
:10706000106AB8EE411A31EE811AF7EE001A31EECD
:10707000211A62EE010A1EE001EE101AB8EE411A62
:10708000DFED4C1A81EE812A9FED491AC0EE011AFC
:10709000434E20363668C6F3080601EE106AB8EE95
:1070A000411A31EE811A00E076E0F7EE001A31EE77
:1070B000211A62EE010A5BE001EE101AB8EE411AE5
:1070C0009FED3D2AC2EE011A9FED391A80EE012A8A
:1070D000334E20363668C6F3080601EE106AB8EE65
:1070E000411A32EE011AB7EE002A31EE021A61EEB1
:1070F000810A3DE04EE01DE001EE101AB8EE411AA3
:10710000DFED2E1A81EE812A9FED291AC0EE011AB9
:10711000234E20363668C6F3080601EE106AB8EE34
:10712000411A31EE811AF7EE001A31EE211A62EEA1
:10713000010A1DE001EE101AB8EE411A9FED1E2A59
:10714000C2EE011A9FED1A1A80EE012A144E203663
:107150003668C6F3080601EE106AB8EE411A32EE40
:10716000011AB7EE002A31EE021A61EE810A00BF61
:1071700000BF0B4E20363668C6F34626721C01EE61
:10718000102AB8EE411AC0EE811ABCEEE11A11EED7
:10719000100A00E0002001E0034800BF00BFF0BD7E
:1071A000104402580090D00300093D0040787D0152
:1071B000000000460024744C0024744A20BCBE4BDE
:1071C0002DE9F047044614B90120BDE8F087207886
:1071D00000F00100002872D0FC48006800F0380878
:1071E000FA481830D0F80090B8F1100F06D0B8F176
:1071F000180F0FD109F0030002280BD1F348103803
:107200000068C0F3404000286ED0606800286BD151
:107210000120DAE700BF6068B0F5803F08D1EB4895
:107220001038006840F48030E849103908602EE0DA
:10723000606868B9E5481038006820F48030E34998
:10724000103908600846006820F4802008601EE0BD
:107250006068B0F5A02F0DD1DC481038006840F40C
:107260008020DA49103908600846006840F4803010
:1072700008600CE0D5481038006820F48030D3490D
:10728000103908600846006820F48020086000BFBC
:107290006068A8B1FEF7C6FA054608E0FEF7C2FA34
:1072A000401B41F28831884201D903208DE7C7484D
:1072B00010380068C0F340400028EFD014E014E01C
:1072C000FEF7B0FA054608E0FEF7ACFA401B41F2C3
:1072D0008831884201D9032077E7BC48103800681C
:1072E000C0F340400028EFD100BF207800F002003A
:1072F000022874D1B548006800F03808B348183047
:10730000D0F80090B8F1000F05D0B8F1180F56D1A1
:1073100009F00300D0BBAD4810380068C0F380000E
:1073200018B1E06808B901204FE7A8481038006894
:1073300020F01900E1680843A44910390860FEF7FD
:1073400071FA054606E0FEF76DFA401B022801D9E6
:1073500003203AE79D4810380068C0F380000028F9
:10736000F1D000BFFEF758FA41F2030188421AD863
:10737000206940280BD195480C38006820F47C30F7
:1073800040F4003091490C39086017E017E08F484D
:107390000C38006820F47C30216940EA01308B49C8
:1073A0000C3908600AE089480C38006820F0FE407B
:1073B000217C40EA016085490C39086066E0E0689C
:1073C00088B382481038006820F01900E16808434B
:1073D0007E4910390860FEF725FA054607E056E0B9
:1073E000FEF720FA401B022801D90320EDE677487A
:1073F00010380068C0F380000028F1D000BFFEF70D
:107400000BFA41F2030188421AD8206940280BD1B7
:107410006E480C38006820F47C3040F400306B4932
:107420000C39086017E017E068480C38006820F451
:107430007C30216940EA013064490C3908600AE077
:1074400062480C38006820F0FE40217C40EA016070
:107450005E490C39086019E05C481038006820F07B
:1074600001005A4910390860FEF7DCF9054606E0CC
:10747000FEF7D8F9401B022801D90320A5E653489E
:1074800010380068C0F380000028F1D100BF2078D8
:1074900000F0100010287CD14C48006800F038083B
:1074A0004A481830D0F80090B8F1080F06D0B8F16B
:1074B000180F3DD109F00300012839D14348103895
:1074C0000068C0F3002020B1E069802801D00120CD
:1074D0007BE600BFFEF7A0F941F2030188421AD80B
:1074E000206A20280AD139480C38006820F0F8407A
:1074F00040F0804035490C39086018E033480C38BA
:10750000006820F0F84094F8201040EA81602F498C
:107510000C3908600BE02D48001F006820F07C50FB
:1075200094F8201040EA01602849091F086066E0CD
:10753000E06978B325481038006840F0800023499E
:1075400010390860FEF76EF9054606E0FEF76AF9A5
:10755000401B022801D9032037E61C481038006878
:10756000C0F300200028F1D000BFFEF755F941F22A
:10757000030188421CD8206A20280CD113480C38FB
:10758000006820F0F84040F0804010490C39086055
:107590001AE035E01CE00D480C38006820F0F84097
:1075A00094F8201040EA816008490C3908600BE02B
:1075B0000648001F006820F07C5094F8201040EA34
:1075C00001600249091F086019E0000010440258D8
:1075D000FA48006820F08000F8490860FEF722F9B8
:1075E000054606E0FEF71EF9401B022801D90320DC
:1075F000EBE5F2480068C0F300200028F2D100BF9C
:10760000207800F00800082836D16069D0B1EB4836
:107610007430006840F00100E84974310860FEF7FA
:1076200001F9054606E0FEF7FDF8401B022801D9E6
:107630000320CAE5E14874300068C0F34000002828
:10764000F1D019E0DD487430006820F00100DB491A
:1076500074310860FEF7E6F8054606E0FEF7E2F84A
:10766000401B022801D90320AFE5D44874300068DC
:10767000C0F340000028F1D1207800F0200020283D
:1076800030D1A069B8B1CD48006840F48050CB49F2
:107690000860FEF7C7F8054606E0FEF7C3F8401B92
:1076A000022801D9032090E5C4480068C0F34030A7
:1076B0000028F2D016E0C148006820F48050BF498D
:1076C0000860FEF7AFF8054606E0FEF7ABF8401B92
:1076D000022801D9032078E5B8480068C0F340309B
:1076E0000028F2D1207800F0040004287DD1B448AD
:1076F000006840F48070B2490860FEF793F80546D0
:1077000006E0FEF78FF8401B642801D903205CE5F2
:10771000AB48006800F480700028F2D000BFA06879
:10772000012808D1A5487030006840F00100A34945
:10773000703108602DE0A06868B9A048703000681A
:1077400020F001009D49703108600846006820F073
:10775000040008601DE0A06805280DD1974870302E
:10776000006840F0040095497031086008460068E0
:1077700040F0010008600CE090487030006820F094
:1077800001008E49703108600846006820F004004E
:10779000086000BFA068A0B1FEF744F8054608E005
:1077A000FEF740F8401B41F28831884201D903209E
:1077B0000BE5824870300068C0F340000028EFD02D
:1077C00013E0FEF72FF8054608E0FEF72BF8401B04
:1077D00041F28831884201D90320F6E477487030BD
:1077E0000068C0F340000028EFD1606A00287DD017
:1077F00072481030006800F03800182877D0606AAE
:10780000022875D16D48006820F080706B490860CF
:10781000FEF708F8054606E0FEF704F8401B0228CC
:1078200001D90320D1E465480068C0F34060002816
:10783000F2D100BFD4E90A1041EA00105F492831B3
:10784000096840F2F332914308435C4928310860EB
:10785000208E401EC0F30800616B491E4FF47E422B
:1078600002EA41210843218F491ED20102EA014167
:1078700008433C21095D491E120202EA01610843E6
:107880004E493031086000BF081F006820F0010039
:10789000091F08604948343000684FF6F871884382
:1078A000A16C40EAC10045493431086043482C309E
:1078B000006820F00C00216C084340492C3108601E
:1078C0000846006820F00200616C08433B492C31F7
:1078D00008600846006840F4803008600846006888
:1078E00040F4003008600846006802E06AE038E0D2
:1078F0001FE040F4802008600846006840F0010066
:1079000008602E48006840F080702C490860FDF740
:1079100089FF054606E0FDF785FF401B022801D9D7
:10792000032052E425480068C0F340600028F2D0EC
:1079300048E02248006820F0807020490860FDF788
:1079400071FF054606E0FDF76DFF401B022801D9D7
:1079500003203AE419480068C0F340600028F2D1DF
:1079600030E0164828300768144830300668606AEE
:10797000012821D007F00301A06A81421CD1C7F37E
:107980000511E06A884217D1C6F30801206B401E3A
:10799000814211D1606B401EC6F3462188420BD153
:1079A000A06B401EC6F30641884205D1E06B401E25
:1079B000C6F30661884205D0012006E4004402585F
:1079C00000480258002000E410B5044601A005F06C
:1079D000EFF810BD414C41524D2042210D0A0000EC
:1079E0000246106800F1500303EB810318687047EA
:1079F00010B5046804F1500303EB81031A6010BD55
:107A000010B5044611F040FB01A005F0D1F810BDFF
:107A1000414C41524D2041210D0A000010B5044651
:107A20004FF400301749086020688068C0F30030C8
:107A300078B12068C068C0F3002050B12068C068E9
:107A400000F0800060F4C0702168C8602046FFF735
:107A5000D7FF20688068C0F3403078B12068C068E4
:107A6000C0F3402050B12068C06800F0800060F48E
:107A700020702168C8602046FFF7A6FF012084F827
:107A8000210010BD8800005870B505460B4616460B
:107A9000286840680E4900EA0104200CD870C4F33D
:107AA0000420587004F03F009870C4F342301870FE
:107AB0005EB9D87802F050F9D870587802F04CF9D5
:107AC0005870987802F048F99870002070BD000056
:107AD0003FFFFF0070B504460B4616462068806ADB
:107AE000586020680069C0F30E0098602068006844
:107AF0000E4900EA0105C5F305401870C5F30620DC
:107B0000587005F07F009870A80DD8705EB918788D
:107B100002F022F91870587802F01EF9587098781F
:107B200002F01AF99870002070BD00007F7F7F007E
:107B300070B504460125002C4AD094F8210028B9DC
:107B4000002084F82000204600F046F8022084F847
:107B5000210000BFCA202168486253202168486282
:107B600000BF204602F010F9054645BB206880683A
:107B70001849084021688860216960680843A16944
:107B80000843216889680843216888602089E16882
:107B900041EA004021680861204602F017F90546D5
:107BA0006DB92068C06C20F003002168C864616969
:107BB000E06908432168C96C08432168C86400BFB4
:107BC000FF202168486200BF15B9012084F8210018
:107BD000284670BDBFFF8FFF30B5C3B00546C8242F
:107BE0002E48006840F400402C490860FDF7FAFF79
:107BF0002A48006840F400402849086000BFFDF7AB
:107C00000BFE41F20301884200D800BF2348006800
:107C100020F018002149086000BF0846006840F0C5
:107C20000100086004E0601E84B205200CF090FEA4
:107C30002CB11A48006800F002000028F3D0B4B953
:107C400008203090012035900020399030A8FFF7AF
:107C5000B7FA4FF48000019040132D9001A8FEF771
:107C60000DFA43F2F221002027F028FA13E0042055
:107C700030900120329030A8FFF7A2FA4FF4800034
:107C8000019080132D9001A8FEF7F8F943F2F3213B
:107C9000002027F013FA43B030BD000070440258B2
:107CA0002DE9F04704460D46914600BF94F82000A8
:107CB000012802D10220BDE8F087012084F82000CD
:107CC00000BF022084F82100B9F1000F2AD12068FA
:107CD000806800F0400000B102E00020E87000BFC2
:107CE000E86900B900E000BF287802F03FF84FEAE9
:107CF000004A687802F03AF84AEA002AA87802F0C6
:107D000035F84AEA000AE8784AEA805A95F82000ED
:107D100002F02CF84AEA0060E9690843696940EA20
:107D200001071FE02068806800F0400000B102E019
:107D30000020E87000BFE86900B900E000BF2878C3
:107D40000004697840EA0120A9780843E97840EA0C
:107D5000815095F8201040EA0160E969084369699B
:107D600040EA0107A969686840EA010800BFCA2023
:107D70002168486253202168486200BF686AB0F5F4
:107D8000807F3ED12068806820F480702168886000
:107D90002068C06800F0800060F4C0702168C8608E
:107DA000FDF740FD064614E0FDF73CFD801BB0F5F5
:107DB0007A7F0ED900BFFF202168486200BF0320F0
:107DC00084F8210000BF002084F8200000BF0320B9
:107DD00071E72068C06800F001000028E4D0206846
:107DE000C7612068C0F844802068806840F48070D3
:107DF000216888602068806840F48050216888602D
:107E00003DE02068806820F4007021688860206868
:107E1000C06800F0800060F420702168C860FDF741
:107E200001FD064614E0FDF7FDFC801BB0F57A7FEE
:107E30000ED900BFFF202168486200BF032084F8EC
:107E4000210000BF002084F8200000BF032032E79B
:107E50002068C068C0F340000028E4D020680762B2
:107E60002068C0F848802068806840F4007021686D
:107E700088602068806840F40050216888600E485F
:107E8000006840F400304FF0B041C1F8800008466F
:107E9000006840F40030086000BFFF20216848629D
:107EA00000BF012084F8210000BF002084F82000DA
:107EB00000BF00BFFFE60000800000582DE9F0473A
:107EC00005460C46174600BF95F82000012802D150
:107ED0000220BDE8F087012085F8200000BF0220C5
:107EE00085F821004FB9607800F01000102804D107
:107EF000607800F0EF000A30607097B9E07801F028
:107F000035FF4FEA0049607801F030FF49EA002967
:107F1000A07801F02BFF49EA0009207849EA4038AF
:107F200009E0E0780004617840EA0120A178084384
:107F3000217840EA413800BFCA20296848625320AE
:107F40002968486200BF284601F01EFF064646B970
:107F50000C4808EA000029684860284601F036FF0E
:107F6000064600BFFF202968486200BF16B90120FD
:107F700085F8210000BF002085F8200000BF3046B2
:107F8000A7E700003FFFFF002DE9F04704460D463C
:107F9000904600BF94F82000012802D10220BDE8DD
:107FA000F087012084F8200000BF022084F821001F
:107FB00000BFCA202168486253202168486200BF80
:107FC000204601F0E1FE0646002E47D1B8F1000F31
:107FD0001BD12068806800F0400000B102E0002062
:107FE000E87000BF287801F0C1FE4FEA00496878C8
:107FF00001F0BCFE49EA0029A87801F0B7FE49EA81
:108000000009E87849EA805712E02068806800F0AB
:10801000400000B102E00020E87000BF28780004B2
:10802000697840EA0120A9780843E97840EA815755
:1080300012483840216808602068806820F4802059
:1080400021688860D5E903010843216889680843ED
:1080500021688860204601F0B9FE064600BFFF2077
:108060002168486200BF16B9012084F8210000BFD2
:10807000002084F8200000BF304690E77F7F7F001B
:1080800070B504462068C06820F0A0002168C86070
:10809000FDF7C8FB054607E0FDF7C4FB401BB0F544
:1080A0007A7F01D9032070BD2068C06800F02000ED
:1080B0000028F1D00020F6E710B504460CB90120E5
:1080C00010BD022084F881002068006820F00100C3
:1080D00021680860204600F0CBF80020C4F8840036
:1080E00084F8810000BF84F8800000BF00BFE7E78C
:1080F00070B504460CB9012070BD606A00B900BFBC
:108100000021A1625749206888420CD05649206856
:10811000884208D055492068884204D0E0680F287A
:1081200001D90120E8E7204602F01FF805464D4935
:108130002068884209D04C492068884205D04B49C4
:108140002068884201D0082D0DD846492068884211
:1081500007D045492068884203D0444920688842B6
:1081600003D1102D01D90120C6E794F8810028B968
:10817000002084F88000204600F07CF8022084F87B
:1081800081002068006820F00100216808602068F4
:10819000806800F4F816A069B0F1806F11D16068B2
:1081A000B0F5800F01D1A06B28B1606848B9A06B11
:1081B000B0F1805F05D12068006840F480502168EC
:1081C0000860A16AE06908433043E16B0843E16855
:1081D000084321688860616A606B0843A16B0843AB
:1081E000A16908432169084361690843216A08437A
:1081F00061680843E16C0843A1680843A16C084327
:10820000A16D08432168C860606878B920688068FB
:1082100020F4C05040F400602168886020688068C5
:1082200020F4C06040F48060216888602068006DA0
:1082300020F0010021680865606800F48000B0F556
:10824000800F07D12068C06820F00040616D0843AE
:108250002168C8600020C4F88400012084F88100EF
:10826000002049E70030014000380040003C004059
:108270007047000010B5B6B00446BC2107A8F8F757
:1082800021F94FF48050079005200890A021099112
:1082900004210A9102210B910C9180210D91002162
:1082A0000E910F914FF480501E9007A8FDF7E6FE47
:1082B00018B1EC212DA0FAF78FFA00BF34480068FE
:1082C00040F00200324908600846006800F00200F1
:1082D000019000BF00BF00BF0846006840F00200E8
:1082E00008600846006800F00200019000BF00BF6F
:1082F00000BF0846006840F00200086008460068B9
:1083000000F00200019000BF00BF00BF2048103005
:10831000006840F480501E4910310860084600682B
:1083200000F48050019000BF00BF0820029002209E
:10833000039000200490022005900520069002A9D9
:108340001448FDF753F9102002900520069002A969
:108350001048FDF74BF9202002900520069002A955
:108360000C48FDF743F936B010BD00002E2E5C2EF0
:108370002E5C48617264776172655C7372635C62E3
:1083800073705F7370695F6275732E630000000025
:10839000E0440258000402582DE9F84F044688468C
:1083A00017461D46206800F120094FF0000A00BF63
:1083B00094F88000012802D10220BDE8F88F012046
:1083C00084F8800000BFFDF72DFA064694F881007E
:1083D000012808D04FF0020A00BF002084F8800076
:1083E00000BF5046E9E7B8F1000F00D047B94FF0A1
:1083F000010A00BF002084F8800000BF5046DCE77F
:1084000003205C3484F825000020A062C4F80080BA
:10841000A780E780A060A081E081A06160615C3CF2
:10842000A068B0F5C02F05D12068006840F4006056
:1084300021680860206840686FF30F0038432168A6
:1084400048602068006840F00100216808606068AA
:10845000B0F5800F05D12068006840F400702168F5
:108460000860E0680F2833D92DE02068406900F0EB
:10847000020002280CD1E06D006821680862E06DFE
:10848000001DE065B4F86200401EA4F862001AE026
:10849000FDF7C8F9801BA84201D3681C00B995B943
:1084A000204601F0F7FD00BF002084F8800000BFE7
:1084B000D4F8840040F48070C4F88400012084F86B
:1084C0008100032079E7B4F862000028CDD1A4E050
:1084D000E068072846D940E02068406900F00200C3
:1084E00002281FD1B4F8620001280ED9E06B60B1F8
:1084F000E06D006821680862E06D001DE065B4F879
:108500006200801EA4F8620027E0E06D0088A9F8F0
:108510000000E06D801CE065B4F86200401EA4F825
:1085200062001AE0FDF77EF9801BA84201D3681CA7
:1085300000B995B9204601F0ADFD00BF002084F8D8
:10854000800000BFD4F8840040F48070C4F8840038
:10855000012084F8810003202FE7B4F8620000288E
:10856000BAD15AE055E02068406900F002000228C4
:1085700034D1B4F8620003280FD9E06B40280CD93D
:10858000E06D006821680862E06D001DE065B4F8E8
:108590006200001FA4F862003BE0B4F8620001280A
:1085A0000ED9E06B60B1E06D0088A9F80000E06DC5
:1085B000801CE065B4F86200801EA4F8620028E028
:1085C000E06D0078216881F82000E06D401CE065D6
:1085D000B4F86200401EA4F862001AE0FDF722F928
:1085E000801BA84201D3681C00B995B9204601F050
:1085F00051FD00BF002084F8800000BFD4F8840043
:1086000040F48070C4F88400012084F881000320C5
:10861000D3E6B4F862000028A5D133460022082131
:108620002046009501F0AEFD28B1D4F8840040F05A
:108630002000C4F88400204601F02CFD00BF00207B
:1086400084F8800000BF012084F88100D4F8840001
:1086500008B10120B1E65046AFE62DE9FF4F85B0E5
:1086600004468A461F46129E00200490206820304F
:10867000039020683030029000BF94F880000128F9
:1086800003D1022009B0BDE8F08F012084F88000FA
:1086900000BFFDF7C7F881463D46A84694F881B073
:1086A00060680190BBF1010F11D00198B0F5800F07
:1086B00004D1A06810B9BBF1040F08D002200490C7
:1086C00000BF002084F8800000BF0498DAE7BAF108
:1086D000000F02D0079800B147B90120049000BFF5
:1086E000002084F8800000BF0498CBE794F8810054
:1086F000042802D0052084F881000020C4F88400FA
:1087000007986066A4F86A70A4F86870C4F85CA062
:10871000A4F86270A4F86070002020676067206889
:1087200040686FF30F003843216848602068006894
:1087300040F00100216808606068B0F5800F05D145
:108740002068006840F4007021680860E0680F2825
:108750004ED947E02068406900F0020002280ED19F
:108760006DB1E06D006821680862E06D001DE06594
:10877000B4F86200401EA4F86200B4F862502068A9
:10878000406948F20801084080B1B8F1000F0DD0EF
:108790002068006B616E0860606E001D6066B4F852
:1087A0006A00401EA4F86A00B4F86A80FDF73AF83F
:1087B000A0EB0900B04201D3701C00B996B9204665
:1087C00001F068FC00BF002084F8800000BFD4F8EE
:1087D000840040F48070C4F88400012084F8810093
:1087E00003204FE7002DB5D1B8F1000FB2D117E14A
:1087F000E068072874D96CE02068406900F0020046
:10880000022820D1FDB1012D10D9E06B70B1E06DCF
:10881000006821680862E06D001DE065B4F8620040
:10882000801EA4F86200B4F862500CE054F85C0FAB
:108830000188039801802068801C2060E088401E29
:10884000E080E5885C3C2068406900F4604020B32B
:10885000B8F1000F21D02068406900F4004070B1E9
:108860002068006B616E0860606E001D6066B4F881
:108870006A00801EA4F86A00B4F86A800DE00298CD
:10888000008854F8641F08802068801C2060E088FD
:10889000401EE080B4F80680643CFCF7C3FFA0EB08
:1088A0000900B04201D3701C00B996B9204601F00E
:1088B000F1FB00BF002084F8800000BFD4F88400E2
:1088C00040F48070C4F88400012084F88100032003
:1088D000D8E6002D90D1B8F1000F8DD1A0E0FFE7D0
:1088E00098E02068406900F00200022835D125B3E5
:1088F000032D11D9E06B40280ED9E06D0068216886
:108900000862E06D001DE065B4F86200001FA4F885
:108910006200B4F8625020E0012D0FD9E06B68B11D
:1089200054F85C0F0188039801802068801C206047
:10893000E088801EE080E5885C3C0EE0E06D007819
:10894000216881F82000E06D401CE065B4F8620009
:10895000401EA4F86200B4F862502068406900F438
:10896000604058B3B8F1000F38D02068406900F477
:10897000004070B12068006B616E0860606E001D81
:108980006066B4F86A00001FA4F86A00B4F86A8050
:1089900024E02068406900F4C040B0F5005F0ED9C3
:1089A0000298008854F8641F08802068801C2060AA
:1089B000E088801EE080B4F80680643C0EE0206809
:1089C00090F83000616E0870606E401C6066B4F80C
:1089D0006A00401EA4F86A00B4F86A80FCF722FF1F
:1089E000A0EB0900B04201D3701C00B996B9204633
:1089F00001F050FB00BF002084F8800000BFD4F8D5
:108A0000840040F48070C4F88400012084F8810060
:108A1000032037E6002D7FF464AFB8F1000FFAD1E0
:108A20004B46002208212046009601F0ABFB28B1FE
:108A3000D4F8840040F02000C4F88400204601F0FF
:108A400029FB00BF002084F8800000BF012084F8CB
:108A50008100D4F8840008B1012013E6049811E6DF
:108A60000349096821F460010143014A116070471C
:108A700004040058042808D14FF0E021096941F0AE
:108A800004014FF0E022116107E04FF0E021096995
:108A900021F004014FF0E0221161704770B50446E7
:108AA0002546681EB0F1807F01D301200FE0681ECB
:108AB0004FF0E02148610F214FF0FF3004F0BCF887
:108AC00000204FF0E021886107200861002070BD80
:108AD00010B504460CB9012010BD94F83D0028B92A
:108AE000002084F83C00204600F029F8022084F899
:108AF0003D00211D206802F0E9F8012084F84800BB
:108B000000BF84F83E0001213F200155402001555F
:108B100041200155422001554320015500BF00BFAF
:108B2000012084F844004520015546200155472086
:108B3000015500BF012084F83D000020CCE77047BC
:108B4000014691F83D00012801D001207047022024
:108B500081F83D001C4B086898421BD00868B0F1B2
:108B6000804F17D0194B0868984213D0184B0868EB
:108B700098420FD0174B086898420BD0164B0868E4
:108B8000984207D0154B0868984203D0144B0868E8
:108B9000984210D108688068124B00EA0302062A46
:108BA0000FD0B2F5803F0CD00868006840F001009B
:108BB0000B68186005E00868006840F001000B6869
:108BC00018600020C2E700000000014000040040DF
:108BD00000080040000C0040000401400018004064
:108BE00000400140070001002DE9F04104460E4617
:108BF0001746D4F8880020282DD106B117B90120D6
:108C0000BDE8F08100BF94F88000012801D1022066
:108C1000F6E7012084F8800000BFE0663A4631465E
:108C2000204603F0A3FA05469DB9E06E01280FD156
:108C300010202168086200BF00BF216851E8001FB2
:108C400041F01000226842E800010029F5D100E05F
:108C500001252846D4E70220D2E7704710B5044624
:108C6000D4F8880022281FD12068806800F04000D6
:108C7000402819D12068806820F040002168886071
:108C8000E06F10B1E06FF9F725FF2068006820F46D
:108C90009070216808602068806820F001002168D9
:108CA00088602020C4F88800002010BD704710B5EF
:108CB00004460CB9012010BDA06900B100E000BF5E
:108CC000D4F8840028B9002084F88000204600F001
:108CD0002AF82420C4F884002068006820F00100ED
:108CE00021680860204602F07BFF012800D1E2E7FE
:108CF000A06A10B1204602F09FFD2068406820F471
:108D00009040216848602068806820F02A0021682F
:108D100088602068006840F00100216808602046F3
:108D200002F006FEC7E77047704770472DE9F84F1D
:108D300004460E4617469946D4F8840020285ED192
:108D400006B117B90120BDE8F88F00BF94F8800084
:108D5000012801D10220F6E7012084F8800000BF3D
:108D600000205434A06321202063FCF75BFD824681
:108D700027806780543CA068B0F5805F04D12069EB
:108D800010B90025B04602E035464FF0000800BF9C
:108D9000002084F8800000BF1DE05346002280219F
:108DA0002046CDF8009003F04BFA08B10320CAE743
:108DB00045B9B8F80000C0F308002168886208F1DE
:108DC000020803E02878216888626D1CB4F8560018
:108DD000401EA4F85600B4F856000028DDD15346D2
:108DE000002240212046CDF8009003F029FA08B176
:108DF0000320A8E72020C4F884000020A3E7022075
:108E0000A1E7000070B504460E461546D4F884006C
:108E1000202854D106B10DB9012070BD00BF94F8CF
:108E20008000012801D10220F7E7012084F88000AA
:108E300000BF44F8506FA580E5800020E06321204A
:108E40006063A06A503C08B31E48A16FC8631E4807
:108E5000A16F08641D48A16FC8640020A16F086558
:108E6000236803F128022B46216DA06FFBF7ACF8B5
:108E700060B11020C4F88C0000BF002084F880008E
:108E800000BF2020C4F884000120C6E740202168EC
:108E9000086200BF002084F8800000BF00BF00BF50
:108EA0002168083151E8001F41F080002168083135
:108EB00041E80002002AF3D100BF0020ADE7022004
:108EC000ABE70000D1BA020825BB0208A7B9020827
:108ED00070477047F8B504460D4616464FF47A7051
:108EE00033462A46214600900148FFF7B6FBF8BDFD
:108EF00064D2012470B504460D464FF47A732A46B5
:108F000021460248FFF748FA70BD000064D20124F0
:108F1000F8B504460D4616464FF47A7033462A4695
:108F2000214600900148FFF798FBF8BDDCD10124F1
:108F300070B504460D464FF47A732A46214602481E
:108F4000FFF72AFA70BD0000DCD101242DE9F041C1
:108F500007460C46154698460026224629460CA090
:108F6000F9F76AFD0746781C78B100BF0BE055F8A9
:108F7000260007A1F7F7ECFA18B90021084626F0F9
:108F8000EDFE701CC6B2A642F1DB03A0BDE8F08185
:108F90006C6F67696E0000002F70617273652E73CD
:108FA00068746D6C000000003CB50246002300931D
:108FB000019300200FE00B880124844023404BB133
:108FC000BDF80030C0F10F050124AC4023439BB233
:108FD000ADF80030401C1028EDDBBDF800301380E8
:108FE0003CBD000010B50446082C34D2DFE804F084
:108FF00004090F151B21272D01211848FCF7F4FB4C
:1090000010BD4FF480511648FCF7EEFBF8E74FF423
:1090100000611348FCF7E8FBF2E74FF48071114858
:10902000FCF7E2FBECE74FF400410C48FCF7DCFBFB
:10903000E6E74FF480410948FCF7D6FBE0E74FF440
:1090400000610648FCF7D0FBDAE74FF40041064820
:10905000FCF7CAFBD4E70020D2E70000000C02585E
:1090600000000258000802580010025838B50446A3
:10907000042C2AD169462E2000F074F908B900208A
:1090800038BD9DF8000000F01F0000909DF8000022
:1090900000909DF800102E2000F038FB08B9002049
:1090A000EEE76946242000F05DF908B90020E7E703
:1090B0009DF8000000F0BF0000909DF800102420F3
:1090C00000F024FB08B90020DAE794BB69462420AD
:1090D00000F048F908B90020D2E79DF8000000F040
:1090E000BF0000909DF8000040F0400000909DF807
:1090F0000010242000F00AFB08B90020C0E76946F0
:109100002E2000F02FF908B90020B9E79DF80000E3
:1091100000F01F0000909DF8000040EA8410C0B2EB
:1091200000909DF800102E2000F0F0FA08B9002001
:10913000A6E7FFE7012C32D16946242000F012F99E
:1091400008B900209CE79DF8000000F0BF000090E7
:109150009DF8000040F0400000909DF80010242091
:1091600000F0D4FA08B900208AE769462E2000F002
:10917000F9F808B9002083E79DF8000000F01F000F
:1091800000909DF8000040EA8410C0B200909DF865
:1091900000102E2000F0BAFA08B9002070E7022C67
:1091A00032D16946242000F0DDF808B9002067E7D5
:1091B0009DF8000000F0BF0000909DF8000040F016
:1091C000400000909DF80010242000F09FFA08B99C
:1091D000002055E769462E2000F0C4F808B90020A9
:1091E0004EE79DF8000000F01F0000909DF8000081
:1091F00040EA8410C0B200909DF800102E2000F0CC
:1092000085FA08B900203BE7032C32D169462420B7
:1092100000F0A8F808B9002032E79DF8000000F03F
:10922000BF0000909DF8000040F0400000909DF8C5
:109230000010242000F06AFA08B9002020E76946EF
:109240002E2000F08FF808B9002019E79DF80000E3
:1092500000F01F0000909DF8000040EA8410C0B2AA
:1092600000909DF800102E2000F050FA08B9002060
:1092700006E7012004E7F8B504466D466E1C294652
:10928000282000F06FF808B90020F8BD31462920E9
:1092900000F068F808B90020F7E7BDF90000208069
:1092A00029462A2000F05EF808B90020EDE7314693
:1092B0002B2000F057F808B90020E6E7BDF90000C0
:1092C000608029462C2000F04DF808B90020DCE72A
:1092D00031462D2000F046F808B90020D5E7BDF949
:1092E0000000A0800120D0E700B587B000BF00BF1C
:1092F0001A48006840F010001849086008460068E5
:1093000000F01000019000BF00BF00BF00BF00BF11
:109310000846006840F0100008600846006800F049
:109320001000019000BF00BF00BF4FF480600290AA
:109330000120039004900320059002A90848FCF73F
:1093400055F94FF4007002901120039002A90448CF
:10935000FCF74CF915F020F807B000BDE0440258C6
:109360000010025870B504460D460848007830B128
:10937000012229462046FCF75BFA012070BD01223C
:109380002946204610F000FE0120F7E74C02002499
:1093900008B569462420FFF7E5FF08B9002008BD9D
:1093A0009DF8000000F07F0000909DF8000040F064
:1093B000800000909DF80010242000F0A7F908B963
:1093C0000020ECE70021202000F0A0F9002121205E
:1093D00000F09CF90021222000F098F900212320C0
:1093E00000F094F90021242000F090F900212520BC
:1093F00000F08CF90420FFF739FE0120CFE7704719
:1094000001460020704738B5044669462020FFF722
:10941000A9FF08B9002038BD9DF8000000F0F80051
:10942000009004F007009DF80010084300909DF89C
:109430000010202000F06AF908B90020EBE70120B5
:10944000E9E738B5044669462320FFF78BFF08B9E2
:10945000002038BD9DF8000000F07F0000909DF8CE
:10946000000040EAC410C0B200909DF80010232014
:1094700000F04CF908B90020EBE70120E9E738B526
:10948000044669463820FFF76DFF08B9002038BD53
:109490009DF8000000F0C00000909DF800002043FF
:1094A00000909DF80010382000F030F908B9002035
:1094B000EDE70120EBE710B5044621463C2000F023
:1094C00025F908B9002010BD0120FCE710B50446BD
:1094D0007F2C01DD002010BD21463B2000F016F955
:1094E00008B90020F7E70120F5E710B504467F2C06
:1094F00001DD002010BD21463A2000F007F908B92F
:109500000020F7E70120F5E710B5044621463D208D
:1095100000F0FCF808B9002010BD0120FCE738B5C8
:10952000044669462320FFF71DFF08B9002038BD17
:109530009DF8000000F0CF0000909DF8000040EA88
:109540000410C0B200909DF80010232000F0DEF857
:1095500008B90020EBE70120E9E738B50446694681
:109560002120FFF7FFFE08B9002038BD9DF800005C
:1095700000F03F0000909DF8000040EA8410C0B267
:1095800000909DF80010212000F0C0F808B90020DC
:10959000EBE70120E9E738B5044669462220FFF7EA
:1095A000E1FE08B9002038BD002000909DF80000C1
:1095B000204300909DF80010222000F0A7F808B981
:1095C0000020F0E70120EEE738B504466946252083
:1095D000FFF7C8FE08B9002038BD002000909DF8B4
:1095E0000000204300909DF80010252000F08EF828
:1095F00008B90020F0E70120EEE700001CB50446A2
:1096000001A92020FFF7AEFE08B900201CBD694665
:109610002320FFF7A7FE08B90020F7E79DF8040014
:1096200000F0F00038B92948007800F0F0009DF80B
:1096300004100843019024B1012C1FD0022C30D11A
:1096400009E09DF80400214908709DF8040000F02D
:109650000F00019027E09DF8040000F0F700019052
:109660009DF8040001909DF8000000F0F7000090C4
:109670009DF8000040F00800009014E09DF8040000
:1096800000F0F70001909DF8040040F00800019000
:109690009DF8000000F0F70000909DF80000009099
:1096A00001E00020B2E700BF9DF80410202000F088
:1096B0002DF808B90020A9E79DF80010232000F03C
:1096C00025F808B90020A1E701209FE74D020024FA
:1096D00038B5044669462020FFF744FE08B900204B
:1096E00038BD9DF8000000F00F0000909DF80000CC
:1096F00040EA0410C0B200909DF80010202000F055
:1097000005F808B90020EBE70120E9E713B50446A6
:109710000848007830B1012201A92046FCF7CCF8B6
:1097200001201CBD012201A9204610F047FC0120A8
:10973000F7E700004C0200242DE9F0417F4805685E
:109740007E481C38066805F0100000287DD006F021
:1097500010000028FAD0102079490968086278487A
:10976000FFF77CFA7648C06F00687649884267D078
:109770007348C06F006873491831884260D07048E0
:10978000C06F00686F493031884259D06C48C06F53
:1097900000686C494831884252D06948C06F0068FF
:1097A0006849603188424BD06548C06F00686549A0
:1097B0007831884244D06248C06F00686149903176
:1097C00088423DD05E48C06F00685E49A83188423B
:1097D00036D05B48C06F00685B49884230D058483B
:1097E000C06F006858491831884229D05448C06F6A
:1097F000006855493031884222D05148C06F006816
:109800005149483188421BD04D48C06F00684E49CD
:109810006031884214D04A48C06F00684A497831A4
:1098200088420DD04648C06F006847499031884251
:1098300006D04348C06F00684349A831884205D12B
:109840003F48C06F0068406804E03AE03C48C06FA1
:1098500000684068C0F500743C484FF4007100296E
:1098600023DD00F01F077A18034600BF00BF00BFCA
:10987000BFF34F8F00BF00BF00BF00BF344F3B603E
:109880002033203A002AF9DC00BF00BF00BFBFF33D
:109890004F8F00BF00BF00BF00BF00BF00BFBFF3BE
:1098A0006F8F00BF00BF00BF00BF00BFE1B22748FD
:1098B00028F0A6FF4FF4007224492148FFF794F9DD
:1098C00000BF1E48001D006840F001001B49091D33
:1098D00008600846006840F002000860084600681A
:1098E00040F0040008600846006840F00800086086
:1098F0000846006840F0100008600846006840F024
:10990000400008600846006840F48070086008461F
:10991000006840F4007008600846006840F40030B9
:1099200008600846006840F4801008600846006837
:1099300040F020000860BDE8F08100001C0C0058D9
:10994000C09D0124100002401004024000000038B5
:109950005CEF00E070B504460D464FF47A732A467A
:1099600021460248FFF7E2F970BD0000C09D0124C6
:1099700000BFFEE770B52DED028B05460C46094889
:1099800000EB840090ED000AB0EE408AB7EEC80A02
:1099900053EC102B04A1284603F01AF9BDEC028BFE
:1099A00070BD0000300A0020252E32660000000045
:1099B0001FB5FCF74FF801208DF80000104801900A
:1099C00007208DF8080003208DF80B0001208DF88A
:1099D0000F0000208DF80E0001208DF80D000520ED
:1099E0008DF8010000208DF80A008DF809008DF82F
:1099F0000C006846FCF700F80420FCF741F81FBD96
:109A00000000043000BFFEE72DE9F04104460E4699
:109A100000275548006800F00300032802D1012008
:109A2000BDE8F08150482838006820F080604E4939
:109A300028390860FBF7F6FE054606E0FBF7F2FE64
:109A4000401B022801D90320EAE74748283800686C
:109A5000C0F3C0600028F1D100BF4348006820F483
:109A60007C30216840EA01303F490860A088401EF0
:109A7000C0F30800A168491E4FF47E4202EA41216A
:109A80000843A189491ED20102EA01410843217C11
:109A9000491E120202EA016108433349103108608D
:109AA00000BF3148001D006820F0C0006169084314
:109AB0002D49091D08600846006820F02000A169B2
:109AC00008432949091D08600846006820F0100075
:109AD00008602548143000684FF6F8718843E16942
:109AE00040EAC1002049143108601F48001D006889
:109AF00040F010001C49091D08602EB90846006896
:109B000040F40020086012E0012E08D11648001D24
:109B1000006840F480101449091D086007E01248ED
:109B2000001D006840F400100F49091D08600E4830
:109B30002838006840F080600B4928390860FBF73E
:109B400071FE054606E0FBF76DFE401B022801D9B9
:109B5000032065E7044828380068C0F3C060002887
:109B6000F1D038465CE70000284402582DE9F04166
:109B700004460E4600275548006800F003000328FD
:109B800002D10120BDE8F08150482838006820F05B
:109B900080504E4928390860FBF744FE054606E030
:109BA000FBF740FE401B022801D90320EAE74748A3
:109BB00028380068C0F340700028F1D100BF434846
:109BC000006820F07C70218840EA01503F4908601D
:109BD000A088401EC0F30800A168491E4FF47E42D1
:109BE00002EA41210843A189491ED20102EA01414A
:109BF0000843217C491E120202EA016108433349ED
:109C00001831086000BF3148001D006820F4406032
:109C1000616908432D49091D08600846006820F461
:109C20000070A16908432949091D086008460068B9
:109C300020F48070086025481C3000684FF6F871E9
:109C40008843E16940EAC10020491C3108601F488F
:109C5000001D006840F480701C49091D08602EB981
:109C60000846006840F48000086012E0012E08D128
:109C70001648001D006840F400001449091D0860E2
:109C800007E01248001D006840F080700F49091D70
:109C900008600E482838006840F080500B49283989
:109CA0000860FBF7BFFD054606E0FBF7BBFD401B68
:109CB000022801D9032065E7044828380068C0F36A
:109CC00040700028F1D038465CE700002844025874
:109CD00000B58BB001208DF8040000208DF8050040
:109CE0008DF8060002908DF807004FF000400690B6
:109CF0004FF0706007900020089001208DF824003C
:109D000000020A90002201A90E48FDF7C9FF0120B8
:109D10008DF804001E208DF8050000208DF8060047
:109D20004FF400700A90002201A90648FDF7B8FF21
:109D300000220E212920FBF7D8FE2920FBF7C1FEC7
:109D40000BB000BD9483012410B50248FDF766FEF8
:109D500010BD0000948301240146080900EB800037
:109D6000420001F00F001044C0B2704702460023C9
:109D7000114603E05B1CA1F10A00C1B20A29F9D225
:109D8000180741EA1060704770B504460026206845
:109D9000C06800F04000B8B9701E2168C860FBF7C9
:109DA00041FD054609E0FBF73DFD401BB0F57A7F1C
:109DB00003D90326032084F821002068C06800F03E
:109DC000400008B9032EEED1304670BD70B5044690
:109DD00000251548C06820F040001349C8600846B7
:109DE000806800F0200040B92046FEF749F9C0B174
:109DF000032084F82100032513E00B48806820F03D
:109E00002000094988602046FEF73AF918B103207E
:109E100084F8210003250448806840F020000249AE
:109E20008860284670BD00000040005810B586B01C
:109E30000446002201A91048FDF74CFE9DF80400DD
:109E400060719DF80500A0719DF80600E071002288
:109E500069460948FDF718FE9DF8030000F5FA6011
:109E600020809DF80100A0709DF80200E0709DF830
:109E70000000207106B010BD94830124F8B504469B
:109E80000D4617461E468DF802708DF801508DF86C
:109E900000608DF80340002269460248FEF70EF884
:109EA000F8BD000094830124F0B585B004460D464A
:109EB00016461F468DF800408DF801508DF802605F
:109EC0008DF8037000200390049000226946024838
:109ED000FEF75AF805B0F0BD9483012413B59DF840
:109EE00003209DF80210BDF800000EF0ADFB8DF8C8
:109EF00004009DF805000C2809DD9DF807209DF859
:109F000006109DF805000123FFF7CEFF08E09DF83D
:109F100007209DF806109DF805000023FFF7C4FFF9
:109F20009DF804309DF803209DF80210BDF8004014
:109F3000A4F5FA64E0B2FFF7A1FF9DF804309DF8A4
:109F400003209DF80210BDF80040A4F5FA64E0B2C9
:109F5000FFF794FF1CBD000070B505460C4634B9F0
:109F60000648028806A1284602F032FE04E0054AAF
:109F700005A1284602F02CFE70BD0000E803002475
:109F800025640000A0CF0324257300002DE9F041D3
:109F900080460D4617461E4600242A46394635A0FF
:109FA000F8F74AFD804608F1010000285DD03246EE
:109FB0003946284612F00CFB044604B956E03246F6
:109FC0003946284612F084FB044604B94EE0304678
:109FD00012F0DAFB044604B948E032463946284616
:109FE00012F0C4FC044604B940E032463946284623
:109FF00012F028FE044604B938E0324639462846B5
:10A0000012F066FC044604B930E032463946284670
:10A0100012F0D0FB044604B928E0324639462846FF
:10A0200012F00EFC044604B920E0324639462846B8
:10A0300012F0E4FC044604B918E0324639462846DA
:10A0400012F0A8FE044604B910E03246394628460C
:10A0500012F026FE044604B908E0084A08493046D2
:10A0600012F014FD044604B900E000BF05A0BDE8ED
:10A07000F081000062746E7479706500A0CF0324D3
:10A08000E80300242F73657474696E672E73687417
:10A090006D6C0000026851690268926942F0080222
:10A0A00003689A610268926942F0100203689A613B
:10A0B0000268126822F0010203681A6002681269DD
:10A0C00040F26F339A4303681A610268926822F47F
:10A0D000404203689A6090F88120042A0ED001F073
:10A0E00020025AB1D0F8842042F08002C0F88420C7
:10A0F0000268926942F0200203689A6190F8812018
:10A10000032A0ED001F040025AB1D0F8842042F068
:10A110000402C0F884200268926942F04002036899
:10A120009A6101F400725AB1D0F8842042F0010221
:10A13000C0F884200268926942F4007203689A6150
:10A1400001F480725AB1D0F8842042F00802C0F8BD
:10A1500084200268926942F4807203689A61002246
:10A16000A0F86220A0F86A20704710B501460124CB
:10A17000C86B04EB5013C868421CD01DC20802FB18
:10A1800003F010BD2DE9F04106460C4617469846EF
:10A19000069D0BE0FBF746FBA0EB0800A84201D3AD
:10A1A000681C00B915B90320BDE8F081306840692A
:10A1B0002040A04201D1012000E00020B842E9D0B7
:10A1C0000020F1E770B504460D461646252C02D056
:10A1D000262C0AD104E000212846FFF7BDFE05E049
:10A1E00001212846FFF7B8FE00E000BF00BF284667
:10A1F000F6F7A7F980B270BD2DE9F04391B006469D
:10A200000D4614460027B84656F8240037A1F6F745
:10A210009FF9A0B9364A101F011F0B1FCDE900316D
:10A22000CDE9020255F824001B1F143A31A1F6F7BC
:10A2300005FA00212E48143804F0C4FE38E056F820
:10A24000240032A1F6F784F948B9002030490860AB
:10A2500055F824000A462FA1F6F7F0F928E056F841
:10A2600024002DA1F6F774F958B934212848001DAF
:10A27000F6F728F955F824002549091D33F03FF871
:10A2800016E056F8240025A1F6F762F980B91421EA
:10A290001F483830F6F716F955F82400F6F751F94B
:10A2A000814655F824104A4619483830F6F7E2F846
:10A2B00056F824001AA1F6F74BF990B955F8240086
:10A2C000F6F726FB00F0FF08404605F0AFF8402205
:10A2D0000F4910316846F6F7CDF80D480FC804F065
:10A2E00099FE384611B0BDE8F0830000610000001F
:10A2F000E4CE032425642F25642F256425253230E0
:10A3000025643A25643A25640000000062000000DC
:10A3100080CE032425580000630000006400000084
:10A320007472616E00000000F0B58FB005460E46F5
:10A3300014460027182109A8F6F7C4F80020089051
:10A3400055F82400C0A1F6F703F9C0B90CA80BA971
:10A35000CDE9001056F824000AAB09AABBA1F6F714
:10A360006DF947B2042F09D1BB49099808700A98C2
:10A3700048700B9888700C98C870002760E155F8F9
:10A380002400B6A1F6F7E4F8F0B90CA80BA9CDE9C2
:10A39000001056F824000AAB09AAACA1F6F74EF952
:10A3A00047B2042FEAD1AC49099888730A98C1B220
:10A3B000A948C1730B98C1B2A74801740C98C1B2E7
:10A3C000A548417400273BE155F82400A4A1F6F705
:10A3D000BFF8F0B90CA80BA9CDE9001056F824007D
:10A3E0000AAB09AA99A1F6F729F947B2042FC5D1FA
:10A3F0009949099888720A98C1B29748C1720B9816
:10A40000C1B2954801730C98C1B2934841730027BB
:10A4100016E155F8240093A1F6F79AF8F0B90CA8C4
:10A420000BA9CDE9001056F824000AAB09AA87A1B0
:10A43000F6F704F947B2042FA0D187490998887428
:10A440000A98C1B28448C1740B98C1B282480175A0
:10A450000C98C1B2804841750027F1E055F82400FE
:10A4600081A1F6F775F850BB0EA80DA90CAA0BAB8D
:10A47000CDE90032CDE9021056F824000AAB09AA52
:10A480007AA1F6F7DBF847B2062F9CD172490998FA
:10A4900008710A98C1B2704841710B98C1B26E48F8
:10A4A00081710C98C1B26C48C1710D98C1B26A48F3
:10A4B00001720E98C1B2684841720027C0E055F899
:10A4C00024006FA1F6F744F8F0B90CA80BA9CDE968
:10A4D000001056F824000AAB09AA5CA1F6F7AEF802
:10A4E00047B2042F94D15C49099888750A98C1B283
:10A4F0005948C1750B98C1B2574801760C98C1B242
:10A500005548417600279BE055F824005DA1F6F7F9
:10A510001FF8F0B90CA80BA9CDE9001056F82400DB
:10A520000AAB09AA49A1F6F789F847B2042F94D1DA
:10A5300000274949099888760A98C1B24648C176E9
:10A540000B98C1B2444801770C98C1B24248417798
:10A5500076E055F824004CA1F5F7FAFF10BB0CA8E3
:10A560000BA9CDE9001056F824000AAB09AA37A1BF
:10A57000F6F764F847B2042F62D1002736490998EC
:10A5800081F829000A98C1B2334880F82A100B9844
:10A59000C1B2314880F82B100C98C1B22E4880F817
:10A5A0002C104DE055F8240038A1F5F7D1FF50B933
:10A5B00056F82400F6F7ACF9C0B20890022108A8BA
:10A5C00004F0D8FC3CE055F8240031A1F5F7C0FFB9
:10A5D00008BB0CA80BA9CDE9001056F824000AAB63
:10A5E00009AA1AA1F6F72AF847B2042F28D11A4966
:10A5F0000998C8770A98C1B2174880F820100B98BC
:10A60000C1B2154880F821100C98C1B2124880F8E8
:10A610002210002714E055F824001EA1F5F798FF3A
:10A6200070B956F82400F6F773F90B4948622022F6
:10A6300010316846F5F71EFF07480FC804F034FDD7
:10A6400038460FB0F0BD00006500000025642E25DF
:10A65000642E25642E256400E8CE032467000000E4
:10A6600066000000680000004C00000025782D25E1
:10A67000782D25782D25782D25782D25780000003A
:10A68000690000004B000000616300004E00000004
:10A690004F000000500000002DE9F0419EB006463A
:10A6A0000D461446002756F8240034A1F5F750FF54
:10A6B00070B940213248F5F705FF55F82400F5F749
:10A6C00040FF804655F8241042462D48F5F7D2FE4B
:10A6D00056F824002BA1F5F73BFF38B955F82400B4
:10A6E000F6F716F926494439C1F8840056F82400D3
:10A6F00025A1F5F72DFFA0B9402121484438F5F7F1
:10A70000E1FE55F82400F5F71CFF804655F82410AB
:10A7100042461B484438F5F7ADFE38461EB0BDE84A
:10A72000F08156F8240019A1F5F712FF40B955F849
:10A730002400F6F7EDF81249443908643846EDE78D
:10A7400056F8240012A1F5F703FFA0B955F824002C
:10A75000F6F7DEF80F49086001210E4804F00AFC04
:10A760007822074934396846F5F784FE04484438AE
:10A770000FC804F029FD3846D0E70000440000006F
:10A780005CCF0324450000004600000047000000A5
:10A790004A000000DC0300242DE9FF4105460E4677
:10A7A0001446002755F8240050A1F5F7D1FE48B90A
:10A7B00056F82400F6F7ACF84D490880384604B046
:10A7C000BDE8F08155F824004AA1F5F7C1FE38B97B
:10A7D00056F82400F6F79CF8454948803846EEE7DD
:10A7E00055F8240044A1F5F7B3FE38B956F8240013
:10A7F000F6F78EF83E4988803846E0E755F82400A1
:10A800003EA1F5F7A5FE38B956F82400F6F780F812
:10A81000374988713846D2E755F8240038A1F5F752
:10A8200097FE40B956F82400F6F772F840B2304966
:10A83000C8713846C3E755F8240032A1F5F788FE01
:10A8400040B956F82400F6F763F840B22849087278
:10A850003846B4E755F824002BA1F5F779FE40B946
:10A8600056F82400F6F754F840B2214948723846A9
:10A87000A5E755F8240025A1F5F76AFE40B956F87A
:10A880002400F6F745F840B219498872384696E731
:10A8900055F824001EA1F5F75BFE28B956F82400F0
:10A8A000F6F736F81249888155F8240019A1F5F712
:10A8B0004FFE28B956F82400F6F72AF80C49887399
:10A8C00055F8240014A1F5F743FE68B956F82400A2
:10A8D000F6F71EF80649C87310226846F5F7CAFD58
:10A8E0009DE80F0004F06CFD384668E74100000069
:10A8F00070CE03244200000051000000520000000E
:10A9000053000000540000005500000056000000F5
:10A9100057000000616400006165000070B586B0FA
:10A9200005460E46144600200290039004900590C0
:10A9300055F8240015A1F5F70BFE98B905A804A950
:10A94000CDE9001056F8240003AB02AA10A1F5F7D8
:10A9500075FE124902980870039848700498887030
:10A960000598C87055F824000DA1F5F7F1FD48B918
:10A9700056F82400F5F7CCFF08494860084603C89C
:10A9800004F086FB002006B070BD0000626100008C
:10A9900025642E25642E25642E256400E003002402
:10A9A000626200002DE9FF4F83460D4614461E46A5
:10A9B0000DAF97E88007042D01DBBDE8FF8FBBF1E9
:10A9C000000F03D0BBF1010F58D118E0182C00DBA9
:10A9D000F3E7C5EB45102F4901EB8000001D00EBAC
:10A9E00084002D4951F8261051F8271051F82810ED
:10A9F00051F8291051F82A10096808603FE00C2C22
:10AA000000DBDAE7C5EB4510224901EB800064303A
:10AA10002044214951F8261051F8271051F82810E8
:10AA200051F8291051F82A1009684860C5EB451003
:10AA3000184901EB800070302044174951F8261066
:10AA400051F8271051F8281051F8291051F82A1000
:10AA50000968886005EB4500104901EB800020443F
:10AA60000D4951F8261051F8271051F8281051F8C7
:10AA7000291051F82A100968C86000E000BF00BF23
:10AA800033462246294658468DE8800727F0D2FDF6
:10AA900000BF92E700000030780000240020003062
:10AAA00070B505460C46204624F08CF846B226B90F
:10AAB00004A1284602F08CF803E003A1284602F026
:10AAC00087F870BD300000003100000010B5FAF7C3
:10AAD0002BFF34F009F8012801D033F0D7FA10BD6C
:10AAE0003448006840F47000324908603248006819
:10AAF00000F00F00072806D22F48006820F00F0052
:10AB0000C01D2D4908602D48006840F001002B4908
:10AB10000860002029491031086028480068284949
:10AB20000840264908602448006800F00F00072804
:10AB300006D92148006820F00F00C01D1E4908609A
:10AB400000201E4918310860091D0860091D0860B1
:10AB50001C481A49283108601B48091D08601B4819
:10AB6000091D08600020091D08601848091D0860BB
:10AB70000020091D08601548091D08600020091DF6
:10AB800008600E48006820F480200C49086000200E
:10AB90000A49603108600E4800686FF30F00B0F199
:10ABA000005F02D201200B49086043F2D2000A493B
:10ABB0000860704788ED00E0002000520044025811
:10ABC0007FEDF6EA000202020000FF0180020101AF
:10ABD0000010005C088100510040005210B532F0B6
:10ABE00021FC29F024FFFAF7D1FF10BD4FF080407F
:10ABF000006900F0010048B16FF001004FF08041A2
:10AC0000086103480068401C014908607047000063
:10AC1000DC01002410B50E48006800F00100A8B166
:10AC20006FF001000A4908601CF042FD03F064FD6A
:10AC300004F06CFC0BF05CFE15F0A8F804F090F842
:10AC400005F034F809F06EF805F014FA10BD0000B4
:10AC5000100400400448006800F0010018B16FF0D3
:10AC6000010001490860704710080040044800686E
:10AC700000F0010018B16FF0010001490860704751
:10AC8000100C004010B50648006900F0010028B122
:10AC90006FF001000249086126F0EEFF10BD0000D0
:10ACA000001000400748006800F0010040B16FF05C
:10ACB00001000449086004480068401C024908601B
:10ACC00070470000101400400800002410B502680E
:10ACD000294B98420ED0B0F1804F0BD0274B9842B1
:10ACE00008D0274B984205D0264B984202D0264BDD
:10ACF000984203D122F070024B681A431E4B9842CF
:10AD000017D0B0F1804F14D01C4B984211D01C4B7F
:10AD100098420ED01B4B98420BD01B4B984208D048
:10AD20001A4B984205D01A4B984202D0194B9842C0
:10AD300003D122F44072CB681A4322F080034C699D
:10AD400043EA040202608B68C3620B6883620A4BA9
:10AD500098420BD00C4B984208D00C4B984205D02F
:10AD60000B4B984202D00B4B984201D10B69036305
:10AD70000123436110BD00000000014000040040B9
:10AD800000080040000C0040000401400040014069
:10AD9000004401400048014010B520210BA001F003
:10ADA00007FF00210FA001F003FF2C2116A001F0E6
:10ADB000FFFE30211DA001F0FBFE342124A001F094
:10ADC000F7FE58212BA001F0F3FE10BD2270636244
:10ADD000636F756E74222C2020202025642C0D0AB0
:10ADE000000000002274736B5443425F7078546F0C
:10ADF000704F66537461636B5F6F6666222C20250B
:10AE0000642C0D0A000000002274736B5443425FEF
:10AE100075785072696F726974795F6F6666222CFB
:10AE200020202025642C0D0A000000002274736B82
:10AE30005443425F7078537461636B5F6F66662240
:10AE40002C20202020202025642C0D0A000000004A
:10AE50002274736B5443425F70635461736B4E6131
:10AE60006D655F6F6666222C2020202020202564DF
:10AE70002C0D0A002274736B5443425F756C52753B
:10AE80006E54696D65436F756E7465725F6F66664B
:10AE9000222C2020202020202025642C0D0A0000B8
:10AEA00011B58DB00D9800F5E1400D900DA8F5F7A6
:10AEB0007FFD04460CB90EB010BD2C22214602A81D
:10AEC000F5F7D8FA079800F26C7007900698401CC6
:10AED0000690079880B2ADF800000698C0B28DF8D1
:10AEE00002000598C0B28DF803000498C0B28DF836
:10AEF00005000398C0B28DF806000298C0B28DF824
:10AF00000700DDE90001FEF7E9FF00BFD3E72DE907
:10AF1000F04704460D4616461F46DDE9089A20060E
:10AF2000000905F00F0140EA014006F00F0140EA78
:10AF3000013007F00F0140EA012009F00F0140EA5B
:10AF400001100AF00F0140EA010808F1804841466B
:10AF50000320F7F7B5FB0120BDE8F0872DE9F047A6
:10AF600004460D4616461F46DDE9089A20060009EC
:10AF700005F00F0140EA014006F00F0140EA013000
:10AF800007F00F0140EA012009F00F0140EA01102B
:10AF90000AF00F0140EA010808F180484146032009
:10AFA000F7F71EFC0120BDE8F08700002DE9F04115
:10AFB0007F4805687E481C38066805F010000028A8
:10AFC0007DD006F010000028FAD0102079490968D9
:10AFD00008627848FDF742FE7648C06F00687649FF
:10AFE000884267D07348C06F00687349183188423F
:10AFF00060D07048C06F00686F493031884259D0C6
:10B000006C48C06F00686C494831884252D069482A
:10B01000C06F00686849603188424BD06548C06F96
:10B02000006865497831884244D06248C06F006842
:10B030006149903188423DD05E48C06F00685E49EA
:10B04000A831884236D05B48C06F00685B498842AF
:10B0500030D05848C06F006858491831884229D00C
:10B060005448C06F006855493031884222D0514859
:10B07000C06F00685149483188421BD04D48C06FAD
:10B0800000684E496031884214D04A48C06F006859
:10B090004A49783188420DD04648C06F0068474918
:10B0A0009031884206D04348C06F00684349A831B8
:10B0B000884205D13F48C06F0068406804E03AE02C
:10B0C0003C48C06F00684068C0F500743C484FF4CD
:10B0D0000071002923DD00F01F077A18034600BF26
:10B0E00000BF00BFBFF34F8F00BF00BF00BF00BF56
:10B0F000344F3B602033203A002AF9DC00BF00BF08
:10B1000000BFBFF34F8F00BF00BF00BF00BF00BF35
:10B1100000BFBFF36F8F00BF00BF00BF00BF00BF05
:10B12000E1B2274827F056FB4FF40072244921482A
:10B13000FDF75AFD00BF1E48001D006840F00100E9
:10B140001B49091D08600846006840F002000860BD
:10B150000846006840F0040008600846006840F0B7
:10B16000080008600846006840F0100008600846C3
:10B17000006840F0400008600846006840F48070B5
:10B1800008600846006840F40070086008460068DF
:10B1900040F4003008600846006840F48010086001
:10B1A0000846006840F020000860BDE8F08100001B
:10B1B0001C4C00403898012410000240100402404A
:10B1C000000A01305CEF00E02DE9F0417D48C569DF
:10B1D000066805F0100000287DD006F01000002859
:10B1E000FAD010207849096808627748FDF736FDE3
:10B1F0007548C06F00687549884267D07248C06F53
:10B20000006872491831884260D06F48C06F00688A
:10B210006E493031884259D06B48C06F00686B4925
:10B220004831884252D06848C06F00686749603131
:10B2300088424BD06448C06F0068644978318842C6
:10B2400044D06148C06F00686049903188423DD069
:10B250005D48C06F00685D49A831884236D05A48C1
:10B26000C06F00685A49884230D05748C06F0068A4
:10B2700057491831884229D05348C06F0068544953
:10B280003031884222D05048C06F00685049483160
:10B2900088421BD04C48C06F00684D4960318842DD
:10B2A00014D04948C06F00684949783188420DD0B0
:10B2B0004548C06F006846499031884206D04248F0
:10B2C000C06F00684249A831884205D13E48C06F2E
:10B2D0000068406804E03AE03B48C06F006840689E
:10B2E000C0F500743B484FF40071002923DD00F0E5
:10B2F0001F077A18034600BF00BF00BFBFF34F8F80
:10B3000000BF00BF00BF00BF334F3B602033203A77
:10B31000002AF9DC00BF00BF00BFBFF34F8F00BFA2
:10B3200000BF00BF00BF00BF00BFBFF36F8F00BFF3
:10B3300000BF00BF00BF00BFE1B2264827F034FACB
:10B340004FF4007223492048FDF74EFC00BF1D4812
:10B35000006A40F001001B4908620846006A40F09C
:10B36000020008620846006A40F0040008620846CD
:10B37000006A40F0080008620846006A40F01000C9
:10B3800008620846006A40F0400008620846006A09
:10B3900040F4807008620846006A40F40070086259
:10B3A0000846006A40F4003008620846006A40F42B
:10B3B000801008620846006A40F020000862BDE87C
:10B3C000F081000000500040B899012410000240B4
:10B3D00010040240000C01305CEF00E02DE9F04168
:10B3E0008248056881481C38066805F0100000286E
:10B3F0007DD006F010000028FAD010207C490968A2
:10B4000008627B48FDF72AFC7948C06F00687949DB
:10B41000884267D07648C06F006876491831884204
:10B4200060D07348C06F006872493031884259D08B
:10B430006F48C06F00686F494831884252D06C48ED
:10B44000C06F00686B49603188424BD06848C06F5C
:10B45000006868497831884244D06548C06F006808
:10B460006449903188423DD06148C06F00686149AD
:10B47000A831884236D05E48C06F00685E49884275
:10B4800030D05B48C06F00685B491831884229D0D2
:10B490005748C06F006858493031884222D054481C
:10B4A000C06F00685449483188421BD05048C06F73
:10B4B000006851496031884214D04D48C06F00681F
:10B4C0004D49783188420DD04948C06F00684A49DB
:10B4D0009031884206D04648C06F00684649A8317E
:10B4E000884205D14248C06F0068406804E040E0EF
:10B4F0003F48C06F00684068C0F500643F484FF4A3
:10B500000061002923DD00F01F077A18034600BF01
:10B5100000BF00BFBFF34F8F00BF00BF00BF00BF21
:10B52000374F3B602033203A002AF9DC00BF00BFD0
:10B5300000BFBFF34F8F00BF00BF00BF00BF00BF01
:10B5400000BFBFF36F8F00BF00BF00BF00BF00BFD1
:10B550002CA001F073FAA2B24FF47A732749244861
:10B56000FDF7E4FB4FF4006224492148FDF73CFB62
:10B5700000BF1E48001D006840F001001B49091D66
:10B5800008600846006840F002000860084600684D
:10B5900040F0040008600846006840F008000860B9
:10B5A0000846006840F0100008600846006840F057
:10B5B000400008600846006840F480700860084653
:10B5C000006840F4007008600846006840F40030ED
:10B5D00008600846006840F480100860084600686B
:10B5E00040F020000860BDE8F08100001C780040B9
:10B5F000B89C0124100002401004024000160130E3
:10B600005CEF00E00D0A20756172743720646D6193
:10B610005F726563763A0D0A000000002DE9F04183
:10B620007F4805687E481C38066805F01000002831
:10B630007DD006F010000028FAD010207949096862
:10B6400008627848FDF70AFB7648C06F00687649C3
:10B65000884267D07348C06F0068734918318842C8
:10B6600060D07048C06F00686F493031884259D04F
:10B670006C48C06F00686C494831884252D06948B4
:10B68000C06F00686849603188424BD06548C06F20
:10B69000006865497831884244D06248C06F0068CC
:10B6A0006149903188423DD05E48C06F00685E4974
:10B6B000A831884236D05B48C06F00685B49884239
:10B6C00030D05848C06F006858491831884229D096
:10B6D0005448C06F006855493031884222D05148E3
:10B6E000C06F00685149483188421BD04D48C06F37
:10B6F00000684E496031884214D04A48C06F0068E3
:10B700004A49783188420DD04648C06F00684749A1
:10B710009031884206D04348C06F00684349A83141
:10B72000884205D13F48C06F0068406804E03AE0B5
:10B730003C48C06F00684068C0F500643C484FF466
:10B740000061002923DD00F01F077A18034600BFBF
:10B7500000BF00BFBFF34F8F00BF00BF00BF00BFDF
:10B76000344F3B602033203A002AF9DC00BF00BF91
:10B7700000BFBFF34F8F00BF00BF00BF00BF00BFBF
:10B7800000BFBFF36F8F00BF00BF00BF00BF00BF8F
:10B79000A1B227480DF03AF84FF40062244921483D
:10B7A000FDF722FA00BF1E48001D006840F00100AE
:10B7B0001B49091D08600846006840F00200086047
:10B7C0000846006840F0040008600846006840F041
:10B7D000080008600846006840F01000086008464D
:10B7E000006840F0400008600846006840F480703F
:10B7F00008600846006840F4007008600846006869
:10B8000040F4003008600846006840F4801008608A
:10B810000846006840F020000860BDE8F0810000A4
:10B820001C7C00405CD00124100002401004024047
:10B83000001E01305CEF00E090F8281001F00101DB
:10B8400039B10168496821F40031C26A11430268C4
:10B85000516090F8281001F00201022907D1016817
:10B86000496821F48031026B11430268516090F8FD
:10B87000281001F00401042907D10168496821F466
:10B880008021426B11430268516090F8281001F04A
:10B890000801082907D10168496821F40041826B39
:10B8A00011430268516090F8281001F0100110292E
:10B8B00007D10168896821F48051C26B1143026885
:10B8C000916090F8281001F02001202907D101682B
:10B8D000896821F40051026C11430268916090F86C
:10B8E000281001F04001402913D10168496821F472
:10B8F0008011426C114302685160416CB1F5801FA8
:10B9000007D10168496821F4C001826C11430268C3
:10B91000516090F8281001F08001802907D101685A
:10B92000496821F40021C26C1143026851607047DC
:10B9300038B504460020C4F88C00F9F773FF0546BB
:10B940002068006800F0080008280CD16FF07E40E5
:10B950002B4600224FF400110090204600F070FCAE
:10B9600008B1032038BD2068006800F004000428F6
:10B970000CD16FF07E402B4600224FF480010090E6
:10B98000204600F05DFC08B10320EBE72020C4F85E
:10B990008400C4F888000020E06600BF84F88000BE
:10B9A00000BF00BFDEE72DE9F0410546AC6BD4F8DF
:10B9B0008460D4F888702068806800F08000802857
:10B9C00007D1212E05D10020A4F85600204600F012
:10B9D000E7F82068806800F04000402807D1222F57
:10B9E00005D10020A4F85E00204600F0A3F8D4F8AA
:10B9F0008C0040F01000C4F88C002046FDF756F98A
:10BA0000BDE8F08170B50546AC6BE869B0F5807FA4
:10BA100040D00020A4F85E0000BF00BF216851E8BC
:10BA2000001F21F48070226842E800010029F5D14E
:10BA300000BF00BF00BF2168083151E8001F21F09E
:10BA400001002168083141E80002002AF3D100BF5B
:10BA500000BF00BF2168083151E8001F21F04000FD
:10BA60002168083141E80002002AF3D100BF2020FC
:10BA7000C4F88800E06E01280CD100BF00BF216827
:10BA800051E8001F21F01000226842E8000100295F
:10BA9000F5D100BFE06E012805D1B4F85C10204656
:10BAA000FDF7DBF802E02046FDF73EF970BD70B50A
:10BAB0000546AC6BE06E012806D1B4F85C00410885
:10BAC0002046FDF7CAF802E02046FDF72EF970BDCA
:10BAD00070B50546AC6BE869B0F5807F1ED00020DC
:10BAE000A4F8560000BF00BF2168083151E8001FCC
:10BAF00021F080002168083141E80002002AF3D1DA
:10BB000000BF00BF00BF216851E8001F41F04000A6
:10BB1000226842E800010029F5D102E02046FDF745
:10BB2000D7F970BD70B50446A56B2846FDF7D1F96D
:10BB300070BD000000BF00BF026852E8002F22F471
:10BB40009071036843E80012002AF5D100BF00BFDE
:10BB500000BF0268083252E8002F104B02EA0301CE
:10BB60000268083242E80013002BF2D100BFC16E18
:10BB700001290CD100BF00BF026852E8002F22F05B
:10BB80001001036843E80012002AF5D100BF20210C
:10BB9000C0F888100021C16601677047FEFFFFEF03
:10BBA00000BF00BF026852E8002F22F0C001036806
:10BBB00043E80012002AF5D100BF00BF00BF0268B1
:10BBC000083252E8002F22F400010268083242E8ED
:10BBD0000013002BF3D100BF2021C0F88410704760
:10BBE0002DE9F04F89B0054600200890F8492868F3
:10BBF000884200D100E000BF2969A868084369694C
:10BC00000843E96940EA010828680068F1490840EA
:10BC100040EA0800296808602868406820F440501D
:10BC2000E968084329684860D5F81880E849286819
:10BC3000884202D0286A40EA080828688068E649F5
:10BC4000084040EA0800296888602868C06A20F037
:10BC50000F00696A08432968C86200BFDF49286885
:10BC6000884220D1DE48006800F03800182811D042
:10BC700005DC48B1082809D0102811D108E0202897
:10BC80000AD028280CD109E001240BE0042409E0A3
:10BC9000082407E0102405E0202403E0402401E00C
:10BCA000802400BFF8E0CF492868884219D1CC48E9
:10BCB000006800F00700062810D2DFE800F0030556
:10BCC00007090B0D00240BE0042409E0082407E019
:10BCD000102405E0202403E0402401E0802400BF7C
:10BCE000DAE0C1492868884219D1BD48006800F0EF
:10BCF0000700062810D2DFE800F0030507090B0D46
:10BD000000240BE0042409E0082407E0102405E0E7
:10BD1000202403E0402401E0802400BFBCE0B349BC
:10BD20002868884219D1AE48006800F0070006284C
:10BD300010D2DFE800F0030507090B0D00240BE02B
:10BD4000042409E0082407E0102405E0202403E08F
:10BD5000402401E0802400BF9EE0A5492868884275
:10BD600019D19F48006800F00700062810D2DFE8CC
:10BD700000F0030507090B0D00240BE0042409E083
:10BD8000082407E0102405E0202403E0402401E01B
:10BD9000802400BF80E097492868884220D19048DD
:10BDA000006800F03800182811D005DC48B10828D8
:10BDB00009D0102811D108E020280AD028280CD159
:10BDC00009E001240BE0042409E0082407E0102422
:10BDD00005E0202403E0402401E0802400BF5BE074
:10BDE00085492868884219D17D48006800F007001D
:10BDF000062810D2DFE800F0030507090B0D002428
:10BE00000BE0042409E0082407E0102405E02024C6
:10BE100003E0402401E0802400BF3DE0774928682A
:10BE2000884219D16E48006800F00700062810D239
:10BE3000DFE800F0030507090B0D00240BE00424E4
:10BE400009E0082407E0102405E0202403E0402452
:10BE500001E0802400BF1FE05D49286888421AD1B4
:10BE60005F48001D006800F00700062810D2DFE8D8
:10BE700000F0030507090B0D02240BE0042409E080
:10BE8000082407E0102405E0202403E0402401E01A
:10BE9000802400BF00E0802400BF4D49286888420C
:10BEA0007DD1102C1AD006DC022C09D0042C0BD02A
:10BEB000082C29D10DE0202C21D0402C24D120E0C9
:10BEC000F9F79AFE064623E005A8F9F7A7FE069EB5
:10BED0001EE002A8F9F7BAFF039E19E04048543863
:10BEE0000068C0F3401040B13D4854380068C0F3CA
:10BEF000C101434820FA01F600E0414E08E0414EFE
:10BF000006E04FF4004603E000260120089000BF41
:10BF100000BF002E10D03C49686A31F81000B6FB13
:10BF2000F0F9686800EB4000484503D868680003F2
:10BF3000484502D20120089003E13349686A31F88C
:10BF400010C06246002330461946F4F73BFA4FF41E
:10BF5000807300228446ACFB030B01FB03B10CFB96
:10BF6000021C69684908034659184CEB0200CDE9E8
:10BF70000010D5F804C06246002308460199F4F782
:10BF800021FA0746B7F5407F06D3B7F5801F03D2E5
:10BF90002868C760D5E002E001200890D1E0E86998
:10BFA000B0F5004F7BD1082C39D005DC5CB1012CF9
:10BFB0002CD0042C4CD12DE0102C35D0202C42D08C
:10BFC000402C45D141E0FAF7C1FF064644E00000AD
:10BFD000000C0058F369FFCFFFF4FF11001001407F
:10BFE000544402580044004000480040004C0040C7
:10BFF000005000400014014000780040007C0040E8
:10C000000090D00300093D0080F80508FAF7B0FF62
:10C01000064621E005A8F9F701FE069E1CE002A8ED
:10C02000F9F714FF039E17E04C480068C0F3401076
:10C0300038B14A480068C0F3C101494820FA01F606
:10C0400000E0474E08E0474E06E04FF4004603E0AC
:10C0500000260120089000BF00BFFEB14249686A77
:10C0600031F81000B6FBF0F04000696800EB5100B9
:10C07000B0FBF1F7102F0FD3B7F5803F0CD24FF67E
:10C08000F07007EA000AC7F342004AEA000A28688B
:10C09000C0F80CA055E002E00120089051E0082C07
:10C0A0001AD005DC5CB1012C0DD0042C2DD10EE092
:10C0B000102C16D0202C23D0402C26D122E0FAF7C9
:10C0C00045FF064625E0FAF753FF064621E005A89E
:10C0D000F9F7A4FD069E1CE002A8F9F7B7FE039E3F
:10C0E00017E01E480068C0F3401038B11B480068D4
:10C0F000C0F3C1011A4820FA01F600E0184E08E02A
:10C10000184E06E04FF4004603E000260120089098
:10C1100000BF00BFAEB11449686A31F81000B6FB29
:10C12000F0F0696800EB5100B0FBF1F7102F06D377
:10C13000B7F5803F03D2B8B22968C86001E001209A
:10C1400008900120A5F86A00A5F86800002028677B
:10C150006867089809B0BDE8F08F000000440258F5
:10C160000090D00300093D0080F8050870B5044632
:10C170000E46154644F8586FA580002060632220C3
:10C180002063606A583C08B32A48E16FC8632A48B4
:10C19000E16F08642948E16FC8640020E16F086519
:10C1A000236803F124012B46A26DE06FF7F70CFF23
:10C1B00060B11020C4F88C0000BF002084F880001B
:10C1C00000BF2020C4F88800012070BD00BF0020FF
:10C1D00084F8800000BF206960B100BF00BF216803
:10C1E00051E8001F41F48070226842E800010029F4
:10C1F000F5D100BF00BF00BF2168083151E8001F22
:10C2000041F001002168083141E80002002AF3D121
:10C2100000BF00BF00BF2168083151E8001F41F096
:10C2200040002168083141E80002002AF3D100BF34
:10C230000020CAE705BA0208AFBA0208A7B9020887
:10C240002DE9F04104460D4617469846069E6AE0E1
:10C25000701C002867D0F9F7E5FAA0EB0800B0429F
:10C2600000D846BB00BF00BF216851E8001F21F481
:10C27000D070226842E800010029F5D100BF00BF5C
:10C2800000BF2168083151E8001F21F0010021683A
:10C29000083141E80002002AF3D100BF2020C4F891
:10C2A0008400C4F8880000BF002084F8800000BF2C
:10C2B0000320BDE8F0812068006800F0040088B326
:10C2C0002068C069C0F3C02060B34FF400602168EB
:10C2D000086200BF00BF216851E8001F21F4D07040
:10C2E000226842E800010029F5D100BF00BF00BF6D
:10C2F0002168083151E8001F21F001002168083150
:10C3000041E80002002AF3D100BF202044F8840F46
:10C310006060A060843C00BF002084F8800000BF03
:10C320000320C6E7FFE72068C0692840A84201D182
:10C33000012000E00020B8428AD00020B9E70000C8
:10C340002DE9F0417D48C569066805F01000002818
:10C350007DD006F010000028FAD010207849096836
:10C3600008627748FCF77AFC7548C06F0068754929
:10C37000884267D07248C06F00687249183188429D
:10C3800060D06F48C06F00686E493031884259D024
:10C390006B48C06F00686B494831884252D068488A
:10C3A000C06F00686749603188424BD06448C06FF5
:10C3B000006864497831884244D06148C06F0068A1
:10C3C0006049903188423DD05D48C06F00685D494A
:10C3D000A831884236D05A48C06F00685A4988420E
:10C3E00030D05748C06F006857491831884229D06B
:10C3F0005348C06F006854493031884222D05048B9
:10C40000C06F00685049483188421BD04C48C06F0B
:10C4100000684D496031884214D04948C06F0068B7
:10C420004949783188420DD04548C06F0068464977
:10C430009031884206D04248C06F00684249A83116
:10C44000884205D13E48C06F0068406804E03AE089
:10C450003B48C06F00684068C0F500743B484FF42B
:10C460000071002923DD00F01F077A18034600BF82
:10C4700000BF00BFBFF34F8F00BF00BF00BF00BFB2
:10C48000334F3B602033203A002AF9DC00BF00BF65
:10C4900000BFBFF34F8F00BF00BF00BF00BF00BF92
:10C4A00000BFBFF36F8F00BF00BF00BF00BF00BF62
:10C4B000E1B2264826F0BAF94FF400722349204829
:10C4C000FCF792FB00BF1D48006A40F001001B49C9
:10C4D00008620846006A40F0020008620846006AE6
:10C4E00040F0040008620846006A40F00800086254
:10C4F0000846006A40F0100008620846006A40F0F2
:10C50000400008620846006A40F4807008620846ED
:10C51000006A40F4007008620846006A40F4003087
:10C5200008620846006A40F4801008620846006A03
:10C5300040F020000862BDE8F081000000100140DA
:10C54000B8830124100002401004024000000130B2
:10C550005CEF00E01C48006840F001001A490860E8
:10C560000846006840F0020008600846006840F095
:10C57000040008600846006840F0080008600846AB
:10C58000006840F0100008600846006840F0400075
:10C5900008600846006840F480700860084600683B
:10C5A00040F4007008600846006840F400300860FD
:10C5B0000846006840F4801008600846006840F0B3
:10C5C0002000086070470000204400402DE9F04141
:10C5D000804805687F481C38066805F01000002870
:10C5E0007DD006F010000028FAD010207A490968A2
:10C5F00008627948FCF732FB7748C06F00687749DA
:10C60000884267D07448C06F006874491831884206
:10C6100060D07148C06F006870493031884259D08D
:10C620006D48C06F00686D494831884252D06A48F1
:10C63000C06F00686949603188424BD06648C06F5E
:10C64000006866497831884244D06348C06F00680A
:10C650006249903188423DD05F48C06F00685F49B1
:10C66000A831884236D05C48C06F00685C49884277
:10C6700030D05948C06F006859491831884229D0D4
:10C680005548C06F006856493031884222D0524820
:10C69000C06F00685249483188421BD04E48C06F75
:10C6A00000684F496031884214D04B48C06F006821
:10C6B0004B49783188420DD04748C06F00684849DF
:10C6C0009031884206D04448C06F00684449A83180
:10C6D000884205D14048C06F0068406804E03DE0F2
:10C6E0003D48C06F00684068C0F500643D484FF4A5
:10C6F0000061002923DD00F01F077A18034600BF00
:10C7000000BF00BFBFF34F8F00BF00BF00BF00BF1F
:10C71000354F3B602033203A002AF9DC00BF00BFD0
:10C7200000BFBFF34F8F00BF00BF00BF00BF00BFFF
:10C7300000BFBFF36F8F00BF00BF00BF00BF00BFCF
:10C740002AA000F0D3F9A1B2264800F0EFF94FF487
:10C75000006224492048FCF747FA00BF1D48001D2D
:10C76000006840F001001B49091D08600846006888
:10C7700040F0020008600846006840F004000860CD
:10C780000846006840F0080008600846006840F06D
:10C79000100008600846006840F040000860084645
:10C7A000006840F4807008600846006840F400703B
:10C7B00008600846006840F40030086008460068D9
:10C7C00040F4801008600846006840F020000860CF
:10C7D000BDE8F0811C480040B896012410000240DA
:10C7E00010040240000201305CEF00E00D0A2075E9
:10C7F000736172743320646D615F726563763A0DA4
:10C800000A0000002DE9F0417F4805687E481C3889
:10C81000066805F0100000287DD006F01000002802
:10C82000FAD010207949096808627848FCF716FAAE
:10C830007648C06F00687649884267D07348C06FF9
:10C84000006873491831884260D07048C06F006832
:10C850006F493031884259D06C48C06F00686C49CC
:10C860004831884252D06948C06F006868496031D9
:10C8700088424BD06548C06F00686549783188426E
:10C8800044D06248C06F00686149903188423DD011
:10C890005E48C06F00685E49A831884236D05B4868
:10C8A000C06F00685B49884230D05848C06F00684C
:10C8B00058491831884229D05448C06F00685549FA
:10C8C0003031884222D05148C06F00685149483108
:10C8D00088421BD04D48C06F00684E496031884285
:10C8E00014D04A48C06F00684A49783188420DD058
:10C8F0004648C06F006847499031884206D0434897
:10C90000C06F00684349A831884205D13F48C06FD5
:10C910000068406804E03AE03C48C06F0068406846
:10C92000C0F500643C484FF40061002923DD00F0AD
:10C930001F077A18034600BF00BF00BFBFF34F8F29
:10C9400000BF00BF00BF00BF344F3B602033203A20
:10C95000002AF9DC00BF00BF00BFBFF34F8F00BF4C
:10C9600000BF00BF00BF00BF00BFBFF36F8F00BF9D
:10C9700000BF00BF00BF00BFA1B227480DF0A6F85E
:10C980004FF4006224492148FCF72EF900BF1E48ED
:10C99000001D006840F001001B49091D08600846A1
:10C9A000006840F0020008600846006840F004009B
:10C9B00008600846006840F0080008600846006803
:10C9C00040F0100008600846006840F04000086031
:10C9D0000846006840F4807008600846006840F42B
:10C9E000007008600846006840F40030086008469F
:10C9F000006840F4801008600846006840F020009D
:10CA00000860BDE8F08100001C140140389B01243F
:10CA10001000024010040240000E01305CEF00E004
:10CA200070B504460D464FF47A732A4621460248F3
:10CA3000FCF77CF970BD0000B899012470B504467C
:10CA4000002500BF61194FF47A7301220348FCF7F7
:10CA50006DF96D1C605D0028F4D170BDB89C012497
:10CA600070B504460D464FF47A732A4621460248B3
:10CA7000FCF75CF970BD00005CD0012400BFFEE74C
:10CA800070B505460C4628462146002923DD00F0F6
:10CA90001F067218034600BF00BF00BFBFF34F8FD1
:10CAA00000BF00BF00BF00BF0E4E33602033203AEE
:10CAB000002AF9DC00BF00BF00BFBFF34F8F00BFEB
:10CAC00000BF00BF00BF00BF00BFBFF36F8F00BF3C
:10CAD00000BF00BF00BF00BF224629460248FCF746
:10CAE00091F970BD68EF00E0B883012470B5044689
:10CAF000012291020B48F8F789FE002500BF611959
:10CB00004FF47A7301220848FCF710F96D1C605D40
:10CB10000028F4D100224FF480610248F8F776FE35
:10CB200070BD0000000C0258B896012470B5044690
:10CB30000D46012291020848F8F768FE4FF47A7317
:10CB40002A4621460548FCF7F1F800224FF480619F
:10CB50000148F8F75BFE70BD000C0258B89601243E
:10CB600070B504460D464FF47A732A4621460248B2
:10CB7000FCF7DCF870BD00003898012470B52DED8D
:10CB8000028B05460C46204608F00AF8B0EE408AB3
:10CB9000B7EEC80A53EC102B03A1284600F018F892
:10CBA000BDEC028B70BD0000252E32660000000037
:10CBB0000FB4054B10B503A9044A029800F082FB9C
:10CBC00010BC5DF814FB00006D82030828050024EA
:10CBD0000FB4084B10B504A902AA039800F072FB29
:10CBE000044602A9002000F0F0FE204610BC5DF8CB
:10CBF00014FB0000CBD9020801464FF033324FF04E
:10CC0000553000EA5100091A01EA020002EA9103D4
:10CC1000C11801EB111000F00F3101EB112101EBF4
:10CC2000114101F03F00704702480068C0F3022044
:10CC3000704700000CED00E010B5002804DB0A0787
:10CC4000130E054A135406E00A07140E034A00F0B7
:10CC50000F031B1FD45410BD00E400E018ED00E0EA
:10CC60000EB507460E46144619491AA00BF00CFBE8
:10CC7000174938460BF008FB15491CA00BF004FBC4
:10CC8000134930460BF000FB11491AA00BF0FCFAD7
:10CC900003AD0021681E054601700A21681E054685
:10CCA00001700CE00A2094FBF0F100FB11403030E1
:10CCB000C1B2681E054601700A2094FBF0F4002CF6
:10CCC000F0DC034928460BF0DFFA00F083FE000099
:10CCD0002C0500242A2A2A20617373657274696FF7
:10CCE0006E206661696C65643A2000002C206669DC
:10CCF0006C6520002C206C696E6520000048704730
:10CD00004005002430B528B1144C031F00202168D1
:10CD10000A4605E0084630BD9A4203D810465268DC
:10CD2000002AF9D1002800D041680BD00468A3EB99
:10CD30000005A54204D11B681C440346046002E0C0
:10CD4000436000E023603AB11C68D51AA54203D1C4
:10CD500015682C441C6052685A6030BD38050024A8
:10CD600010B5694A2DED020B2DED0C8B82B00F9999
:10CD700021F000409FED66CB90422CDBA0F14053A8
:10CD80000E9AA3F17F631A430FD06349884202DCF5
:10CD900016D10E98A0B19DED0E0B02B0BDEC0C8B20
:10CDA00002B0BDE8104000F097B90029CCBF9FED5C
:10CDB0005C0BB0EE4C0B02B0BDEC0C8B02B010BDA6
:10CDC000012000F0AFF902B0BDEC0C8B02B0BDE861
:10CDD000104000F085B9544A9FED558B9FED569B4E
:10CDE00090422ADA56499FED58BB8142A8BFB0EE67
:10CDF0004B0BE0DA9DED0E0B5548062120EE00AB03
:10CE0000B0EE4A0B784400F006F920EE0ACB514808
:10CE1000B0EE4A0B0421784400F0FDF80AEE008BD6
:10CE20009DED0E1B8CEE080B01EE409B9DED0E0B55
:10CE300030EE490B3BEE400BBDE79FED470B9FEDFE
:10CE400048BB9DED0E1B002926DA31EE081B464833
:10CE5000062121EE00ABB0EE4A0B784400F0DBF87F
:10CE600020EE0ADB4148B0EE4A0B0421784400F082
:10CE7000D2F80AEE008B51EC1A0B27F01BF98DEE5D
:10CE8000081B41EC100B11EE009B30EE091BB0EEBD
:10CE90004C0B01EE4B0B8EE738EE411B21EE009B55
:10CEA00051EC190B27F006F941EC1C0B00208DED1D
:10CEB00000CB00909DED001B9DED002BB0EE490BCB
:10CEC0002B4801EE420B06213CEE011B80EE01AB2C
:10CED000B0EE490B784400F09EF820EE09DB2548BF
:10CEE000B0EE490B0421784400F095F809EE008B70
:10CEF0008DEE080B00EE0CAB9DED000B30EE0A0B37
:10CF000020EE0B0B57E700000000F03F0000000090
:10CF1000182D4454FB2109400000F07F0000000060
:10CF200000000000000000000000E03F00000000E2
:10CF3000000000000000F03F075C143326A6913C7F
:10CF40000000603C00000000182D4454FB21F93F14
:10CF5000E886030006870300000000000000E03FB1
:10CF6000000000000000004092860300B08603002D
:10CF7000188603003686030030B583B0044600F0FF
:10CF8000BBF89FED090B05468DED000B00222146F5
:10CF90006846F3F7B6FF284600F0C4F89DED000B95
:10CFA00003B030BD000000000000000000000000E1
:10CFB00000B52DED028BB1EEC08B83B018EE100AD8
:10CFC00018EE901A8DED008B002818BF0120084341
:10CFD00020F00040C0F17F6000F1E040C00F14D0AD
:10CFE00010EE101A10EE900A8DED000B002918BFFC
:10CFF0000121084320F00040C0F17F6000F1E040D3
:10D00000C00F04BF012000F08DF8B0EE480B03B054
:10D01000BDEC028B00BD491E00EBC102B0EE401B0F
:10D0200092ED000B31F006020DD0491E00EBC1025B
:10D03000B0EE403B92ED002B31F00602B0EE420B19
:10D0400003EE010BF1D1022914D004290AD00629DC
:10D0500018BF704790ED0A2B00EE012B90ED080BE6
:10D0600002EE010B90ED062B00EE012B90ED040B70
:10D0700002EE010B90ED022B00EE012B90ED000B68
:10D0800002EE010B704700002DE9F04782460F4C7D
:10D0900010480D4E0E4F001B4FF0000820F0070502
:10D0A0004FF0010900221146504611F0FFF9002807
:10D0B00002D1306810B10020BDE8F0873C60C4E9BF
:10D0C0000058C6F80090EDE73C050024EC1A052452
:10D0D00038050024E822052430EE000B70470000DC
:10D0E0009FED031B81EE010B704700000000000064
:10D0F00000000000000000000148006870470000C8
:10D100004005002402E008C8121F08C1002AFAD115
:10D1100070477047002001E001C1121F002AFBD1B7
:10D120007047000001490860704700004005002476
:10D130002DE9FF5F82B00021DDE90430020DDDF84A
:10D1400040B0034318D044F61050A2F2FF324243DD
:10D150001514119801281FD0A5EB0B00401C5FEAA5
:10D16000000A4FF000064E4FDFF83891B0465046A7
:10D1700015D5CAF1000413E0119801244AA301282F
:10D1800001D16FEA0B010298119AC0E90031C0E9A0
:10D19000024206B0BDE8F09FCBF10000DFE7044695
:10D1A0000021404A491842EB0450CDE9001012E03A
:10D1B000E00707D032463B4640464946F3F77BFF3F
:10D1C0008046894632463B4610461946F3F773FFC0
:10D1D00006460F466410002CEAD1DDE90401DDE9C2
:10D1E0000023BAF1000F06DAF3F765FF42464B461B
:10D1F000F3F761FF05E0F3F7D0FF42464B46F3F744
:10D20000CCFF04460E460022284BF4F74DF803D815
:10D210004FF0FF30014607E00022254B2046314603
:10D22000F3F7A2FEF4F728F8102409E0002C0ADB3B
:10D230000A220023F3F7C6F8039B30321A55641E06
:10D2400050EA0102F2D1641C039AC4F111031444A0
:10D25000119A012A03D0012208430DD10AE00843A4
:10D2600004D000204FF0110B119072E7A3EB0B05D7
:10D270006D1E0DE05B4504DD4FF0000205F1010578
:10D2800004E003DA4FF00002A5F10105002AECD01A
:10D2900002981199C0E90231C0E9004579E7000020
:10D2A000000014400000F03F300000000000F04398
:10D2B0000000E03F30380A2801D2012070470020EA
:10D2C000704700002DE9FF4F95B09A468846064604
:10D2D0000025EEE1252877D100242746F94A0121CF
:10D2E000039400E0044316F8013F203B01FA03F0E9
:10D2F0001042F7D130782A2811D06FF02F03307800
:10D30000A0F13002092A16D8039A44F0020402EB75
:10D31000820203EB42021044761C0390EFE758F8B8
:10D32000042B0392002A03DA504244F40054039081
:10D3300044F00204761C30782E2816D116F8010F1E
:10D3400044F004042A280DD06FF02F023078A0F1A9
:10D350003003092B09D807EB870302EB4303C718F7
:10D36000761CF3E758F8047B761C30786C280FD0D5
:10D3700006DC4C2817D068280DD06A2814D104E0A8
:10D38000742810D07A280FD10DE044F400140AE07C
:10D3900044F4801401E044F440147278824202D1D3
:10D3A00004F58014761C761C307866280BD013DCCC
:10D3B000582877D009DC002875D04528F6D04628B3
:10D3C000F4D047281AD193E118E0632835D06428B7
:10D3D00079D0652812D18BE1702873D008DC6728DA
:10D3E000F1D069286FD06E280DD06F2806D1ACE03F
:10D3F00073282CD0752874D0782853D052461799AA
:10D4000090476D1C54E1C4F30250022809D0032850
:10D410000DD0D8F8001004280DD00D6008F10408D4
:10D4200046E1D8F80010EA17C1E90052F6E7D8F84B
:10D4300000100D80F2E70D70F0E718F8041B8DF86E
:10D44000001000208DF80100EB46012003E058F8A1
:10D4500004BB4FF0FF3061074FF0000102D40DE034
:10D4600009F101018946B9420FDA8145F8DB1BF861
:10D4700009100029F4D108E009F10101894681422F
:10D48000FADB1BF809100029F6D103985346A0EBEC
:10D49000090721463846179A00F080FA284400EB25
:10D4A000090507E044E008E10DE01BF8010B5246D6
:10D4B00017999047B9F10109F7D2534621463846EA
:10D4C000179AF2E039E00A21C4F302524FF0000B40
:10D4D0000091022A06D058F8040BC117032A09D07C
:10D4E0000AE023E008F1070020F00702F2E8020159
:10D4F000904605E000B2C117042A01D140B2C1171D
:10D50000002906DA0A460021404261EB02012D2281
:10D5100002E0220504D52B228DF80420012203E02D
:10D52000E20701D02022F7E7914657E00A2100E008
:10D5300010214FF0000B00910BE010214FF0000B79
:10D5400044F004040827009103E008204FF0000B8A
:10D550000090C4F30252022A05D058F8040B0021AF
:10D56000032A08D008E008F1070020F00702F2E8DB
:10D570000201904603E080B2042A00D1C0B24FF00D
:10D58000000922072AD53278702A07D0DDF800C0BA
:10D590008CF0100C5CEA0B0C05D00EE040228DF8EC
:10D5A0000420012208E050EA010306D030238DF860
:10D5B00004308DF8052002229146009B83F0080379
:10D5C00053EA0B030AD150EA010201D1620705D5E3
:10D5D00030228DF804204FF001097F1E3278582A3E
:10D5E00004D039A20C920CAA02920BE03BA2F9E7FC
:10D5F0005B46009AF2F7E6FE0C9B9B5C029A521E79
:10D600000292137050EA0102F2D1029804A9081A9A
:10D6100000F1200B600702D524F4803400E00127DC
:10D620005F4502DDA7EB0B0000E0002000EB0B01E3
:10D63000009003984944401A0390E00306D45346EF
:10D640002146179A039800F0A9F90544002706E03F
:10D6500001A85246C05D179990476D1C7F1C4F452D
:10D66000F6DBE0030CD553462146179A039800F0E9
:10D6700095F9054404E030205246179990476D1CF7
:10D680000099481E00900029F5DC08E002980299F4
:10D6900052460078491C0291179990476D1CBBF1C6
:10D6A0000001ABF1010BF1DC5BE100F065F9054431
:10D6B000761C307800287FF40DAE19B02846BDE8FE
:10D6C000F08F00000928010030313233343536370D
:10D6D00038396162636465660000000030313233BE
:10D6E000343536373839414243444546000000005E
:10D6F000600700D4062708F1070020F00700F0E8D3
:10D700000223804603F0004C5FEA0C0001D097A092
:10D7100009E0200501D596A005E0E00701D095A01D
:10D7200001E0AFF24C001390307823F000436528FD
:10D730000CD006DC452809D046281DD047287FD1CB
:10D740003BE0662818D067287AD136E00021112FF7
:10D7500001DB112000E0781CCDE9000104A90CA830
:10D76000FFF7E6FCDDE90D010C9A4FF0000B07F125
:10D770000109109200914EE04FF000400097CDE972
:10D78000011004A90CA8FFF7D3FCDDE90D020C9BE6
:10D790000F994FF0000B91461093009211B9791C2C
:10D7A00000EB0109B7EB090003D4C0F1FF3B07F11F
:10D7B0000109A9EB0700019042E0012F00DA0127DF
:10D7C0000021112F01DD112000E03846CDE90001D4
:10D7D00004A90CA8FFF7ACFCDDE90D010C9A00913F
:10D7E0004FF0000BB946109221070FD4009A4A451A
:10D7F00003DA914601E0A9F10109B9F1010F05DD54
:10D80000109AA9F10101515C3029F4D0B84202DA32
:10D8100010F1040F03DA0121CDE9011010E0002816
:10D8200003DC8344A9EB000102E0411C494500DD13
:10D830008946A0EB0B00401C01904FF00040029085
:10D84000200705D40198484502DB4FF0FF300190D6
:10D8500000208DF84B0002980DF14B07B0F1004FFE
:10D8600025D002200C902B200D90029800280CDA75
:10D87000404202902D200D9007E00A210298F3F714
:10D8800061F83031029007F8011D0C99481E0C9088
:10D890000029F2DC02980028EFD1791E0D9808705B
:10D8A000307800F0200040F0450007F8020D11A884
:10D8B000C01BC01D02901398007800B1012000EB3E
:10D8C0000901019801EBE071029801440398401AA4
:10D8D000401E0390E00306D453462146179A03984E
:10D8E00000F05CF805441398007818B15246179977
:10D8F00090476D1CE00323D553462146179A0398A1
:10D9000000F04CF805441BE0BBF1000F07DB00986A
:10D91000584504DD1098179910F80B0001E017998D
:10D9200030205246904701980BF1010B401E05F143
:10D930000105019004D12E205246179990476D1C85
:10D94000B9F10001A9F10109DEDC05E017F8010BCE
:10D950005246179990476D1C0299481E0290002963
:10D96000F4DC53462146179A03989EE62D000000EA
:10D970002B000000200000002DE9F04104460025A6
:10D980001E461746880404D405E039462020B047D7
:10D990006D1C641EF9D52846BDE8F0812DE9F041E3
:10D9A000044600251E469046C80301D5302700E0F6
:10D9B0002027880404D505E041463846B0476D1C51
:10D9C000641EF9D52846BDE8F0810A68531C0B6037
:10D9D0001070704700BFFEE72DE9F04107460D4685
:10D9E00016464FF00008002421F0E0FA47F001004D
:10D9F00021F0A4FA21F022FB804600BF0DE0701E4A
:10DA0000A04204D1002021F069FA285503E001204A
:10DA100021F064FA2855601CC4B2B442EFDB21F057
:10DA2000EDFA4046BDE8F0812DE9F04104460E468E
:10DA300017464FF00008002521F0B8FA204621F0E3
:10DA40007DFA21F0FBFA804600BF07E0705D21F00F
:10DA500075FA21F0F3FA8046681CC5B2BD42F5DBC9
:10DA600021F0CCFA4046BDE8F08108B500200090D6
:10DA700004F07AFE642006F06BFF012269467020F4
:10DA8000FFF7AAFF08BD0000F0B52DED028B83B0B3
:10DA900006460F4600249FED360BB0EE408B002566
:10DAA000002001900290AC208DF8040033208DF806
:10DAB000050000208DF80600032201A97020FFF761
:10DAC000B3FF054625B168B203B0BDEC028BF0BDD3
:10DAD000072201A97020FFF77FFF05460DB168B24C
:10DAE000F2E7062101A804F005FF9DF80A1088421C
:10DAF00001D00120E8E79DF805409DF8060040EAC6
:10DB0000042420019DF8071040EA211400EE104A79
:10DB1000B8EE400BB0EE408B9FED171B88EE010B6B
:10DB20009FED171B20EE010B86ED000B00249DF8E6
:10DB3000070000F00F049DF8080040EA04249DF857
:10DB4000090040EA042400EE104AB8EE400BB0EEA3
:10DB5000408B9FED090B88EE001B9FED0B2B9FED7B
:10DB60000C0B11EE020B87ED000B68B2ACE7000066
:10DB70000000000000000000000000000000304134
:10DB80000000000000005940000000000000694053
:10DB900000000000000049402DE9F04107460D4615
:10DBA00016464FF00008002421F0CCF847F00100A1
:10DBB00021F08EF821F012F9804600BF0DE0701EB2
:10DBC000A04204D1002021F051F8285503E00120A3
:10DBD00021F04CF82855601CC4B2B442EFDB21F0B0
:10DBE000DBF84046BDE8F0812DE9F04104460E46E1
:10DBF00017464FF00008002521F0A4F8204621F038
:10DC000067F821F0EBF8804600BF07E0705D21F077
:10DC10005FF821F0E3F88046681CC5B2BD42F5DB31
:10DC200021F0BAF84046BDE8F08108B50020009028
:10DC300004F05AFD642006F08BFE01226946702034
:10DC4000FFF7AAFF08BD0000F0B52DED028B83B0F1
:10DC500006460F4600249FED360BB0EE408B0025A4
:10DC6000002001900290AC208DF8040033208DF844
:10DC7000050000208DF80600032201A97020FFF79F
:10DC8000B3FF054625B168B203B0BDEC028BF0BD11
:10DC9000072201A97020FFF77FFF05460DB168B28A
:10DCA000F2E7062101A804F013FE9DF80A1088424D
:10DCB00001D00120E8E79DF805409DF8060040EA04
:10DCC000042420019DF8071040EA211400EE104AB8
:10DCD000B8EE400BB0EE408B9FED171B88EE010BAA
:10DCE0009FED171B20EE010B86ED000B00249DF825
:10DCF000070000F00F049DF8080040EA04249DF896
:10DD0000090040EA042400EE104AB8EE400BB0EEE1
:10DD1000408B9FED090B88EE001B9FED0B2B9FEDB9
:10DD20000C0B11EE020B87ED000B68B2ACE70000A4
:10DD30000000000000000000000000000000304172
:10DD40000000000000005940000000000000694091
:10DD5000000000000000494010B506F0D5FE012883
:10DD60003ED1002006F01CFFDFEDFE0AB4EEE00A13
:10DD7000F1EE10FA1AD2FC48007800F001000028F9
:10DD800013D1F948006840F00100F7490860F748EE
:10DD9000006820F00100F549086000F099FFF4499F
:10DDA0000020F4F71DFD00F0EDFF74E0EE48007870
:10DDB00000F0020000286ED1EB48006840F002003D
:10DDC000E9490860E948006820F00200E749086076
:10DDD0004FF081510020F4F703FD00F0D3FF5AE02B
:10DDE000E248007800F0010028B1E048007800F037
:10DDF000020000284FD1DC48007800F0010020B973
:10DE0000D948007800F0020048B1DA4817F003FA68
:10DE100064202FF051FD4FF47A7001F0EBFB642089
:10DE20002FF04AFDD148006840F00100CF4908605A
:10DE3000CD48006820F00100CB490860CB4800685D
:10DE400040F00200C9490860C748006820F002009D
:10DE5000C5490860C6490020F4F732FC4FF08151F3
:10DE60000020F4F72DFC00F08DFF4FF4FA602FF046
:10DE700023FD00F052FF0020BF4908704870BF49E1
:10DE8000F4F71EFC4FF082510020F4F719FCBC4956
:10DE90000020F4F715FCBB480068008820BBB3489D
:10DEA000007800F00400002879D1B048006840F004
:10DEB0000400AE490860AC48006820F00400AA499C
:10DEC0000860AD484078012869D10020AA4948700F
:10DED000AA49F4F7F5FB00F055FF4FF4FA602FF074
:10DEE000EBFC00F01AFF5AE0002006F059FEA548AE
:10DEF0000068008800EE900AF8EE600AB4EEE00ACE
:10DF0000F1EE10FA1CDB9848007800F00400E8BB42
:10DF10009548006840F00400934908609348006801
:10DF200020F004009149086000F0D2FE01209249DF
:10DF3000487092490020F4F753FC00F023FF2EE0D4
:10DF4000002006F02DFEDFED870AB4EEE00AF1EEC8
:10DF500010FA24DB8548007800F00400B0B983484B
:10DF6000006840F00400814908607F48006820F0A4
:10DF700004007D4908608048407801280FD10020C6
:10DF80007D4948707D49F4F79BFB00E007E000F015
:10DF9000F9FE4FF4FA602FF08FFC00F0BEFE7948D6
:10DFA0000068408810BB7148007800F00800002825
:10DFB0001BD16E48006840F008006C4908606A4850
:10DFC000006820F00800684908606B484078022823
:10DFD00075D14FF082510020F4F772FB00206649A2
:10DFE000487000F0CFFE00F098FE68E0002006F0D8
:10DFF000D7FD64480068408800EE900AF8EE600A99
:10E00000B4EEE00AF1EE10FA27D8002006F0C8FDC1
:10E01000F3EE040AB4EEE00AF1EE10FA1DDB52480A
:10E02000007800F00800E8BB4F48006840F00800A6
:10E030004D4908604D48006820F008004B490860D1
:10E0400000F046FE4FF082510020F4F7C9FB022099
:10E050004949487000F096FE31E0002006F0A0FD2E
:10E0600048480068408800EE900AF8EE600AB4EE76
:10E07000E00AF1EE10FA22DB3C48007800F00800DC
:10E0800080B93A48006840F00800384908603648CE
:10E09000006820F0080034490860374840780228BA
:10E0A0000DD100E00BE04FF082510020F4F708FBA7
:10E0B00000203149487000F065FE00F02EFE314826
:10E0C0000068808850B3012006F06AFD2D48006882
:10E0D000808800EE900AF8EE600AB4EEE00AF1EEF5
:10E0E00010FA1CDB00F0F4FD1F48007800F010006F
:10E0F000A0B91D48006840F010001B4908601B488B
:10E10000006820F010001949086001201A490870C1
:10E110001B490020F4F764FB00F034FE1FE00120EF
:10E1200006F03EFDF3EE0E0AB4EEE00AF1EE10FA50
:10E1300015DB0E48007800F0100080B90B4800682D
:10E1400040F01000094908600748006820F01000FE
:10E150000549086000200849087000F013FE0020FF
:10E1600012E0000000004842F4000024F8000024FF
:10E1700000001010F8D30124480A002000003010DD
:10E1800000005010F000002406F0B0FC4B49096874
:10E190008989884207DC012006F0A8FC4749096804
:10E1A000898988421DDD4648007800F02000B8BB10
:10E1B0004348006840F02000414908604148006839
:10E1C00020F020003F49086000F082FD4FF08351AD
:10E1D0000020F4F705FB02203B49887000F0D2FDD7
:10E1E0001EE03848007800F02000C8B935480068C3
:10E1F00040F02000334908603148006820F02000DA
:10E200002F49086030488078022809D14FF08351A7
:10E210000020F4F755FA00202B49887000F0B2FD79
:10E2200006F05EFCE8BB002006F0BAFC5FED330AA6
:10E23000B4EEE00AF1EE10FA1AD22148007800F0AC
:10E24000400078BB1E48006840F040001C49086050
:10E250001C48006820F040001A49086002201A4952
:10E26000C8701A490020F4F7BBFA00F08BFD24E0D7
:10E270001448007800F04000A0B91248006840F04F
:10E280004000104908600E48006820F040000C492A
:10E2900008600E490020F4F713FA01200A49C870FB
:10E2A00001E003E009E000F06DFD06E00749002011
:10E2B000F4F706FA00200449C87010BDF0000024ED
:10E2C000F4000024F8000024480A00200000603018
:10E2D0000148007870470000480A00200148807813
:10E2E00070470000480A002001484078704700004D
:10E2F000480A002010B508F07BF9B8B92648007824
:10E3000000F0010048BB2448006840F001002249A9
:10E3100008602248006820F0010020490860204978
:10E320000120F4F75DFA00F02DFD16E01B4800789F
:10E3300000F0010088B91948006840F00100174951
:10E3400008601548006820F001001349086014496E
:10E350000120F4F7B5F900F015FD06F04FFC012897
:10E3600018D106F0B1FB38B906F0B4FB20B90D495D
:10E370000120F4F735FA0BE006F0A6FB012803D0E4
:10E3800006F0A8FB012803D106490120F4F798F90B
:10E3900000F0F8FC10BD0000FC0000240001002487
:10E3A000000010200000202010B506F01FFB594986
:10E3B00009688979884218DB5748007800F0010025
:10E3C00058BB5548006840F0010053490860534865
:10E3D000006820F00100514908604FF041510220CF
:10E3E000F4F7FEF900F0CEFC17E04C48007800F09E
:10E3F000010090B94948006840F0010047490860B1
:10E400004548006820F00100434908604FF0415141
:10E410000220F4F755F900F0B5FC002006F0F2FAFE
:10E4200001280ED0012006F0EDFA012809D00220C3
:10E4300006F0E8FA012804D0032006F0E3FA0128E8
:10E4400017D13548007800F0020048BB3248006818
:10E4500040F00200304908603048006820F00200B7
:10E460002E4908602E490220F4F7BAF900F08AFC20
:10E4700016E02A48007800F0020088B927480068B2
:10E4800040F00200254908602348006820F002009F
:10E490002149086022490220F4F712F900F072FCC9
:10E4A000002006F0A3FB012804D0012006F09EFB0B
:10E4B000012817D11848007800F0040048BB16481E
:10E4C000006840F00400144908601448006820F017
:10E4D00004001249086013490220F4F781F900F0A2
:10E4E00051FC16E00D48007800F0040088B90B4894
:10E4F000006840F00400094908600748006820F0FF
:10E5000004000549086007490220F4F7D9F800F033
:10E5100039FC10BDF000002404010024080100248F
:10E52000000050300000603010B5044600F002F8E2
:10E5300010BD000000F0B2FB0749086000BFFFF704
:10E540000BFCFFF7D7FEFFF72FFF11F0DBFA0A20D5
:10E550002FF0B2F9F3E70000F00000242DE9F041BC
:10E5600005460E46002445E026F0FAF80746244802
:10E5700000EB04100068002838D1214800EB04109B
:10E580000560384626F082F900201D4901EB041190
:10E59000486000BF1A4800EB0410807B002808D0B8
:10E5A00000BF18A340F20E2221A129A0FEF700FB14
:10E5B00000BF00BF0020124901EB04110881287838
:10E5C00000F0F000102804D10EB1012002E000207C
:10E5D00000E001200A4901EB0411488100200849AC
:10E5E00001EB041188812046BDE8F081384626F011
:10E5F0004DF9641C042CB7DB4FF0FF30F4E700004A
:10E60000B0E402242E2E5C2E2E5C4D6964646C6591
:10E6100077617265735C6C7769705C7372635C615F
:10E6200070695C736F636B6574732E630000000028
:10E63000736F636B6574735B695D2E73656C656383
:10E64000745F77616974696E67203D3D203000001A
:10E65000417373657274696F6E2022257322206680
:10E6600061696C6564206174206C696E6520256445
:10E6700020696E2025730A0010B50BF03DFA20B911
:10E6800007F0BCFF022800D010BD1A48807B78B983
:10E6900007F0B4FF02280BD016481E30002101609D
:10E6A000416000201349487408F08AF90BF0EEFA33
:10E6B0001048807B01280ED10BF01EFA58B90D4886
:10E6C0001E3000210160416000200A49487408F0B2
:10E6D00077F90BF0DBFA0748007C10B900F04CF832
:10E6E00005E00448007C022801D100F0EBF800BFEF
:10E6F000CAE700008C0000201D484068401C1C49EF
:10E700004860084640681B490968884206D90020CD
:10E71000174948600121164880F820101448806885
:10E72000401C13498860084680681249496888423D
:10E7300004D900200E498860012088770C48007CAD
:10E74000012811D10A488089401C0949888108465E
:10E75000808942F21071884209DD002004498881D5
:10E7600002200874087002E0002001498881704787
:10E770008C000020E401002010B54F48407C28B1F7
:10E7800000F05AFB01204C49087410BD4A4890F82B
:10E79000200001280CD10021474880F8201047496B
:10E7A000474804F017FFFF204349487400204860A1
:10E7B0004148807F012811D100203F4988774FF4DC
:10E7C00000613F48F1F77EFEE2223C493C4805F0FB
:10E7D00033FBE220384948740020C873364890F86B
:10E7E000230001280FD10021334880F823104FF473
:10E7F00000613348F1F766FE3049314824F0C8FB28
:10E80000E4202D4948742C4890F8240001280FD1A9
:10E810000021294880F824104FF400612848F1F7BE
:10E8200051FE2649264824F0B5F9E52022494874CE
:10E830002148C07F01280DD100211F48C1774FF426
:10E8400000611F48F1F73EFE1C491D4804F02AFFF5
:10E8500000F0F2FA184890F82100012809D10021AF
:10E86000154880F821101549154805F055FF00F0AE
:10E87000E3FA114890F82500012809D100210E483B
:10E8800080F825100D490E4823F0E6FF00F0D4FA79
:10E89000094890F8220001280BD10021064880F891
:10E8A0002210C37C827C0549054804F0ADFA00F0D3
:10E8B000C3FA00BF69E700008C000020F8090020BF
:10E8C000F801002010B52F480078012820D0022838
:10E8D00004D0032829D0042842D127E02948C07B4E
:10E8E000401C2849C8730846C07B03280CDB002065
:10E8F000C87308F065F80BF0C9F9002021490874C5
:10E9000048744860C87302E000201E49087434E06F
:10E9100000201C49087448744FF400611A48F1F74C
:10E92000D1FD00201949088027E000BF1548C07BB1
:10E93000401C1449C8730846C07B03280CDB002028
:10E94000C873087448744FF400610F48F1F7BAFDBA
:10E9500000200E49088002E000200A4908740CE0FB
:10E9600000200849487408744FF400610648F1F724
:10E97000A9FD00200549088000BF00BF0020014913
:10E98000087010BD8C000020F8010020F80900205C
:10E9900010B506F0B9F810B901200149887710BD0B
:10E9A0008C00002000487047040000200148807B54
:10E9B000704700008C00002000487047E4010020F0
:10E9C0001FB504460948C07908498979074A527930
:10E9D000064BDB78CDE90032CDE90210034883789D
:10E9E000028803A12046FEF7F3F81FBDFA090020B4
:10E9F000253034642F253032642F253032642025B1
:10EA00003032643A253032643A25303264000000F6
:10EA1000004870477C0100200048704778010020C2
:10EA200000487047D801002000487047C00000200F
:10EA30000649897D01700549C97D41700349097EF8
:10EA400081700249497EC17070470000C0000020FB
:10EA50000649897E01700549C97E41700349097FD5
:10EA600081700249497FC17070470000C0000020DA
:10EA700010B5044607F0C2FD022805D10A4A0BA1D1
:10EA80002046FEF7A5F80EE00BF036F8012805D178
:10EA9000074A06A12046FEF79BF804E0054A03A1B9
:10EAA0002046FEF795F810BD7EF20508257300009C
:10EAB0008EF2050874F205080148007C70470000DA
:10EAC000E40100200648807F012802D0022804D1FA
:10EAD00001E0012070470220FCE70420FAE7000073
:10EAE000C00000200148C06870470000E401002019
:10EAF0000148806870470000E4010020004870472A
:10EB0000F00000201FB5044614212D48F1F7DAFC6F
:10EB10009CB92C48C0792B4989792A4A5279294BCA
:10EB2000DB78CDE90032CDE90210264883780288EF
:10EB300025A12348FEF74CF83EE0012C30D12148B6
:10EB4000C07920498A7949791E4BDB78CDE90031BB
:10EB5000CDE902201B48837802881BA11848FEF7E4
:10EB600037F8184840790A2190FBF1F201FB1200B6
:10EB7000303013498873134880790A2190FBF1F2F1
:10EB800001FB120030300E49C8730E48C0790A21CB
:10EB900090FBF1F201FB12003030094908740BE0E0
:10EBA000022C09D10748C078009006488378028873
:10EBB0000CA10348FEF70CF8014804B010BD00009A
:10EBC00078150024FA090020253034642530326499
:10EBD0002530326425303264253032642530326489
:10EBE0000000000025303464253032642530326462
:10EBF000000000000148406870470000E401002068
:10EC0000084991F829100170064991F82A104170BD
:10EC1000044991F82B108170024991F82C10C170B1
:10EC200070470000C000002010B50FA0FDF7C0FF26
:10EC3000114820F0C3FC1048303020F0F7FC0E489B
:10EC4000B83020F04FFC0D4820F0E0FA0C4820F0DE
:10EC500073FD0B48103020F07BFC0A4820F0A2FA2C
:10EC600009A0FDF7A5FF10BD72756E207361766572
:10EC700020726561640A0000C0000020E4010020E9
:10EC8000C80100200000002072756E207361766557
:10EC9000207265616420656E640A00000048704758
:10ECA000C801002010B5044604492046F1F750FC85
:10ECB00008B9002010BD4FF0FF30FBE7B001002085
:10ECC000024890F8040140B270470000C0000020E4
:10ECD00010B500201FF076FF012803D1002108465F
:10ECE0001FF01CFF01201FF06DFF012802D1002141
:10ECF0001FF014FF02201FF065FF012803D100213F
:10ED000002201FF00BFF03201FF05CFF012803D13E
:10ED1000002103201FF002FF10BD10B501210020CB
:10ED20001FF0FCFE4FF47A702EF0C6FD012108465C
:10ED30001FF0F4FE4FF47A702EF0BEFD0121022088
:10ED40001FF0ECFE4FF47A702EF0B6FD0121032087
:10ED50001FF0E4FE4FF47A702EF0AEFD10BD0000FF
:10ED600010B50748006848B105480068401E0449CE
:10ED700008600846006808B9FBF730FF10BD0000C6
:10ED80004000002410B507F039FC022806D00AF034
:10ED9000B3FE18B901200E49887710BD4FF4006109
:10EDA0000C48F1F78FFBE2220B490A4805F044F8C2
:10EDB000E220074948740020C8730846407C28B107
:10EDC00000F03AF8012002490874E6E700BFE4E7E2
:10EDD0008C000020F8010020F809002010B5402127
:10EDE0001348F1F76FFB402111484430F1F76AFBFB
:10EDF00010490F484430F1F7C6FB0E487438D0F87C
:10EE0000B4100B48001FC0F888100A494439001D8F
:10EE1000F1F7B9FB07487438016F0548001F4164DA
:10EE200001200349091F0870084620F0F9FC10BDB5
:10EE3000040000203401002010B50748807B28B969
:10EE40000648018806482BF09BFC04E00348018833
:10EE500003480AF009FF10BD8C000020F8090020CB
:10EE6000F80100200121024880F8201070470000BE
:10EE70008C0000200121024880F824107047000017
:10EE80008C0000200121024880F823107047000008
:10EE90008C00002010B517480068401C1549086018
:10EEA0000846006847F23051884221D300201149BA
:10EEB00008601148007801281AD100200E49087016
:10EEC000084620F0ADFC07F099FB022810D00AF0AC
:10EED00013FE01280CD0094820F0C2FA074820F0A0
:10EEE00089FD64202EF0E8FC4FF47A7000F082FB7C
:10EEF00010BD00004800002400000020F0000020A9
:10EF00000FB410B50021074880F80411142210A98D
:10EF1000F030F1F7AFFA042000F078F910BC5DF89A
:10EF200014FB0000C00000200149887370470000F6
:10EF30008C000020E12806D0E22808D0E3280AD07F
:10EF4000E62812D10CE00123094AD3770DE0012213
:10EF5000074B9A7709E00123054A82F8213004E043
:10EF60000123034A82F8253000BF00BF704700002C
:10EF70008C00002010B503460C4674B94FF47A712A
:10EF8000586848430E49C8604FF47A71186848437E
:10EF90000B498860187A48740DE0012C06D14FF4B3
:10EFA0007A71186848430649486004E0022C02D18F
:10EFB000187803490874052000F028F910BD0000F6
:10EFC000E40100207FB504460D46208880B2ADF8EC
:10EFD000080020798DF80A00207A8DF80B00207B3C
:10EFE0008DF80D00207C8DF80E00207D8DF80F002F
:10EFF00055B108216846DDE9022316F0EFF9DDE995
:10F000000001FAF76BFF03E0DDE90201FAF766FFA2
:10F010007FBD00000FB410B550210A48F1F752FA35
:10F02000502202A90748F1F725FA042302AA06494B
:10F03000084605F049FC042000F0E8F810BC5DF833
:10F0400014FB00007801002000001E0800B50346F4
:10F05000187841B2054880F81111587841B2034838
:10F0600080F812110A2000F0D1F800BDC000002085
:10F0700000B503461978054880F80F11597880F8D3
:10F0800010110A2000F0C2F800BD0000C0000020EE
:10F0900013B50448DDE90012C0E90612183020F06B
:10F0A00033FC1CBDC00100200FB400B5134801990A
:10F0B0000160DDF81210C0F80E10DDF80E10C0F877
:10F0C0000A10DDF81610C0F81210DDF81A10C0F89A
:10F0D0001610DDF81E10C0F81A10DDF82D10C0F85B
:10F0E0002910DDF82310C0F81F1004490A9848625F
:10F0F000012000F08BF85DF814FB0000C000002038
:10F1000000B5034618780B49887559780948C175C8
:10F1100099780176D97841761879064988765979AF
:10F120000448C17699790177D9794177012000F0B7
:10F130006DF800BDC000002000B50346024803740E
:10F14000052000F063F800BDE401002010B504467E
:10F150000B464FF47A706043044988604FF47A702C
:10F160005843C860052000F051F810BDE4010020AC
:10F1700010B504460B46012B07D14FF47A7060435B
:10F1800002494860052000F041F810BDE40100206C
:10F1900070B506460D461446C42E0DD1012C04D17F
:10F1A000012128461FF0BAFC05E0022C03D1002102
:10F1B00028461FF0B3FC00E000BF00BF012130462D
:10F1C00000F014F870BD00000FB410B5FFF706FE94
:10F1D000882202A90448F1F74DF9022000F016F840
:10F1E00010BC5DF814FB0000F0000020034A90748E
:10F1F000D174012382F82230704700008C00002077
:10F2000001210148817670478C0000200F282DD203
:10F21000DFE800F02C080C2C1014182C2C2C1C2CC3
:10F2200020242800012213494A7520E001221149B7
:10F230008A751CE001210F4A117518E001220D4961
:10F240000A7614E001220B49CA7510E0012209492F
:10F250004A760CE001220749CA7608E001220549F6
:10F260000A7704E0012203494A7700E000BF00BFAB
:10F27000704700008C000020024908700221014AFA
:10F28000117470478C00002000B5034619780548BA
:10F2900080F81611597880F817110A20FFF7B6FF89
:10F2A00000BD0000C000002000B5034618780849E2
:10F2B00081F829005978064880F82A10997880F852
:10F2C0002B10D97880F82C100120FFF79FFF00BD8C
:10F2D000C00000202DE9F04106460C46002700251D
:10F2E000D92E1ED0DA2E02D0DE2E5DD13CE0012CCC
:10F2F00012DB082C10DC2E4890F8280038B90121C8
:10F300002B4829300155DA20FFF770FF08E07721FC
:10F31000DA20FFF76BFF03E07421DA20FFF766FFC6
:10F3200042E001202249C8740846C37C827C2149FE
:10F33000214803F069FD002500BFFFF77DFD002F88
:10F3400007DA681C45B2032D03DC64202EF0B4FA02
:10F35000F3E71A4815F05FFF64202EF0ADFA4FF482
:10F360007A7000F047F91FE001201149C87408467F
:10F37000C37C827C0F49104803F046FD002500BF86
:10F38000FFF75AFD002F07DA681C45B2032D03DC96
:10F3900064202EF091FAF3E764202EF08DFA0AF043
:10F3A000F1FA0AF06DFC00BF00BFBDE8F08100007B
:10F3B0008C000020F8090020F8010020F8D3012477
:10F3C0001FB5BDF800001849A1F80801BDF80210EA
:10F3D0001548A0F80A11BDF80410A0F80C119DF80A
:10F3E000061080F80E11BDF80C10A0F814119DF84D
:10F3F000091080F811119DF80A1080F812119DF87B
:10F40000071080F80F119DF8081080F810119DF872
:10F410000E1080F816119DF80F1080F8171100F5E6
:10F42000847020F065FB1FBDC000002000B50346BE
:10F4300023B1012B06D0022B0CD107E00120084993
:10F44000887707E002200649887703E00420044912
:10F45000887700BF00BF0120FFF7D8FE00BD000085
:10F46000C0000020014981F8310070478C00002065
:10F4700000B5034618880A49A1F8080159880848C8
:10F48000A0F80A119988A0F80C11997980F80E114A
:10F490001989A0F814110A20FFF7B8FE00BD00007A
:10F4A000C000002010B5002428E01648005D0128A7
:10F4B0000CD1002120461FF031FB4FF47A70124925
:10F4C00021F8140002210F48015515E00D48005D98
:10F4D000022811D10C4830F81400401E0A4921F8C6
:10F4E0001400084630F8140030B9012120461FF0FE
:10F4F00015FB002103480155601CC4B2042CD4DB69
:10F5000010BD0000B50000206815002410B5374874
:10F5100090F82800012834D1344890F826000428B7
:10F520002ADC324890F82600012806D0022809D0AB
:10F5300003280CD0042814D10EE0002108461FF047
:10F54000EDFA0FE0002101201FF0E8FA0AE00021A7
:10F5500002201FF0E3FA05E0002103201FF0DEFA8D
:10F5600000E000BF00BF0221204880F8281042F2CE
:10F5700010701F49088037E000211C4880F82810CF
:10F5800032E01A4890F8280002282DD11848008847
:10F59000401E174908800846008828BB134890F889
:10F5A0002600012806D0022809D003280CD0042800
:10F5B00014D10EE0012100201FF0B0FA0FE001216C
:10F5C00008461FF0ABFA0AE0012102201FF0A6FA5C
:10F5D00005E0012103201FF0A1FA00E000BF00BFF9
:10F5E0000021024880F8281010BD00008C00002087
:10F5F0004400002410B5044664202EF05DF9034851
:10F6000015F009FE0248046010BD0000F8D3012483
:10F610004000002410B5044600F002F810BD0000C0
:10F6200000240221002010F065FB00BF00F020F84C
:10F6300003F088FEFFF720F8FFF72CFCFFF732FFFE
:10F64000601CC4B2642C09DD00240748FAF7EEFB05
:10F6500000201AF01BF9054981F8200110F052FA38
:10F660000A202EF029F9E1E7FA090020C000002065
:10F6700010B52948007D012805D1002026490875CC
:10F68000264820F093F82448407D012806D1002127
:10F69000214841752148B83820F070F91E48807D16
:10F6A00001280AD100211C4881751C48883820F0A7
:10F6B000A1F94FF47A70FFF79DFF1748007E0128EB
:10F6C00005D1002114480176154820F0E1F81248D0
:10F6D000407E012806D100210F4841760F48503066
:10F6E00020F006FA0C48C07E012804D100210A4807
:10F6F000C17623F003FE0848807E01280BD100214B
:10F700000548817600201FF0E7FCFFF78DFA07F02F
:10F7100049F90AF0B5FA10BD8C00002078010020EC
:10F72000E4010020F0B52DED048B9DB00027974833
:10F7300090F82B0001287DD1944981F82A0094A1EA
:10F740009548F0F7D6FE064666B994A19248F0F7C0
:10F75000D0FE064636B993A18F48F0F7CAFE06469A
:10F7600006B9012791A13046F0F726FF044600258F
:10F77000142118A8F0F7A6FE142113A8F0F7A2FE92
:10F7800014210EA8F0F79EFE142109A8F0F79AFEA6
:10F79000002007900890059006903FE00B2D35D291
:10F7A000DFE805F03406070D11171B21272D330064
:10F7B0002CE01322214618A8F0F7ADFE26E02078B1
:10F7C0007249087422E01322214613A8F0F7A3FE21
:10F7D0001CE020786D49487418E00422214605A8F1
:10F7E000F0F799FE12E00422214607A8F0F793FEF5
:10F7F0000CE01322214609A8F0F78DFE06E0132243
:10F8000021460EA8F0F787FE00E000BF00BF67A109
:10F810000020F0F7D1FE0446681CC5B20CB10A2DD9
:10F82000BCDD05A8F0F78DFE30B105A8F1F770F842
:10F83000564900E09AE0887407A8F0F782FE20B1EC
:10F8400007A8F1F765F85149087509A8F0F779FE9E
:10F8500028B109A8FDF790FB4C4880ED060B0EA8D7
:10F86000F0F76FFE28B10EA8FDF786FB474880ED44
:10F87000080B18A8F0F765FEA0B3002004900190D3
:10F880000290039008EE100A9FED490BB0EE409BEA
:10F89000022218A904A8F0F73EFE04A8F1F738F8F0
:10F8A00008EE100A0DF1620101A8F0F76CFE01A844
:10F8B000FDF762FBB0EE409B9FED3F1B89EE010B15
:10F8C000B8EEC81B30EE010B304880ED000B007C19
:10F8D000532806D12D4890ED000BB1EE400B80ED82
:10F8E000000B00BF13A8F0F72CFEA8B30020039074
:10F8F000049000900190029008EE100A9FED2C0BEE
:10F90000B0EE409B032213A903A8F0F704FE03A85E
:10F91000F0F7FEFF08EE100A0DF14F016846F0F710
:10F9200032FE6846FDF728FBB0EE409B9FED221BA0
:10F9300089EE010BB8EEC81B30EE010B134880EDC9
:10F94000020B407C572806D1104890ED020BB1EE17
:10F95000400B80ED020B00BF0C48807C002803DDCB
:10F9600000200A4981F82A00002700E00227002031
:10F97000064981F82B004FF400610748F0F7A2FD1B
:10F9800038461DB0BDEC048BF0BD0000287F01247B
:10F9900024474E4747410000287701242447504719
:10F9A0004741000024424447474100002C0000002A
:10F9B00000000000000000000000000000004E40B9
:10F9C00000487047287F012470B50446002007E0F6
:10F9D00051F8205052F82060354044F82050401C27
:10F9E0005D1E012606EB55158542F1D870BD30B578
:10F9F00001F01F05012404FA05F33AB14C0950F84F
:10FA000024401C434D0940F8254006E04C0950F8BD
:10FA100024409C434D0940F8254030BD70B5054653
:10FA20000E461446601E012101EB50108200314643
:10FA30002846F0F79BFD70BD0246480952F8203079
:10FA400001F01F0023FA00F000F00100704770B5CC
:10FA500002460B46002400211BE052F82100B8B1F9
:10FA600052F821004FF0553505EA5005401B00F0D3
:10FA700033354FF0333606EA9006A81900EB10151F
:10FA800005F00F3000EB004505EB05252D0E2C444D
:10FA9000491C581E012505EB50108842DDD8204630
:10FAA00070BD000010B500240E48008800F400402E
:10FAB00070B10D48C07940B900F018F8044614B18F
:10FAC00000F0CCF801E000F069F900200549088059
:10FAD00005480079022804D100200349087100F08C
:10FAE000BDF810BD70010024687F012470B50024AA
:10FAF0000026002500BF08E02E4840782E49495DC9
:10FB000008442C494870681CC5B2032DF4DB2A4810
:10FB1000C07828494978C1F1FF01884201D04FF0EF
:10FB2000FF3625480478407840EA0424224880784B
:10FB300040EA04241F4880790D38082835D2DFE8D0
:10FB400000F0040C141C3434242C00EE104AB8EEDF
:10FB5000400A002005F0DAF828E000EE104AB8EE7E
:10FB6000400A012005F0D2F820E000EE104AB8EE7D
:10FB7000400A022005F0CAF818E000EE104AB8EE7C
:10FB8000400A032005F0C2F810E000EE104AB8EE7B
:10FB9000400A042005F0BAF808E000EE104AB8EE7A
:10FBA000400A052005F0B2F800E000BF00BF304673
:10FBB00070BD0000687F0124587F012410B500F05B
:10FBC00033FC01200A49087000F01AF90A2004F0F9
:10FBD000BFFE00F0FDF80A2004F0BAFE00F054F871
:10FBE000002000F00DF9642004F0B2FE10BD00000A
:10FBF000687F01247CB505460C46002000900190EA
:10FC000082208DF800008DF801509DF800009DF8CD
:10FC1000011008440E4948701CB90021284600F024
:10FC2000C7F806220B496846F9F772F90948807847
:10FC3000084908700846C0784870084600798870FE
:10FC400008464079C87048F20400034908807CBD2A
:10FC5000687F0124587F01247001002410B50948F1
:10FC60008078401CC0B207498870052806DC012056
:10FC7000C87088790021FFF7BDFF01E000F08EF821
:10FC800010BD0000687F012408B5002000905A20B4
:10FC90008DF800008DF801008DF80200002303228A
:10FCA00069469F2000F0CEF808BD00001B48C078D0
:10FCB000C0B11A48C078012805D102201749C87080
:10FCC00000201749088016480088401C80B214495B
:10FCD0000880642809DB002008801049C8700220D1
:10FCE000087102E000200E4908800C4800780128C5
:10FCF00010D10C480088401C80B20A490880B0F539
:10FD00007A6F0ADB00200880142004490872002062
:10FD1000487102E00020034908807047687F012491
:10FD2000720100247401002410B51B48407990BB77
:10FD30001948007A00282EDD1748007A072823D2B8
:10FD4000DFE800F02204090E13181D0000210D2029
:10FD5000FFF750FF19E000210E20FFF74BFF14E0E2
:10FD600000210F20FFF746FF0FE000211020FFF7D2
:10FD700041FF0AE000211320FFF73CFF05E00021CE
:10FD80001420FFF737FF00E000BF00BF0248007AF1
:10FD9000401E0149087210BD687F012400200349FC
:10FDA000C87008714871887070470000687F01242E
:10FDB0000122064BDA7000221A711A46D171012213
:10FDC0005A711A46907100229A707047687F012418
:10FDD00008B5002000908DF8000002208DF8010089
:10FDE00000208DF80200002303226946982000F0CD
:10FDF00029F808BD10B5FFF755FEFFF795FF10BDB8
:10FE000038B5044600200090012C0DD18DF800007B
:10FE100055208DF801008DF8020000230322694669
:10FE20009E2000F00FF80CE000208DF800008DF807
:10FE300001008DF802000023032269469E2000F095
:10FE400001F838BD2DE9F04190B006460F46154641
:10FE5000984640216846F0F735FB002481208DF854
:10FE600000008DF8016000BF05E0395DA01C0DF8B1
:10FE70000010601CC4B2AC42F7DB0020124948708D
:10FE8000002408E0104840781DF8041008440E498A
:10FE90004870601CC4B2A81CA042F3DC0A48407839
:10FEA000C0F1FF01A81C0DF80010B8F1000F03D13C
:10FEB00080213046FFF77CFFE91C6846F9F738F8E7
:10FEC00010B0BDE8F0810000687F012410B5002467
:10FED0000E48008800F4004070B10D48C07940B968
:10FEE00000F018F8044614B100F09CF801E000F0AE
:10FEF00023F900200549088005480079022804D12B
:10FF000000200349087100F08DF810BD6401002441
:10FF10001E77012470B500240026002500BF08E0EC
:10FF20001B4840781B49495D084419494870681CC2
:10FF3000C5B2032DF4DB1748C07815494978C1F1E3
:10FF4000FF01884201D04FF0FF3612480478407814
:10FF500040EA04240F48807840EA04240C48807961
:10FF6000042809D006280FD100EE104AB8EE400A46
:10FF7000002004F015FF08E000EE104AB8EE400A39
:10FF8000012004F00DFF00E000BF00BF304670BD4F
:10FF90001E7701240E77012410B500F087FE0120A2
:10FFA0000549087000F0FAF800F052F800F0DEF8A9
:10FFB000002000F0F3F810BD1E7701247CB5054643
:10FFC0000C4600200090019055208DF800008DF81F
:10FFD00001509DF800009DF8011008440E4948703A
:10FFE0001CB90021284600F0B1F806220B496846EA
:10FFF000F8F770FF09488078084908700846C0780B
:020000040803EF
:10000000487008460079887008464079C87048F200
:100010000400034908807CBD1E7701240E7701246B
:100020006401002410B509488078401CC0B207491B
:100030008870052806DC0120C87088790021FFF748
:10004000BDFF01E000F078F810BD00001E7701242C
:1000500008B5002000905A208DF800008DF80100AE
:100060008DF80200002303226946192000F0B8F839
:1000700008BD00001B48C078C0B11A48C0780128EC
:1000800005D102201749C87000201749088016487A
:100090000088401C80B214490880C82809DB002071
:1000A00008801049C8700220087102E000200E4943
:1000B00008800C480078012810D10C480088401CAA
:1000C00080B20A490880B0F5FA6F0ADB0020088088
:1000D0000420044908720020487102E0002003490E
:1000E000088070471E7701246C0100246E010024F3
:1000F00010B510484079D8B90E48007A002817DDAD
:100100000C48007A012802D002280AD104E000211C
:100110000420FFF753FF05E000210620FFF74EFF04
:1001200000E000BF00BF0348007A401E014908728A
:1001300010BD00001E77012400200349C87008711B
:1001400048718870704700001E7701240122064B19
:10015000DA7000221A711A46D17101225A711A46B8
:10016000907100229A7070471E77012408B5002014
:1001700000908DF8000001208DF8010000208DF81E
:100180000200002303226946182000F029F808BD68
:1001900010B5FFF79BFEFFF7ABFF10BD38B5044667
:1001A00000200090012C0DD18DF800008DF8010089
:1001B00055208DF802000023032269461A2000F022
:1001C0000FF80CE000208DF800008DF801008DF88C
:1001D00002000023032269461A2000F001F838BD0E
:1001E0002DE9F04190B006460F461546984640214D
:1001F0006846F0F767F90024A5208DF800008DF817
:10020000016000BF05E0395DA01C0DF80010601C06
:10021000C4B2AC42F7DB002012494870002408E069
:10022000104840781DF8041008440E494870601CBE
:10023000C4B2A81CA042F3DC0A484078C0F1FF0118
:10024000A81C0DF80010B8F1000F03D18021304632
:10025000FFF77CFFE91C6846F8F74CFE10B0BDE8DC
:10026000F08100001E77012470B503469818B0F1A4
:10027000026F01D9032070BD0AB90020FBE70126F7
:1002800000240BE01D780878A84204D0FF2D01D08F
:100290000220F0E700265B1C491C641C9442F1D349
:1002A000012E01D10020E6E70120E4E7F0B587B098
:1002B00004460025002600200190F5F767F9204646
:1002C00000F020F80546012600200290202006902C
:1002D000B4F1016F02D30220039001E001200390EA
:1002E0000495059601A902A8F4F7FAFF0746F5F769
:1002F00095F8384607B0F0BD014800687047000027
:10030000DC01002401460020384A914202D2B1F1BA
:10031000006F05D2364A914204D2B1F1016F01D388
:10032000002062E0334A914202D2304A914205D223
:10033000314A914204D22E4A914201D3012054E025
:100340002E4A914202D22B4A914205D22C4A914226
:1003500004D2294A914201D3022046E0294A91421F
:1003600002D2264A914205D2274A914204D2244A17
:10037000914201D3032038E0244A914202D2214A1B
:10038000914205D2224A914204D21F4A914201D39E
:1003900004202AE01F4A914202D21C4A914205D20F
:1003A0001D4A914204D21A4A914201D305201CE011
:1003B0001A4A914202D2174A914205D2184A9142F2
:1003C00004D2154A914201D306200EE0B1F1016F2B
:1003D00002D2124A914205D2124A914204D2104AE4
:1003E000914201D3072000E0072070470000020877
:1003F00000001208000004080000140800000608AD
:1004000000001608000008080000180800000A088C
:1004100000001A0800000C0800001C0800000E086C
:1004200000001E08FFFF1F0800B5B5B0142130A85A
:10043000F0F748F8BC2101A8F0F744F84FF4005059
:1004400001900020199001A8F5F718FE18B1242199
:100450002FA0F2F7C1F900BF3548006840F4005002
:10046000334908600846006800F40050009000BF5F
:1004700000BF00BF2E481038006840F010002C4923
:10048000103908600846006800F01000009000BFB6
:1004900000BF4FF4E04030900220319000203290B5
:1004A000022033900520349030A92248F5F79EF8B9
:1004B0002148224908604FF48000486000211F480D
:1004C00081600721C160002101614FF080714161AD
:1004D000890081614FF0C041C16100210162416228
:1004E0008162C1624FF08041416300218163C16339
:1004F000016441648164C164016541658165F7F708
:10050000F7FD18B14E2102A0F2F766F935B000BD33
:100510002E2E5C2E2E5C48617264776172655C736E
:1005200072635C6273705F68737069342E6300007D
:10053000F04402580010025800340140DCD101247C
:1005400000B587B0142102A8EFF7BCFF00BF3E48FA
:10055000006840F010003C4908600846006800F060
:100560001000019000BF00BF00BF0846006840F0C7
:10057000040008600846006800F00400019000BF15
:1005800000BF00BF0846006840F0800008600846D1
:10059000006800F08000019000BF00BF00BF084667
:1005A000006840F0010008600846006800F00100A3
:1005B000019000BF00BF00BF0846006840F0020085
:1005C00008600846006800F00200019000BF00BF0C
:1005D00000BF0846006840F0080008600846006850
:1005E00000F00800019000BF00BF4FF400400290EF
:1005F000002003900120049002A91448F4F7F6FFAC
:100600004CF611000290002003900120049002A9F2
:100610000F48F4F7EBFF4FF4807002900020039036
:100620000120049002A90B48F4F7E0FF4FF4C050FA
:100630000290002003900120049002A90648F4F7DC
:10064000D5FF07B000BD0000E0440258001002587A
:10065000000C0258000802580000025810B586B07D
:10066000142101A8EFF72EFF00BF3548006840F0C5
:100670001000334908600846006800F01000009040
:1006800000BF00BF00BF0846006840F004000860DB
:100690000846006800F00400009000BF00BF00BFE3
:1006A0000846006840F0800008600846006800F0D6
:1006B0008000009000BF00BF00BF0846006840F007
:1006C000010008600846006800F00100009000BFCB
:1006D00000BF00BF0846006840F0020008600846FE
:1006E000006800F00200009000BF00BF00BF084695
:1006F000006840F0080008600846006800F0080044
:10070000009000BF00BF0020029001200390002451
:1007100011E004EB44000B4901EB800000890190DB
:1007200004EB4401074A02EB8101486801A9F4F790
:100730005DFF601CC4B2012CEBDB06B010BD0000F5
:10074000E04402584002002400B587B0142102A8FA
:10075000EFF7B8FE00BF2748006840F010002549B9
:1007600008600846006800F01000019000BF00BF5C
:1007700000BF0846006840F01000086008460068A6
:1007800000F01000019000BF00BF00BF08460068E5
:1007900040F0100008600846006800F0100001906A
:1007A00000BF00BF012240211348F5F72FF80122B6
:1007B00020211148F5F72AF8012210210E48F5F7FB
:1007C00025F840200290012003900020049005901D
:1007D00002A90948F4F70AFF2020029002A906485E
:1007E000F4F704FF1020029002A90348F4F7FEFE7C
:1007F00007B000BDE04402580010025810B5B6B072
:100800000446142131A8EFF75DFEBC2102A8EFF7E2
:1008100059FE042002900020269002A8F5F72EFC35
:1008200018B1362185A0F1F7D7FF00BF8C480068CA
:1008300040F008008A4908600846006800F0080097
:10084000019000BF00BF00BF85481438006840F029
:1008500002008349143908600846006800F002006D
:10086000019000BF00BF00BF0846006840F40010C0
:1008700008600846006800F40010019000BF00BF47
:10088000C02031900220329000203390022034901A
:100890000820359031A97348F4F7A8FE72487349CF
:1008A000086009204860002170488160C1604FF4F1
:1008B00080610161002141618161C1614FF40031BA
:1008C0000162F3F7F1F818B159215CA0F1F784FF48
:1008D00000BF66486649C86708466449886300BF28
:1008E0006448634908600846446000218160C16033
:1008F00001610C214161002181610162416210208E
:100900005B49886201025A48C16300205849486621
:100910000846F8F7CCF918B16E2148A0F1F75CFF52
:100920004FF4007254495248F8F75EF94F48006896
:100930005249884258D04D48006850491831884281
:1009400052D04A4800684D49303188424CD047481F
:1009500000684A494831884246D0444800684749BF
:100960006031884240D0414800684449783188422B
:100970003AD03E48006841499031884234D03B48E3
:1009800000683E49A83188422ED0384800683C496A
:10099000884229D03548006839491831884223D027
:1009A000324800683649303188421DD02F480068EF
:1009B00033494831884217D02C48006830496031AB
:1009C000884211D0294800682D49783188420BD0DF
:1009D000264800682A499031884205D0234800689B
:1009E0002749A831884208D120480068006820F0D3
:1009F00008001E490968086007E01C480068006894
:100A000020F0040019490968086010201849096895
:100A100008621749096808622020154909680862B8
:100A20004020134909680862002202218E20F5F750
:100A30005CF88E20F5F745F836B010BD2E2E5C2EF2
:100A40002E5C48617264776172655C7372635C628C
:100A500073705F6C7075617274312E6300000000FA
:100A6000F44402580004025808540258509E0124CD
:100A7000C09D0124000C0058000000381000024006
:100A80001004024010B500241748184908600020DF
:100A900048607F2115488160FF21C160002101610C
:100AA0008161C16100201EF0FDFA84B20F48F7F7A2
:100AB0003FF808B1012010BD43F2F22084420ED06D
:100AC000401C84420BD0002338223B210620F9F73A
:100AD000EBF90323162204211420F9F7CFF9F9F7D3
:100AE000F7F80020E7E70000004000589483012455
:100AF00000B587B0142102A8EFF7E4FC00BF3C4822
:100B0000006840F001003A4908600846006800F0BB
:100B10000100019000BF00BF00BF0846006840F020
:100B2000010008600846006800F00100019000BF65
:100B300000BF00BF0846006840F002000860084699
:100B4000006800F00200019000BF00BF00BF08462F
:100B5000006840F0100008600846006800F01000CF
:100B6000019000BF00BF002210212248F4F74EFE82
:100B7000002220211F48F4F749FE002202211E48CE
:100B8000F4F744FE00224FF400611C48F4F73EFEE7
:100B9000102002900120039000200490059002A9EB
:100BA0001448F4F723FD2020029002A91148F4F71D
:100BB0001DFD0220029002A90F48F4F717FD4FF423
:100BC0000060029002A90D48F4F710FD01210020F9
:100BD0001DF0A4FF012108461DF0A0FF0121022005
:100BE0001DF09CFF012103201DF098FF07B000BD00
:100BF000E044025800000258000402580010025855
:100C000010B586B00446142101A8EFF75BFC00BFC5
:100C10001248006840F00800104908600846006863
:100C200000F00800009000BF00BF00224FF4806178
:100C30000B48F4F7EBFD4FF4806001900120029027
:100C4000002003900220049001A90548F4F7CEFC8F
:100C5000204600F0B9FF06B010BD0000E044025885
:100C6000000C025800B587B000BF0E48006840F085
:100C700008000C4908600846006800F00800019070
:100C800000BF00BF012003900020049003200590C6
:100C90008020029002A90448F4F7A8FC1FF00AFC87
:100CA00007B000BDE0440258000C025800B5B5B0D2
:100CB000142130A8EFF706FCBC2101A8EFF702FCD5
:100CC00000BF2E48006840F480402C490860084668
:100CD000006800F48040009000BF00BF00BF2748BC
:100CE0000838006840F002002449083908600846C6
:100CF000006800F00200009000BF00BF4FF44440C5
:100D00003090022031900020329002203390052054
:100D1000349030A91A48F4F769FC1A481A49086057
:100D20004FF4800048600021174881600721C160AE
:100D3000002101614FF080714161890081614FF0B4
:100D4000E041C1610021016241628162C1624FF0F4
:100D50008041416300218163C16301644164816416
:100D6000C164016541658165F7F7C2F918B1452194
:100D700006A0F1F731FD35B000BD0000E84402588F
:100D8000000402580038004064D201242E2E5C2E4C
:100D90002E5C48617264776172655C7372635C6239
:100DA00073705F68737069322E63000010B50020A5
:100DB00004490870002211464FF0005000F004F87A
:100DC00010BD0000F001002470B506460C46154623
:100DD00021480068B04208D120480068A04204D1F0
:100DE0001F480068A84200D170BD1B4806601B4820
:100DF00004601B4805601B481B4908600846C66123
:100E000000218160446105610721C1600021016208
:100E1000416281620721C162090401634FF0806170
:100E200081610021C16341634FF000414165480A7F
:100E30000D4948600846F7F73FF918B1C8210BA0E3
:100E4000F1F7CAFC0848F7F753F918B1CE2107A00B
:100E5000F1F7C2FC00BFC7E7E0010024E401002471
:100E6000E801002400300140C89E01242E2E5C2E93
:100E70002E5C48617264776172655C7372635C6258
:100E800073705F7370695F6275732E63000000009A
:100E90002DE9F04F93B004460D4691469A464C21F9
:100EA0006846EFF70FFB204601F068FA5B48844282
:100EB0000BD05B48844208D05A48844205D05A4837
:100EC000844202D05948844203D1594800684608F8
:100ED00002E0574800684608642D0AD242F20F78B3
:100EE00042F21070B6FBF0F0B0FBF5F0401E87B296
:100EF00013E040F6B830854209D24FF06308642011
:100F0000B6FBF0F0B0FBF5F0401E87B205E04FF005
:100F10000008B6FBF5F0401E87B20094CDF80480BF
:100F20000397002104910291059180210691684662
:100F3000F7F7CEFD18B17D213EA0F1F74DFC0098EA
:100F4000C06840F001000099C8604FF0000B3348C2
:100F5000844202D14FF0190B51E0B4F1804F02D11D
:100F60004FF01C0B4BE03B48844202D14FF01D0B6D
:100F700045E03948844202D14FF01E0B3FE037482C
:100F8000844202D14FF0320B39E03548844202D11D
:100F90004FF0360B33E03348844202D14FF0370B29
:100FA0002DE01F48844202D14FF02C0B27E02E4841
:100FB000844202D14FF02B0B21E02C48844202D115
:100FC0004FF02C0B1BE02A48844202D14FF02D0B2E
:100FD00015E01448844202D14FF0740B0FE0124820
:100FE000844202D14FF0750B09E01048844202D1CF
:100FF0004FF0760B03E097210EA0F1F7EDFB524680
:1010000049465846F4F771FD5846F4F75AFD6846CC
:10101000F7F796FD13B0BDE8F08F00000000014027
:1010200000040140004001400044014000480140EC
:10103000000000242E2E5C2E2E5C486172647761C5
:1010400072655C7372635C6273705F74696D657204
:10105000732E63000004004000080040000C0040B4
:10106000001000400014004000180040001C004028
:101070000020004010B5B6B00446142131A8EFF7A7
:1010800021FABC2102A8EFF71DFA022002900020ED
:101090001F9002A8F4F7F2FF18B1362194A0F1F7DF
:1010A0009BFB00BF9A48006840F480109849086094
:1010B0000846006800F48010019000BF00BF00BF28
:1010C00093480838006840F00400914908390860E6
:1010D0000846006800F00400019000BF00BF00BF98
:1010E0000846006840F0080008600846006800F004
:1010F0000800019000BF00BF00BF8548103800689D
:1011000040F001008249103908600846006800F08C
:101110000100019000BF00BF4FF4805031900220C9
:10112000329000203390022034900820359031A96D
:101130007848F4F75BFA04203190022032900020C6
:101140003390022034900820359031A97248F4F78A
:101150004DFA724872490860412048600021704889
:101160008160C1604FF48061016100214161816152
:10117000C1614FF40031016200214162F2F794FC39
:1011800018B161215AA0F1F727FB00BF64486549F7
:10119000C86708466249886300BF634861490860C0
:1011A0000846446000218160C16001610C214161F9
:1011B00000218161C1610162416210205949886248
:1011C00001025848C163F7F772FD18B1762148A0B3
:1011D000F1F702FB4FF4007254495248F7F704FD4F
:1011E0004F4800684D496039884257D04C480068E4
:1011F0004A494839884251D04948006847493039FE
:1012000088424BD04648006844491839884245D046
:10121000434800684149884240D0414800683F49FE
:10122000183188423AD03E4800683C493031884203
:1012300034D03B4800683949483188422ED038487C
:1012400000683B49884229D0354800683849183140
:10125000884223D0324800683549303188421DD059
:101260002F48006832494831884217D02C4800681E
:101270002F496031884211D0294800682C497831C3
:1012800088420BD02648006829499031884205D011
:10129000234800682649A831884208D120480068C0
:1012A000006820F008001E490968086007E01C4833
:1012B0000068006820F004001949096808601020DF
:1012C0001849096808621749096808622020154909
:1012D0000968086240201349096808620022042155
:1012E0003520F4F702FC3520F4F7EBFB36B010BDE7
:1012F0002E2E5C2E2E5C48617264776172655C7381
:1013000072635C6273705F75617274352E63000086
:10131000E844025800080258000C025870000240CD
:10132000489A0124B899012400500040000C013073
:101330001004024010B5B6B00446142131A8EFF7EE
:10134000C1F8BC2102A8EFF7BDF8022002900020EE
:101350001F9002A8F4F792FE18B1342187A0F1F78C
:101360003BFA00BF8D48006840F080408B49086020
:101370000846006800F08040019000BF00BF00BF39
:1013800086480838006840F0100084490839086031
:101390000846006800F01000019000BF00BF00BFC9
:1013A0007E481038006840F001007C491039086020
:1013B0000846006800F00100019000BF00BF4FF434
:1013C000C07031900220329000203390022034907F
:1013D0000720359031A97248F4F708F9714872492D
:1013E00008604F20486000216F488160C1604FF461
:1013F00080610161002141618161C1614FF400316F
:10140000016200214162F2F74FFB18B158215BA045
:10141000F1F7E2F900BF64486449C86708466249C9
:10142000886300BF62486149086008464460002143
:101430008160C16001610C21416100218161C16154
:101440000162416210205949886201025748C16314
:10145000F7F72DFC18B16C2148A0F1F7BDF94FF456
:10146000006254495148F7F7BFFB4F4800684D49A7
:101470009039884257D04C4800684A4978398842A8
:1014800051D0494800684749603988424BD04648A6
:10149000006844494839884245D04348006841497A
:1014A000303988423FD0404800683E491839884268
:1014B00039D03D4800683B49884234D03A480068FA
:1014C0003849183188422ED0374800683A49884256
:1014D00029D03548006838491831884223D032482D
:1014E00000683549303188421DD02F4800683249A4
:1014F0004831884217D02C4800682F496031884213
:1015000011D0294800682C49783188420BD02648F0
:10151000006829499031884205D02348006826494F
:10152000A831884208D120480068006820F00800EF
:101530001D490968086007E01B480068006820F042
:1015400004001949096808601020184909680862F0
:101550001649096808622020144909680862402079
:10156000124909680862002204215220F4F7BDFAEA
:101570005220F4F7A6FA36B010BD00002E2E5C2ED5
:101580002E5C48617264776172655C7372635C6241
:1015900073705F75617274372E630000E8440258FF
:1015A00000100258A0000240489D0124B89C01246C
:1015B00000780040001601301004024010B5B6B0AB
:1015C0000446142131A8EEF77DFFBC2102A8EEF7F6
:1015D00079FF0220029000201F9002A8F4F74EFD30
:1015E00018B158217FA0F1F7F7F800BF85480068CF
:1015F00040F00040834908600846006800F0004061
:10160000019000BF00BF00BF7E480838006840F06E
:1016100010007C49083908600846006800F0100096
:10162000019000BF00BF00BF76481038006840F04E
:1016300002007449103908600846006800F0020092
:10164000019000BF00BF03203190022032900020A3
:101650003390022034900820359031A96A48F3F77E
:10166000C5FF6A486A4908605120486000216848FF
:101670008160C1604FF4806101610021416181613D
:10168000C16101624162F2F70FFA18B17C2155A0E5
:10169000F1F7A2F800BF5E485E49C86708465C499A
:1016A000886300BF5C485B490860084644600021CD
:1016B0008160C16001610C21416100218161C161D2
:1016C0000162416210205349886201025148C1639E
:1016D000F7F7EDFA18B1912142A0F1F77DF84C48E7
:1016E00000684E49884258D0494800684B49183133
:1016F000884252D0464800684849303188424CD030
:101700004348006845494831884246D0404800680F
:1017100042496031884240D03D4800683F497831B5
:1017200088423AD03A4800683C499031884234D0E7
:10173000374800683949A83188422ED034480068BB
:101740003249884229D032480068304918318842ED
:1017500023D02F4800682D49303188421DD02C48B5
:1017600000682A494831884217D02948006827492B
:101770006031884211D02648006824497831884277
:101780000BD02348006821499031884205D0204879
:1017900000681E49A831884208D11D4800680068C9
:1017A00020F008001A490968086007E01848006836
:1017B000006820F0040016490968086010201549E7
:1017C00009680862002205215320F4F78EF953209E
:1017D000F4F777F94FF4006211490E48F7F704FA6D
:1017E00036B010BD2E2E5C2E2E5C4861726477617F
:1017F00072655C7372635C6273705F75617274387A
:101800002E630000E8440258001002581004024001
:10181000ECD001245CD00124007C00401000024088
:10182000001E013010B5B6B00446142131A8EEF701
:1018300049FEBC2102A8EEF745FE012002900020DF
:10184000209002A8F4F71AFC18B1362187A0F0F70F
:10185000C3FF00BF8D48006840F010008B4908604E
:101860000846006800F01000019000BF00BF00BFF4
:1018700086481038006840F001008449103908603B
:101880000846006800F00100019000BF00BF00BFE3
:101890007E481838006840F001007C49183908601B
:1018A0000846006800F00100019000BF00BF4FF43F
:1018B000C06031900220329000203390022034909A
:1018C0000720359031A97248F3F790FE71487249AC
:1018D00008602920486000216F488160C1604FF492
:1018E00080610161002141618161C1614FF400317A
:1018F000016200214162F2F7D7F818B159215BA0CB
:10190000F0F76AFF00BF64486449C8670846624947
:10191000886300BF6248614908600846446000214E
:101920008160C16001610C21416100218161C1615F
:101930000162416210205949886201025748C1631F
:10194000F7F7B5F918B16E2148A0F0F745FF4FF44D
:10195000007254495148F7F747F94F4800684D491C
:10196000884258D04C4800684A491831884252D0C1
:10197000494800684749303188424CD046480068A1
:1019800044494831884246D0434800684149603163
:10199000884240D0404800683E49783188423AD079
:1019A0003D4800683B499031884234D03A4800684D
:1019B0003849A83188422ED0374800683A498842D1
:1019C00029D03548006838491831884223D0324838
:1019D00000683549303188421DD02F4800683249AF
:1019E0004831884217D02C4800682F49603188421E
:1019F00011D0294800682C49783188420BD02648FC
:101A0000006829499031884205D02348006826495A
:101A1000A831884208D120480068006820F00800FA
:101A20001D490968086007E01B480068006820F04D
:101A300004001949096808601020184909680862FB
:101A40001649096808622020144909680862402084
:101A5000124909680862002204212520F4F745F89C
:101A60002520F4F72EF836B010BD00002E2E5C2E87
:101A70002E5C48617264776172655C7372635C624C
:101A800073705F7573617274312E6300F044025895
:101A9000000002581000024048840124B883012449
:101AA00000100140000001301004024010B5B6B033
:101AB0000446142131A8EEF705FDBC2102A8EEF77B
:101AC00001FD0220029000201F9002A8F4F7D6FA30
:101AD00018B1522130A0F0F77FFE00BF36480068F1
:101AE00040F40030344908600846006800F40030D3
:101AF000019000BF00BF00BF2F480838006840F0C9
:101B000008002D49083908600846006800F0080000
:101B1000019000BF00BF6020319002203290002071
:101B20003390022034900720359031A92348F3F7F1
:101B30005DFD234823490860084644600021816018
:101B4000C16001610C21416100218161C1610162BB
:101B5000416210201B49886201021A48C163F7F7ED
:101B6000A6F818B18A210CA0F0F736FE102015490E
:101B70000968086220201349096808624020114959
:101B800009680862002204212620F3F7AEFF262010
:101B9000F3F797FF36B010BD2E2E5C2E2E5C4861F9
:101BA0007264776172655C7372635C6273705F7597
:101BB00073617274322E6300E8440258000C0258BC
:101BC000004400403885012410B5B6B00446142105
:101BD00031A8EEF777FCBC2102A8EEF773FC0220D7
:101BE000029000201F9002A8F4F748FA18B1412192
:101BF00087A0F0F7F1FD00BF8D48006840F4802019
:101C00008B4908600846006800F48020019000BFFE
:101C100000BF00BF86480838006840F008008449CB
:101C2000083908600846006800F00800019000BF0D
:101C300000BF00BF7E481038006840F001007C49BA
:101C4000103908600846006800F00100019000BFEC
:101C500000BF4FF44070319002203290002033904A
:101C6000022034900720359031A97248F3F7BEFC6A
:101C70007148724908602D20486000216F488160DA
:101C8000C1604FF480610161002141618161C161E6
:101C90004FF40031016200214162F1F705FF18B1F4
:101CA00064215BA0F0F798FD00BF64486449C867F1
:101CB00008466249886300BF624861490860084677
:101CC000446000218160C16001610C2141610021FB
:101CD0008161C1610162416210205949886201023B
:101CE0005748C163F6F7E3FF18B1792148A0F0F730
:101CF00073FD4FF4006254495148F6F775FF4F48A1
:101D000000684D493039884257D04C4800684A49EC
:101D10001839884251D049480068474988424CD018
:101D20004648006844491831884246D04348006814
:101D300041493031884240D0404800683E494831EE
:101D400088423AD03D4800683B496031884234D0EF
:101D50003A4800683849783188422ED037480068C0
:101D60003A49884229D035480068384918318842B4
:101D700023D0324800683549303188421DD02F4881
:101D8000006832494831884217D02C4800682F49F2
:101D90006031884211D0294800682C497831884246
:101DA0000BD02648006829499031884205D0234845
:101DB00000682649A831884208D120480068006898
:101DC00020F008001D490968086007E01B4800680A
:101DD000006820F0040019490968086010201849BB
:101DE00009680862164909680862202014490968D0
:101DF0000862402012490968086200220421272055
:101E0000F3F773FE2720F3F75CFE36B010BD000039
:101E10002E2E5C2E2E5C48617264776172655C7355
:101E200072635C6273705F7573617274332E6300EA
:101E3000E8440258000C0258400002404897012430
:101E4000B89601240048004000020130100402400E
:101E500010B5B6B00446142131A8EEF733FBBC210F
:101E600002A8EEF72FFB0220029000201F9002A88C
:101E7000F4F704F918B1362185A0F0F7ADFC00BFE6
:101E80008B48006840F400208949086008460068D3
:101E900000F40020019000BF00BF00BF8448083854
:101EA000006840F00400824908390860084600686C
:101EB00000F00400019000BF00BF00BF7C48103854
:101EC000006840F001007A4910390860084600684F
:101ED00000F00100019000BF00BF4FF4406031905E
:101EE000022032900020339034900820359031A9A0
:101EF0007048F3F77BFB7048704908603F204860EA
:101F000000216E488160C1604FF480610161002151
:101F100041618161C16101624162F1F7C5FD18B1A2
:101F20005A215BA0F0F758FC00BF64486449C867B9
:101F300008466249886300BF6248614908600846F4
:101F4000446000218160C16001610C214161002178
:101F50008161C161016241621020594988620102B8
:101F60005748C163F6F7A3FE18B16F2148A0F0F7F8
:101F700033FC4FF4007254495148F6F735FE4F4890
:101F800000684D494839884257D04C4800684A4952
:101F90003039884251D04948006847491839884249
:101FA0004BD0464800684449884246D043480068C0
:101FB00041491831884240D0404800683E4930319C
:101FC00088423AD03D4800683B494831884234D085
:101FD0003A4800683849603188422ED03748006856
:101FE0003A49884229D03548006838491831884232
:101FF00023D0324800683549303188421DD02F48FF
:10200000006832494831884217D02C4800682F496F
:102010006031884211D0294800682C4978318842C3
:102020000BD02648006829499031884205D02348C2
:1020300000682649A831884208D120480068006815
:1020400020F008001D490968086007E01B48006887
:10205000006820F004001949096808601020184938
:10206000096808621649096808622020144909684D
:1020700008624020124909680862002204213420C5
:10208000F3F733FD3420F3F71CFD36B010BD00002C
:102090002E2E5C2E2E5C48617264776172655C73D3
:1020A00072635C6273705F7573617274342E630067
:1020B000E84402580008025858000240C898012419
:1020C00038980124004C0040000A013010040240FE
:1020D00010B5B6B00446142131A8EEF7F3F9BC21CF
:1020E00002A8EEF7EFF9012002900020209002A84C
:1020F000F3F7C4FF18B1362186A0F0F76DFB00BFDF
:102100008C48006840F020008A4908600846006852
:1021100000F02000019000BF00BF00BF85481038CC
:10212000006840F0040083491039086008460068E0
:1021300000F00400019000BF00BF00BF7D481838C8
:10214000006840F001007B491839086008460068C3
:1021500000F00100019000BF00BFC02031900220BC
:10216000329000203390022034900720359031A91E
:102170007148F3F73BFA714871490860472048609D
:1021800000216F488160C1604FF4806101610021CE
:1021900041618161C1614FF40031016200214162FE
:1021A000F1F782FC18B159215AA0F0F715FB00BFD6
:1021B00063486449C86708466149886300BF62484C
:1021C000604908600846446000218160C160016187
:1021D0000C21416100218161C161016241621020D5
:1021E0005849886201025748C163F6F760FD18B18B
:1021F0006E2148A0F0F7F0FA4FF4006253495148BD
:10220000F6F7F2FC4E4800684C497839884257D0BE
:102210004B48006849496039884251D048480068B5
:102220004649483988424BD04548006843493039CF
:10223000884245D0424800684049183988423FD01A
:102240003F4800683D4988423AD03D4800683B49D4
:102250001831884234D03A480068384930318842D1
:102260002ED0374800683A49884229D0344800685F
:1022700037491831884223D0314800683449303119
:1022800088421DD02E48006831494831884217D015
:102290002B4800682E496031884211D028480068D8
:1022A0002B49783188420BD0254800682849903165
:1022B000884205D0224800682549A831884208D1C3
:1022C0001F480068006820F008001D490968086080
:1022D00007E01B480068006820F0040018490968FE
:1022E00008601020174909680862164909680862E1
:1022F00020201449096808624020124909680862D0
:10230000002204214720F3F7F0FB4720F3F7D9FB25
:1023100036B010BD2E2E5C2E2E5C48617264776143
:1023200072655C7372635C6273705F757361727403
:10233000362E6300F044025800080258880002401C
:10234000C89B0124389B012400140140000E013079
:10235000100402400748006840F08070054908609A
:102360000020054948600846006840F00100086008
:1023700070470000FCED00E0001000E038B50446B6
:10238000824884420DD100BF8148006840F00100BE
:102390007F4908600846006800F00100009000BF17
:1023A000F2E0B4F1804F0FD100BF794808380068DF
:1023B00040F001007649083908600846006800F0DE
:1023C0000100009000BFDFE0724884420FD100BFDF
:1023D0006F480838006840F002006D49083908600D
:1023E0000846006800F00200009000BFCCE06A4898
:1023F00084420FD100BF66480838006840F00400EE
:102400006349083908600846006800F0040000903D
:1024100000BFB9E0614884420FD100BF5C48083872
:10242000006840F008005A4908390860084600680A
:1024300000F00800009000BFA6E0594884420FD188
:1024400000BF53480838006840F010005049083970
:1024500008600846006800F01000009000BF93E09C
:10246000504884420FD100BF49480838006840F006
:1024700020004749083908600846006800F020003D
:10248000009000BF80E0484884420DD100BF404822
:10249000006840F002003E4908600846006800F00D
:1024A0000200009000BF6FE0404884420FD100BF9F
:1024B00037480838006840F040003549083908605E
:1024C0000846006800F04000009000BF5CE038481B
:1024D00084420FD100BF2E480838006840F08000C9
:1024E0002B49083908600846006800F08000009019
:1024F00000BF49E02F4884420FD100BF244808386C
:10250000006840F480702249083908600846006875
:1025100000F48070009000BF36E0274884420DD15F
:1025200000BF1B48006840F4803019490860084625
:10253000006800F48030009000BF25E01F4884420E
:102540000DD100BF1248006840F400301049086007
:102550000846006800F40030009000BF14E01848FE
:1025600084420DD100BF0A48006840F48020084929
:1025700008600846006800F48020009000BF03E077
:10258000BD2110A0F0F728F938BD0000000001407F
:10259000F04402580004004000080040000C0040D5
:1025A00000100040001400400004014000180040EA
:1025B000001C004000200040004001400044014059
:1025C000004801402E2E5C2E2E5C486172647761BB
:1025D00072655C7372635C6273705F74696D65725F
:1025E000732E630010B503469818B0F1026F01D93D
:1025F000012010BD0AB90120FBE7002404E013F814
:10260000010B01F8010B641C9442F8D30020F0E7A1
:102610000120014908707047F001002400200149A1
:1026200008707047F00100242DE9F04188B005469C
:10263000884614462819B0F1026F03D9012008B06A
:10264000BDE8F0810CB90020F9E722464146284652
:10265000FDF70AFE07460FB90020F0E7012080F3DE
:10266000108800BFF2F792FF002610E020224146BA
:102670006846EDF7FFFE08F120086A46294601206A
:10268000F2F7EEFE08B9203500E025E0761CB6EB47
:10269000541FEBD304F01F00B8B100210091019149
:1026A000002002900390049105910690079004F099
:1026B0001F0241466846EDF7DDFE6A4629460120C5
:1026C000F2F7CEFE00B107E000BFF2F7A7FE002050
:1026D00080F3108800BFB2E7F2F7A0FE002080F37D
:1026E000108800BF0120AAE700B587B000BF00BF77
:1026F0001A48006840F00100184908600846006860
:1027000000F00100019000BF00BF00BF00BF00BF8C
:102710000846006840F0040008600846006800F0C1
:102720000400019000BF00BF00BF4FF48070029012
:102730000120039004900320059002A90848F2F7B5
:1027400055FF4FF4007002901120039002A9054834
:10275000F2F74CFF1CF020FB07B000BDE04402582C
:10276000000002580008025800B587B000BF00BF43
:102770001A48006840F008001849086008460068D8
:1027800000F00800019000BF00BF00BF00BF00BF05
:102790000846006840F0080008600846006800F03D
:1027A0000800019000BF00BF00BF4FF480500290AE
:1027B0000120039004900320059002A90848F2F735
:1027C00015FF4FF4005002901120039002A9044815
:1027D000F2F70CFF1CF012FC07B000BDE0440258F9
:1027E000000C025808B50C480068B0F5805F00D9AD
:1027F00008BD0A4800900848008883B2084A094981
:102800000948F5F72AFF20B140F2951107A0EFF72C
:10281000E3FF00BFECE70000EC01002440420F00A2
:1028200040B0012440A00124C89E01242E2E5C2E1D
:102830002E5C48617264776172655C7372635C627E
:1028400073705F7370695F6275732E6300000000C0
:1028500038B91449144A11601449516014499160FF
:1028600070471049104A1160016809B10168116090
:102870000E490D4A5160416809B14168516000211B
:10288000094A916011460968064A914207D10649F2
:102890004968064A914202D10549034A916000BF46
:1028A000DEE7000089D002081C02002405CD0208E2
:1028B000F5E6040870B5044602F098F8C5B22A4659
:1028C00002A12046FAF784F970BD000025640000DB
:1028D00010B50246FF2004E012F8013B4340044CCF
:1028E000E05C0B1EA1F10104E1B2F5D110BD0000C6
:1028F0006CF3050810B50246FF2004E012F8013B16
:102900004340044CE05C0B1EA1F10104E1B2F5D19F
:1029100010BD00006CF4050830B50246002300200D
:102920000B4604E012F8014B6040034C205C1C1E77
:10293000A3F10103F6D130BD6CF505082DE9FE4F7A
:102940000646884617463C480068029000253B48EA
:1029500000680090A9463A48007848B339480078A2
:10296000E8B93948826928466D1C46F82020364867
:102970004069441E35480068844210D333480068DB
:10298000334909680844A04209D3202D07D24545A0
:1029900005D228466D1C46F820404FF001092D480D
:1029A000007888B16A4602A901A805F03FFD0BE056
:1029B000EDF7E6FC8246EDF7E0FC824504D16A467D
:1029C00002A901A805F032FD1E48007800B1029F5F
:1029D0002AE03868041F04F0010000B923E03868D9
:1029E000441E1A480068001D84421BD31748006823
:1029F000174909680844A04214D3202D12D2201F81
:102A000002F02CFA70B145450CD2022D06D1B9F175
:102A1000000F03D07068A04200D104E028466D1C6E
:102A200046F8204000BF3F1D009902980844B84274
:102A3000CFD82846BDE8FE8F1005002414050024D9
:102A400021050024220500249C15052418050024D6
:102A50001C050024240500242DE9F04190B0074610
:102A60000E4635462C4600200F9020227B4907A8B1
:102A7000EDF700FD7A48006806907A4800680590F6
:102A80007948007848B9794A79A17BA0FAF790F89B
:102A900081A0FAF78DF800BFFEE78048007848B1C2
:102AA000724A7FA174A0FAF783F87BA0FAF780F846
:102AB00000BFFEE70120794908707CA0FAF778F89A
:102AC00075A0FAF775F800F039F9C7F38000784976
:102AD000087008460078C8B105F0A3FC10B105F0F5
:102AE000A0FC00E073A080467449886A4146FAF76A
:102AF0005FF869A0FAF75CF8EDF73FFC054604467D
:102B000005AA06A90FA805F091FC06E06B49C86A62
:102B1000FAF74EF860A0FAF74BF820352946384608
:102B200021F0D4FC0546A08B00F4007000B12D1DEF
:102B30000698854204D3DDE905100844A8420DD269
:102B4000DDE905104318024629465D48FAF730F8DA
:102B500051A0FAF72DF801205A4908702A46DDE9FC
:102B6000051003F025F85549086BFAF721F84AA03B
:102B7000FAF71EF854492068086060684860A06849
:102B80008860E068C8602069086160694861A06980
:102B90008861E069C8610846C0684B4A0A99926832
:102BA000099BCDE90132CDE9031047484068009008
:102BB0004548089B026845A00799F9F7F9FF36A038
:102BC000F9F7F6FF4048C2693F490E9889690D9BA5
:102BD000CDE90131CDE903023B48406900903A4814
:102BE0000C9B026939A00B99F9F7E2FF2AA0F9F7CB
:102BF000DFFF41A0F9F7DCFF27A0F9F7D9FF4E4826
:102C00000068314908624C48001D007881F82400B2
:102C100049481030006888624748401D007881F8B4
:102C20002C0045481430006808634348801D008824
:102C3000888641480830006888633F480C30008827
:102C4000C8633D4818300088086405F08BF92846B1
:102C500019F0E6FA10B0BDE8F0810000B45406089F
:102C60001005002414050024200500249E540608A5
:102C7000696E69745F6F6B00282573292068617322
:102C800020617373657274206661696C656420618C
:102C9000742025732E0000000D0A00002105002479
:102CA000216F6E5F6661756C7400000000000000AB
:102CB000240500244E4F5F4E414D4500D853060871
:102CC000E0620608220500249C15052420202573B7
:102CD0003A2025303878202025733A20253038785E
:102CE000202025733A2025303878202025733A207B
:102CF00025303878000000003D3D3D3D3D3D3D3DE7
:102D00003D3D3D3D3D3D3D3D3D3D3D3D3D3D3D3DF3
:102D10003D3D3D3D3D3D3D3D3D3D3D3D3D3D3D3DE3
:102D20003D3D3D3D3D3D3D3D3D3D3D3D3D3D3D3DD3
:102D30003D3D3D3D3D3D000024ED00E010B5054921
:102D4000054B064A48680649F9F732FF05A0F9F72E
:102D50002FFF10BDD85306085A1405243914052432
:102D6000181405240D0A000070B504460E461546D9
:102D7000202221461648EDF7CEFB20223146154889
:102D8000EDF7C9FB202229461348EDF7C4FB134891
:102D90001349086013480968401A1349086013482A
:102DA0001349086013480968401A134908600E481F
:102DB000006838B911490868F9F7FAFE10A0F9F768
:102DC000F7FE70BD01200F49087000BFF9E7000051
:102DD00018140524391405245A140524E82205245E
:102DE00010050024E8420524140500240000020810
:102DF00018050024786306081C050024D85306082B
:102E00000D0A0000200500242DE9F04704460F4676
:102E100090469946FBF700FE06460025AA460F227B
:102E200029466D1C625429466D1C625411222946A4
:102E30006D1C62543068C0F3074229466D1C625411
:102E40003088C0F3072229466D1C62543278294627
:102E50006D1C625429466D1C04F801803248007ACA
:102E6000012802D10020304908722F480068000E66
:102E700029466A1CD5B260542B480068C0F307424B
:102E80002846691CCDB2225427480088C0F3072287
:102E90002846691CCDB22254234802782846691C72
:102EA000CDB2225420484068000E29466A1CD5B293
:102EB00060541D484068C0F307422846691CCDB2E3
:102EC000225419488088C0F307222846691CCDB2D5
:102ED0002254154802792846691CCDB2225400209C
:102EE00011490860486001222846691CCDB222546D
:102EF0002846691CCDB204F80090A91EA01CFFF75B
:102F00000BFD82462846691CCDB204F800A0FF22C2
:102F10002846691CCDB222542846691CCDB22254E1
:102F20003D80BDE8F08700005005002410B5044640
:102F30002146002016F00CFD0549886008460480F3
:102F400088682146EDF7BEFA014800F0E7FE10BDA3
:102F50005C05002410B5024690885388984201D140
:102F6000002010BD93889068C05C08709088401C59
:102F7000138890FBF3F403FB140090800120F0E72A
:102F800070B50446A0680578012D03D10120FCF737
:102F900073F902E00320FCF76FF970BD70B50446C9
:102FA000FBF742FD0546A06800782870A0684078CD
:102FB0006870A0688078A870A068C078E870A06881
:102FC0000079A872A0684179E972A06881792973B3
:102FD000A068C1796973A068007AA873A068417A73
:102FE000E973A068817A2974A068C17A69740120A4
:102FF000FCF742F960790121FCF7F8F864202AF027
:103000005BFC0120FCF702F903F0CCFC70BD000072
:103010002DE9F04F89B00746FBF770FD0546FBF739
:10302000C1FC8346FBF7FCFC064600200590069099
:1030300007900890049080460024814682464BA168
:10304000B868EDF756FA044674B140212846EDF70A
:1030500039FAE41D05F140032A4646A12046EDF762
:10306000EDFA4FF0010A5BE045A1B868EDF741FACF
:1030700004463CB3641DA1462C212046EDF757FAC7
:103080000446E4B100202070641CFBF7A7FE402139
:1030900005F14400EDF716FA40212846EDF712FA43
:1030A00005F1840305F1440232A14846EDF7C6FA62
:1030B00005F140032A462FA12046EDF7BFFA4FF055
:1030C000010A2DE030A1B868EDF713FA0446ECB11F
:1030D00000203060083404AA08A807A906ABCDE98F
:1030E0000102009105AA2BA12046EDF7A7FA4FFA9D
:1030F00080F805983070069870700798B07008983E
:10310000F070049870604FF0030A09E03CB97879D8
:103110007421FCF76BF8404609B0BDE8F08F00BFA2
:103120000120FCF7A9F878790121FCF75FF8642009
:103130002AF0C2FBBAF1010F06D0BAF1020F07D094
:10314000BAF1030F0DD107E00220FCF75FF809E0A8
:103150000820FCF75BF805E0D6E90001FBF798FFD3
:1031600000E000BF00BF4046D6E700006F75746501
:1031700072232300255B5E3A5D3A2564000000005F
:10318000616C6C23230000007570646174652323F7
:103190000000000025642E25642E25642E25643A47
:1031A0002564000070B50446FBF73EFC0546A068A8
:1031B0000078A8770120FCF75FF860790121FCF71F
:1031C00015F864202AF078FB0120FCF71FF870BD89
:1031D00038B5044600200090A06800788DF8000003
:1031E000A06840788DF801006846FCF74DF86079DA
:1031F0000121FBF7FBFF38BD1FB50446A0688079AD
:10320000A1684979A2681279A368DB78CDE9003218
:10321000CDE90210A0688378427801780020F7F7A2
:10322000C1FB0C20FBF7F2FF0120FCF725F86079C9
:103230000121FBF7DBFF1FBD38B50446A06800780D
:103240008DF80000A06840788DF80100A0688078B3
:103250008DF80200A068C0788DF803006846FCF77E
:1032600023F80120FCF708F860790121FBF7BEFF85
:1032700038BD2DE9FF4104460026A079801E0521B6
:1032800090FBF1F0C6B2002523E005EB8500801D20
:10329000A168085C0A4605EB8501491D515C05EBF8
:1032A0008502121DA3689A5C1F4605EB8503DB1C93
:1032B000FB5CCDE90032CDE9021005EB8500801CF6
:1032C000A7683B5C7A7839780120F7F76BFB681CBC
:1032D000C5B2B542D9DB0C20FBF798FF0120FBF704
:1032E000CBFF60790121FBF781FFBDE8FF8138B595
:1032F000044600200090A06800788DF80000A068C7
:1033000040788DF801006846FBF7A0FE6079012146
:10331000FBF76CFF38BD38B5044600200090A0686C
:10332000007840B28DF80000A068407840B28DF877
:1033300001006846FBF79CFE60790121FBF756FF10
:1033400038BD00002DE9F0419CB0FBF765FB074656
:10335000002019901A901B90002464216846EDF714
:10336000B1F80025A04600266421684600F032FC32
:10337000C5B2002D7CD0691F0DF10200FFF7CCFA19
:103380008046E81E1DF80000404506D071269DF8D5
:1033900069003146FBF72AFF01E10021E81E0DF824
:1033A00000109DF802008DF868009DF803000004ED
:1033B0009DF8041040EA01209DF80510084319907B
:1033C0009DF86800112800D0E9E09DF806008DF80E
:1033D00069001998396888420AD09DF86900B128B7
:1033E00006D070269DF869003146FBF7FFFED6E057
:1033F0009DF807409DF8080040EA04249DF8090064
:1034000040EA04249DF80A0040EA04246548046068
:103410009DF80B409DF80C0040EA04249DF80D0037
:1034200040EA04249DF80E0040EA04245D4844600C
:103430009DF80F008DF86A0004A81B909DF86900A4
:10344000E1286ED01ADCB1285FD009DCA0F1A3001E
:10345000082867D2DFE800F05D619999676F6B73A8
:10346000D92870D005DCB3284BD0C4285AD184E0C9
:1034700090E0DA2878D0DE28F8D177E0F42820D060
:103480000EDCF12819D006DCE2285FD0E3285ED0FC
:10349000E6287AD15CE0F2281FD0F32875D12CE021
:1034A000F82822D004DCF52813D0F6286DD10CE0E2
:1034B000F9281ED0FE2868D113E019A8FFF7A8FD4F
:1034C00067E019A8FFF76AFD63E019A8FFF723FF7B
:1034D0005FE019A801F091F85BE019A801F074F819
:1034E00057E019A801F05EF853E019A801F030F890
:1034F0004FE019A8FFF7FBFE4BE019A8FFF752FEBB
:1035000047E019A800F050F843E019A801F08EF840
:103510003FE019A800F0F6FF3BE019A801F09AF887
:1035200037E012E031E019A8FFF786FE31E019A874
:10353000FFF79FFE2DE019A8FFF75EFE29E019A80E
:10354000FFF746FE25E010E00EE000BF00BF00BF21
:103550000120144908721B9A1278521ED1B29DF8AC
:10356000690000F02FFB14E000BF00BF1B9A117828
:103570009DF86900FBF7AEFE0BE01B9B5A781978AB
:103580009DF86900FBF704FE03E019A8FFF7F8FCBB
:1035900000BF00E0002570B21CB0BDE8F08170B241
:1035A000FAE7000050050024704730B50246508805
:1035B000401C148890FBF4F504FB150083B290883E
:1035C000984205D05488906801555380012030BD41
:1035D0000020FCE72DE9F04104460F46FBF71CFAFA
:1035E00006460025A8460F2229466D1C625429462E
:1035F0006D1C6254112229466D1C62543068C0F360
:10360000074229466D1C62543088C0F307222946C0
:103610006D1C6254327829466D1C6254FF22294683
:103620006D1C625400222846691CCDB222542846E3
:10363000691CCDB222542846691CCDB222542846BA
:10364000691CCDB222542846691CCDB222542846AA
:10365000691CCDB222542846691CCDB2225428469A
:10366000691CCDB2225401222846691CCDB22254D5
:103670002846691CCDB22254A91EA01CFFF74CF9A4
:1036800080462846691CCDB204F80080FF222846F7
:10369000691CCDB222542846691CCDB222543D800B
:1036A000BDE8F0812DE9F34FADB08946FBF7B4F9E1
:1036B0008246FBF723FA0746FBF7B6F90446FBF709
:1036C0007BF98046FBF7EAFA0546FBF7A9F90646BF
:1036D00080210DA8ECF7F6FE142108A8ECF7F2FE05
:1036E000002007901022F1A108A8DAF80030F9F7BD
:1036F0006FFA08A8ECF725FFA0F1010B594608A8BE
:10370000FFF70AF9079000212D9815F085FF012396
:103710000022E8A12D9815F0C3FF00212D9815F087
:103720008FFF80210DA8ECF7CDFE1122E3A10DA89B
:10373000F9F74EFA01230DAAE2A12D9815F0DAFF50
:1037400080210DA8ECF7BEFEDF484368DFA10268C8
:103750000DA8F9F73DFA01230DAADFA12D9815F068
:10376000C9FF0020D84908604860087280210DA870
:10377000ECF7A8FED9A10DA8DAF80020F9F728FA8D
:1037800001230DAAD6A12D9815F0B4FF0123C8A2DC
:10379000D4A12D9815F0AEFFFBF73AF9834601232B
:1037A0005A46D1A12D9815F0A5FF80210DA8ECF760
:1037B00089FE0DA820F070FD01230DAACBA12D9844
:1037C00015F098FF80210DA8ECF77CFE07F144026C
:1037D000C7A10DA8D7F88430F9F7FAF901230DAA8B
:1037E000C5A12D9815F086FF80210DA8ECF76AFE83
:1037F0003A46BFA10DA83B6CF9F7EAF901230DAADF
:10380000BEA12D9815F076FF80210DA8ECF75AFE89
:10381000F078B2787168CDE900200291737832783F
:10382000B7A10DA8F9F7D4F901230DAAB8A12D98D5
:1038300015F060FF06F066F9834601235A46B5A1EC
:103840002D9815F057FF04F0B1FF834601235A4627
:10385000B2A12D9815F04EFF80210DA8ECF732FE95
:1038600004F09EFF83465A469CA10DA8F9F7B0F9D3
:1038700001230DAAABA12D9815F03CFF80210DA8C6
:10388000ECF720FEFBF71EF983465A4693A10DA8DC
:10389000F9F79EF901230DAAA3A12D9815F02AFF8F
:1038A00080210DA8ECF70EFE607A217AE279A379E7
:1038B000CDE90032CDE90210637922799BA10DA8F0
:1038C000F9F786F901230DAAA0A12D9815F012FF92
:1038D00080210DA8ECF7F6FDE078A178CDE9001085
:1038E000637822789AA10DA8F9F772F901230DAA3D
:1038F0009AA12D9815F0FEFE80210DA8ECF7E2FDAF
:10390000607B217BCDE90010E37AA27A90A10DA81B
:10391000F9F75EF901230DAA91A12D9815F0EAFEA1
:1039200080210DA8ECF7CEFD607C217CCDE9001054
:10393000E37BA27B86A10DA8F9F74AF901230DAA22
:1039400088A12D9815F0D6FE80210DA8ECF7BAFDC0
:10395000607F217FE27EA37ECDE90232CDE90410B3
:10396000607E217ECDE90010E37DA27D7EA10DA8C1
:10397000F9F72EF901230DAA81A12D9815F0BAFEB1
:1039800080210DA8ECF79EFD4FF47A71D8F8040061
:10399000B0FBF1FB002003465A467AA100900DA827
:1039A000F9F716F901230DAA79A12D9815F0A2FEB9
:1039B00080210DA8ECF786FD4FF47A71D8F8080045
:1039C000B0FBF1FB5A4645A10DA8F9F701F9012317
:1039D0000DAA70A12D9815F08DFE80210DA8ECF791
:1039E00071FD4FF47A71D8F80C00B0FBF1FB5A4628
:1039F0003AA10DA8F9F7ECF801230DAA66A12D98BC
:103A000015F078FE80210DA8ECF75CFD98F81020E9
:103A100032A10DA8F9F7DCF801230DAA5FA12D98BA
:103A200015F068FE80210DA8ECF74CFDA889A97956
:103A3000AA88CDE9002102906B882A8858A10DA898
:103A4000F9F7C6F801230DAA59A12D9815F052FED9
:103A500080210DA8ECF736FDAA7920A10DA8F9F771
:103A6000B7F801230DAA54A12D9815F043FE80212B
:103A70000DA8ECF727FD51A10DA8079AF9F7A8F8B2
:103A800000230DAA4EA12D9815F034FE01212D988A
:103A900015F0D6FD01212D9815F0BEFD2D98ECF7FF
:103AA00050FDA9F800002FB0BDE8F08F25782564FF
:103AB00045310000636F64650000000025303278F6
:103AC000000000007665720050050024253038643F
:103AD0002530396400000000716E0000256400008C
:103AE00074696400636D6400746E000074736E002A
:103AF00025733A2564000000697369006F736900DB
:103B000025642E25642E25642E25643A2564000044
:103B1000757369006963636964000000696D6569B4
:103B20000000000064626D00746D00002530327882
:103B30002D253032782D253032782D253032782DD4
:103B4000253032782D253032780000006D61630019
:103B500025642E25642E25642E25640069700000DE
:103B60006E6D00006777000025642E25642E2564A5
:103B70002E25642C25642E25642E25642E256400B4
:103B80006D69700025642C25642C256400000000FC
:103B900072740000706C0000706E000070740000A1
:103BA00025642C25642C25642C25642C25640000B8
:103BB0006F706F766300000075720000257800005A
:103BC0006372630070B504460D4629462046FBF734
:103BD000B1F970BD78B504460D460026002000906E
:103BE000474800784649087081E04FF47A704549AB
:103BF000086069464448FFF7ADF99DF80000434965
:103C0000097840EA0120414908804148008830B9DC
:103C1000084600884FF2F001884200D067E03C4837
:103C2000008850B9F0213A4802880088401C384B7F
:103C30001880A154002037490870354800880628AC
:103C400003D19DF800002E490870314800880F28E4
:103C500003D19DF800002F4908702D480088A84224
:103C600009DA9DF800102A4802880088401C284B79
:103C70001880A15409E00026002027490880244923
:103C8000088024490870304678BD9DF8000022491C
:103C9000097840EA012020490880084600884FF64C
:103CA000FF71884211D11B480078133018490988E8
:103CB00088420ADC16480688002017490880144903
:103CC00008800F4908703046DEE71248007813304C
:103CD0000F490988884209DC002600200E49088027
:103CE0000B4908800B4908703046CDE700BF0648F5
:103CF00007C800F0E1FC00283FF777AF0020C3E7DA
:103D000039000024300000245C0500243600002423
:103D10002C000024380000243400002400214180BD
:103D2000818070470748006850B106480068401E0F
:103D3000044908600846006810B90020024908805C
:103D400070470000300000242C00002410B54FF410
:103D50009670FFF7EBF810BD38B5044600200090D0
:103D6000002524B1012C26D0022C62D142E002F0C1
:103D70003FFC08B903251DE06846FAF759FE9DF897
:103D8000000050B99DF8010038B99DF8020020B933
:103D90009DF8030008B900250CE000F095FE01280D
:103DA00001D1012506E000F08FFE022801D1042593
:103DB00000E002253DE06846FAF74AFE9DF8000063
:103DC00050B99DF8010038B99DF8020020B99DF85E
:103DD000030008B900250CE000F07CFE012801D1A9
:103DE000012506E000F076FE022801D1042500E05E
:103DF00002251EE06846FAF703FF9DF8000050B95F
:103E00009DF8010038B99DF8020020B99DF8030023
:103E100008B900250CE000F07DFE012801D1012544
:103E200006E000F077FE022801D1042500E002251B
:103E300000BF00BF284638BD2DE9F04F2DED048BA3
:103E4000ADF2A44D04460E46FAF7E6FDCDF8A00407
:103E500000250020CDF89C04CDF8980440210DF5F4
:103E60008B60ECF72FFBA84640210DF58360ECF743
:103E700029FB232229466D1C625429466D1C62547D
:103E8000302229466D1C625429466D1C6254294615
:103E90006D1C625429466D1C625440210DF58B60E7
:103EA000ECF710FBFE48007A012814D10020FC49F1
:103EB000087208464368FBA102680DF58B60F8F7AD
:103EC00087FE0DF58B612046ECF707FB0020F449D7
:103ED0000860486009E0F7A10DF58B60F8F778FEFF
:103EE0000DF58B612046ECF7F8FA40210DF58B605B
:103EF000ECF7E8FADDF8A004F0A102680DF58B609C
:103F0000F8F766FE0DF58B612046ECF7E6FA4021E6
:103F10000DF58B60ECF7D6FA1122EAA10DF58B6056
:103F2000F8F756FE0DF58B612046ECF7D6FAE8A1BE
:103F30002046ECF7D2FA40210DF58B60ECF7C2FA7F
:103F40000020FAF7DFFD81464A46E3A10DF58B60BC
:103F5000F8F73EFE0DF58B612046ECF7BEFA4021E6
:103F60000DF58B60ECF7AEFA0120FFF7F5FE814608
:103F70000020FFF7F1FE82464B465246D8A10DF5D0
:103F80008B60F8F725FE0DF58B612046ECF7A5FA5E
:103F900040210DF58B60ECF795FA002000F000FE53
:103FA000B7EEC00AB0EE408B53EC182BCFA10DF545
:103FB0008B60F8F70DFE0DF58B612046ECF78DFA5E
:103FC00040210DF58B60ECF77DFA012000F0E8FD53
:103FD000B7EEC00AB0EE408B53EC182BC5A10DF51F
:103FE0008B60F8F7F5FD0DF58B612046ECF775FA5F
:103FF00040210DF58B60ECF765FA012000F00EFD15
:10400000B7EEC00AB0EE408B002000F007FDB7EE1F
:10401000C00AB0EE409B8DED008B53EC192BB7A17D
:104020000DF58B60F8F7D4FD0DF58B612046ECF7AC
:1040300054FA40210DF58B60ECF744FA012000F0B2
:10404000F5FCB7EEC00AB0EE408B002000F0EEFCAD
:10405000B7EEC00AB0EE409B8DED008B53EC192BF0
:10406000AAA10DF58B60F8F7B3FD0DF58B61204625
:10407000ECF733FA40210DF58B60ECF723FA00F0F2
:10408000B5FC8146032000F0BDFC8246022000F012
:10409000B9FC8346012000F0B5FC0590002000F03B
:1040A000B1FCCDE900BACDF80890049002469BA17E
:1040B0000DF58B60059BF8F78BFD0DF58B612046A8
:1040C000ECF70BFA40210DF58B60ECF7FBF900F0F3
:1040D0001BFD81464A469AA10DF58B60F8F778FDE5
:1040E0000DF58B612046ECF7F8F940210DF58B605A
:1040F000ECF7E8F9FAF7ECF88146FAF7F5F88246BA
:104100004B46524691A10DF58B60F8F761FD0DF518
:104110008B612046ECF7E1F940210DF58B60ECF75F
:10412000D1F9012000F062FD8146002000F05EFD23
:1041300082464B4652468AA10DF58B60F8F748FD42
:104140000DF58B612046ECF7C8F940210DF58B6029
:10415000ECF7B8F903201AF035FD814602201AF079
:1041600031FD824601201AF02DFD834600201AF011
:1041700029FD5B4602467FA1CDE900A905900DF51A
:104180008B60F8F725FD0DF58B612046ECF7A5F95E
:1041900040210DF58B60ECF795F940210DF583601A
:1041A000ECF790F94FF0000921E048461AF00AFDBB
:1041B000012810D1002000F0F3FCB7EEC00AB0EEE9
:1041C000408B0DF5836101EBC90053EC182B70A1F6
:1041D000F8F7FEFC07E00DF5836101EBC900002252
:1041E0006DA1F8F7F5FC09F1010000F0FF09B9F144
:1041F000050FDADB0DF586600DF585610DF584633D
:104200000DF58362CDE9001064A12830F8F7E0FCD9
:104210000DF58B612046ECF760F940210DF58B60C0
:10422000ECF750F940210DF58360ECF74BF94FF0B6
:10423000000915E009F10201C8B200F0B1FCB7EEC7
:10424000C00AB0EE408B0DF5836101EBC90053EC61
:10425000182B4FA1F8F7BCFC09F1010000F0FF0991
:10426000B9F1050FE6DB0DF586600DF585610DF5FD
:1042700084630DF58362CDE900104DA12830F8F775
:10428000A7FC0DF58B612046ECF727F940210DF5D1
:104290008B60ECF717F9FAF721F881464A4691E06E
:1042A00050050024514E3D25303864253039643B9B
:1042B00000000000514E3D303B0000005449443D99
:1042C00025643B005645523D253032783B000000C6
:1042D00043503D262600000044543D25733B00001A
:1042E0004D4E3D25642C25643B000000563D252E97
:1042F00032663B00413D252E32663B00483D252E6F
:1043000032662C252E32663B00000000543D252EDF
:1043100032662C252E32663B0000000044533D25BA
:104320003031642C253031642C253031642C25301B
:1043300031643B503D25643B5350443D303B0000CD
:1043400050413D253031643B000000004F563D2573
:104350003031643B4F4350533D253031643B0000C6
:1043600057415445523D253031642C253031643B52
:104370000000000052454C41593D253031642C2548
:104380003031642C253031642C253031643B000001
:10439000252E326600000000256400004348563D8B
:1043A00025732C25732C25732C25733B00000000EE
:1043B0004348413D25732C25732C25732C25733BD5
:1043C0000000000042A10DF58B60F8F701FC0DF52F
:1043D0008B612046ECF781F8FBF7F2FA07464021A3
:1043E0000DF58B60ECF76EF897ED020BB0EEC00B9D
:1043F000B0EE408B97ED000BB0EEC00BB0EE409BE3
:104400008DED008B53EC192B33A10DF58B60F8F774
:10441000DFFB0DF58B612046ECF75FF84FF4806110
:1044200006A8ECF74FF806A8EEF778F906A920469B
:10443000ECF753F82EA12046ECF74FF82046ECF7A6
:1044400080F880B2CDF89C04DDF89C04821F29A17D
:104450000DF58B60F8F7BCFB9DF85804A0709DF833
:104460005904E0709DF85A0420719DF85B04607156
:104470001FA12046ECF73DF88046B8F1000F02D1AD
:10448000002030801EE04046ECF75BF8814649464C
:104490004046FEF741FACDF8980440210DF58B60B7
:1044A000ECF710F815A10DF58B60DDF89824F8F7FE
:1044B0008FFB0DF58B612046ECF70FF82046ECF7EB
:1044C00040F830800DF2A44DBDEC048BBDE8F08FB8
:1044D0004D49553D25643B004C41543D252E303619
:1044E000663B4C4E473D252E3036663B00000000B3
:1044F0002626000025303464000000002530327884
:104500002323000070B50446FAF786FA0546002614
:104510003421281DEBF7D6FFA068ECF712F8C6B2DD
:1045200026B960797421FAF761FE10E0002005E0F9
:10453000A1680A5C291D0A54411CC8B2B042F7DBCD
:104540000420FAF763FE60790121FAF74FFE70BD8F
:104550001CB50446A06800788DF80000A06840787B
:104560008DF80100A06880788DF80200A068C078FE
:104570008DF80300A06800798DF80400A0684079E8
:104580008DF80500A06880798DF80600A068C079D4
:104590008DF807006846FAF7B3FD60790121FAF754
:1045A00025FE1CBD70B50446A068057825B9607964
:1045B0007421FAF71BFE06E02846FAF7BDFD607984
:1045C0000121FAF713FE70BD70B50446A06840786B
:1045D000A168097840EA0125A068867825B9607944
:1045E0007421FAF703FE07E031462846FAF7AEFDDC
:1045F00060790121FAF7FAFD70BD70B50446A06834
:104600000678A0688078A168497840EA012525B934
:1046100060797421FAF7EAFD07E031462846FAF797
:10462000A7FD60790121FAF7E1FD70BD70B5044680
:10463000A0680578A068407840EA0525A0688078E1
:1046400040EA0525A068C07840EA05252846F6F727
:1046500027FC70BD3EB504460020009001900290FA
:10466000A0684078A168097840EA0120ADF8000010
:10467000A068C078A168897840EA0120ADF80200FE
:10468000A0684079A168097940EA0120ADF80400EA
:10469000A068C079ADF80600A068407AA168097AE0
:1046A00040EA0120ADF808006846FAF7E1FE6079BB
:1046B0000121FAF79BFD3EBD07B5BDF80200BDF82C
:1046C00000100844BDF80410401ABDF8001090FB1B
:1046D000F1F201FB120080B20EBD0000F8B50546F4
:1046E0000E46002400270020009000BF0FE0295D47
:1046F0000848FEF75AFF07463FB969460548FEF7E6
:1047000029FC295D0348FEF750FF601C84B2B442C7
:10471000EDDBF8BD5C0500242DE9F041AEB00646A6
:104720000C46FAF779F9054680210EA8EBF7CAFE88
:10473000342101A8EBF7C6FE0027102246A101A8EC
:104740002B68F8F745FA01A8EBF7FBFEA0F101088A
:10475000414601A8FEF7E0F807460021304614F074
:104760005BFF012300223EA1304614F099FF802117
:104770000EA8EBF7A7FE3C4843683CA102680EA8D0
:10478000F8F726FA01230EAA3BA1304614F0B2FF37
:10479000002035490860486008720021304614F056
:1047A0004FFF80210EA8EBF78DFE112233A10EA83A
:1047B000F8F70EFA01230EAA32A1304614F09AFF40
:1047C00080210EA8EBF77EFE2FA10EA82A68F8F72D
:1047D000FFF901230EAA2DA1304614F08BFF01230F
:1047E0001EA22BA1304614F085FF012329A22CA183
:1047F000304614F07FFF01232AA22EA1304614F088
:1048000079FF80210EA8EBF75DFE0EA81FF044FD96
:1048100001230EAA29A1304614F06CFF80210EA8B6
:10482000EBF750FE3A4626A10EA8F8F7D1F900237F
:104830000EAA24A1304614F05DFF0121304614F089
:10484000FFFE0121304614F0E7FE3046EBF779FE1B
:1048500020802EB0BDE8F081257825644533000026
:10486000636F646500000000500500242530386443
:104870002530396400000000716E00002530327868
:104880000000000076657200256400007469640011
:10489000636D6400464E2D4A5454592D5059000002
:1048A0006D6F6400312E302E302E32303235313281
:1048B00031330000737973766572000074736E0093
:1048C00025780000637263002DE9F04705460F4626
:1048D00016469846A7EB05094FF400720D49284685
:1048E000FDF780FE002406E0305D04EB0901094A73
:1048F0005054601C84B24445F6D30BF003F92846AB
:10490000FBF7D4FC4FF4007202492846FDF78CFEF9
:10491000BDE8F0879481012470B504460420F4F7C3
:10492000A9F80A48046025464FF47A7045434FF0D1
:10493000E020006940F002004FF0E02108610846E5
:104940004561006940F00100086170BDF801002474
:1049500030B50446002504E04FF47A7000F004F806
:104960006D1CA542F8D330BD70B5034600224FF050
:10497000E02675690D4E366803FB06F44FF0E0261D
:10498000B16910E04FF0E026B06988420BD0884250
:1049900002D20E1A324402E02E1A0E44324401466C
:1049A000A24200D300E0EDE700BF70BDF801002493
:1049B00000B587B0002003900290019001AA02A9DF
:1049C00003A805F073FABDF90C000490BDF90800C6
:1049D0000590BDF90400069004A80BF095F8024874
:1049E00080ED040A07B000BD040A0020044890EDE1
:1049F000040ABCEEC00A10EE100A80B27047000034
:104A0000040A0020014602488A1C805C70470000AE
:104A1000380A002010B5FAF785FE10BD024901EBF7
:104A2000800191ED000A70470C0A0020024901EB59
:104A3000800191ED000A7047040A002010B500249F
:104A4000204890F8340001280AD10021084600F0DF
:104A50003FF9012108460BF04DF9FAF7D1FB22E0AE
:104A6000184890F8340002280ED10021084600F0C2
:104A70002FF9012108460BF03DF91BF015FB4FF40F
:104A80007A70FAF7B7FD0EE00E4890F8340003286C
:104A900009D10021084600F01BF9012108460BF05E
:104AA00029F901F04FFF002408E02046F4F79AFAB4
:104AB00004493431621C8854601CC4B2082CF4DBF5
:104AC00010BD0000040A0020014890F83E00704725
:104AD000040A0020014890F83F007047040A0020B3
:104AE000014890F83C007047040A00200146054840
:104AF00000EB810090ED000ABCEEC00A10EE100A37
:104B0000C0B27047300A0020014890F83500704765
:104B1000040A0020014890F840007047040A002071
:104B200000B589B000200490059006900790009091
:104B300001900290039018480078401C16490870B4
:104B400008460078642825DB0020087004A9684620
:104B5000F9F77AF860B99DED000BB7EEC00B0F487E
:104B600080ED020A9DED040BB7EEC00B80ED000A4C
:104B700006A902A8F8F788FF60B99DED020BB7EE11
:104B8000C00B064880ED030A9DED060BB7EEC00B87
:104B900080ED010A09B000BD4F000024040A002086
:104BA00006281CD2DFE800F003070B0F13170D498E
:104BB00091ED050A70470B4991ED060AFAE709499C
:104BC00091ED070AF6E7074991ED080AF2E7054972
:104BD00091ED090AEEE7034991ED0A0AEAE79FED34
:104BE000020AE7E7040A002000000000014602482C
:104BF0008A1D805C70470000380A0020314890F818
:104C00003E00B0B92F4890F83F0090B92E48007888
:104C1000012803D02C484078012825D1294890F854
:104C20003E0029490870274890F83F00487001204D
:104C30007047244890F83E00012804D0214890F89D
:104C40003F00012810D12048007868B91E484078FC
:104C500050B91C4890F83E001B490870194890F85C
:104C60003F0048700120E3E7164890F83E001649DF
:104C70000870144890F83F004870124890F84000BF
:104C800050B912480078012815D10E4890F840001C
:104C90000E4908700120CBE70A4890F8400001282F
:104CA00009D10A48007830B9064890F84000074911
:104CB00008700120BCE7034890F8400003490870E1
:104CC0000020B5E7040A00204C0000244E00002418
:104CD000014A115470470000380A0020014981F848
:104CE0003E007047040A0020014981F83F007047E8
:104CF000040A0020014981F841007047040A00209D
:104D0000014981F840007047040A0020062840D27B
:104D1000DFE800F0030F17232F37DFED1F0A80EEC7
:104D2000201AF6EE000A71EE600A1C49C1ED070A6E
:104D30002FE0DFED190A80EE201A184981ED081ADC
:104D400027E0DFED150A80EE201AF6EE000A71EE7C
:104D5000600A1249C1ED090A1BE09FED0F1AC0EE6F
:104D6000010AB6EE001A70EEC10A0C49C1ED0A0A3A
:104D70000FE0DFED090A80EE201A084981ED0B1AD9
:104D800007E0DFED050A80EE201A044981ED0C1AD8
:104D900000BF00BF7047000019A49544040A00201A
:104DA00010B1012810D107E0DFED080A80EE201ACB
:104DB000074981ED051A07E0DFED060A80EE201AAB
:104DC000034981ED061A00BF00BF70474C527F4671
:104DD000040A0020F8DD9B4610B5044600F001F8F7
:104DE00010BD12E001F048F8FFF728FEFFF798FE2B
:104DF000FFF7DEFDFAF7FEFFFBF7CAF9FFF70AFE41
:104E00000AF080FE0A2028F057FDEBE770B5064651
:104E10000D46F9F701FE044625B1012D08D0022DFB
:104E200013D10BE00AA130462268F7F7D1FE0CE05F
:104E3000221D09A13046F7F7CBFE06E004F1380247
:104E400005A13046F7F7C4FE00BF00BF70BD0000EB
:104E500025303658000000002573000001460B88FD
:104E60004A8802F47840B0F5784F06D103F47840D0
:104E7000B0F5704F01D10120704702F47F40B0F5CA
:104E80008E4F01D10120F7E70020F5E770B500242F
:104E900006E0194850F8240000B903E0601CC4B2D1
:104EA000042CF6DB00BF042C0CDA00F029F81249C0
:104EB00041F82400084650F8240018B10F48047047
:104EC000204670BD00240D480078401CC5B20EE09D
:104ED000042D00DB0025084850F8250018B10748CC
:104EE00005702846EDE7601CC4B2681CC5B2042CEE
:104EF000EEDB0420E5E70000F0E402247802002461
:104F000070B52E2027F023FE05460DB9002070BD98
:104F100000BFEBF79DFA86B2B6F5806F06DB32462E
:104F20000C49284627F070FA044601E06FF00704A8
:104F300004F108000028ECD024B1284627F042FEF6
:104F40000020E4E700220449284627F033FE2846E3
:104F5000DDE70000F4FC0508C15503080146002008
:104F600051B1CA7A521C022A06DACA7A521C034B81
:104F700053F8222002B10120704700007C02002477
:104F80002DE9F04105460E46002428E004EB4400DC
:104F90003A4951F8200000B304EB440001EB8000D3
:104FA000007AA84219D104EB4401344F07EB810188
:104FB0004A6805EB0511324F07EB011101F11000B2
:104FC00004EB44012D4F57F821303146984700201B
:104FD00004EB44013A4642F82100601CC4B2042CA0
:104FE000D4DB002421E0AC4200D11CE004EB04102F
:104FF000234901EB0010807A022813D104EB04103E
:1050000001EB0010C07B05EB05111D4A02EB0111FD
:10501000C97B884206D1042005EB051102EB011182
:10502000C87304E000BF601CC4B2042CDBDB00BF0B
:1050300005EB0510124901EB0010C07B04281BDAB8
:1050400005EB05110E4A02EB0111C97B0D4A52F81E
:10505000210027F0B7FD002005EB0511084A02EBFF
:105060000111C97B074A42F82100042005EB051114
:10507000034A02EB0111C873BDE8F08140E9022444
:1050800000E50224F0E4022410B5002404E02046E8
:1050900000F006F8601CC4B2042CF8DB10BD000060
:1050A00070B5054605EB0510334901EB001400BF50
:1050B000042D08DB00BF31A340F21C4239A140A0FF
:1050C000F7F776FD00BF00BFA07A002845D0012881
:1050D00004D0022812D0032840D135E000F010F9A6
:1050E00020810220A0720020E072012020730020A5
:1050F0006073284600F062FB06463BE0207B401EC2
:10510000C0B22073F8B9607B401CC0B26073042841
:1051100012D12046FFF722FF38B1E07A401CE0723E
:10512000012020730020607308E000212846FFF76B
:1051300027FF0020A0721DE0607B2073284600F04E
:105140003DFB064600BF15E0206818B12068401EF0
:10515000206008B90020A0720CE00BE000BF00BF87
:1051600006A340F25B4220A115A0F7F721FD00BF86
:1051700000BF00BF00BF70BD00E502242E2E5C2ED4
:105180002E5C4D6964646C6577617265735C6C77E5
:1051900069705C7372635C636F72655C646E732EBE
:1051A00063000000617272617920696E6465782025
:1051B0006F7574206F6620626F756E6473000000F7
:1051C000417373657274696F6E20222573222066A5
:1051D00061696C6564206174206C696E652025646A
:1051E00020696E2025730A00756E6B6E6F776E20D6
:1051F000646E735F7461626C6520656E7472792091
:1052000073746174653A00002DE9F04706460F4655
:105210009046444600BF2146384616F055FD0546E7
:10522000002D03DB4FF6FF70844203D14FF6FF7071
:10523000BDE8F087601C84B205F0C000C02802D130
:105240004FF6FF70F4E721E02146384616F03CFDAA
:105250008146B9F1000F02DA4FF6FF70E8E73078C7
:10526000EBF7EFF8824609F0FF00EBF7EAF882452A
:1052700002D04FF6FF70DBE74FF6FF70844200D19B
:10528000D6E7601C84B2761C6D1E00BF002DDBDCEF
:10529000761C2146384616F017FD0546002D02DA29
:1052A0004FF6FF70C4E7002DB5D14FF6FF70844272
:1052B00000D1BDE7601C80B2BAE7000070B50546BA
:1052C0000E4605EB05100C4901EB00140320A072FB
:1052D00026600A492068884201D908462060211DBD
:1052E0002846FFF74DFE206820B9A07A032801D197
:1052F0000020A07270BD000000E50224803A090081
:1053000070B500BFEBF7A4F885B2002411E004EB00
:1053100004100A4901EB0010807A022807D104EB3F
:10532000041001EB00100089A84200D1EAE7601CDC
:10533000C4B2042CEBDB284670BD000000E502245B
:105340002DE9FF4F83B08B4691469A4600250024F5
:1053500036E004EB04105B4901EB0010807A022870
:105360002CD104EB04100A4602EB001000F11001EE
:105370004FF48072039813F03FFBF8B900261BE04E
:1053800006EB4600504951F8200098B906EB46005C
:1053900041F8209006EB460001EB8000C0F804A025
:1053A00006EB460001EB800004726FF0040007B0CA
:1053B000BDE8F08F701CC6B2042EE1DB601CC4B2E5
:1053C000042CC6DB002002904FF00408002417E0F4
:1053D00004EB04103B4901EB0015A87A00B911E079
:1053E000A87A03280AD1A97B384A1278511AC8B280
:1053F0000299884201DD0290A04600BF601CC4B241
:10540000042CE5DB00BF042C13D1B8F1040F07DA3C
:1054100008EB08102B4901EB0010807A032802D01A
:105420004FF0FF30C3E7444604EB0410254901EB7D
:105430000015002700260CE006EB4600224951F833
:10544000200020B906EB460001EB800703E0701C4A
:10545000C6B2042EF0DB00BF17B94FF0FF30A6E74D
:105460003C720120A87219480078A873C7F8009010
:10547000C7F804A0BBF1FF0F01D2584600E0FF209F
:10548000019005F11000019A0399EAF7F3FF002259
:1054900005F1100101980A54FFF7F8FCE873E87B66
:1054A000042804DB0020A8723860401E7FE707480C
:1054B0000078401C054908702046FFF7F1FD6FF0A9
:1054C000040074E700E5022440E902247902002484
:1054D000F8B504460D4616461F4600203B463246A8
:1054E00029460090204600F001F8F8BD2DE9F0476C
:1054F00005460E4617469846DDF8209016B10DB1C8
:10550000287818B96FF00F00BDE8F0872846EBF750
:1055100018F80446FF2C02D96FF00F00F4E731466B
:10552000284609F08BFD08B10020EDE731462846FA
:1055300000F018F808B90020E6E70648006810B93E
:105540006FF00500E0E743463A4621462846FFF75C
:10555000F7FED9E77C02002400BF00BF00BF00BFF8
:105560007047000070B506460D46002421E004EBAC
:105570000410124901EB0010807A032817D104EBC4
:1055800004100A4602EB001000F110014FF4807283
:10559000304613F031FA50B900BF35B104EB0410B6
:1055A000064901EB001040682860002070BD601CB7
:1055B000C4B2042CDBDB6FF00F00F7E700E5022438
:1055C0002DE9F04F89B017469A463889102800DA3D
:1055D000EBE000230C2206A9384615F097FE0C28B4
:1055E00073D1BDF8180010F07EFC81460025D8E08C
:1055F00005EB05106F4901EB0016B07A02286ED159
:1056000030894845FBD1BDF81C0010F06CFC834686
:10561000BDF81E0010F067FC80469DF81A0000F0EF
:10562000800000B9C1E0BBF1010F00D0BDE0F17A0C
:10563000614A52F82110DAF80000884200D0B4E044
:105640000C22394606F11000FFF7DEFD04464FF646
:10565000FF718C4200D1A8E02346042202A93846FB
:1056600015F054FE042800D09FE0BDF80A00B0F504
:10567000807F05D100BFBDF80800B0F5807F00D065
:1056800093E0201DB0F5803F00DB8EE0201D84B24A
:105690009DF81B0000F00F0060B13046FFF75EFC84
:1056A00000286DD003207073012030732846FFF767
:1056B000F7FC7AE05EE02146384600F083F90446C4
:1056C0004FF6FF70844201D16FE06DE023460A225D
:1056D00003A9384615F01AFE0A2801D065E05EE0FD
:1056E00004F10A00B0F5803F00DB5EE004F10A003F
:1056F00084B2BDF80E00B0F5807F28D1BDF80C0053
:10570000B0F5807F22D1BDF81400B0F5806F1DD1B7
:105710002346042201A9384615F0F8FD042800D0DC
:1057200043E005EB0511234A02EB011101984860A3
:10573000384615F0FFFE049810F0C8FB01460090B3
:105740002846FFF7BBFD09B0BDE8F08F00BFBDF8EC
:10575000140010F0C8FB2044B0F5803F00DB24E0CB
:10576000BDF8140010F0BFFB204484B2A8F1010082
:105770001FFA80F8B8F1000F02DD3889A0429ADCE8
:10578000384615F0D7FE00212846FFF7F9FB002028
:1057900005EB0511074A02EB01118872D3E7681C7B
:1057A000C5B2042DFFF624AF00BF384615F0C2FE87
:1057B00000BFC8E700E502247C0200242DE9F04F79
:1057C00089B083460BEB0B10554901EB001500BF68
:1057D000E87A022808DB00BF52A340F2FA225BA15C
:1057E00060A0F7F7E5F900BF00BFE87A674951F814
:1057F000200040B900215846FFF7C2FB0020A872E4
:1058000009B0BDE8F08F05F11000EAF79AFE1230FA
:1058100080B24FF4207201460290362015F0B2FAA1
:105820000746002F71D00020069007900890288925
:1058300010F059FBADF8180001208DF81A00000295
:10584000ADF81C000C2206A9384616F023F905F124
:105850001004641E0C2600BF641CA0464FF0000913
:1058600004E009F1010000F0FF09641C20782E28F3
:1058700002D020780028F4D1A4EB080080B2049074
:1058800006EB0900401CB0F5803F00DB41E04A46D2
:105890003146384615F06FFF701C83B241463846DA
:1058A000049A16F091F906EB0900401C86B22078A4
:1058B0000028D1D100223146384615F05CFF701C1B
:1058C00086B24FF48070ADF81400ADF81600334680
:1058D000042205A9384616F077F9E97B03913520B3
:1058E0000190E97A294800EB81000290284A039947
:1058F00052F821003946DDE9013227F0A1F982464C
:10590000384615F017FE02E0FFE74FF0FF3A504629
:1059100076E7384615F00EFE6FF0050070E70000E0
:1059200000E502242E2E5C2E2E5C4D6964646C65AD
:1059300077617265735C6C7769705C7372635C63CA
:105940006F72655C646E732E63000000646E73207A
:10595000736572766572206F7574206F6620617250
:1059600072617900417373657274696F6E202225CC
:105970007322206661696C6564206174206C696EB5
:105980006520256420696E2025730A007C020024AE
:10599000F0E4022430B50346002079B10C686CB104
:1059A000086858B1040E064D6C74050C044C25743F
:1059B000050AE5732546A8730124EC7130BD00008B
:1059C000B0C503242DE9F04106460F463C4600BF12
:1059D0002146621C94B2304616F076F90546002D39
:1059E00000DB1CB94FF6FF70BDE8F08105F0C00088
:1059F000C02800D114E060193189884202DB4FF6DB
:105A0000FF70F1E7601984B22146304616F05CF968
:105A10000546002D02DA4FF6FF70E5E7002DD7D1DD
:105A200000BF4FF6FF70844200D1DDE7601C80B2FA
:105A3000DAE710B5FFF728FB10BD00002DE9F041B3
:105A400004460D4600BF05F00300002808D000BF43
:105A50000BA34FF4B67214A11BA0F7F7A9F800BF6F
:105A600000BF2E461EF07CFE0746A068006830602E
:105A7000A068066038461EF009FFBDE8F08100000E
:105A80002E2E5C2E2E5C4D6964646C6577617265A8
:105A9000735C6C7769705C7372635C636F72655C76
:105AA0006D656D702E6300006D656D705F6672656B
:105AB000653A206D656D2070726F7065726C79202B
:105AC000616C69676E656400417373657274696FB8
:105AD0006E2022257322206661696C6564206174E2
:105AE000206C696E6520256420696E2025730A008C
:105AF00070B505461EF034FE0646A8680468002C02
:105B000016D02068A968086000BF04F003000028D0
:105B100008D000BF09A34FF48C7212A11AA0F7F7A6
:105B200047F800BF00BF30461EF0B0FE204670BDF3
:105B300030461EF0ABFE0020F9E700002E2E5C2E52
:105B40002E5C4D6964646C6577617265735C6C771B
:105B500069705C7372635C636F72655C6D656D70B8
:105B60002E6300006D656D705F6D616C6C6F633AE4
:105B7000206D656D702070726F7065726C79206138
:105B80006C69676E65640000417373657274696F58
:105B90006E2022257322206661696C656420617421
:105BA000206C696E6520256420696E2025730A00CB
:105BB0002DE9F04105460E46144610271E48007890
:105BC000D8B11E48007840B11D4988692146F6F7D2
:105BD000EFFF1CA0F6F7ECFF07E01949C869214662
:105BE000F6F7E6FF17A0F6F7E3FFAC4201D22C462A
:105BF00003E0A819A04200D2AC1911490869F6F7D0
:105C0000D7FF10A0F6F7D4FF09E021460EA02268C6
:105C1000F6F7CEFF0BA0F6F7CBFF241D7F1EA819C9
:105C2000A04201D9002FF0D10EA0F6F7C1FF05A0C8
:105C3000F6F7BEFFBDE8F08122050024240500240C
:105C4000D85306080D0A00002020616464723A20CF
:105C50002530387820202020646174613A20253076
:105C6000387800003D3D3D3D3D3D3D3D3D3D3D3DA8
:105C70003D3D3D3D3D3D3D3D3D3D3D3D3D3D3D3D54
:105C80003D3D3D3D3D3D3D3D0000000070B50346BE
:105C900000220F4D2D680F4EB5FBF6F505FB03F402
:105CA00000BF0D4D696810E00B4D686888420CD04C
:105CB000884202D9451A2A4403E0C1F1FF35054460
:105CC0002A440146A24200D300E0EDE700BF70BDC8
:105CD0000000002440420F00001000E070B50446B0
:105CE0000D462088F8B9EDB1022D12D1E08A0128C5
:105CF00018D0E08A042804D103210020FEF7E8FF31
:105D000010E0E08A06280DD102210020FEF7E0FF16
:105D100008E0032D06D1A08A012803D1012100202B
:105D2000FEF7D6FF00BF00BF70BD0000F0B589B020
:105D3000FAF794FC002426E0434D00200BE0434991
:105D400011F83010A14204D1404901EBC0014D6867
:105D500005E0411CC8B23E4909788842EFDB00BF2C
:105D60001C223C4902A8EAF785FBADF80840C4EBC9
:105D7000C401394A02EB81001C2202A90895EAF706
:105D800079FB601CC4B2012CD6DB00242CE000BFE0
:105D900004F16400C0B205462B4E00200BE02F49F1
:105DA00011F83010A94204D12C4901EBC0014E6812
:105DB00005E0411CC8B22A4909788842EFDB00BFE0
:105DC000242224491C316846EAF754FBADF80850F8
:105DD00004EBC401234A02EB8100242269460896A1
:105DE000EAF748FB601CC4B2012CD0DB1E481F49F7
:105DF00001231C4ACDE900101946174800F0C2F8EB
:105E000000241BE01A4800EBC4052878A0F16401C7
:105E1000C9B20F46012F0FDA00260AE06A68915DC9
:105E200007EBC7020F4B03EB820000F03BF8701C3E
:105E3000C6B26878B042F1DC601CC4B20D4800788C
:105E40008442DFDB09B0F0BD30020024DCF8050835
:105E5000E5F8050898F80508B8D30124E0F8050826
:105E6000E6F80508D4D30124DD5C0308652A02089E
:105E7000D8F80508E4F8050810B5034948688047D4
:105E8000044600F0A3F810BD2802002410B5EFF777
:105E9000C9FC10BD70B504460D4629462046EFF7F3
:105EA000A3FC70BD70B506460C46204600F01AF8FB
:105EB0000546002D00DA70BD2946304600F002F894
:105EC00000BFF8E710B500BF01F01F04012303FA7B
:105ED00004F24B0950F8233013434C0940F82430A6
:105EE00000BF10BD30B504460F4A002100BF09E0D5
:105EF000C1EBC105106830F82500A04201D1084669
:105F000030BD491C90888842F2DC1369918806E014
:105F10009888A04201D10846F2E71B68491C002B73
:105F2000F6D1581EECE7000090D301242DE9F04192
:105F30000746134C00250DE0C5EBC503226802EBB4
:105F40008300E16988478046424629463846F9F78A
:105F50004EFD6D1CA088A842EEDC2669A5880AE0EB
:105F6000301DE16988478046424629463846F9F7A0
:105F70003EFD36686D1C002EF2D1BDE8F0810000B8
:105F800090D301242DE9F04782460D4616461F4660
:105F9000DDE908890C4CB9F1000F02D0B8F1000F0F
:105FA00002D10020BDE8F08728212046EAF78AFACE
:105FB000C4F800A0A580A660A781C4F81890C4F812
:105FC0001C800120EEE7000090D301241CB504469C
:105FD0000020009001906846FFF7A8FF2146684620
:105FE00000F058F81CBD2DE9F04707460C46154651
:105FF0001E46DDF8208031462846F9F71DFD00F0E9
:10600000FF0931462046F9F717FD00F0FF0A434625
:106010004A465146384617F00FFFBDE8F0872DE994
:10602000FC4706460F4615461C46DDF82880002032
:106030000090019040212046F9F709FD08B9BDE81C
:10604000FC874023224629466846F9F7BDFC4022DA
:1060500021466846F9F7E2FC08B9012000E000207B
:1060600081464023224639466846F9F7ADFC402276
:1060700021466846F9F7D2FC08B9012000E000206B
:10608000824643464A465146304617F0D5FE00BF89
:10609000D5E700002DE9F84F81460E46304C00252B
:1060A0000CE00096C5EBC502216801EB82002B468F
:1060B0004A4604F12001FFF796FF6D1CA088A84214
:1060C000EFDCD4F81080A5880BE02B464A4604F19B
:1060D000200108F104000096FFF785FFD8F8008042
:1060E0006D1CB8F1000FF0D1002511E0009605EB12
:1060F000C502A16801EB820305EBC50201EB820139
:1061000001F108004A4604F12001FFF788FF6D1CE9
:10611000A089A842EADC676909E03B1D4A4604F110
:10612000200107F10C000096FFF779FF3F68002F70
:10613000F3D104F120014A464023002004E052F844
:1061400020C041F820C0401CA3F1010C4FF0010A0F
:106150000AEB5C1C8445F2D800BFBDE8F88F000054
:1061600090D301240246501A704700002DE9F05FD9
:1061700080460E46444600BF44B900BF4DA34FF4CD
:10618000DC7257A15AA0F6F713FD00BF00BF1EF046
:10619000E7FA834600206060267294F8200040F001
:1061A000010084F8200065780020607058461EF0D9
:1061B0006DFBA06A20B1002204212046A36A984703
:1061C000A06A20B1002211462046A36A9847A06A1F
:1061D00020B1002202212046A36A9847304611F0E0
:1061E00067F8824604F1100030B1206920B15146B1
:1061F00004F110001EF0DAFC04F1140030B1606903
:1062000020B1514604F114001EF0D0FC012D03D042
:10621000042D01D0032D3ED194F82000C0F3800955
:1062200000BF00BF94F8200000F0FB0084F82000BD
:1062300000BF00BFB9F1000F2CD100BF606A40B9A8
:1062400000BF1CA34FF4F37233A129A0F6F7B0FCF2
:1062500000BF00BF042D03D10020616A087101E076
:10626000606A0671606A006800F10C0700BF0FB138
:10627000386840B900BF0FA340F2EF122DA11CA057
:10628000F6F796FC00BF00BF0020606238461EF0A3
:106290002DFF00BF0CE000BF606A40B100BF05A346
:1062A00040F2F7122AA112A0F6F782FC00BF00BF4D
:1062B000BDE8F09F2E2E5C2E2E5C4D6964646C65EB
:1062C00077617265735C6C7769705C7372635C6133
:1062D00070695C6170695F6D73672E630000000018
:1062E000636F6E6E20213D204E554C4C0000000027
:1062F000417373657274696F6E2022257322206664
:1063000061696C6564206174206C696E6520256428
:1063100020696E2025730A00636F6E6E2D3E6375D3
:106320007272656E745F6D736720213D204E554C0F
:106330004C000000696E61766C6964206F705F6369
:106340006F6D706C657465645F73656D000000004F
:10635000636F6E6E2D3E63757272656E745F6D73E2
:1063600067203D3D204E554C4C0000000146002961
:1063700002DC4842112801DB0520704702484A42EE
:1063800050F82200F9E7000034FB050838B5044650
:10639000002000906A46164909886369206898477A
:1063A000002802DA6FF0040038BD1249098800980D
:1063B000084010490988884206D00F49098800988A
:1063C000084008B10220EFE70A4909880098084010
:1063D00008490988884201D00320E5E7009800F4C5
:1063E0008070B0F5807F01D00420DDE70520DBE779
:1063F0000C0200240E02002410020024F8B504460A
:10640000002700200090002500266A460221284629
:1064100063699847009820B1072836D01C2841D1DD
:1064200024E06A4603212846636998470098B0F53E
:10643000947F0ED111205049088044F210004F493A
:1064400008804FF400504E49088002204D490860F2
:106450000BE0102048490880222048490880042089
:10646000474908800320474908601BE00020424953
:10647000088042F22000414908804FF48070404972
:10648000088001203F4908600CE01F203A4908803D
:1064900004203A49088010203949088000203949F1
:1064A000086000BF00BF6068002856D1A06808B12E
:1064B000A068804720202060002514E06A462E480E
:1064C0000188284663699847002802DA6FF00406BD
:1064D00008E0009800F01F00A84202D125600026C5
:1064E00003E000BF6D1C1F2DE8D900BF20681F28E6
:1064F00001D96FF0020656BB4FF400420021236918
:1065000020689847002826DB6A46002163692068D6
:10651000984700281CDBA0698047074612E0A06965
:106520008047C01BB0F5FA7F09D86A46002163692D
:1065300020689847002805DA6FF0040607E06FF03E
:10654000010604E0009800F400400028E7D104E0D0
:106550006FF0040601E06FF003065EB9A0698047A2
:10656000074600BFA0698047C01BB0F5FA6FF9D994
:10657000012060603046F8BD0C0200240E020024A9
:10658000100200240802002402462AB1C86818B18B
:10659000886808B1086910B94FF0FF307047086883
:1065A00090604B68D360CB6853618B6813610B6953
:1065B00093610020F2E738B50446002000900025E2
:1065C0006A46002163692068984700280CDB009820
:1065D00040F480500090236920680021009A984779
:1065E000002803DA2D1F01E06FF00405284638BDAE
:1065F0000148407870470000B0C503240148807806
:1066000070470000B0C503240148007970470000BE
:10661000B0C5032410B500242B4890F828000128A9
:1066200007D12948407820B912F0C2F80020274944
:106630000870254890F8280050B92448007838B9E7
:1066400000F0BEF9642027F037F901201F490870D7
:106650001D4890F8280070B91D480078401CC0B251
:106660001B490870642809DB0020087001201649C6
:1066700081F8290002E0002015490870124890F8BE
:10668000290001281DD100200F4981F829004FF46D
:106690007A7027F011F90C48807808B100F090F971
:1066A0000948007908B100F097F90748407908B126
:1066B00000F0A8F912F084F900200349487003495A
:1066C0000870204610BD0000B0C50324550000240A
:1066D0005400002470B500260024F8F7EDF90546B3
:1066E00003207F4908707F48007A10B17D48407AC6
:1066F00000B970BD7C48007800287DD179480078C9
:1067000010B101285CD12DE07848F8F791F977486D
:10671000007808BB75484078F0B974488078D8B9DB
:106720007248C078C0B90020FEF7D8FA6D480078EA
:10673000401C6C490870084600786949097888420D
:1067400006DB0120FEF7D6FA0020664908700872C1
:1067500000206549087004E010F05CFE01206249E9
:1067600008705DE06148F8F773F96048007808BB8D
:106770005E484078F0B95D488078D8B95B48C07809
:10678000C0B90020FEF7B0FA56480078401C5549C1
:1067900008700846007852490978884206DB0120D3
:1067A000FEF7A8FA00204F490870087200204E49F1
:1067B000087004E010F02EFE01204B4908702FE015
:1067C0004A48F8F71DFA4948007818BB474840780E
:1067D00000BB46488078E8B94448C078D0B900206A
:1067E000FEF78EFA3F480078401C3E490870084684
:1067F00000783B49097800E013E0884206DB01207D
:10680000FEF778FA002037490870087200203649F0
:10681000087004E010F0FEFD01203349087000BF4D
:1068200000BF31480078012858D1304810F0BEFE32
:106830000646012E52D000202B49087001F036FE8A
:10684000044626BB2748007810B1012814D109E07E
:10685000AC4203DC0120FEF741FA02E00220FEF721
:106860003DFA13E0AC4203DC0120FEF73DFA02E002
:106870000220FEF739FA09E0AC4203DC0120FEF702
:106880003FFA02E00220FEF73BFA00BF12E0154893
:10689000007810B1012808D103E00020FEF71EFAAD
:1068A00007E00020FEF720FA03E00020FEF728FAB8
:1068B00000BF00BF00200B49487208460078401C0A
:1068C00008700846007806490978884206DB0120EE
:1068D000FEF710FA002003490870087200BF08E7AD
:1068E0005700002498150024560000245800002466
:1068F00010B51348007A88B911484068401C104907
:106900004860F8F7F5F80E494968884217D2002028
:106910000B49087001200872487210E00848407A5C
:1069200068B907484068401C05494860F8F7DAF83C
:1069300003494968884202D201200149487210BDCA
:106940009815002410B51EF072F8022001F094F999
:1069500004468CB100BF002240211148EEF756FFDB
:106960006420FDF7F5FF012240210D48EEF74EFFB0
:106970006420FDF7EDFF0FE0002240210848EEF70C
:1069800045FF6420FDF7E4FF012240210448EEF7B3
:106990003DFF6420FDF7DCFF1EF04BF810BD00004A
:1069A000000002580120024981F8290070470000C8
:1069B000B0C50324014981F82D007047B0C50324F8
:1069C00010B5044812F038F80120024981F82A0075
:1069D00010BD0000B0C503240120024981F82C003D
:1069E00070470000B0C503240548407800B97047DF
:1069F0000348407910B901200149487100BFF6E70A
:106A0000B0C503240120024981F82E007047000020
:106A1000B0C5032410B5044600F002F810BD000014
:106A200031E0FFF7F7FD00F0CFF8FFF7DDFFF8F7F3
:106A300049F8012801D1FFF7BDFFFFF74BFEF8F73A
:106A400041F8022802D000F021F807E00E488078D3
:106A500020B1FFF7B5FF642026F02EFF0A484078EA
:106A600001280DD126F08AFA012809D1064880783C
:106A700020B1FFF7A5FFC82026F01EFF26F084FAFC
:106A8000142026F019FFCCE7B0C5032410B500246C
:106A90004A48407800B910BD484890F82D0040B9E8
:106AA0004648807820B1FFF78BFF642026F004FF72
:106AB000F1E742484078012862D14048C079002877
:106AC0005ED13E48807901285AD13C4890F8240094
:106AD00001063A4890F8250041EA0041374890F80D
:106AE000260041EA0020354991F8271008430206A4
:106AF000324890F824000106304890F8250041EA19
:106B000000412E4890F8260041EA00202B4991F8D8
:106B10002710084300F47F4042EA0022274890F8FB
:106B200024000106254890F8250041EA0041234849
:106B300090F8260041EA0020204991F827100843E8
:106B400000F47F0042EA10221C4890F8240001065D
:106B50001A4890F8250041EA0041184890F82600AC
:106B600041EA0020154991F82710084342EA1060D5
:106B7000134908600023134A04F14400FEF7A8FCFF
:106B80000E488078B8B90D48807940B90B4811F0AB
:106B900053FF1FF01BF80120084988700BE00748DD
:106BA000C079012807D1054811F046FF1FF00EF803
:106BB00001200249887000BF6DE70000B0C50324C2
:106BC000500000249559030810B50748407800B9D3
:106BD00010BD0548007920B925F0A0FE012002492A
:106BE000087100BFF4E70000B0C5032470B5054686
:106BF000002411E004EB4400094901EBC000067DCC
:106C00004EB104EB440001EBC0008068A84202D101
:106C1000204600F083F9641C0A2CEBDB70BD0000F9
:106C200090C303242DE9FF5F0646894617464FF0BF
:106C30000A0AD346D04600240A200390002002907E
:106C40000190009000BF73E004EB4400764901EB33
:106C5000C000057DB8F10A0F02D10DB9A04665E06C
:106C6000002D63D000BF012D0AD0022D08DA00BF2D
:106C70006EA340F2231279A188A0F5F799FF00BF17
:106C800000BFAEB104EB4401674A02EBC1013068BA
:106C9000496888420CD13FB104EB4400114601EB36
:106CA000C0008068B84203D1204604B0BDE8F09F20
:106CB000012D28D104EB44005B4951F8300080B12C
:106CC00004EB440001EBC000418A029881422DDBB5
:106CD000039404EB4400544901EBC000408A029045
:106CE00024E004EB4400504901EBC000418A0198C4
:106CF00081421BDBA24604EB44004B4901EBC00080
:106D0000408A019012E0022D10DB04EB440046495A
:106D100001EBC000418A0098814207DBA34604EBE7
:106D20004400414901EBC000408A0090601C04B25D
:106D30000A2C89DB09F0020028B9B8F10A0F05D145
:106D400009F0010010B94FF0FF30AEE7B8F10A0FBB
:106D500001DA444631E0BBF10A0F11DA5C4600BFAC
:106D600004EB4400304951F8300040B100BF2FA37C
:106D700040F26D1253A149A0F5F71AFF00BF0CE0D5
:106D8000BAF10A0F01DA544607E003980A2801DA3B
:106D9000039C02E04FF0FF3087E700BF0A2C08DBBE
:106DA00000BF22A340F27F124CA13CA0F5F700FFE8
:106DB00000BF00BF204600F0B1F800BF0A2C08DB7E
:106DC00000BF1AA340F2831244A134A0F5F7F0FEED
:106DD00000BF00BF00BF04EB4400134901EBC0003B
:106DE000007D40B100BF11A34FF4C27240A12BA09F
:106DF000F5F7DEFE00BF00BF36B104EB44010A4ADE
:106E000002EBC10130684860002004EB4401064AEF
:106E100002EBC101488204EB4400114601EBC000C3
:106E20008760204641E7000090C303242E2E5C2E8D
:106E30002E5C4D6964646C6577617265735C6C7718
:106E400069705C7372635C636F72655C69707634E1
:106E50005C6574686172702E630000007374617405
:106E600065203D3D204554484152505F53544154A4
:106E7000455F50454E44494E47207C7C20737461E9
:106E80007465203E3D204554484152505F53544163
:106E900054455F535441424C4500000041737365B3
:106EA0007274696F6E2022257322206661696C6599
:106EB00064206174206C696E6520256420696E20F1
:106EC00025730A006172705F7461626C655B695D55
:106ED0002E71203D3D204E554C4C000069203C2039
:106EE0004152505F5441424C455F53495A4500005E
:106EF0006172705F7461626C655B695D2E73746151
:106F00007465203D3D204554484152505F535441E3
:106F100054455F454D5054590000000010B50446DB
:106F200004EB44000C4951F8300060B104EB44011B
:106F3000094A52F8310014F0FDFA002004EB440134
:106F4000054A42F83100002004EB4401024A02EBFA
:106F5000C101087510BD000090C30324F0B587B0CF
:106F600007460D4600BF0DB907B0F0BD00BF7C68F5
:106F70002088B0F5807F08D12079062805D1607976
:106F8000042802D16088082803D0384614F0D2FAC9
:106F9000EAE7D4F80E000690A0690590686808B981
:106FA000002607E005986968884201D1012000E0C9
:106FB000002006460EB1012000E00220034604F145
:106FC000080206A9284600F093FCE088B0F5807F0F
:106FD00003D0B0F5007F15D113E086B1022206ABD5
:106FE00004F10800291DCDE90232CDE9001005F1B8
:106FF0002A0302462631284600F02AFB00E000BFA3
:1070000001E000E000BF00BF384614F093FA00BF73
:10701000AAE700002DE9FE4304460F461546A9469F
:1070200000BF44B900BF5DA340F21E3267A16BA050
:10703000F5F7BEFD00BF00BF00BF47B900BF57A3B3
:1070400040F21F326FA165A0F5F7B2FD00BF00BF8F
:1070500000BF45B900BF51A34FF448726CA15FA0B7
:10706000F5F7A6FD00BF00BF2146286807F046FAE5
:1070700010B1DFF8AC8186E0287800F0F000E0285D
:1070800016D101208DF8040000208DF805005E2047
:107090008DF80600687800F07F008DF80700A8786A
:1070A0008DF80800E8788DF809000DF1040869E012
:1070B0002868A1680840D4E90112114088420ED026
:1070C000288880B24FF6A961884208D0E06810B1E4
:1070D00004F10C0903E06FF00300BDE8FE835148A2
:1070E000007800EB4000504901EBC000007D022811
:1070F0001BDB4C48007800EB400001EBC0008068CF
:10710000A04212D14749097801EB4101464A02EBFE
:10711000C101D9F800004968884206D14148027887
:107120003946204600F082F8D7E7002622E006EB39
:1071300046003D4901EBC000007D022818DB06EB4C
:10714000460001EBC0008068A04211D106EB460169
:10715000354A02EBC101D9F800004968884207D1DD
:107160003048067032463946204600F05FF8B4E7F2
:10717000701CC6B20A2EDADB3A464946204600F0B9
:1071800005F9AAE700BF4FF40060434604F12A0264
:1071900039460090204600F0F3FC9EE72E2E5C2E30
:1071A0002E5C4D6964646C6577617265735C6C77A5
:1071B00069705C7372635C636F72655C697076346E
:1071C0005C6574686172702E630000006E6574699E
:1071D0006620213D204E554C4C00000041737365E4
:1071E0007274696F6E2022257322206661696C6556
:1071F00064206174206C696E6520256420696E20AE
:1072000025730A007120213D204E554C4C00000092
:1072100069706164647220213D204E554C4C000021
:10722000FCFC05084003002490C30324F8B5054680
:107230000E46144600BF04EB4400314901EBC00088
:10724000007D022808DA00BF2EA340F2EE2239A109
:1072500044A0F5F7ADFC00BF00BF04EB4400284993
:1072600001EBC000007D022839D104EB440001EBA2
:10727000C000408AB0F58E7F11DD04EB44000A4661
:1072800002EBC000011D284600F0A2FA38BB032023
:1072900004EB44011A4A02EBC10108751FE004EB3C
:1072A0004400174901EBC000408AB0F5877F16DB28
:1072B00004EB44000B4603EBC00000F10C0204EBAE
:1072C000440003EBC000011D284600F08DFA30B9E0
:1072D000032004EB44010A4A02EBC10108754FF494
:1072E0000060009004EB4400054901EBC00000F190
:1072F0000C0305F12A023146284600F041FCF8BD96
:1073000090C303242E2E5C2E2E5C4D6964646C6544
:1073100077617265735C6C7769705C7372635C63D0
:107320006F72655C697076345C6574686172702E2A
:10733000630000006172705F7461626C655B617212
:10734000705F6964785D2E7374617465203E3D20C2
:107350004554484152505F53544154455F53544142
:10736000424C4500417373657274696F6E2022252B
:107370007322206661696C6564206174206C696E9B
:107380006520256420696E2025730A002DE9FC5FC5
:1073900081460F46164609F12A0001904FF0FF3A48
:1073A0004FF0000B4946386807F0A8F838B938782C
:1073B00000F0F000E02802D00FB1386818B96FF083
:1073C0000F00BDE8FC9F4A4601213846FFF72AFC22
:1073D0008046B8F1000F02DA4FFA88F0F1E700BFFB
:1073E000B8F17F0F08D300BF69A340F2C13274A186
:1073F00077A0F5F7DDFB00BF00BF08F0FF0404EB4A
:1074000044007D4901EBC000007D78B94FF0010BCD
:10741000012004EB4401784A02EBC101087504EB3A
:107420004400114601EBC000C0F8089000BF04EB17
:107430004400714901EBC000007D01280FD004EB2E
:10744000440001EBC000007D022808DA00BF50A311
:1074500040F2CD3269A15EA0F5F7AAFB00BF00BFE4
:10746000BBF1000F00D1E6B93946484600F0B0F94B
:107470008246BAF1000F11D104EB44005E4901EBE2
:10748000C000007D012809D1BBF1000F06D100200A
:1074900004EB4401584A02EBC10148820EB9504640
:1074A0008FE700BF46B900BF39A340F2E9325DA1C2
:1074B00047A0F5F77DFB00BF00BF04EB44004E4939
:1074C00001EBC000007D022811DB594804704FF425
:1074D0000060009004EB440001EBC00000F10C03DD
:1074E00031464846019A00F04BFB82464EE004EBE1
:1074F0004400414901EBC000007D012846D1002035
:107500000090354618E000BF6889298988420AD171
:10751000286840B100BF1EA340F2F93245A12CA05B
:10752000F5F746FB00BF00BF287B00F0400010B11C
:107530000120009002E02D68002DE4D100BF0098EA
:1075400038B132464FF420710E2013F07BFE054611
:1075500003E03546284614F0D1F9A5B104EB440008
:10756000254951F8300030B104EB4401224A52F869
:10757000310013F0DFFF04EB44001F4941F83050A5
:107580004FF0000A01E04FF0FF3A00BF504618E705
:107590002E2E5C2E2E5C4D6964646C65776172657D
:1075A000735C6C7769705C7372635C636F72655C4B
:1075B000697076345C6574686172702E63000000D7
:1075C00074797065206F766572666C6F7700000065
:1075D000417373657274696F6E2022257322206671
:1075E00061696C6564206174206C696E6520256436
:1075F00020696E2025730A0090C303246172705FB6
:107600007461626C655B695D2E7374617465203DA5
:107610003D2050454E44494E47206F7220535441FF
:10762000424C45007120213D204E554C4C0000003D
:10763000400300246E6F207061636B657420717568
:107640006575657320616C6C6F776564210000005F
:107650002DE9FC5F06460F4690469946DDE90CABE6
:107660000020019000BF46B900BF31A340F25F4245
:107670003BA13FA0F5F79CFA00BF00BF4FF420727A
:107680001C210E2013F07EFB05461DB94FF0FF3084
:10769000BDE8FC9F00BF68891C2808DA00BF24A34E
:1076A00040F26A423CA132A0F5F782FA00BF00BF67
:1076B0006C680F980EF017FCE08000BF96F8300061
:1076C000062808D000BF1AA340F271423F4928A003
:1076D000F5F76EFA00BF00BFD9F80000A060B9F856
:1076E0000400A081DBF80000C4F81200BBF804001D
:1076F000E082DAF80000C4F80E000E980068A0617D
:107700004FF48070208008206080062020710420C3
:10771000607140F6060043463A46294600903046DE
:1077200000F02EFA284613F005FF00250198AFE778
:107730002E2E5C2E2E5C4D6964646C6577617265DB
:10774000735C6C7769705C7372635C636F72655CA9
:10775000697076345C6574686172702E6300000035
:107760006E6574696620213D204E554C4C0000002A
:10777000417373657274696F6E20222573222066CF
:1077800061696C6564206174206C696E6520256494
:1077900020696E2025730A00636865636B20746836
:1077A000617420666972737420706275662063610B
:1077B0006E20686F6C6420737472756374206574D6
:1077C000686172705F6864720000000054580608B7
:1077D00070B504460D46034A2946204600F004F8D9
:1077E00070BD0000FCFC05087FB504460D4616463A
:1077F0000121074A201D04F12A038DE82500039189
:10780000324619462046FFF723FF04B070BD000042
:1078100002FD050870B5002464E004EB4400334920
:1078200001EBC000057D002D5BD004EB440001EBB3
:10783000C000408A401C04EB44012C4A02EBC10109
:10784000488204EB4400114601EBC000408AB0F5C9
:10785000967F0DDA04EB440001EBC000007D0128A7
:107860000AD104EB440001EBC000408A052803DB89
:107870002046FFF753FB34E004EB44001B4901EBC7
:10788000C000007D032807D1042004EB4401174AFF
:1078900002EBC101087524E004EB4400134901EB3D
:1078A000C000007D042807D1022004EB44010F4AE8
:1078B00002EBC101087514E004EB44000B4901EB35
:1078C000C000007D01280CD104EB44020B4603EB01
:1078D000C202111D04EB440203EBC2029068FFF7E1
:1078E00077FF641C0A2C98DB70BD000090C3032452
:1078F0002DE9F84305460E461746984600BF95F811
:107900003000062808D000BF2EA340F2A91239A1EA
:1079100041A0F5F74DF900BF00BF5EB1306848B136
:107920002946306806F0EAFD20B9307800F0F00012
:10793000E02803D16FF00F00BDE8F8832A464146E6
:107940003046FFF76FF90446002C01DA60B2F3E726
:10795000022004EB44013A4A02EBC101087504EB32
:107960004400114601EBC000856004EB440001EBCC
:10797000C0003968C160B9880182002004EB44016D
:1079800002EBC101488204EB4400114651F830007B
:10799000B0B104EB440051F83090002004EB4401F6
:1079A00042F831004FF400603B4605F12A02494697
:1079B0000090284600F0E4F8484613F0BBFD00BFF5
:1079C0000020B9E72E2E5C2E2E5C4D6964646C6538
:1079D00077617265735C6C7769705C7372635C630A
:1079E0006F72655C697076345C6574686172702E64
:1079F000630000006E657469662D3E68776164649B
:107A0000725F6C656E203D3D204554485F4857418C
:107A10004444525F4C454E00417373657274696F04
:107A20006E2022257322206661696C656420617472
:107A3000206C696E6520256420696E2025730A001C
:107A400090C303241CB5F1F7B3FF1748007A8DF8F3
:107A500000001548407A8DF801001348807A8DF8AF
:107A600002001148C07A8DF803000F48007B8DF8A2
:107A700004000D48407B8DF805000C480C49086057
:107A8000C1F804D001210A4801720A4901610A497A
:107A9000C1604FF4BF614161ECF722FF08B90020DB
:107AA0001CBD0120FCE70000B0C50324008002409B
:107AB00008D3012400000430600004302DE9F041B7
:107AC00004460E464FF00E0860890E2800DC4FE099
:107AD000E07B18B996F83400401CE0736568AF8904
:107AE000287800F00100B0B12878012809D1687821
:107AF00088B9A8785E280ED1607B40F010006073D2
:107B000009E006221D492846E8F730FD18B9607BD8
:107B100040F008006073082F03D0B7F5C16F22D181
:107B200010E096F8310000F0080000B920E041466E
:107B3000204613F033FF00B11AE03146204606F02C
:107B40004FFE11E096F8310000F0080000B90FE098
:107B50004146204613F022FF00B109E0314620469D
:107B6000FFF7FCF900E003E000BF0020BDE8F08172
:107B7000204613F0DFFC0020F8E70000FCFC0508BD
:107B80002DE9F04705460E4617469846DDF8209049
:107B900048460EF0A8F982460E21304613F078F8D8
:107BA00000B122E07468A4F80CA0D8F800002060AE
:107BB000B8F80400A0803868C4F80600B88860816E
:107BC00000BF95F83000062808D000BF08A34FF486
:107BD000997212A11EA0F4F7EBFF00BF00BF31465F
:107BE0002846AA699047BDE8F0876FF00100FAE7E0
:107BF0002E2E5C2E2E5C4D6964646C657761726517
:107C0000735C6C7769705C7372635C6E65746966D3
:107C10005C65746865726E65742E63006E65746968
:107C2000662D3E6877616464725F6C656E206D7569
:107C30007374206265203620666F722065746865F3
:107C4000726E65745F6F757470757421000000004A
:107C5000417373657274696F6E20222573222066EA
:107C600061696C6564206174206C696E65202564AF
:107C700020696E2025730A0038B504466B462246FB
:107C800000210248EDF7D1F8009838BD08D301244F
:107C900010B5044600BF44B900BF0CA34FF4B9723D
:107CA00015A119A0F4F784FF00BF00BF732084F86A
:107CB00032007421332001551D4860611D48A061C8
:107CC00020460DF039FC002010BD00002E2E5C2E49
:107CD0002E5C4D6964646C6577617265735C6C776A
:107CE00069705C617263685C65746865726E657406
:107CF00069662E63000000006E6574696620213D90
:107D0000204E554C4C000000417373657274696FCE
:107D10006E2022257322206661696C65642061747F
:107D2000206C696E6520256420696E2025730A0029
:107D3000157003080558040806460024354600BFA0
:107D40004FF0FF310B48006826F014FD0128F7D1F1
:107D500000BF28460DF0E2FC04463CB1294620460F
:107D60002A69904710B1204613F0E4FB002CF0D1B3
:107D7000E6E700005C0300242DE9F84F05460E46B7
:107D8000DDB1AF69002F12DA1CF0EAFC8146A86968
:107D9000002808DA16B9A869401EA86148461CF0F8
:107DA00075FDBDE8F88FAF6948461CF06FFD384699
:107DB00000F088FB04460CB9F3E7F2E74FF0010846
:107DC0001CF0CEFC8146052E24D2DFE806F0030E1F
:107DD000151C20002089401C00B22081B4F9080045
:107DE000012801DD4FF0000820E02089401E00B28C
:107DF00020814FF0000819E0608908B14FF00008B9
:107E00000120608112E00020608180460EE00120A8
:107E1000A0810BE000BF00BF19A340F6F61223A11A
:107E200026A0F4F7C5FE00BF00BF00BF00BFA07BC7
:107E300000B3B8F1000F1DD0B4F90800002801DD2F
:107E4000012000E000208246608908B1012000E0A6
:107E500000208346A08908B1012000E000200090A6
:107E600048461CF013FD5A4651463846009B17F011
:107E70007DFE02E048461CF009FD00BF91E70000CE
:107E80002E2E5C2E2E5C4D6964646C657761726584
:107E9000735C6C7769705C7372635C6170695C734E
:107EA0006F636B6574732E6300000000756E6B6EFC
:107EB0006F776E206576656E7400000041737365A0
:107EC0007274696F6E2022257322206661696C6569
:107ED00064206174206C696E6520256420696E20C1
:107EE00025730A002DE9F04180460E460EB1307828
:107EF00010B90020BDE8F081344600252BE008F1E0
:107F0000F40040F82540274626212046E8F70FFBDD
:107F100004461CB100202070641C08E02021384673
:107F2000E8F705FB04460CB10020207000243D2139
:107F30003846E8F7FCFA07463FB100203870781C55
:107F400008F59A7141F8250004E0002108F59A70BF
:107F500040F825106D1C102D01DA002CCFD12846D9
:107F6000C8E7000010B5BE4890F83800C0F34000E4
:107F700030B1BC49486BF4F71BFEBBA0F4F718FE08
:107F8000B748806BC0F3807000287DD0B44890F86B
:107F9000240000285BD0B24890F8240000F00100D3
:107FA00030B1B049886BF4F703FEAFA0F4F700FEE0
:107FB000AB4890F82400C0F3400030B1A949C86B29
:107FC000F4F7F6FDA8A0F4F7F3FDA54890F8240017
:107FD000C0F3C00030B1A349086CF4F7E9FDA2A0DA
:107FE000F4F7E6FD9E4890F82400C0F3001030B18D
:107FF0009C49486CF4F7DCFD9BA0F4F7D9FD984848
:1080000090F82400C0F3401030B19649886CF4F722
:10801000CFFD95A0F4F7CCFD914890F82400C0095D
:10802000A8B18F4890F8240000F0010028B98C48CE
:1080300090F82400C0F3400048B1894A916A894A07
:10804000D2F89000F4F7B4FD87A0F4F7B1FD8448AE
:1080500090F82C00002864D0814890F82C0000F0A3
:10806000010030B17F49C86CF4F7A2FD7EA0F4F79F
:108070009FFD7B4890F82C00C0F3400040B1794947
:10808000086DF4F795FD00E09BE077A0F4F790FD14
:10809000734890F82C00C0F3800030B17149486DEE
:1080A000F4F786FD70A0F4F783FD6D4890F82C007E
:1080B000C0F3C00030B16B49886DF4F779FD6AA058
:1080C000F4F776FD664890F82C00C0F3001030B14C
:1080D0006449C86DF4F76CFD63A0F4F769FD60486E
:1080E00090F82C00C0F3401030B15E49086EF4F7F0
:1080F0005FFD5DA0F4F75CFD594890F82C00C009C5
:1081000078B1574890F82C00C0F3400048B1544A69
:10811000116B544AD2F89400F4F74AFD52A0F4F7D8
:1081200047FD4F48808E00284BD04D4890F83400D2
:1081300000F0010030B14B49486EF4F739FD4AA018
:10814000F4F736FD464890F83400C0F3400030B1F3
:108150004449886EF4F72CFD43A0F4F729FD40480C
:1081600090F83400C0F3800030B13E49C86EF4F797
:108170001FFD3DA0F4F71CFD394890F83400C0F312
:10818000C00030B13749086FF4F712FD36A0F4F79C
:108190000FFD3348808EC0F3002030B13149486F65
:1081A000F4F706FD30A0F4F703FD2D48808EC0F3F0
:1081B000402030B12B49886FF4F7FAFC2AA0F4F77D
:1081C000F7FC2748806BC00F002848D02448C06BBC
:1081D000002844D0224890F83C0000F0010030B163
:1081E0002049C86FF4F7E4FC1FA0F4F7E1FC1C4839
:1081F00090F83C00C0F3400038B11A49D1F8800033
:10820000F4F7D6FC18A0F4F7D3FC154890F83C001E
:10821000C0F3800038B11349D1F88400F4F7C8FCEA
:1082200011A0F4F7C5FC0E4890F83C00C0F3C00064
:1082300038B10C49D1F88800F4F7BAFC0AA0F4F779
:10824000B7FC074890F83C00C0F3001038B105496E
:10825000D1F88C00F4F7ACFC03A0F4F7A9FC10BD36
:108260009C150524D85306080D0A000013B50C46CA
:108270004FF6FF73012269460248F0F757FD009858
:108280001CBD00003885012470B50D46044602E08F
:108290002946FFF7EBFF14F8010B0028F8D170BD59
:1082A0002DE9FC4105460C461CF05AFA07466B4680
:1082B00001AA2146284600F01FF8064638461CF061
:1082C000E5FA26B16A462046019900F002F8BDE8B9
:1082D000FC8170B506460D461446206838B11EB1C3
:1082E000206813F027F902E0206811F04CFB15B16B
:1082F000284611F08DFC70BD10B50446606818600A
:10830000002060602068106000202060012010BD07
:108310000146D1E90102801A704710B50446204693
:1083200000F002F810BD000010B5014600200FE07B
:1083300000EB4002084B03EBC2028A4207D1002245
:1083400000EB4003044C04EBC3031A7502E0401C2D
:108350000A28EDDB00BF10BD30C90324002114E062
:1083600001EB41000B4A02EBC000007D60B9012027
:1083700001EB4102074B03EBC202107501EB410018
:108380001A4602EBC0007047491C0A29E8DB0020AE
:10839000F9E7000030C9032470B50646FFF7DEFF99
:1083A00005460DB9002070BD0D4C11E030466168E6
:1083B000E8F7CEF858B9A0682860E0686860E0681F
:1083C000A8600020E860207C28742846EBE7246839
:1083D000002CEBD12846FFF7A7FF0020E3E70000C1
:1083E000385306082DE9F04104460F461646D4E9F5
:1083F0000110884203D14FF0FF30BDE8F081D4E98D
:108400000101451AB54200DD3546A2682068811891
:108410002A463846E8F72EF8A0682844A060284687
:10842000EBE710B525F02EFB10BD000070B5064639
:108430000C4615464CB90E4A0EA111A0F4F7B8FB34
:1084400017A0F4F7B5FB00BFFEE74DB9084A15A128
:108450000BA0F4F7ADFB12A0F4F7AAFB00BFFEE7F8
:1084600025F02AFC206025F02DFC8000286070BDDE
:108470007054060873746172745F61646472000002
:1084800028257329206861732061737365727420D5
:108490006661696C65642061742025732E0000009C
:1084A0000D0A000073697A65000000000148C08869
:1084B000704700001CC7032410B504462046F6F799
:1084C0007FFA10BD70B50546284623F079FF0446B3
:1084D00034B900BF09200349086000BF002070BD07
:1084E0002046FCE77803002470B504463148006854
:1084F000F0B131480068D8B130480068C0B10025FB
:1085000012E02D48006850F8251004F12E00E8F71D
:108510001FF840B9C02204F130012846254B1B68E2
:108520009847608570BD6D1C244800688542E8DB73
:1085300004F12E00E8F705F8A72804D204F12E0074
:10854000E7F7FFFF00E0A720064612221CA104F176
:108550003000E7F78FFF324604F12E0104F14200AC
:10856000E7F788FF06F1120004F13001084419A171
:108570000A6802608A88828089798171002206F106
:10858000190004F130010A540846E7F7DAFF0646FD
:1085900000BFB6F5803F08D300BF10A340F295227C
:1085A0001BA11FA0F4F704FB00BF00BF668500BF3E
:1085B000B8E70000C8030024D0030024CC03002443
:1085C0003C623E2A2A2A554E4B4E4F574E2054416C
:1085D000472000002A2A2A3C2F623E002E2E5C2EC5
:1085E0002E5C4D6964646C6577617265735C6C7751
:1085F00069705C6C7769705F6170705C7765625FF1
:108600007365727665725C68747470642E630000C2
:108610006C656E203C3D2030786666666600000022
:10862000417373657274696F6E2022257322206610
:1086300061696C6564206174206C696E65202564D5
:1086400020696E2025730A00F0B503460C461546D6
:10865000642093FBF0F0C6B2642093FBF0F700FBBC
:108660001730C1B2132E02DD01F16400C1B2084619
:10867000CF1701EB977701EBA707BAB2072092FB60
:10868000F0F700FB172082B25719601EDFF834C0E4
:108690001CF80000384482B2CF1701EB9777BF1067
:1086A000A1EB87071FB9032C01DA501E82B2072005
:1086B00092FBF0F700FB172082B202B90722D0B27A
:1086C000F0BD00006CF8050810B50122082108482B
:1086D000EDF79CF840F2DA7025F0EEF80022082160
:1086E0000348EDF793F8642025F0E6F810BD00008C
:1086F0000010025830B5044600250948008800F4EF
:10870000004050B106480088C0F30E0004490880BC
:108710002146044811F0E4F80546284630BD000023
:108720005E010024A86E012410B566210148E7F718
:10873000C9FE10BDA876012410B5A6B0802106A8F8
:10874000E7F7C0FE0D4B0FCB02AC0FC401220CA10A
:1087500006A8F4F73DFA06A8E7F7F3FE04464FF43F
:108760007A70022302AA2146009006A800F082FB3C
:1087700000200849487026B010BD00005CF30508D1
:1087800041542B4D4950434C4F53453D25640D0AF0
:1087900000000000A876012400487047C17601243B
:1087A0000148807970470000A8760124004870478E
:1087B000D676012400487047B176012400487047FE
:1087C000E67601240D48C078C01E072813D2DFE8E2
:1087D00000F00406080A0C0E100001207047062065
:1087E000FCE70220FAE70320F8E70420F6E7072079
:1087F000F4E70520F2E70020F0E70000A876012466
:108800000148007870470000A87601242DE9F04166
:1088100007460C4600250026A84604B10FB9BDE85E
:10882000F0812A488078012807D024F0A7FB02288D
:1088300024D101F061F9012820D12548008800F4F5
:10884000004008B9002503E021480088C0F30E0568
:108850002819B0F5006F00DBE1E71E4948192246F0
:108860003946E7F707FE281905B2A8B240F40040E0
:108870001749088000201749485525E0122216A103
:108880003846E7F789FE00B1C9E707F112062C2147
:108890003046E7F74CFE064606B9C0E7761C304680
:1088A000E8F736F81FFA80F8B8F1000F00D1B6E704
:1088B0002C213046E7F73BFE064606B9AFE7761CAB
:1088C00041463046FBF70AFF00BFA8E7A87601241F
:1088D0005E010024A86E01240D0A2B4D495055520B
:1088E000433A202272746370222C000000B587B0D6
:1088F000142102A8E7F7E6FD00BF3D48006840F0FC
:1089000010003B4908600846006800F01000019024
:1089100000BF00BF00BF0846006840F010000860BC
:108920000846006800F01000019000BF00BF00BFC3
:108930000846006840F0080008600846006800F03B
:108940000800019000BF00BF00BF0846006840F06B
:10895000040008600846006800F00400019000BFB1
:1089600000BF012202212348ECF750FF002204211E
:108970002148ECF74BFF002208211F48ECF746FF87
:1089800000224FF400511D48ECF740FF04200290F4
:1089900001200390002004900220059002A91648AF
:1089A000ECF724FE082002900120039000200490A0
:1089B0000220059002A91048ECF718FE0220029050
:1089C00001200390002004900220059002A909488C
:1089D000ECF70CFE4FF400500290012003900020B1
:1089E0000490059002A90548ECF700FE07B000BD11
:1089F000E0440258000C02580010025800080258C7
:108A000010B5FFF773FF4FF4E130F8F7D7FD10BD55
:108A100010B5002000F0F0F800200149087010BDEA
:108A2000A87601242DE9F04194B004460D4640217A
:108A300004A8E7F747FD00260020039002900027D6
:108A4000804600F0D9F82346012219A104A8009518
:108A5000F4F7BEF864221FA104A800F057FAF8B991
:108A60004FF4FA721CA1002000F050FA1DA120481A
:108A7000E7F73FFD804600200290039002AB03AA77
:108A80001CA14046E7F7DAFDC7B2029828B9022FC9
:108A900003D101201B49487004E04FF0FF3601E08C
:108AA0004FF0FF3600F05CFA304614B0BDE8F081BC
:108AB00041542B4D49504F50454E3D25642C225476
:108AC0004350222C222573222C25732C3130302C3C
:108AD000300D0A004F4B00002B4D49504F50454E72
:108AE0003A0000002B4D49504F50454E3A200000AF
:108AF000A86E01242B4D49504F50454E3A20256415
:108B00002C256400A8760124F0B5A5B004460D46D6
:108B1000802105A8E7F7D6FC00260E4B0FCB01AF4E
:108B20000FC7234601220CA105A80095F4F750F8C1
:108B300005A8E7F706FD07464FF47A70022301AA5D
:108B40003946009005A800F095F90646304625B054
:108B5000F0BD00004CF3050841542B4D49504F50D7
:108B6000454E3D25642C22544350222C222573224D
:108B70002C25642C3130302C300D0A0010B500202B
:108B800000F03AF800200149487010BDA876012491
:108B900070B588B006460C4620216846E7F792FC7F
:108BA0000025234601220EA16846F4F711F814228D
:108BB00010A1684600F0AAF9054600F0D1F925B9E0
:108BC00021463046F3F74CFF03E021463046F3F7E9
:108BD00047FF0A2024F070FE284608B070BD000050
:108BE00041542B4D495053454E443D25642C25643A
:108BF0000D0A00003E00000010B588B00446202198
:108C00006846E7F75FFC012209A16846F3F7E0FF39
:108C100000221146684600F079F90A2024F04CFE43
:108C200000200849487000F09BF908B010BD000012
:108C300041542B4D4950434C4F53453D25640D0A3B
:108C400000000000A87601247CB500250024002641
:108C500000BF27E04FF400611648E7F733FC3222EB
:108C600015A117A000F052F9B8B913A11148E7F700
:108C700040FC06466B4601AA14A13046E7F7DEFC2D
:108C8000C5B2022D09D10098012802D0009805280C
:108C900003D100F065F900207CBDC82024F00CFE53
:108CA000601CC4B2032CD5DB00F05AF94FF0FF3042
:108CB000F2E70000A86E01242B43455245473A00D5
:108CC00041542B43455245473F0D0A002B43455223
:108CD00045473A2025642C25640000002DE9F04723
:108CE00005460E464FF0000900240027A0460DB1AE
:108CF000002028600EB10020306041480088C0F399
:108D00000E0940480088484502DB0020BDE8F08796
:108D10003D493C4A128888183CA1E7F7EAFB044623
:108D2000002C2FD13849374A128888183CA1E7F720
:108D3000E0FB04466CB1344832490988014404F12F
:108D40001800401A2F49098808442E49088002203B
:108D5000DCE72D492B4A1288881837A1E7F7C9FBB1
:108D600004466CB1284827490988014404F11100E0
:108D7000401A244909880844224908800220C5E78E
:108D80000020C3E710342C212046E7F7D0FB07462C
:108D90005FB91D481B4909880844201A19490988E8
:108DA0000844184908800020B0E77C1C2046E7F7FB
:108DB000AFFD80462C212046E7F7B9FB07465FB997
:108DC0001148104909880844201A0E4909880844A6
:108DD0000C490880002099E77C1C05B12C600EB17D
:108DE000C6F8008004EB08010748064A12881044C0
:108DF000081A04490988084402490880002085E7C8
:108E00005E01002460010024A86E01242B4D49500E
:108E10005552433A202272746370222C00000000E5
:108E20002B4D49505552433A2022646973636F6E4B
:108E30006E222C312C3100002B434D4520455252DF
:108E40004F523A203535300010B501220421084830
:108E5000ECF7DCFC4FF4FA7024F02EFD0022042124
:108E60000348ECF7D3FC642024F026FD10BD00007D
:108E7000001002582DE9F04780460E4615461F4661
:108E8000DDF820A04FF00009B8F1000F0DD0002E42
:108E90000BDD00201A4908801A49088001201A4970
:108EA0008870B1B24046F3F7DBFD05B127B9002069
:108EB00015498870BDE8F08700241AE055F83400A1
:108EC00018B105EBC400406800B911E005EBC4021D
:108ED00055F834005168524600F066FD8146B9F1FC
:108EE000000F04D00020084988704846E2E700BF20
:108EF000641CBC42E2D300200349887000BFD9E75C
:108F00005E01002460010024A87601242DE9F041CF
:108F100006460D4614460027012010498870304649
:108F2000E7F70FFB1FFA80F841463046F3F798FD4C
:108F30008DB184B108E02846FFF7DCFB08B10027BB
:108F400006E00A2024F0B8FC601E80B2041EF2D1B4
:108F500000BF04B902273846BDE8F081A876012495
:108F600010B5002004490880044988704FF400615E
:108F70000348E7F7A7FA10BD5E010024A876012494
:108F8000A86E01242DE9F043A1B006460C46174611
:108F90000025A84606B11CB9002021B0BDE8F08329
:108FA0000020284908802849088001202749887026
:108FB0002346012226A101A8F3F70AFE01A8E7F73C
:108FC000C0FA80461FFA88F101A8F3F749FD3A4636
:108FD000052124A000F0E8FC054605B904E00020C6
:108FE0001A4988702846D8E700BF00201549088034
:108FF00015490880012015498870A1B23046F3F761
:109000002FFD224619A101A8F3F7E2FD01A8E7F719
:1090100098FA81463A46494601A800F0C5FC054643
:1090200025B10020094988702846B6E73A4606214E
:1090300013A000F0B9FC05460020044988702846BA
:10904000ABE700005E01002460010024A876012443
:1090500041542B4D495053454E443D25642C2564C5
:109060000D0A00000D0A3E0D0A0000000D0A2B4DEE
:10907000495053454E443A20312C25640D0A0000D6
:109080000D0A4F4B0D0A000030B58BB000250024AF
:10909000182105A8E7F716FA00BF33E04FF4006186
:1090A0001C48E7F70FFA32221BA11DA0FFF72EFF85
:1090B00018BB19A11748E7F71CFA0446ECB10834AD
:1090C000182105A8E7F7FEF90AA809A908AA07AB1D
:1090D000CDE90032CDE9021006AB05AA13A1204666
:1090E000E7F7ACFA059800F5FA600590012105A8AC
:1090F000F5F768FF00200BB030BDC82024F0DCFB82
:10910000681CC5B2032DC9DBFFF72AFF4FF0FF3003
:10911000F1E70000A86E01242B43434C4B3A20009A
:1091200041542B43434C4B3F0D0A000025642F252F
:10913000642F25642C25643A25643A2564000000D8
:10914000F0B58DB000200C900B9000250026002477
:10915000182105A8E7F7B6F90027FE48C0780D28C2
:109160006FD2DFE800F007123158B6D8FDFCFBFAE9
:10917000F9F8F7000020F8490870F8490870FFF77F
:10918000A3FA0120F349C8709CE3FFF75DFE0220BB
:10919000F049C8700020F0490870F0480078401C81
:1091A000C0B2EE49087003280DDB0020EA490870C0
:1091B000EA490870FFF7D4FE0020E6490870C8703D
:1091C000401E0DB0F0BD7DE31922E5A1E5A0FFF73B
:1091D0009DFE68B900221146E4A0FFF797FE032028
:1091E000DC49C870012008710020DB49087011E0DB
:1091F0000A2024F061FB0020D6490871D648007887
:10920000401CD5490870084600781E2802DD012060
:10921000D049C87056E34FF40061D648E7F752F9D9
:109220006422D5A1D6A0FFF771FE00282DD100221F
:109230001146D6A0FFF76AFE142024F03DFB00265D
:1092400016E033E36422D7A1D8A0FFF75FFE0546FE
:1092500065B9D9A1C748E7F74CF904460834142288
:109260002146BC481930E7F705F903E0701CC6B287
:10927000032EE7DB00BF0420B649C8700121B548C2
:1092800041710020B449087022E0142024F014FB3E
:109290000021B0484171B0480078401CAE490870C8
:1092A000084600781E2813DD0120AA49C870410332
:1092B000C448ECF799FA012805D100224103C148BE
:1092C000ECF7A4FA04E001225103BE48ECF79EFA41
:1092D000F8E24FF40061A748E7F7F4F81922BAA1C1
:1092E000BCA0FFF713FE30B905209A49C8700020D2
:1092F000994908700EE0142024F0DEFA96480078B0
:10930000401C95490870084600780A2802DD0120B3
:109310009049C870D6E24FF400619648E7F7D2F85A
:109320001922AFA1B0A0FFF7F1FDB8BBACA19148E5
:10933000E7F7DFF8044600200B900C900BAB0CAA6B
:10934000ACA12046E7F77AF9C5B20C98632815D08E
:10935000022D06E08AE262E219E2C6E1E7E08CE073
:109360002DE00BD10C98401CC1B27A4881710620C7
:109370007849C8700020784908701FE0C82024F0A0
:109380009BFA75480078401C7349087008460078BD
:109390001E2813DD01206F49C8700FE0FFE7C820C9
:1093A00024F08AFA6C480078401C6B490870084623
:1093B00000781E2802DD01206649C87082E24FF461
:1093C00000616C48E7F77EF819228DA18EA0FFF7A7
:1093D0009DFD00283DD18AA16648E7F78AF804463A
:1093E00000200B900C900BAB0CAA8AA12046E7F74B
:1093F00025F9C5B20C9830B9022D04D100221146CE
:1094000088A0FFF783FD0B98012802D00B98052850
:109410000BD1022D09D101214E48C17107204D49C0
:10942000C87000204C49087026E000214948C171ED
:109430004FF4827024F040FA47480078401C4649B7
:10944000087008460078322816DD01204149C870AE
:1094500012E000213F48C1714FF4827024F02CFAD1
:109460003D480078401C3C49087008460078322886
:1094700002DD01203749C87024E24FF400613D4805
:10948000E7F720F819226BA16CA0FFF73FFDD0BBD6
:1094900068A13848E7F72DF804460CB308341821C2
:1094A00005A8E7F70FF80AA809A908AA07ABCDE9AC
:1094B0000032CDE9021006AB05AA63A12046E7F70A
:1094C000BDF8059800F5FA600590012105A8F5F7AB
:1094D00079FD00202049087008201E49C87025E049
:1094E00000211C48C171C82024F0E6F91A48007810
:1094F000401C1949087008460078142816DD012020
:109500001449C87012E0FFE700211248C171C82059
:1095100024F0D2F910480078401C0F490870084622
:109520000078142802DD01200A49C870CAE16422CB
:109530004AA14DA0FFF7EAFC50B948A10D48E6F753
:10954000D8FF044600200B900C900BAB0CAA93E0C4
:10955000B8E00000A8760124630100246201002421
:109560004F4B000041540D0A0000000041544530AB
:109570000D0A0000A86E0124524541445900000024
:1095800041542B4350494E3F0D0A000041542B4D8E
:109590004346473D2273696D686F74222C30220D5B
:1095A0000A0000002B49434349443A0041542B49E7
:1095B000434349440D0A00002B49434349443A20A0
:1095C00000000000000802582B4346554E3A203157
:1095D0000000000041542B4346554E3F0D0A000049
:1095E0002B4353513A20000041542B4353510D0A51
:1095F000000000002B4353513A2025642C256400C1
:109600002B43455245473A0041542B434552454769
:109610003F0D0A002B43455245473A2025642C252F
:109620006400000041542B43455245473D320D0A2A
:10963000000000002B43434C4B3A200041542B4385
:10964000434C4B3F0D0A000025642F25642F2564F1
:109650002C25643A25643A25640000002B4D4950BE
:1096600043414C4C3A00000041542B4D495043417A
:109670004C4C3F0D0A00000094A12046E6F7DEFFA7
:10968000C5B20B98012808D1022D06D10A209349B2
:10969000C87000209249087026E0642024F00CF97C
:1096A0008F480078401C8E490870084600781428BE
:1096B0001ADD002211468BA0FFF728FC09208749FC
:1096C000C87011E000218548C171642024F0F4F8CD
:1096D00083480078401C82490870084600781428A6
:1096E00002DD01207D49C870ECE04FF40061844840
:1096F000E6F7E8FE1922AFF2981182A0FFF706FC08
:1097000088BBC822AFF2AC010020FFF7FFFB82A1AB
:109710007B48E6F7EEFE044600200B900C900BAB66
:109720000CAA6AA12046E6F789FFC5B20B9801286A
:1097300008D1022D06D10A206849C8700020684966
:10974000087023E04FF4827024F0B6F86448007883
:10975000401C6349087008460078142816DD012073
:109760005E49C87012E0FFE700215C48C1716420C7
:1097700024F0A2F85A480078401C5949087008465D
:109780000078142802DD01205449C8709AE04FF493
:1097900000615B48E6F796FE322262A164A0FFF703
:1097A000B5FB48BB66A15648E6F7A3FE0446102168
:1097B0004A480930E6F786FE484A093263A1204646
:1097C000E6F73CFFC5B2012D03D10B204349C87019
:1097D00024E0C82024F070F841480078401C40493B
:1097E000087008460078142818DD00213B48C17134
:1097F00001203A49C87011E0C82024F05DF83848CB
:109800000078401C3649087008460078142805DDA9
:1098100001203249C87000213048C17152E04FF434
:1098200000613748E6F74EFE6422AFF2CC214CA02F
:10983000FFF76CFBB0B9AFF2D8213148E6F759FE1B
:1098400004467CB12E48201A801FC7B22821234825
:109850003E30E6F737FE3A462949891C1F483E301C
:10986000E6F708FE0C201D49C8702BE04FF400619C
:109870002348E6F727FE32223CA13EA0FFF746FB35
:1098800080B93AA11E48E6F734FE044654B11021CF
:1098900012482E30E6F716FE0F22E11D0F482E303B
:1098A000E6F7E8FD0D200D49C8700BE001200B49DB
:1098B000087000200A49087031490870FFF750FB12
:1098C00000207EE400BF01207BE400002B4D4950C6
:1098D00043414C4C3A2025642C256400A876012491
:1098E0006301002441542B434744434F4E543D31C0
:1098F0002C224950222C22434D494F54220D0A005C
:10990000A86E012441542B4D495043414C4C3D31EC
:109910002C310D0A000000002B4D495043414C4CA6
:109920003A2000002B4347504144445200000000BD
:1099300041542B434750414444523D310D0A0000ED
:109940002B434750414444523A2000002B43475098
:10995000414444523A20312C22255B5E225D0000B6
:1099600041542B43474D520D0A0000002B434753EF
:109970004E3A200041542B4347534E3D310D0A00CF
:109980006201002410B5002202210648EBF73EFFD9
:1099900042F2107023F090FF012202210148EBF700
:1099A00035FF10BD000C02582DE9F04107460C466A
:1099B00016463C480088C0F30E0807B114B90020D1
:1099C000BDE8F081A0452CDB3749384A1288881859
:1099D00022463946E6F7CAFD30B9344800882044AB
:1099E000324908800020EBE72F49304A1288881856
:1099F00015222FA1E6F7BAFD88B92B492B4A128808
:109A0000114401F1150030A1E6F773FD054625B1BB
:109A1000A81C2549401A254908800220D0E70320C8
:109A2000CEE7002E01DC0320CAE736E0052023F054
:109A300043FF761F1B480088C0F30E08A0452CDBAF
:109A400019491A4A1288881822463946E6F78EFDC7
:109A500030B9164800882044144908800020AFE738
:109A60001149124A12888818152211A1E6F77EFDC5
:109A700088B90D490D4A1288114401F1150012A14F
:109A8000E6F737FD054625B1A81C0749401A0749E6
:109A90000880022094E7032092E7002EC6DC012014
:109AA0008EE700005E010024A86E012460010024FE
:109AB0000D0A2B4D49505552433A20226469736375
:109AC0006F6E6E222C0000000D0A000070B5044677
:109AD0000D46074890F82B0040B92A462146054814
:109AE000E6F7C8FC0120024981F82B0070BD000098
:109AF000287F01242877012401480078704700005E
:109B0000A815002410B5FEF747FE10BD70B5054638
:109B100015B1012D0DD103E0FEF742FE044609E028
:109B2000FEF76EFE18B9FEF74DFE044600E006246F
:109B300000E000BF00BF204670BD00002DE9F041ED
:109B400006460C46002524B1012C0BD0022C5ED118
:109B500054E0FEF725FE07463A462FA13046F3F7BC
:109B600037F855E0FEF74CFE002841D1FEF72AFEFB
:109B70000546082D35D2DFE805F0040A161C222E12
:109B80001028264A26A13046F3F722F82FE0254A6E
:109B900023A13046F3F71CF829E0234A20A13046E0
:109BA000F3F716F823E0214A1DA13046F3F710F829
:109BB0001DE01F4A1AA13046F3F70AF817E01D4AC4
:109BC00017A13046F3F704F811E01B4A14A1304600
:109BD000F2F7FEFF0BE0194A11A13046F2F7F8FF49
:109BE00005E0174A0EA13046F2F7F2FF00BF04E08D
:109BF000144A0BA13046F2F7EBFF09E0FEF7DAFD5D
:109C000007463A4606A13046F2F7E2FF00E000BF01
:109C100000BFBDE8F081000025640000EBF20508FC
:109C200025730000C4F2050809F30508B6F205081B
:109C3000CFF20508DDF2050819F30508FCF2050866
:109C4000AAF205089EF2050810B50648C07838B19A
:109C500000210448C170FEF791FF002001490870FF
:109C600010BD0000A8150024034A106001F5004251
:109C7000024B1A80704700005C0000246000002442
:109C80000120014988707047A8150024012101486E
:109C9000C1707047A815002410B5044600F002F802
:109CA00010BD00000024F4F70DFF012801D1FCF7DE
:109CB00081FE3BA0F2F77CFFFEF7A2FE00BF002171
:109CC000012006F017F828213B48E6F7FBFBFEF7DA
:109CD0002BFD04E005F016FF0A2023F0EDFDFFF751
:109CE0002FFA0128F6D0FEF78BFD012803D00120C2
:109CF000FCF760FEE3E70121084605F0FBFF4EE0BC
:109D0000F4F7E0FE012822D023F038F9022818D019
:109D100000F058F8FFF798FF27480078012816D17F
:109D20002648008800F4004088B124480088C0F329
:109D30000E0123480068FEF72BFF00201F49088012
:109D400005E023F01BF9022801D123F0F3F9601C90
:109D5000044641F2707188420BD91748007840B927
:109D60000024FEF771FF28B1FEF752FEFFF788FFCF
:109D700000E00024FEF744FD012802D10E4880785F
:109D800040B10120FCF716FEFEF742FE00200A4912
:109D9000887094E705F0B6FE0A2023F08DFDAFE74A
:109DA00067736D5F7461736B5F66756E6374696F03
:109DB0006E2072756E200A00A81500246000002431
:109DC0005C0000247CB50025002000900190F4F791
:109DD00095FE044630480078002854D12F4800787A
:109DE00070B9FEF731FF40B1FEF712FEFFF748FFF2
:109DF0000021012005F07EFF7CBD0120274908706D
:109E0000206C30B1207820B125A12046E6F7A0FBD8
:109E100038B90120FCF7CEFD0121084605F06AFFA4
:109E200031E021A16846226CF2F7D2FE6946204655
:109E3000FEF7F8FDC5B28DB90020FCF7BBFD02218D
:109E4000012005F057FF0120F5F76EF801201249B7
:109E50000870F5F707F8F4F79BFD14E001210846B8
:109E600005F048FF00200C49087008464078401C67
:109E7000487008464078032805DD00204870FEF74A
:109E8000C7FDFFF7FDFE0448007810B90020034924
:109E9000087000BFB0E70000A8150024620000248D
:109EA000302E302E302E3000256400007CB5064662
:109EB0000C4615466846EFF7DEF9BDF80000308025
:109EC000BDF802002080BDF80400288000207CBD81
:109ED0001CB504462348047000F048F801A90F207F
:109EE000EFF740FA9DF80400332802D04FF0FF301E
:109EF0001CBDEFF74DFA0020009002E00098401CD6
:109F00000090194900988842F8D30720EFF7E0FB4A
:109F10000220EFF773FB0220EFF701FB0020EFF7C1
:109F20001CFB0120EFF78DFA0720EFF76CFA0120F8
:109F3000EFF787FA0120EFF7A2FA3320EFF7C6FA1E
:109F40001420EFF7D2FAFF20EFF7B5FAFF20EFF772
:109F5000DBFA8020EFF71FFB8020EFF735FB0020B6
:109F6000C6E700004C02002440420F0010B505482F
:109F7000007818B1EFF7B8F9002010BDEFF73FFAFD
:109F80000120FAE74C0200242DE9F04104460D4679
:109F900016461AF08EF844F080001AF083F8002775
:109FA00005E000201AF07EF82870781C87B2B742CE
:109FB000F7DB1AF07DF80020BDE8F0812DE9F041D3
:109FC00005460C4616461AF074F825F080001AF083
:109FD00069F8002705E014F8010B1AF063F8781C03
:109FE00087B2B742F7DB1AF063F80020BDE8F081D2
:109FF0000146302905DB392903DCA1F1300040B2EC
:10A000007047612905DB662903DCA1F1570040B2E6
:10A01000F6E7412905DB462903DCA1F1370040B210
:10A02000EEE74FF0FF30EBE72DE9F04105460E4635
:10A0300090462F4600BF00BF0121304620F0ACFB08
:10A0400001F028F804461CB94FF0FF30BDE8F0815C
:10A05000214630461BF036FD094930461FF010FE00
:10A06000084930461CF0D4FB0422074930461EF054
:10A07000E1FD0649304620F031FB0020E6E7000014
:10A080000DA60308E1A00308C5A50308A3AD0308B6
:10A0900070B505460C46002128461BF013FD002133
:10A0A00028461FF0EDFD002128461CF0B1FB0022E0
:10A0B000114628461EF0BEFD0021284620F00EFB6A
:10A0C000204600F0F5FF28461BF0C0FE064626B1EC
:10A0D0000422024928461EF0ADFD70BDC5A5030847
:10A0E00070B504460E46254615B1284600F0E0FF3F
:10A0F00070BD00002DE9F74F064691464FF000086D
:10A10000002086F82C00019800782F2827D101988C
:10A11000407820BB002414E0434951F83400FEF796
:10A120003BF98046404850F834000190B8F1000FE8
:10A1300006D03D4800EBC400007986F82C0002E010
:10A14000641C052CE8D300BFB8F1000F64D101A84E
:10A1500000F072F88046002086F82C005CE03F2179
:10A160000198E6F7E4F9054615B1002028706D1C4A
:10A170002E48006870B32E48006858B300271CE0D2
:10A180002B48006850F837100198E6F7E1F998B9C4
:10A1900029463046FDF7A6FE82462548006800EBBA
:10A1A000C70006F59A7306F1F4025146D0F804C0D0
:10A1B0003846E047019004E07F1C1C480068874255
:10A1C000DEDB00BF19480068874203D115B16D1E60
:10A1D0003F2028700198FEF7DFF88046B8F1000FA5
:10A1E00003D101A800F028F88046B8F1000F13D081
:10A1F000002086F82C0000240BE00E4850F82410B4
:10A200000198E6F776F918B1012086F82C0002E0F3
:10A21000641C042CF1D300BF4A4641463046019BE2
:10A2200000F038F8BDE8FE8F4C530608D803002430
:10A23000D4030024B803002470B504460CA02060A9
:10A240002068FEF7A9F805467DB90CA020602068BB
:10A25000FEF7A2F8054645B90BA020602068FEF77E
:10A260009BF805460DB900202060284670BD00000F
:10A270002F3430342E68746D6C0000002F3430346D
:10A280002E68746D000000002F3430342E73687413
:10A290006D6C00002DE9F04104460D4616469846C7
:10A2A000002D43D00020208584F8F1002868E0616B
:10A2B000686860622868206225602868606000BF66
:10A2C0006868002808DA00BF1CA34FF4EC6228A1DC
:10A2D0002FA0F2F76DFC00BF00BF6868606100202E
:10A2E000207600BF2068007C002808D100BF13A39F
:10A2F00040F2677230A126A0F2F75AFC00BF00BFFF
:10A300002068007CB8B1B6B136A1626960681AF005
:10A31000EFF807464FB1391D6268881A6168014439
:10A3200061606169091A616100BF04E0002020607A
:10A330006060606120760020BDE8F0812E2E5C2EEA
:10A340002E5C4D6964646C6577617265735C6C77D3
:10A3500069705C6C7769705F6170705C7765625F73
:10A360007365727665725C68747470642E63000045
:10A3700046696C65206C656E677468206D757374D2
:10A3800020626520706F7369746976652100000032
:10A39000417373657274696F6E2022257322206683
:10A3A00061696C6564206174206C696E6520256448
:10A3B00020696E2025730A00485454502068656156
:10A3C00064657273206E6F7420696E636C7564656A
:10A3D0006420696E2066696C652073797374656D9D
:10A3E000000000000D0A0D0A000000002DE9F74FE3
:10A3F00084B00C460498D0F8008000BFB8F1000F7C
:10A4000008D100BF4DA340F23D6259A15BA0F2F715
:10A41000CFFB00BF00BF00BF44B900BF47A340F25D
:10A420003E6260A155A0F2F7C3FB00BF00BF2068E9
:10A4300008B9606820B16FF0070007B0BDE8F08F81
:10A44000A06810B9C4F8088003E04146A06810F085
:10A4500067FEA068006898B1A068008940F2FF31EB
:10A46000884202DAA068008901E040F2FF308146AC
:10A4700000234A464E49A06810F048FF4C4E04E0C5
:10A48000D8F80460B8F80A9000BFB9F1070F42DBB2
:10A490004A4648A130461AF02BF88246BAF1000F1E
:10A4A00039D000200390042243A13046E6F774F827
:10A4B00008B9F51C04E0002030716FF00F00BCE714
:10A4C000681C801BA9EB000080B202903CA1681CB4
:10A4D000029A1AF00DF807463FB936A1681C029A95
:10A4E0001AF006F8074601200390681C381A80B25B
:10A4F00001907FB1AF420DD9681C009000202870F8
:10A500000022DDE9000142542046039A0099FFF73A
:10A51000F1FD92E700BFA06810F08BFE8346A068B3
:10A520000089B0F5806F05DABBF10A0F02DC6FF02D
:10A53000040082E76FF00F007FE700002E2E5C2EF4
:10A540002E5C4D6964646C6577617265735C6C77D1
:10A5500069705C6C7769705F6170705C7765625F71
:10A560007365727665725C68747470642E63000043
:10A570007020213D204E554C4C0000004173736506
:10A580007274696F6E2022257322206661696C6582
:10A5900064206174206C696E6520256420696E20DA
:10A5A00025730A00687320213D204E554C4C000055
:10A5B00020CA03240D0A0000474554200000000073
:10A5C0002000000070B505460E462C462CB92146E9
:10A5D0003046FFF75DFD002070BD207E401C2076D8
:10A5E000207E042805D121463046FFF751FD00208A
:10A5F000F2E74CB1206838B12146304600F0A6F8A9
:10A6000010B130461DF0B0FB0020E5E72DE9FF4119
:10A6100007460E4698466FF00C043D46B8F1000F11
:10A6200002D1029800B18DB9029838B1029801891F
:10A6300030461FF095FB029810F07CFF294630460B
:10A64000FFF726FD002004B0BDE8F08102980189E3
:10A6500030461FF085FB286800281BD1324629466A
:10A6600002A8FFF7C3FE044600BF002C11D0601DF6
:10A6700000280ED00B3000280BD00838002808D056
:10A6800000BF10A340F611021BA126A0F2F790FA1A
:10A6900000BF00BF601D30B1A86820B1A86810F0ED
:10A6A00049FF0020A86024B92946304600F04EF842
:10A6B00006E004F1100018B929463046FFF7E8FC1F
:10A6C0000020C0E72E2E5C2E2E5C4D6964646C6504
:10A6D00077617265735C6C7769705C6C7769705FC9
:10A6E0006170705C7765625F7365727665725C68D5
:10A6F000747470642E630000687474705F706172AB
:10A7000073655F726571756573743A20756E6578EF
:10A710007065637465642072657475726E2076610D
:10A720006C756500417373657274696F6E202225C4
:10A730007322206661696C6564206174206C696EA7
:10A740006520256420696E2025730A002DE9F843F1
:10A7500005460C464FF0000900276069002842D1E9
:10A76000206830B921462846FFF792FC0020BDE85A
:10A77000F8832068FDF7CCFD002805DC214628463B
:10A78000FFF786FC0020F2E7E06808B1266915E0D3
:10A79000688E460000BFB0B20EF050FBE060E0688B
:10A7A00008B1266105E0304606EBD0714E10642EEC
:10A7B000F1DC00BFE06808B90020D8E73246E16864
:10A7C0002068FDF70FFE0646002E05DA21462846D2
:10A7D000FFF75EFC0120CAE76661E06860606662C0
:10A7E000E068E06100BF94F82C00002843D1B5F880
:10A7F00064006169884203D2B5F86400009012E0F9
:10A80000A08A80B2009000BFBDF800106069884245
:10A8100008D000BFE3A340F2B132EFA1F7A0F2F7F6
:10A82000C7F900BF00BFB5F832804FEA4800BDF855
:10A830000010884203DA4FEA4840000C009094F878
:10A840002C0008B1012000E0002003466A4628469B
:10A85000616801F04BFE0746002F0BD14FF0010954
:10A86000BDF80010606808446060BDF800106069C1
:10A87000401A606186E2B5F8640000906168E069A2
:10A8800088424BD96168E069401AB5F86410884283
:10A8900003DDB5F86400009015E000BF6168E06971
:10A8A000401AB0F5803F08DB00BFBEA340F2CF32B4
:10A8B000DCA1D2A0F2F77CF900BF00BFA08BA18879
:10A8C000401A80B20090B5F832804FEA4800BDF8D7
:10A8D0000010884203DA4FEA4840000C009094F8D8
:10A8E0002C0008B1012000E0002003466A462846FB
:10A8F000616801F0FBFD07465FB94FF00109BDF843
:10A900000010606808446060BDF800106069401A7B
:10A910006061B5F8640008B9484628E7DDE1BDF894
:10A92000000008B9484622E794F8F100052815D23E
:10A93000DFE800F0031534A7F000E0690078C249B1
:10A9400009680978884203D1012084F8F100208544
:10A95000606A401E6062E069401CE061BCE1208DDD
:10A96000052805D100202085022084F8F10014E09C
:10A97000E0690078218DB44A1268515C884203D1A5
:10A98000208D401C208502E0002084F8F100606AE0
:10A99000401E6062E069401CE0619DE1208DB0B91D
:10A9A000E069007820280BD0E0690078092807D0FA
:10A9B000E06900780A2803D0E06900780D2806D104
:10A9C000606A401E6062E069401CE06184E1E06909
:10A9D00000789E490968097888420FD0E0690078BC
:10A9E00020280BD0E0690078092807D0E0690078BA
:10A9F0000A2803D0E06900780D282CD1208D18B9E1
:10AA0000002084F8F10035E0032084F8F10000BF55
:10AA1000208DFF2808DD00BF62A340F237428CA1E1
:10AA200076A0F2F7C5F800BF00BF94F8280084F8BC
:10AA30002D000021228D04F12E008154E069007860
:10AA4000824909680978884202D10120208511E0F5
:10AA5000002020850EE0208D012808DAE0690178C9
:10AA6000228D501C208504F12E00815402E000202C
:10AA700084F8F100606A401E6062E069401CE06199
:10AA80002AE1208DB0B9E069007820280BD0E06978
:10AA90000078092807D0E06900780A2803D0E06927
:10AAA00000780D2806D1606A401E6062E069401C93
:10AAB000E06111E1E0690078218D644A1268515C1F
:10AAC000884242D1606A401E6062E069401CE061D9
:10AAD000208D022835D12046FDF706FD0020208577
:10AAE000042084F8F100E06920626168206A8842ED
:10AAF00034D96168206A401ABDF80010884204DA2F
:10AB0000208CA188401A80B2009094F82C0010B1DB
:10AB1000012001E023E0002003466A4628466168E0
:10AB200001F0E4FC0746CFB94FF00109BDF8001071
:10AB3000606808446060BDF800106069401A606198
:10AB40000CE0208D401C208508E0606A401E606299
:10AB5000E069401CE061002084F8F100BCE061681D
:10AB6000206A88421DD96168206A401ABDF8001029
:10AB7000884204DA208CA188401A80B20090BDF887
:10AB8000000068B194F82C0008B1012000E000201A
:10AB900003466A462846616801F0A8FC074664E05F
:10ABA00062E070E02E2E5C2E2E5C4D6964646C6554
:10ABB00077617265735C6C7769705C6C7769705FE4
:10ABC0006170705C7765625F7365727665725C68F0
:10ABD000747470642E63000068732D3E6C65667437
:10ABE00020646964206E6F742066697420696E74D5
:10ABF0006F207531365F742100000000417373656A
:10AC00007274696F6E2022257322206661696C65FB
:10AC100064206174206C696E6520256420696E2053
:10AC200025730A00446174612073697A6520646F3A
:10AC30006573206E6F742066697420696E746F206E
:10AC40007531365F74210000745306087853060886
:10AC500068732D3E7461675F696E646578203C3D62
:10AC6000203078666600000000277FBB4FF00109A6
:10AC7000BDF80010606808446060BDF800106069AD
:10AC8000401A606128E0208D618D88421FDA608D56
:10AC9000218D401ABDF80010884204DA608D218DA4
:10ACA000401A80B20090228D04F130001118012367
:10ACB0006A46284601F01AFC074667B94FF00109B9
:10ACC000208DBDF800100844208504E004E0002039
:10ACD000208584F8F10000BF00BF606A10B1002F2A
:10ACE0003FF41DAE94F8F10004284BD06168E06990
:10ACF000884247D96168E069401AB5F86410884213
:10AD000003DDB5F86400009018E000BF6168E069F9
:10AD1000401AB0F5803F0BDB00BFAFF2781340F272
:10AD2000FD42AFF20011AFF22C10F1F741FF00BF6E
:10AD300000BFA08BA188401A80B20090688E4000AE
:10AD4000BDF80010884203DA688E4004000C0090C1
:10AD500094F82C0008B1012000E0002003466A4668
:10AD60002846616801F0C2FB07465FB94FF0010950
:10AD7000BDF80010606808446060BDF800106069AC
:10AD8000401A6061606950B92068FDF7C1FA002877
:10AD900005DC21462846FFF77BF90020E7E448461A
:10ADA000E5E42DE9F04104460E461746254615B95F
:10ADB0000020BDE8F0810020287629463046FFF7C4
:10ADC000C5FC0020F5E7000070B505460C4600BF45
:10ADD000002D08D100BF0DA340F6AB0218A11CA0A6
:10ADE000F1F7E6FE00BF00BF00BF002C08DC00BF8B
:10ADF00006A340F6AC0220A115A0F1F7D9FE00BFD2
:10AE000000BF244805602448046070BD2E2E5C2ECF
:10AE10002E5C4D6964646C6577617265735C6C77F8
:10AE200069705C6C7769705F6170705C7765625F98
:10AE30007365727665725C68747470642E6300006A
:10AE40006E6F206367697320676976656E00000026
:10AE5000417373657274696F6E20222573222066B8
:10AE600061696C6564206174206C696E652025647D
:10AE700020696E2025730A00696E76616C69642012
:10AE80006E756D626572206F662068616E646C65B8
:10AE900072730000D4030024D803002470B5064662
:10AEA0000C46154600BF002E08D100BF14A340F683
:10AEB000950220A125A0F1F77BFE00BF00BF00BFD7
:10AEC00044B900BF0EA340F696022AA11FA0F1F7D5
:10AED0006FFE00BF00BF00BF002D08DC00BF08A34D
:10AEE00040F6970227A119A0F1F762FE00BF00BF4C
:10AEF0002A4806602A4804602A48056070BD0000A0
:10AF00002E2E5C2E2E5C4D6964646C6577617265D3
:10AF1000735C6C7769705C6C7769705F6170705C92
:10AF20007765625F7365727665725C68747470646D
:10AF30002E6300006E6F207373695F68616E646CCE
:10AF4000657220676976656E000000004173736565
:10AF50007274696F6E2022257322206661696C65A8
:10AF600064206174206C696E6520256420696E2000
:10AF700025730A006E6F20746167732067697665B8
:10AF80006E000000696E76616C6964206E756D629A
:10AF90006572206F6620746167730000C803002427
:10AFA000D0030024CC030024F0B58FB00646F3F79D
:10AFB000A5FD0446F3F7F6FC054614210AA8E5F7BB
:10AFC00081FA00200890099004210AA80AF030F9BB
:10AFD000052108A80AF02CF9F3F70CFE4FF47A715A
:10AFE000B0FBF1F7D5F88410286CCDE90507CDE961
:10AFF000031505F14400216CCDE90041029004F1F4
:10B00000440204A13046D4F88430F1F7E1FD0FB0DA
:10B01000F0BD00005B222573222C222564222C2205
:10B020002573222C222564222C222573222C2225F2
:10B0300064222C222573222C222564222C222564B2
:10B0400073225D0030B587B00546142102A8E5F7EC
:10B0500039FAF3F7E5FC0446E078A178CDE9001071
:10B060006378227805A102A8F1F7B2FD02AA06A131
:10B0700028466368F1F7ACFD07B030BD25642E2586
:10B08000642E25642E2564005B222573222C222544
:10B0900064225D0010B54FF4BA700DF0CFFE044687
:10B0A00024B14FF4BA712046E5F70CFA204610BDE2
:10B0B00010B5044684B1206820B12068FDF72DF951
:10B0C00000202060E06820B1E0680DF011FD002054
:10B0D000E06020460DF00CFD10BD10B50346104693
:10B0E00009B10C6804B910BD0C68046000BFFAE730
:10B0F0002DE9F0478EB00027B846B946BA4634214C
:10B1000001A8E5F7DFF952A355A258A101A8F1F76C
:10B110005FFD58491122086857A1E5F73DFA8046BE
:10B12000B8F1000F03D0781E0EB0BDE8F08751498A
:10B13000086856A1E5F7DDF9074617B96FF0010079
:10B14000F2E73F1D53A13846E5F7D3F9054615B997
:10B150006FF00200E8E705F10A0400E0641C2078C3
:10B160002028FBD020780928F8D02078222802D087
:10B170006FF00300D8E7641C22212046E5F7D7F9D9
:10B18000064616B96FF00400CEE7A6EB0409B9F144
:10B19000000F02D0B9F1400F02D36FF00500C3E7F2
:10B1A000402134480C30E5F78DF94A4621463148B4
:10B1B0000C30E5F75FF93AA13846E5F79AF905460C
:10B1C00015B96FF00500AFE7AC1D00E0641C2078F6
:10B1D0002028FBD020780928F8D02078222802D017
:10B1E0006FF00600A0E7641C22212046E5F79FF9D6
:10B1F000064616B96FF0070096E7A6EB040ABAF107
:10B20000000F02D0BAF1FF0F02D96FF008008BE7F0
:10B210004FF4807117484C30E5F754F952462146F7
:10B2200014484C30E5F726F912490C3101A8E5F72E
:10B230008FF98046B8F1000F01D0012074E7B8F112
:10B24000000F01D102206FE76FF009006CE70000EA
:10B25000312E302E302E3230323531323133000043
:10B26000464E2D4A5454592D5059000025732D2512
:10B2700073000000747F0124485454502F312E3144
:10B2800020323030204F4B0D0A0000000D0A0D0A0D
:10B29000000000002276657273696F6E223A00002A
:10B2A0002275726C223A000070B500250024002639
:10B2B0001F4908681FA1E5F71CF9044644B91C485A
:10B2C0008068B0F5806F01D3681E70BD0020FCE778
:10B2D000241D17480068251A1549086817A1E5F7C5
:10B2E00008F9044624B1124800682844A04202D854
:10B2F0004FF0FF30E9E70F3400E0641C207820288D
:10B30000FBD020780928F8D02046E5F701FB064657
:10B31000B6F5005F02DB6FF00100D6E704488068F5
:10B32000401BB04201D20120CFE70220CDE7000050
:10B33000747F01240D0A0D0A00000000436F6E7433
:10B34000656E742D4C656E6774683A0010B5002404
:10B35000FDF7F2F921F00EFE04460020A07310BDA7
:10B3600010B500240A48006850B1094800680EF082
:10B370000FFC074800680EF04BFC002004490860F1
:10B3800021F0F8FD0446002161730120207310BDF7
:10B39000880100242DE9F04706460F4600240025C9
:10B3A000A04621F0E7FD044600BF15E0304603F05B
:10B3B0004DFF81463946FDF7A7FB8046B8F1000FE7
:10B3C00004D10120A0730020BDE8F0874FF47A700B
:10B3D00022F072FA681CC5B2032DE7DB0020A073CF
:10B3E000401EF1E72DE9F04106460F4600240025F6
:10B3F000A04621F0BFFD044600BF11E039463046AB
:10B40000FDF782FB8046B8F1000F04D10120A07344
:10B410000020BDE8F081322022F04EFA681CC5B24F
:10B42000032DEBDB0020A073401EF2E72DE9F04175
:10B4300005460E460027B84621F09CFD804600BF19
:10B4400029E00022114610200EF060FD1549086029
:10B450000846006800B91CE03246294611480068D9
:10B460000EF0B8FB04463CB10E4800680EF0D0FB6D
:10B4700000200C4908600CE0012188F80D100A201A
:10B4800008490968C861022088F80C000020BDE85E
:10B49000F081781CC7B2032FD3DBFBF783FA4FF0A0
:10B4A000FF30F4E7880100242DE9F8430024002050
:10B4B0000090002780468146002500264949A1F8D2
:10B4C0001C0200BF4748B0F88C2100F5A67146A0C9
:10B4D000F1F76EFB4348B0F88C1100F5A670FFF74A
:10B4E00081FF04463CB1761C0A2E03D94FF0FF3091
:10B4F000BDE8F883E6E700260221012004F0FAFB0C
:10B5000060E03848B0F88C1100F5A67000F0E4FD5A
:10B51000044614B1FFF71AFFD4E7002031498860D0
:10B5200000278046814639E0684600F023FD044646
:10B53000E01C10B9FFF70AFFC4E724B1FFF706FFCC
:10B540006FF00100D4E70098A8B927B90127EAF7FE
:10B5500069F980460BE0EAF765F98146A9EB080036
:10B5600042F21071884202D3FFF7F0FEAAE70A20E8
:10B5700022F0A2F912E00027FFF796FE0446022C03
:10B5800003D00A2022F098F908E01648B0F81822F3
:10B59000B0F81C121BA0F1F70BFB00E0C4E700BFE2
:10B5A00000F062FC04465CB1601D30B96D1C0A2DD0
:10B5B00002D96FF002009BE704E06FF0030097E709
:10B5C000002500BF0748B0F81C020649B1F8181260
:10B5D000884296DBFFF7BAFE0021012004F08AFBC7
:10B5E000002085E7747F01240ACEDECFDFC1ACBD29
:10B5F000D3B7FECEF1C6F72025733A2564202E2E50
:10B600002E0A00000AB6CE3A2025752F25750A00AD
:10B610002DE9F84F00240020009000278046814645
:10B62000002500264E49A1F81C0200BF4D4803F03A
:10B630000DFE82464A48B0F88C2151464AA0F1F7E7
:10B64000B7FA4748B0F88C114648FFF7EFFE0446BA
:10B650003CB1761C0A2E03D94FF0FF30BDE8F88FBD
:10B66000E4E700260221084604F044FB67E03C487A
:10B67000B0F88C113B4800F08FFD044604F10F0038
:10B6800010B9FFF76DFED1E724B1FFF769FE6FF047
:10B690000100E3E7002032498860002780468146A8
:10B6A00039E0684600F08CFC0446E01C10B9FFF756
:10B6B00057FEBBE724B1FFF753FE6FF00200CDE762
:10B6C0000098A8B927B90127EAF7ACF880460BE043
:10B6D000EAF7A8F88146A9EB080042F21071884207
:10B6E00002D3FFF73DFEA1E70A2022F0E5F812E0C1
:10B6F0000027FFF7D9FD0446022C03D00A2022F0D0
:10B70000DBF808E01648B0F81822B0F81C121DA0AB
:10B71000F1F74EFA00E0C4E700BF00F0A5FB0446D5
:10B720005CB1601D30B96D1C0A2D02D96FF00200AA
:10B7300094E704E06FF0030090E7002500BF08489D
:10B74000B0F81C020649B1F8181288428FDBFFF7E7
:10B7500007FE0021022004F0CDFA00207EE7000061
:10B76000747F0124848101240AD3D0CFDFC1ACBD12
:10B77000D3B7FECEF1C6F72025733A2564202E2ECE
:10B780002E0A00000AB6CE3A2025752F25750A002C
:10B79000F8B500240020009000250026002734483A
:10B7A000B0F88C2100F5A67132A0F1F701FA30480B
:10B7B000B0F88C1100F5A670FFF714FE04460CB12A
:10B7C000681EF8BD0221012004F094FA2848B0F860
:10B7D0008C1100F5A67000F049FD044624B1FFF776
:10B7E000B5FD6FF00300ECE70020214988602CE0F4
:10B7F000684600F0BFFB044624B1FFF7A7FD6FF0D9
:10B800000400DEE70098B0B925B90125EAF70AF887
:10B8100006460CE0EAF706F80746B81B42F210713C
:10B82000884204D3FFF792FD6FF00500C9E70A20B4
:10B8300022F042F809E00025FFF736FD04461CB966
:10B840000A2022F039F800E000E0D1E700BFFFF75E
:10B850007DFD0021022004F04DFA002000F0DAF80E
:10B860000446002C02DA6FF00600AAE70020A8E7E1
:10B87000747F01240ACEDECFDFC1ACBDD3B7FECECC
:10B88000F1C6F72025733A2564202E2E2E0A0000DB
:10B890002DE9FC410024002001900025002600270E
:10B8A00000904A4890F84C01302804DB474890F853
:10B8B0004C0139280BDD6B46454A69464548F9F786
:10B8C00007FE04466CB14FF0FF30BDE8FC816946CD
:10B8D000404803F0B3FB0446012C02D06FF0010096
:10B8E000F3E73A480099C0F8101200F5047003F02D
:10B8F000ADFC80463548B0F88C21414636A0F1F7C2
:10B9000057F93248B0F88C1100F50470FFF78EFD3E
:10B91000044614B16FF00200D7E70221084604F094
:10B92000E9F92A48B0F88C1100F5047000F0DAFC4F
:10B93000044624B1FFF714FD6FF00300C5E70020B3
:10B94000224988602FE001A800F03AFB044624B1A8
:10B95000FFF706FD6FF00400B7E70198C8B925B9F5
:10B960000125E9F75FFF06460FE0E9F75BFF0746B1
:10B97000B81B42F21071884207D31EA0F1F718F9E4
:10B98000FFF7EEFC6FF005009FE70A2021F094FF1F
:10B9900009E00025FFF788FC04461CB90A2021F0C5
:10B9A0008BFF00E000E0CEE700BFFFF7D9FC0021ED
:10B9B000022004F09FF9002000F02CF80446002C2F
:10B9C00002DA6FF0060080E700207EE7747F012432
:10B9D000DBB00308C08001240AD3D0CFDFC1ACBDE7
:10B9E000D3B7FECEF1C6F72025733A2564202E2E5C
:10B9F0002E0A00000A68747470B8FCD0C22CCEDE27
:10BA0000CAFDBEDDBDD3CAD5B3ACCAB12E2E2E2E13
:10BA10000A0000002DE9F0410646002700252049D4
:10BA2000112208681FA1E4F7B7FD074617B1681E89
:10BA3000BDE8F0811A4908681FA1E4F75AFD0446E1
:10BA400014B96FF00100F3E70F3400E0641C2078B4
:10BA50002028FBD020780928F8D02046E4F765FF9D
:10BA6000054606B135600E48C0F814524FF48060A8
:10BA70000B49A1F81A02801CB5FBF0F100FB115034
:10BA800010B16FF00200D3E740F20240B5FBF0F0D6
:10BA90000349A1F818020020A1F81C0200BFC7E763
:10BAA000747F0124485454502F312E3120323030CD
:10BAB000204F4B0D0A000000436F6E74656E742DAD
:10BAC0004C656E6774683A002DE9F84F07460E46DC
:10BAD000002400200090804681468246384603F0CC
:10BAE000B5FB83463246594634A0F1F761F831463A
:10BAF0003846FFF74FFC04461CB14FF0FF30BDE85D
:10BB0000F88F0221012004F0F5F83146384600F0A4
:10BB100031FC044624B1FFF719FC6FF00100EEE799
:10BB200000202D4988602FE0684600F023FA044683
:10BB300024B1FFF70BFC6FF00200E0E70098D0B9EA
:10BB4000B8F1000F05D14FF00108E9F76BFE81460F
:10BB50000DE0E9F767FE8246AAEB090042F2107198
:10BB6000884204D3FFF7F2FB6FF00300C7E70A2017
:10BB700021F0A2FE08E04FF00008FFF795FB044615
:10BB8000022C00D000E000E0CEE700BFFFF7DEFBB4
:10BB90000021022004F0AEF8FFF7AAFA0446002CB8
:10BBA00002DA6FF00400AAE7012C05D100F0A0F83A
:10BBB00005460DB1E01FA2E72046A0E70ACEDECF82
:10BBC000DFC1ACBDD3B7FECEF1C6F72025733A2551
:10BBD00064202E2E2E0A0000747F01242DE9F84FD8
:10BBE00007460E460024002000908046814682468B
:10BBF000384603F02BFB83463246594634A0F0F713
:10BC0000D7FF31463846FFF711FC04461CB14FF010
:10BC1000FF30BDE8F88F0221084604F06BF831468A
:10BC2000384600F0F1FB044624B1FFF799FB6FF0B2
:10BC30000100EEE700202D4988602FE0684600F003
:10BC4000BFF9044624B1FFF78BFB6FF00200E0E779
:10BC50000098D0B9B8F1000F05D14FF00108E9F70D
:10BC6000E1FD81460DE0E9F7DDFD8246AAEB090022
:10BC700042F21071884204D3FFF772FB6FF00300A9
:10BC8000C7E70A2021F018FE08E04FF00008FFF790
:10BC90000BFB0446022C00D000E000E0CEE700BF22
:10BCA000FFF75EFB0021022004F024F8FFF720FAE2
:10BCB0000446002C02DA6FF00400AAE7012C05D13B
:10BCC00000F016F805460DB1E01FA2E72046A0E7F8
:10BCD0000AD3D0CFDFC1ACBDD3B7FECEF1C6F720BB
:10BCE00025733A2564202E2E2E0A0000747F01242D
:10BCF0002DE9FC474FF000090027B8460025072230
:10BD00004FA15148E4F748FC20B9DFF83C9109F114
:10BD100007090BE008224DA14B48E4F73DFC18B998
:10BD20004FF0FF30BDE8FC87DFF81C914E463A210A
:10BD30003046E4F7FCFB0446002C2DD12F21304681
:10BD4000E4F7F5FB044614B96FF00100EAE7A71B1E
:10BD50006FB921F00FF905462879E978CDE900108F
:10BD6000AB786A783CA13F48F0F732FF0DE0402FF6
:10BD700002D36FF00200D5E740213A48E4F7A2FB76
:10BD80003A4631463748E4F775FB50202E494C3986
:10BD9000A1F88C01A1463AE0A71B6FB921F0EAF89F
:10BDA00005462879E978CDE90010AB786A782AA1B0
:10BDB0002C48F0F70DFF0DE0402F02D36FF0030089
:10BDC000B0E740212748E4F77DFB3A463146254855
:10BDD000E4F750FB601CE4F79BFD8046B8F1000FD0
:10BDE00003D04FF6FF70804502D36FF0040099E74F
:10BDF00015494C39A1F88C81661C2F213046E4F797
:10BE000096FB064616B96FF005008BE7B1464E4625
:10BE10003046E4F796FB07460FB1802F02D36FF050
:10BE200007007FE780210F484230E4F74BFB3A469A
:10BE300031460C484230E4F71DFB002072E7000059
:10BE4000687474703A2F2F00C07F01246874747076
:10BE5000733A2F2F0000000025642E25642E2564E0
:10BE60002E256400C08001242DE9F047002400261F
:10BE700000270025A046A1464FF4700A2E491C2237
:10BE800008682EA1E4F788FB064616B1601EBDE8DF
:10BE9000F0872949086831A1E4F72BFB044614B95F
:10BEA0006FF00100F3E70F3400E0641C20782028D5
:10BEB000FBD020780928F8D02046E4F736FD074665
:10BEC00040F20240874202D06FF00200DFE727A174
:10BED0002046E4F70EFB044614B96FF00300D6E7E2
:10BEE000251D4FF480612846E5F7A4FC804695F8AF
:10BEF000010495F8001440EA0129C84502D06FF00A
:10BF00000400C4E70C48B0F81C020B49B1F81A123F
:10BF1000484300F5700A0848B0F81A2251462846EE
:10BF200014F09EFB0448B0F81C02401C0249A1F822
:10BF30001C020020ABE70000747F012448545450D9
:10BF40002F312E3120323036205061727469616C8D
:10BF500020436F6E74656E7400000000436F6E7452
:10BF6000656E742D4C656E6774683A000D0A0D0A93
:10BF7000000000007CB504460025002001900090E0
:10BF800004B12060694601A8FCF7A8FE054615B17A
:10BF90006FF002007CBD019808B1009808B900203C
:10BFA000F8E7DDE9001000F063F8054615B16FF021
:10BFB0000100EFE70CB1009820600020EAE70000E4
:10BFC0002DE9F84304464FF00008002000900025BA
:10BFD0000026002704B120602448006818B94FF0FB
:10BFE000FF30BDE8F8836946204800680EF076F817
:10BFF000804618F10F0F2FD018F1030F22D0B8F19F
:10C00000000F28D121F00EFA0098056809E069892F
:10C01000686800F02DF8064606B104E06889074418
:10C020002D68002DF3D100BF21F04CFA00980DF0DF
:10C03000AAFC002000900EB1801ED2E704B1276058
:10C040000020CEE7009820B100980DF09CFC002065
:10C0500000900020C5E700BF009820B100980DF0C7
:10C0600092FC002000906FF00200BAE788010024E3
:10C0700070B505460C461748006860B94FF400607B
:10C08000144948600846416800200DF061FC1149E0
:10C090000860002088600F4880682044B0F5006F79
:10C0A00002D94FF0FF3070BD0A490968094A926809
:10C0B000881822462946E4F7DDF9064880682044BE
:10C0C00004498860002103480068024A926881544C
:10C0D0000020E8E7747F01242DE9F043C1B0054654
:10C0E0000E464FF4807101A8E4F7ECF901AC00BFF3
:10C0F00000BF00BF174A18A12046F0F769FD20468F
:10C10000E4F71FFA044433462A4618A12046F0F704
:10C110005FFD2046E4F715FA04441848B0F81C0205
:10C1200000EB4020470007F201494B463A4614A174
:10C130002046F0F74DFD2046E4F703FA044401A839
:10C14000211A41F28832FCF71DFF8046404641B07B
:10C15000BDE8F0830281012447455420257320481F
:10C160005454502F312E310D0A000000486F737463
:10C170003A2025733A25640D0A000000747F0124DB
:10C1800052616E67653A2062797465733D25642D4E
:10C1900025640D0A0D0A00002DE9F047C2B00746DC
:10C1A0000D464FF4807102A8E4F78CF902AC00BF91
:10C1B00000BF00BF1B4A1CA12046F0F709FD204626
:10C1C000E4F7BFF90444384603F040F882462B46B2
:10C1D00052461AA12046F0F7FBFC2046E4F7B1F9DD
:10C1E00004441A48B0F81C0200EB4020460006F256
:10C1F00001494B46324616A12046F0F7E9FC20469D
:10C20000E4F79FF904440020009002A8221A0123B9
:10C2100002A9154800680EF06DF98046404642B00C
:10C22000BDE8F0870281012447455420257320484A
:10C230005454502F312E310D0A000000486F737492
:10C240003A2025733A25640D0A000000747F01240A
:10C2500052616E67653A2062797465733D25642D7D
:10C2600025640D0A0D0A000088010024F0B5C1B054
:10C2700005460E464FF4807101A8E4F723F901AC9E
:10C2800000270E4A0EA12046F0F7A2FC2046E4F754
:10C2900058F9044433462A460EA12046F0F798FC8C
:10C2A0002046E4F74EF9044401A8211A4FF47A72AB
:10C2B000FCF768FE0746384641B0F0BD0281012414
:10C2C0004845414420257320485454502F312E3185
:10C2D0000D0A0000486F73743A2025733A25640DE7
:10C2E0000A0D0A002DE9F041C2B006460D464FF492
:10C2F000807102A8E4F7E6F802AC0027124A13A105
:10C300002046F0F765FC2046E4F71BF9044430466C
:10C3100002F09CFF80462B46424611A12046F0F7D2
:10C3200057FC2046E4F70DF904440020009002A8D1
:10C33000221A012302A90E4800680EF0DBF8074616
:10C34000384642B0BDE8F0810281012448454144AD
:10C3500020257320485454502F312E310D0A0000EF
:10C36000486F73743A2025733A25640D0A0D0A004C
:10C37000880100242DE9F041C0B006460D464FF477
:10C3800080716846E4F79EF86C46002710A213A15E
:10C390002046F0F71DFC2046E4F7D3F8044430466D
:10C3A00002F054FF80462B46424613A12046F0F788
:10C3B0000FFC2046E4F7C5F804446846211A4FF400
:10C3C0007A72FCF7DFFD0746384640B0BDE8F081E1
:10C3D000464E2D4A5454592D50590000474554207B
:10C3E0002F25732F696E666F2E747874204854540D
:10C3F000502F312E310D0A00486F73743A20257387
:10C400003A25640D0A0D0A002DE9F041C2B0064636
:10C410000D464FF4807102A8E4F754F802AC0027EF
:10C4200012A215A12046F0F7D3FB2046E4F789F8C5
:10C430000444304602F00AFF80462B46424615A1CE
:10C440002046F0F7C5FB2046E4F77BF804440020C3
:10C45000009002A8221A012302A9124800680EF0D7
:10C4600049F80746384642B0BDE8F081464E2D4AAD
:10C470005454592D50590000474554202F25732FEF
:10C48000696E666F2E74787420485454502F312E84
:10C49000310D0A00486F73743A2025733A25640DF4
:10C4A0000A0D0A00880100240EB5002000900190BA
:10C4B0000290012000900A48B0F818020290084843
:10C4C000B0F81A0201900C220649684614F0C8F828
:10C4D000054808F0A0FE4FF47A70F3F78BF80EBD14
:10C4E000747F012400FCFF00F8D301242DE9F047FC
:10C4F000074688461546994600BF002D08D100BF63
:10C5000014A34FF4EB7220A123A0F0F751FB00BF5E
:10C5100000BF2C8800BF4B462246414638461EF0DD
:10C52000C7FF0646701C68B9B7F8640018B1B7F8C1
:10C530006600582801DB012404E0204604EBD0719A
:10C54000C1F34F04701C08B9012CE4DC2C80304688
:10C55000BDE8F0872E2E5C2E2E5C4D6964646C6500
:10C5600077617265735C6C7769705C6C7769705F1A
:10C570006170705C7765625F7365727665725C6826
:10C58000747470642E6300006C656E67746820219B
:10C590003D204E554C4C0000417373657274696FB9
:10C5A0006E2022257322206661696C6564206174A7
:10C5B000206C696E6520256420696E2025730A0051
:10C5C00010B502210148FEF7FFFB10BD7C530608A1
:10C5D0002DE9F04180460E4615460024002721A192
:10C5E0002868E3F7B5FF002838D101241CE056F88D
:10C5F00024001EA1E3F7ACFF38B955F824001EA1B2
:10C60000E3F7A6FF08B9781CC7B256F824001CA1AE
:10C61000E3F79EFF30B955F82400F2F743FB08B961
:10C62000781CC7B2601CC4B24445E0DB022F0DD1B8
:10C63000F2F746FB012804D114A1002013F08EFB71
:10C6400009E016A1002013F089FB04E017A140F2D5
:10C65000911013F083FB0020BDE8F0814FF0FF3014
:10C66000FAE700006C6F67696E0000007573657211
:10C670006E616D6500000000726F6F740000000055
:10C6800070617373776F726400000000225355432A
:10C690004345535321222C2231220000225355437B
:10C6A0004345535321222C223022000022696E631D
:10C6B0006F7272656374206163636F756E74206F4F
:10C6C000722070617373776F726421220000000022
:10C6D0002DE9F04190B006460F4615460024A046CD
:10C6E0001EA12868E3F734FF002833D101242BE092
:10C6F00057F824001DA1E3F72BFF18BB14211E4897
:10C70000E3F7E0FE55F82400E3F71BFF00F0FF0815
:10C71000B8F10C0F01DD4FF00C0855F8241042461B
:10C720001548E3F7A7FE15A1002013F017FB4022E0
:10C73000114928396846E3F79DFE0F4838380FC87D
:10C74000F2F7DEFB601CC4B2B442D1DB002010B0B3
:10C75000BDE8F0814FF0FF30F9E700006368616EDB
:10C76000676550617373776F7264000070617373F3
:10C77000776F72640000000058CE032422535543A3
:10C78000434553532122000010B5044606A12068FA
:10C79000E3F7DEFE28B906A1002013F0DFFA00203F
:10C7A00010BD4FF0FF30FBE773656C6563740000EC
:10C7B000222200002DE9F04105468846164615A1C3
:10C7C0003068E3F7C5FE08BB012419E02246314674
:10C7D0004046EDF7A9FD074627B111A1652013F0EA
:10C7E000BDFA0FE0681EA04208D112A1002013F08C
:10C7F000B5FA642021F060F8FAF7D4F8601CC4B2EE
:10C80000AC42E3DB00BF0020BDE8F0814FF0FF3019
:10C81000FAE700006C6F63616C5F7361766500001E
:10C8200022706172616D65746572206572726F72DB
:10C830002122000022535543434553532122000037
:10C840002DE9F04105460F4616460024A04615A1E5
:10C850003068E3F77DFE08BB012419E0224631462B
:10C860003846EDF719FF8046B8F1000F04D010A14B
:10C87000652013F073FA0DE0681EA04206D111A1E5
:10C88000002013F06BFA642021F016F8601CC4B28B
:10C89000AC42E3DB00BF0020BDE8F0814FF0FF3089
:10C8A000FAE7000072656D6F74655F73617665000D
:10C8B00022706172616D65746572206572726F724B
:10C8C00021220000225355434345535321220000A7
:10C8D0002DE9F04105460F4616464FF000080024AA
:10C8E00017A13068E3F734FE002825D101241DE0AC
:10C8F000224631463846EDF77FFC8046B8F1000FFE
:10C9000004D012A1652013F029FA11E0681EA0429C
:10C910000AD113A1002013F021FA642020F0CCFFEB
:10C92000FAF74EF8FDF7ACF9601CC4B2AC42DFDB9D
:10C9300000BF0020BDE8F0814FF0FF30FAE70000B3
:10C940007365745F73617665000000002270617228
:10C95000616D65746572206572726F7221220000CC
:10C960002253554343455353212200002DE9F04102
:10C9700005460F4616464FF00008002413A1306804
:10C98000E3F7E6FDF0B9012416E0224631463846C9
:10C99000EDF702FF8046B8F1000F04D00FA165202B
:10C9A00013F0DCF90AE0681EA04203D110A10020B8
:10C9B00013F0D4F9601CC4B2AC42E6DB00BF002027
:10C9C000BDE8F0814FF0FF30FAE70000746872654F
:10C9D00073686F6C645F73617665000022706172CA
:10C9E000616D65746572206572726F72212200003C
:10C9F0002253554343455353212200002DE9F04172
:10CA000005460F4616460024A04615A13068E3F7F8
:10CA10009FFD08BB012419E0224631463846EDF758
:10CA20007DFF8046B8F1000F04D010A1652013F0FF
:10CA300095F90DE0681EA04206D111A1002013F067
:10CA40008DF9642020F038FF601CC4B2AC42E3DBF7
:10CA500000BF0020BDE8F0814FF0FF30FAE7000092
:10CA60007570646174655F736176650022706172D0
:10CA7000616D65746572206572726F7221220000AB
:10CA800022535543434553532122000070B50446B9
:10CA90000D46164643A12068E3F75AFD30B9002041
:10CAA0002880304600F0CEFD002070BD41A12068F6
:10CAB000E3F74EFD30B900202880304600F0E8FB57
:10CAC0000020F2E73FA12068E3F742FD30B90020E3
:10CAD0002880304600F02EFD0020E6E73DA12068CA
:10CAE000E3F736FD30B900202880304600F06EFABA
:10CAF0000020DAE73AA12068E3F72AFD30B90020E8
:10CB00002880304600F068FC0020CEE738A120687D
:10CB1000E3F71EFD30B900202880304600F0E0FC2D
:10CB20000020C2E736A12068E3F712FD30B90020EB
:10CB30002880304600F084FC0020B6E734A120684D
:10CB4000E3F706FD30B900202880304600F052FBA4
:10CB50000020AAE731A12068E3F7FAFC30B90020F1
:10CB60002880304600F0D2FA00209EE72FA12068EE
:10CB7000E3F7EEFC30B9002028803046FEF714FAC7
:10CB8000002092E72CA12068E3F7E2FC30B90020F6
:10CB900028803046FEF756FA002086E74FF0FF3037
:10CBA00083E700005641436F6C6C656374696F6E78
:10CBB000000000006F74686572436F6C6C6563748D
:10CBC000696F6E005468726573686F6C6444617459
:10CBD00061000000426569646F7544617461000022
:10CBE000737769746368537461747573000000002F
:10CBF00073797374656D537461747573000000000C
:10CC000073797374656D53657474696E67000000A1
:10CC10006770727353657474696E67006E657477BC
:10CC20006F726B53657474696E670000736572761A
:10CC300065727365740000007570646174655F618E
:10CC4000646472002DE9F04105460F461646002443
:10CC50000EA13068E3F77CFCA0B901240DE0224668
:10CC60003146384613F092F8681EA04203D109A15C
:10CC7000002013F073F8601CC4B2AC42EFDB00205C
:10CC8000BDE8F0814FF0FF30FAE700007377697478
:10CC9000636800002253554343455353212200004B
:10CCA00070B505460E46144626A12068E3F750FCF1
:10CCB00050B9F2F7A5FA25A1002013F04FF864202F
:10CCC00020F0FAFD002070BD23A12068E3F740FCAE
:10CCD00048B91EA1002013F041F84FF47A70F2F722
:10CCE00089FC0020EFE71EA12068E3F731FC58B96A
:10CCF00016A1002013F032F813F0D6F94FF47A7031
:10CD0000F2F778FC0020DEE717A12068E3F720FCAB
:10CD100048B90EA1002013F021F814F019FE14F008
:10CD200023FE0020CFE714A12068E3F711FC28B907
:10CD300014A1002013F012F80020C4E74FF0FF30D8
:10CD4000C1E700007265736574000000225355430B
:10CD500043455353212200007265626F6F740000D7
:10CD6000656163726573000073696E676C655F630C
:10CD70006C656172000000006C6F67696E496E69D6
:10CD8000740000005B22726F6F74222C2220225DDF
:10CD90000000000070B505460E46144627A1206825
:10CDA000E3F7D6FB80B920F0E9F820B126A10020F6
:10CDB00012F0D4FF06E0012020F096FA25A1002011
:10CDC00012F0CCFF002070BD25A12068E3F7C0FB66
:10CDD00080B920F0D3F820B11BA1002012F0BEFFD3
:10CDE00006E0022020F080FA1AA1002012F0B6FF1F
:10CDF0000020E8E71DA12068E3F7AAFBD8B920F0DE
:10CE0000BDF820B110A1002012F0A8FF11E0F1F749
:10CE1000CDFD38B9012020F067FA0EA1002012F0F4
:10CE20009DFF06E0022020F05FFA0AA1002012F028
:10CE300095FF0020C7E74FF0FF30C4E775706461CD
:10CE400074656C7769700000225550444154494E16
:10CE500047212200225355434345535321220000CA
:10CE600075706461746567707273000075706461D9
:10CE700074655F6F7461000010B500F03BF9FFF757
:10CE80009FFB002000F002F810BD000070B50646C0
:10CE90001AF0D6FE044600BF002C08D100BF1DA327
:10CEA00040F6630228A12FA0EFF782FE00BF00BF6B
:10CEB000012120461DF070FC50223146204618F01A
:10CEC00005FE054600BF002D08D000BF11A340F6A7
:10CED00067022EA123A0EFF76BFE00BF00BFFF216A
:10CEE00020461AF0ABFD044600BF002C08D100BF5D
:10CEF00008A340F669022CA11AA0EFF759FE00BF63
:10CF000000BF2146204618F0DDFD2F49204618F0CD
:10CF100020FD70BD2E2E5C2E2E5C4D6964646C6508
:10CF200077617265735C6C7769705C6C7769705F50
:10CF30006170705C7765625F7365727665725C685C
:10CF4000747470642E63000068747470645F696E3A
:10CF500069743A207463705F6E6577206661696CEE
:10CF600065640000417373657274696F6E202225D9
:10CF70007322206661696C6564206174206C696E3F
:10CF80006520256420696E2025730A00687474701A
:10CF9000645F696E69743A207463705F62696E647D
:10CFA000206661696C65640068747470645F696EA2
:10CFB00069743A207463705F6C697374656E20667F
:10CFC00061696C656400000029A0030830B52DED8F
:10CFD000028B9FB00546602107A8E3F773FAF2F7CA
:10CFE000EFFC04469FED330AB0EE408A0020059026
:10CFF000069094ED080BB7EEC00BB0EE408ABCEE85
:10D00000C80A10EE100A80B205909DED050AB8EE30
:10D01000400A38EE400AB0EE408A9FED270A28EE1B
:10D02000000ABCEEC00A8DED060A24A10FA8DDE9B6
:10D030000523EFF7CDFD227D22A107A8EFF7C8FD5C
:10D04000227D20A10BA8EFF7C3FD94ED081BB0EEE5
:10D05000410B53EC102B1CA10FA8EFF7B9FD94ED79
:10D06000001BB0EE410B53EC102B19A117A8EFF7E2
:10D07000AFFD94ED021BB0EE410B53EC102B14A14D
:10D0800013A8EFF7A5FDE27C0EA11BA8EFF7A0FD0A
:10D090001BAA17A813A90FABCDE90031CDE90202F5
:10D0A0000BAB07AA0BA12846EFF792FD1FB0BDEC12
:10D0B000028B30BD000000000000C84225642E2510
:10D0C0003032640025640000252E32660000000026
:10D0D000256600005B222573222C222573222C2238
:10D0E0002573222C222573222C222573222C222503
:10D0F00073225D0010B5272202490348FDF7CEFEDA
:10D1000010BD0000EC030024C5A1020830B5BDB07D
:10D110000446C8210BA8E3F7D5F9002009900A902E
:10D1200000210BA808F084F8022110A808F080F86C
:10D13000012115A808F07CF803211AA808F078F856
:10D14000092129A808F074F807211FA808F070F831
:10D15000082124A808F06CF80D2138A808F068F818
:10D16000F1F7AAFC05462A4612A109A8EFF730FDFF
:10D170000A212EA808F05CF80B2133A808F058F813
:10D1800033A82EA909AB38AACDE90523CDE90710AC
:10D1900024A81FA929AA1AABCDE90132CDE90310B1
:10D1A00015A810AB0BAA04A100902046EFF710FDC4
:10D1B0003DB030BD256400005B222573222C222562
:10D1C00073222C222573222C222573222C222573D4
:10D1D000222C222573222C222573222C2225732215
:10D1E0002C222573222C222573222C222573225DCA
:10D1F0000000000030B5A3B004460020219022902A
:10D2000018211BA8E3F75EF95C2104A8E3F75AF99B
:10D21000002121A8FCF792FC01211BA8FCF78EFC41
:10D22000FCF770FC05462A4611A104A8EFF7D0FCD4
:10D23000FBF7C4FA05462A460DA10DF12E00EFF7C3
:10D24000C7FCFBF7B3FA05462A4609A113A8EFF776
:10D25000BFFC13A80DF12E0104AA1BABCDE90021E0
:10D26000029021AA03A12046EFF7B2FC23B030BD03
:10D27000257300005B222573222C222573222C2289
:10D280002573222C222573222C222573225D000077
:10D2900010B52DED028BBEB00446202136A8E3F771
:10D2A00011F924212DA8E3F70DF978210FA8E3F750
:10D2B00009F99FED440AB0EE408A43A000680E9041
:10D2C0000020F7F7B3FBB0EE408AB7EEC80A53EC84
:10D2D000102B3EA136A8EFF77BFC0020F7F79EFB52
:10D2E000B0EE408AB7EEC80A53EC102B37A138A82D
:10D2F000EFF76EFC0120F7F799FBB0EE408AB7EE2E
:10D30000C80A53EC102B31A13AA8EFF761FC0120B9
:10D31000F7F784FBB0EE408AB7EEC80A53EC102B47
:10D320002AA13CA8EFF754FC2DA8F5F7C3FA002179
:10D330000DF1BB000DF090FC01210DF1C2000DF0CC
:10D340008BFC02210DF1C9000DF086FC032134A8ED
:10D350000DF082FC00210FA820F0B4FD01210DF199
:10D360005A0020F0AFFD00211EA8ECF703FB0121BD
:10D370000DF19600ECF7FEFA0DF196001EA90DF1E5
:10D380005A020FABCDE90932CDE90B1034A8C11F09
:10D39000CA1FD31FCDE90532CDE907102DAA3CA83D
:10D3A0000EAB3AA9CDE90113CDE9030238A836AA9C
:10D3B000084900902046EFF70BFC3EB0BDEC028B15
:10D3C00010BD000000000000E2848300252E3266BC
:10D3D00000000000005A060810B588B00446182165
:10D3E00002A8E3F76FF8002102A8EDF759FB01212D
:10D3F0000DF10B00EDF754FB02210DF10E00EDF7DE
:10D400004FFB03210DF11100EDF74AFB0DF1110067
:10D41000C11E831F02AACDE9001003A12046EFF729
:10D42000D7FB08B010BD00005B222573222C2225FB
:10D4300073222C222573222C222573225D000000EA
:10D4400010B5A4B00446502110A8E3F73BF8202102
:10D4500008A8E3F737F800200690079008A8FBF724
:10D460002BF8002110A8F7F7D1FC012115A8F7F738
:10D47000CDFC02211AA8F7F7C9FC1FA8F1F7F8FAAA
:10D48000062106A807F0D4FE0C210DF11B0007F0C1
:10D49000CFFE0DF11B0006AB1FA91AAACDE902139E
:10D4A0000192049015A810AB08AA03A10090204691
:10D4B000EFF78EFB24B010BD5B222573222C2225B2
:10D4C00073222C222573222C222573222C222573D1
:10D4D000222C222573222C222573225D00000000BD
:10D4E00010B598B004465C2101A8E2F7EBFF0021DB
:10D4F00001A818F0EFF801210DF1220018F0EAF868
:10D50000022110A818F0E6F810A80DF1220301AAD4
:10D5100003A100902046EFF75BFB18B010BD0000A0
:10D520005B222573222C222573222C222573225D57
:10D530000000000030B597B00546382109A8E2F791
:10D54000C1FFF1F7ABFB044622882EA109A8EFF733
:10D550003FFB62882BA10DF12900EFF739FBA28870
:10D5600028A10DF12E00EFF733FBA27925A10DF1D3
:10D570003300EFF72DFB94F9072022A10EA8EFF757
:10D5800027FB94F908201FA10DF13D00EFF720FBC8
:10D5900094F909201BA10DF14200EFF719FB94F952
:10D5A0000A2018A10DF14700EFF712FBA28915A17F
:10D5B00013A8EFF70DFBA27B12A10DF15100EFF7BD
:10D5C00007FBE27B0FA10DF15600EFF701FB0DF118
:10D5D0005601481F13AA531FCDE90532CDE90701B3
:10D5E0000A3A19390EA8431FCDE90130CDE90312DB
:10D5F0000A38431F09AA04A100902846EFF7E8FA69
:10D6000017B030BD256400005B222573222C222533
:10D6100073222C222573222C222573222C2225737F
:10D62000222C222573222C222573222C22257322C0
:10D630002C222573222C222573222C222573225D75
:10D640000000000010B590B00446302104A8E2F7B5
:10D6500039FF002104A8EFF791FA012106A8EFF79E
:10D660008DFA022108A8EFF789FA03210AA8EFF73B
:10D6700085FA04210CA8EFF781FA05210EA8EFF72F
:10D680007DFA0EA80CA90AAA08ABCDE90032CDE9B3
:10D69000021006AB04AA03A12046EFF799FA10B0D6
:10D6A00010BD00005B222573222C222573222C2220
:10D6B0002573222C222573222C222573222C22252D
:10D6C00073225D0070B505460C46224603212846AC
:10D6D00000F05CF970BD00002DE9FF5F05468A4649
:10D6E0006A4880680390039800780007860E142E1D
:10D6F00000DAC2E06889042800D2BEE068680478D5
:10D7000014B1082C75D102E009F08EFEB0E0DFF80C
:10D710007C9109F114095D48007D00F0F000E028DB
:10D7200000D1AEE0594A1168506900F0E7FE00B13F
:10D73000A7E02889082800D29FE0284600F08AFE4A
:10D7400020B128460DF0F6FEBDE8FF9F06F10E0160
:10D7500028460DF09DFA002840D0288930441FFA51
:10D7600080FB2889584500DD8BE04FF42072594634
:10D770000E200DF007FB074607B982E0798906F114
:10D780000800814203D238460DF0D4FE79E03246DB
:10D7900078680399E2F76EFE314638460EF0FEF8DF
:10D7A00000280DD000BF00BF39A3B82243A151A06B
:10D7B000EFF7FEF900BF00BF38460DF0BBFE60E09A
:10D7C000294638460DF092FD18B138460DF0B2FEEC
:10D7D00057E028460DF0AEFE3D4612E006F10E0180
:10D7E00028460EF0DBF860B100BF00BF28A3C922B5
:10D7F00000E02BE049A13FA0EFF7DAF900BF00BF3E
:10D800003FE0D5F80480314628460DF041FAE0B9F2
:10D810006F68D9F80000F8601C4800693861002082
:10D8200088F80000A8F80200FF20387200207881F4
:10D8300001200021FF230A46CDE9010A0091494653
:10D84000284601F0E1F8834600BF11E0032C0ED01A
:10D850000B2C0CD00C2C0AD0042C08D0052C06D094
:10D860000D2C04D00E2C02D0112C00D000BF00BF14
:10D8700000BF28460DF05EFE66E728460DF05AFE12
:10D8800062E728460DF056FE00BF5DE770E902240E
:10D890002E2E5C2E2E5C4D6964646C65776172651A
:10D8A000735C6C7769705C7372635C636F72655CE8
:10D8B000697076345C69636D702E630069636D70A6
:10D8C0005F696E7075743A206D6F76696E6720724D
:10D8D0002D3E7061796C6F616420746F2069636D97
:10D8E0007020686561646572206661696C65640AB0
:10D8F00000000000417373657274696F6E20222509
:10D900007322206661696C6564206174206C696EA5
:10D910006520256420696E2025730A0069636D7097
:10D920005F696E7075743A20726573746F72696E98
:10D9300067206F726967696E616C20702D3E70613F
:10D94000796C6F6164206661696C65640A0000002F
:10D9500010B5012010F078FD0949086008460068FC
:10D9600008B9012010BD002206490548006810F0E2
:10D970008CFD05490248006810F04AFC0020F1E7E0
:10D980007C0300243DE20408F4FC05082DE9FF5F58
:10D990000646894692464FF01C083089404501DA18
:10D9A000B6F8088008F1080081B24FF420722220F6
:10D9B0000DF0E8F904460CB9BDE8FF9F00BF61898E
:10D9C00008F10800814208D200BF19A34FF4B872D1
:10D9D00022A12DA0EFF7ECF800BF00BFD6F804B0ED
:10D9E000656885F8009085F801A00020A880E8808F
:10D9F0007168626802F108004246E2F73BFDDBF81D
:10DA00000C00039003A801F0C1FA07465FB10020A3
:10DA1000688001200021FF2303AACDE901070091BE
:10DA2000204600F0F1FF20460DF084FD00BFC3E763
:10DA30002E2E5C2E2E5C4D6964646C657761726578
:10DA4000735C6C7769705C7372635C636F72655C46
:10DA5000697076345C69636D702E6300636865631A
:10DA60006B207468617420666972737420706275CB
:10DA7000662063616E20686F6C642069636D70203E
:10DA80006D65737361676500417373657274696F67
:10DA90006E2022257322206661696C6564206174A2
:10DAA000206C696E6520256420696E2025730A004C
:10DAB00070B505460C4622460B212846FFF766FF47
:10DAC00070BD70B504460D46607A022807D0607AB2
:10DAD00001280AD1608910B16089A84205DD294674
:10DAE000204600F029FB0120607270BD0348044904
:10DAF000086004480449086070470000E000000125
:10DB000044030024E0000002480300242DE9F84308
:10DB10000746894690467889082804DA38460DF089
:10DB200009FDBDE8F8837C687989204600F088FC0F
:10DB300018B138460DF0FEFCF3E74146484600F0C8
:10DB400079F905461DB938460DF0F4FCE9E720786F
:10DB5000112802D016283DD132E02249D8F8000021
:10DB60000968884214D1201D08B1606880B96078C6
:10DB700008B90A206070D9F8246006B1366804E05C
:10DB800061783046FFF79DFF3668002EF8D116E029
:10DB9000201DA0B1606890B11249D8F80000096852
:10DBA000884207D1606800906946484600F042F913
:10DBB000054600BF1DB161782846FFF782FF0AE0E5
:10DBC000687A012805D1002068810220687200204F
:10DBD000287200E000BF00BF38460DF0ABFC00BF6C
:10DBE0009FE7000044030024F0B587B005460E46C9
:10DBF00017461C4640F29440ADF818000020ADF8DE
:10DC00001A00042006A90222CDE90124CDE903105F
:10DC1000002001233A4631460090284600F00EFFCE
:10DC200007B0F0BD2DE9F04105460E466FF005073F
:10DC300000BF307800F0F000E02802D03846BDE8A0
:10DC4000F08100BF00BF124930680968884202D1E4
:10DC50006FF00500F3E700BF0E48046814E094F885
:10DC6000310000F0200070B12DB1286818B1606853
:10DC70002968884207D13146204600F00DF8074652
:10DC80000FB13846DBE72468002CE8D13846D6E7E8
:10DC900044030024D402002470B505460E4600BF9C
:10DCA000307800F0F000E02802D06FF0050070BD81
:10DCB00000BF00BF1B4930680968884202D16FF07D
:10DCC0000500F4E700BF00BF95F8310000F0200028
:10DCD00010B96FF00500EAE700BF3146284600F0B2
:10DCE000B9F80446D4B1607A98B9207B30B9A86BF2
:10DCF00020B1012231462846AB6B984716222146B7
:10DD0000284600F063F90521204600F015FA0120AD
:10DD10006072207B401C20730020C8E74FF0FF306A
:10DD2000C5E70000440300242DE9F04105460E46F6
:10DD30006FF0050700BF307800F0F000E02802D057
:10DD40003846BDE8F08100BF00BF1249306809685D
:10DD5000884202D16FF00500F3E700BF0E48046867
:10DD600014E094F8310000F0200070B12DB1286863
:10DD700018B160682968884207D13146204600F012
:10DD80000DF8804607B1474600BF2468002CE8D153
:10DD90003846D6E744030024D402002470B5054673
:10DDA0000E4600BF307800F0F000E02802D06FF09F
:10DDB000050070BD00BF00BF1D493068096888427A
:10DDC00002D16FF00500F4E700BF00BF95F8310005
:10DDD00000F0200010B96FF00500EAE700BF3146FF
:10DDE000284600F027F80446F4B1207B012816DC11
:10DDF0002146284600F0C8F8207A20B11722214693
:10DE0000284600F0E3F8A86B20B1002231462846EE
:10DE1000AB6B984721460B200BF096FA02E0207B73
:10DE2000401E20730020C4E76FF00500C1E700002A
:10DE30004403002410B502460B46516A06E04868C8
:10DE40001C68A04201D1084610BD09680029F6D11E
:10DE50000020F9E72DE9F04106460D46776A29468C
:10DE60003046FFF7E7FF044614B12046BDE8F081D5
:10DE70000B200BF0EDFA0446002C3BD00DB900202E
:10DE800000E028686060002060816072207220736A
:10DE9000002F18D100BF184928680968884201D1AD
:10DEA000012000E00020002808D100BF13A34FF498
:10DEB00086721DA129A0EEF77BFE00BF00BF0020E7
:10DEC0002060746216E000BF0B4928680968884228
:10DED00001D1012000E0002040B100BF07A34FF4B2
:10DEE000897228491DA0EEF763FE00BF00BF3868A5
:10DEF00020603C602046B9E7440300242E2E5C2EAF
:10DF00002E5C4D6964646C6577617265735C6C77D7
:10DF100069705C7372635C636F72655C69707634A0
:10DF20005C69676D702E630069676D705F6C6F6F01
:10DF30006B75705F67726F75703A20666972737483
:10DF40002067726F7570206D757374206265206133
:10DF50006C6C73797374656D730000004173736545
:10DF60007274696F6E2022257322206661696C6568
:10DF700064206174206C696E6520256420696E20C0
:10DF800025730A009858060810B503460A46002073
:10DF9000596A06E00C68944202D114680C6002E0F1
:10DFA00009680029F6D100BF09B96FF00F0010BD54
:10DFB00070B505466C6A04B1246804E0052120466A
:10DFC000FFF77FFD2468002CF8D170BD2DE9F843E0
:10DFD00080460E461546002700242348006800901E
:10DFE000A1464FF42072082136200CF0CBFE0746E4
:10DFF000002F36D07C6800BF7889082808D200BF7F
:10E000001AA340F2023224A132A0EEF7D1FD00BFE4
:10E0100000BFD8F804000090162D06D106F10409BF
:10E02000706860600120307205E0172D03D1DFF8C1
:10E03000CC9070686060162D01D0172D0ED1257020
:10E040000020607060800821204600F0F9F96080AF
:10E0500043464A4669463846FFF7C6FD38460DF046
:10E0600069FABDE8F8830000F4FC05082E2E5C2E4A
:10E070002E5C4D6964646C6577617265735C6C7766
:10E0800069705C7372635C636F72655C697076342F
:10E090005C69676D702E630069676D705F73656E94
:10E0A000643A20636865636B2074686174206669F4
:10E0B00072737420706275662063616E20686F6C85
:10E0C00064207374727563742069676D705F6D731B
:10E0D00067000000417373657274696F6E202225BA
:10E0E0007322206661696C6564206174206C696EBE
:10E0F0006520256420696E2025730A0048030024EA
:10E1000070B505460B492846FFF7A4FE04466CB1DE
:10E1100002206072207B401C2073A86B20B101227A
:10E1200004492846AB6B9847002070BD4FF0FF3084
:10E13000FBE700004403002470B504460D46022DA1
:10E1400006DDE2F785F9B0FBF5F105FB110000E013
:10E1500001206081608908B90120608170BD0000E4
:10E1600070B505460C46607A01280BD106496068F7
:10E170000968884206D0022060721622214628468D
:10E18000FFF724FF70BD00004403002470B50C4865
:10E19000056811E06C6A0CE06089002808DD608980
:10E1A000401E6081608918B921462846FFF7D8FFD4
:10E1B0002468002CF0D12D68002DEBD170BD00003B
:10E1C000D402002410B500BF00224FF400711148A2
:10E1D000E7F71CFB00BF00F029F800BF0122910205
:10E1E0000C48E7F713FB00BF00F020F800BF002247
:10E1F0004FF480610748E7F709FB00BF00F016F80D
:10E2000000BF012251020348E7F700FB00BF00F006
:10E210000DF810BD0010025810B50520F7F736FDB7
:10E2200010BD10B50520F7F731FD10BD10B5052064
:10E23000F7F72CFD10BD000010B500BF0122510200
:10E240000C48E7F7E3FA00BFFFF7F0FF00BF012239
:10E2500091020848E7F7DAFA00BFFFF7E7FF00BFCF
:10E2600000224FF480610348E7F7D0FA00BFFFF7C0
:10E27000DDFF10BD0010025870B5054600240026D1
:10E280001EE06006040E00BF012291021148E7F76C
:10E29000BDFA00BFFFF7CAFF4FF400710D48E7F762
:10E2A000A3FA08B1601CC4B200BF00224FF4806121
:10E2B0000848E7F7ABFA00BFFFF7B8FF701CC6B21B
:10E2C000082EDEDB15B9FFF7B7FF01E0FFF77AFF95
:10E2D000204670BD0010025870B50446002526E0A7
:10E2E00000BFE00928B1012251021648E7F78EFA73
:10E2F00005E000224FF400711248E7F787FA00BFEB
:10E30000FFF794FF00BF012291020E48E7F77EFA63
:10E3100000BFFFF78BFF00BF00224FF48061094868
:10E32000E7F774FA00BF6006040E681CC5B2082D3A
:10E33000D6DB00BF012251020248E7F767FA00BFAF
:10E3400070BD00000010025810B500BF012251023C
:10E350001048E7F75BFA00BF00BF012291020D48A9
:10E36000E7F754FA00BFFFF761FF00BF00224FF448
:10E3700000710848E7F74AFA00BFFFF757FF00BFF0
:10E3800000224FF480610348E7F740FA00BFFFF72F
:10E390004DFF10BD0010025810B500BF00224FF411
:10E3A00000710C48E7F732FA00BFFFF73FFF00BFEC
:10E3B000012291020748E7F729FA00BFFFF736FF6D
:10E3C00000BF012251020348E7F720FA00BFFFF720
:10E3D0002DFF10BD0010025870B50024002500BFAD
:10E3E000012251021548E7F711FA00BFFFF71EFF9F
:10E3F00000BF012291021148E7F708FA00BFFFF7BA
:10E4000015FF07E0601CC4B2FA2C03DDFFF7C4FF60
:10E41000012506E04FF400710848E7F7E5F9002808
:10E42000F0D100BF00BF00224FF480610348E7F73E
:10E43000EDF900BFFFF7FAFE284670BD0010025844
:10E4400030B504460D46294620460AF081F9C043FE
:10E4500080B230BDF0B5064600270024354619E0ED
:10E46000698968680AF074F90444A0B200EB1444A6
:10E47000688900EBD0714910A0EB410149B10FB997
:10E48000012000E000200746E0B2C4F3072141EA82
:10E4900000242D68002DE3D127B1E0B2C4F3072199
:10E4A00041EA0024E04380B2F0BD00002DE9F041D4
:10E4B0000B3020F00706104D19E02068B04215D34C
:10E4C000B0420AD9871B201DD4F80480E1F7D2FF9F
:10E4D000A019C0E90078286004E060682860201D69
:10E4E000E1F7C8FF201D2660BDE8F081251D2C68DE
:10E4F000002CE2D10020F7E73805002418B50246C9
:10E500000092D04300B10AB9012018BD91F8310042
:10E5100000F0020008B90020F7E74868904201D1F6
:10E520000020F2E700988B681840D1E901342340BD
:10E53000984208D1886822EA00008C68E343984238
:10E5400001D10120E1E70020DFE700002DE9F74FCE
:10E550008CB004460F464FF00008398DA1F114002D
:10E56000C11700EB5171C1F3CF0A14200590606808
:10E570000990DDF8249099F8000000F00F001421B4
:10E58000B1EB800F04D06FF005000FB0BDE8F08F45
:10E5900000BF6089142802DA6FF00500F5E700BFBC
:10E5A000B9F8060007F09FFC04900498C0F30C0033
:10E5B0000790049800F400500390208914381FFA43
:10E5C00080FBBDE04FF6FF7000EACA00584501DD50
:10E5D000584603E04FF6FF7000EACA0008904FF477
:10E5E000207214210E200CF0CDFB054605B9ADE0DC
:10E5F00000BF6889142808DA00BF56A34FF4497297
:10E6000060A168A0EEF7D4FA00BF00BF14226868CA
:10E610000999E1F72FFFD5F8049008980A9054E083
:10E6200061890598081A80B2029000BF6189059837
:10E63000814208DA00BF47A340F22D3263A159A0FE
:10E64000EEF7B6FA00BF00BF02990A98884201DAD5
:10E650000A9800E002988046B8F1000F03D100202C
:10E660000590246831E000F04FFE06461EB92846AA
:10E670000CF060FF6AE06168059808443346412267
:10E680004146CDE9000800200CF020FD0B900B98CE
:10E6900030B9304600F03EFE28460CF04BFF55E006
:10E6A00020460DF02BF974614C48306128460B99D7
:10E6B0000CF036FD0A98A0EB080080B20A900A9888
:10E6C00010B100200590246800BF0A980028A7D147
:10E6D0000598404480B20590388D1438584501DBC8
:10E6E000012000E0002006900798C0F30C00049081
:10E6F000069808B1039818B1049840F400500490AB
:10E70000049807F0F0FBA9F806000899143188B2C4
:10E7100007F0E9FBA9F802000020A9F80A007B69CC
:10E72000294638460E9A984728460CF003FF089869
:10E73000ABEB00001FFA80FB0798504480B20790B3
:10E74000BBF1000F7FF43EAF00201EE74FF0FF301B
:10E750001BE700002E2E5C2E2E5C4D6964646C65F8
:10E7600077617265735C6C7769705C7372635C630C
:10E770006F72655C697076345C6970345F66726173
:10E78000672E630074686973206E65656473206129
:10E79000207062756620696E206F6E6520706965F5
:10E7A00063652100417373657274696F6E20222561
:10E7B0007322206661696C6564206174206C696EE7
:10E7C0006520256420696E2025730A00702D3E6C3B
:10E7D000656E203E3D20706F6666000049FA0308B2
:10E7E0002DE9F84F06460F464FF0010B7568287863
:10E7F0000421B1EB201F05D030460CF09BFE002019
:10E80000BDE8F88F287800074FEA9068688807F01D
:10E810006AFB81463189494503DD494630460CF0A3
:10E82000BFFF7089404505DB3089484502DBB8F100
:10E83000140F04DA30460CF07DFE0020E0E7286972
:10E8400061494861E86808610846007D00F0F00011
:10E85000E0281CD197F8310000F02000A8B1143155
:10E860003846FFF7E7FA80B15848009056484069AB
:10E870000099884207D15448103010B1103800690F
:10E8800008B94FF0000B3C461CE000241AE0384663
:10E8900000F0A0F808B13C4614E000244A48007D8E
:10E8A0007F280FD04A48046809E0BC4200D105E047
:10E8B000204600F08FF800B103E000BF2468002C70
:10E8C000F3D100BFBBF1000F10D03F4908693946B2
:10E8D000FFF714FE28B93C48007C00F0F000E02867
:10E8E00004D130460CF026FE002089E724B93046DA
:10E8F0000CF020FE002083E7E8884FF63F710840C7
:10E9000038B1304600F0CAF906460EB9002077E764
:10E9100075682D4804604760856028780007800E80
:10E9200029498881394630460FF0D0FC8246BAF139
:10E93000010F3FD0414630460DF030F8687A01288B
:10E940000FD0022812D0062806D0112815D139463A
:10E9500030461DF0FFFD2CE03946304618F07CF9BA
:10E9600027E039463046FEF7B7FE22E0164A143259
:10E9700039463046FFF7CAF81BE0BAF1020F14D04F
:10E98000114948692146FFF7B9FD70B90E48007D6D
:10E9900000F0F000E02808D00FFA88F130460CF0C3
:10E9A000C1FE02213046FEF78DFE30460CF0C2FD5E
:10E9B00000BF00BF0020044908604860886088816B
:10E9C0000861486100BF1BE770E90224E000000114
:10E9D000D402002410B5044694F8310000F0010080
:10E9E00070B1606860B1074840696168884205D0CD
:10E9F000044948692146FFF781FD08B1012010BD97
:10EA00000020FCE770E902242DE9F04786B00446B7
:10EA10000D4616461F46DDE90F9ADDF838800020C6
:10EA2000CDE902A03B4632462946CDE90089049053
:10EA3000204600F003F806B0BDE8F0872DE9F04F5E
:10EA400087B007460C4615469846DDE913ABDDF85E
:10EA50004090129E069425B10CB1206808B9301D73
:10EA60000690119843462A4601A9A1E8410CCDF829
:10EA700000903846069900F003F807B0BDE8F08F23
:10EA80002DE9FF4F81B005468A469346109F129E9E
:10EA900000BFA87B012808D000BF4DA34FF45572DA
:10EAA00056A159A0EEF784F800BF00BFBBF1000FDC
:10EAB00071D04FF014084FF0000926B3282E04DD62
:10EAC0006FF0050005B0BDE8F08FF01C20F00300EA
:10EAD0001FFA80F908EB09001FFA80F8494628461A
:10EAE0000CF0D6F810B16FF00100EBE73246686821
:10EAF0001199E1F7BFFC4E4505DAA9EB06016A68FA
:10EB00009019E1F7DFFC142128460CF0C1F810B190
:10EB10006FF00100D6E76C6800BF6889142808D23E
:10EB200000BF2BA34FF4627241A137A0EEF740F86B
:10EB300000BF00BF049820720F986072DBF80000DD
:10EB4000206140464FEAE87108EB9171C1F38701FB
:10EB500041F0400121700E986070288907F0C3F9D8
:10EB600060800020E0803E48008807F0BCF9A0806B
:10EB70003B480088401C3A490880BAF1000F03D195
:10EB800038480068E06002E0DAF80000E060002049
:10EB900060810AE0FFE76889142802DA6FF001005B
:10EBA00090E76C6820690090EB46388D48B1288961
:10EBB000398D884205DD5A4639462846FFF7C6FC9E
:10EBC00080E75A46294638467B6998477AE700002D
:10EBD0002E2E5C2E2E5C4D6964646C6577617265C7
:10EBE000735C6C7769705C7372635C636F72655C95
:10EBF000697076345C6970342E630000702D3E724B
:10EC00006566203D3D203100417373657274696F04
:10EC10006E2022257322206661696C656420617410
:10EC2000206C696E6520256420696E2025730A00BA
:10EC3000636865636B2074686174206669727374BD
:10EC400020706275662063616E20686F6C6420734B
:10EC500074727563742069705F68647200000000EC
:10EC60004C030024F4FC05082DE9F04786B0044667
:10EC70000D4616461F46DDE90F9ADDF83880002064
:10EC8000CDE902A03B4632462946CDE900890490F1
:10EC90002046FFF7F5FE06B0BDE8F0872DE9F14FFD
:10ECA00084B004984568287800F00F001421B1EB77
:10ECB000800F00D011E1E88807F015F9C0F30C00CF
:10ECC0004FF6FF7101EAC00A688807F00CF90746A1
:10ECD00028780007810E02910299B94200DDFCE01C
:10ECE0000298381A87B204980CF0A3FA06467D48B9
:10ECF000018888190A280ADD3146284600F03AFEC4
:10ED000020B17848008830440A2800DDE5E07648E4
:10ED1000046811E06069E968884209D1A06929693D
:10ED2000884205D1A089A988884201D1012000E04C
:10ED3000002000B102E02468002CEBD100BF34B900
:10ED40003146284600F002FD044694B9C5E0E88843
:10ED500007F0C9F8C0F30C0058B9E08907F0C3F810
:10ED6000C0F30C0028B11422294604F10800E1F791
:10ED700081FBE888012121EA50100190019850B1EF
:10ED80000AEB070188B2504503DB4FF6EB7188426E
:10ED900000DD80E000BF2046019A049900F000FBEE
:10EDA00083460BF1010000B975E04E4800883044FD
:10EDB0004C490880019840B10AEB070188B2A08352
:10EDC000A17F41F00101A17700BFBBF1010F60D12C
:10EDD000A08B143080B2009060684068D0F800903A
:10EDE00060684568142204F108012846E1F742FBF7
:10EDF000009807F078F868800020E88068816068F3
:10EE000004900DE0D9F804000390142148460CF05A
:10EE1000C5FD494604980CF083F90398D0F800909A
:10EE2000B9F1000FEED130480068844202D14FF0B2
:10EE300000080EE02C48D0F8008006E0D8F800006A
:10EE4000A04200D104E0D8F80080B8F1000FF5D15D
:10EE500000BF4146204600F01DFC04980CF0E9F983
:10EE6000064600BF1F480088B04208DA00BF1FA353
:10EE700040F29B2229A130A0EDF79AFE00BF00BF0F
:10EE800018480088801B17490880049805B0BDE821
:10EE9000F08F0020FAE700BF44B900BF13A34FF47E
:10EEA0002A722FA124A0EDF783FE00BF00BF606887
:10EEB00090B900BF0C480068844208D000BF0BA383
:10EEC00040F2AB2229A11CA0EDF772FE00BF00BFEB
:10EED0000021204600F0DEFB00BF04980CF02AFB66
:10EEE0000020D3E758030024540300242E2E5C2E68
:10EEF0002E5C4D6964646C6577617265735C6C77D8
:10EF000069705C7372635C636F72655C69707634A0
:10EF10005C6970345F667261672E630069705F724E
:10EF2000656173735F70627566636F756E74203EA2
:10EF30003D20636C656E0000417373657274696F88
:10EF40006E2022257322206661696C6564206174DD
:10EF5000206C696E6520256420696E2025730A0087
:10EF600069707220213D204E554C4C006E6F74200C
:10EF70006669727374616C74686F756768206A750E
:10EF8000737420656E7175657565640010B5024611
:10EF9000107800F0F000E02805D12548006810B195
:10EFA0002348006810BD2348016821E091F8310032
:10EFB00000F00100D8B191F83100C0F38000B0B189
:10EFC0004868A0B110688B681840D1E9013423402B
:10EFD000984201D10846E5E791F8310000F00200BF
:10EFE00028B91068CB68984201D10846DAE7096869
:10EFF0000029DBD110480068A0B10F48006890F8E4
:10F00000310000F0010068B10B48006890F8310051
:10F01000C0F3800030B108480068406810B1107833
:10F020007F2801D10020BDE703480068BAE700004F
:10F0300050030024D4020024D80200242DE9FF4705
:10F04000064688466F46347800BFE1F7EDF9006860
:10F05000005D202803D0002004B0BDE8F087002523
:10F060004FF00A09302C0ED1701C06460478782C1B
:10F0700001D0582C05D14FF01009701C06460478B9
:10F0800001E04FF0080900BFE1F7CEF90068005D2C
:10F0900020280FD1B9F1080F04D1A4F130000828BD
:10F0A00000D328E0A4F1300005FB0905701C0646DA
:10F0B0000478E9E7B9F1100F1CD1E1F7B5F9006860
:10F0C00010F804A08AEA8A0000F0800090B1E1F70D
:10F0D000ABF90068005D00F0080008B1612100E0B4
:10F0E000412104F10A00401A40EA0515701C064649
:10F0F0000478C9E700BF00BF2E2C09D103A88742BE
:10F1000001D30020A8E720C7701C064604789CE7BE
:10F1100000BF00BF44B1E1F787F90068005D00F06F
:10F12000010008B9002097E76846381A012101EB71
:10F13000A000052842D2DFE800F0030506142800ED
:10F14000002089E745E0B5F1807F01D3002083E707
:10F150000098FF2801D900207EE7009845EA006565
:10F1600037E0B5F5803F01D3002075E70098FF2810
:10F1700002D80198FF2801D900206DE70098000609
:10F18000019940EA0140054323E0FF2D01D9002009
:10F1900062E70098FF2805D80198FF2802D8029856
:10F1A000FF2801D9002057E700980006019940EA9E
:10F1B0000140029940EA012005430AE000BF00BF78
:10F1C00009A3FB2214A117A0EDF7F2FC00BF00BFBA
:10F1D00000BF00BFB8F1000F04D0284606F076FE4D
:10F1E000C8F80000012037E72E2E5C2E2E5C4D69FA
:10F1F00064646C6577617265735C6C7769705C736D
:10F2000072635C636F72655C697076345C697034DC
:10F210005F616464722E6300756E68616E646C6514
:10F2200064000000417373657274696F6E2022255B
:10F230007322206661696C6564206174206C696E5C
:10F240006520256420696E2025730A0010B50446E8
:10F2500010220249204600F003F810BD80C40324A8
:10F260002DE9FC4706460B4614464FF0000C30686B
:10F270000190194601AA00273CE0002500BF107844
:10F280004FF00A0990FBF9FA09FB1A0000F0FF0899
:10F29000107890FBF9F0107008F1300000F0FF0AD0
:10F2A000284605F1010909F0FF050DF800A01078C6
:10F2B0000028E4D10BE060460CF1010CA04202DB17
:10F2C0000020BDE8FC871DF8050001F8010B281E91
:10F2D000A5F1010909F0FF05EDD160460CF1010C23
:10F2E000A04201DB0020ECE72E2001F8010B521CAC
:10F2F000781CC7B2042FC0DB4FF00009481E01463E
:10F3000080F800901846DCE710B506200AF0A0F857
:10F3100010BD000010B5044600BF44B900BF07A3EC
:10F320004FF4317211A114A0EDF742FC00BF00BFF1
:10F33000214606200AF008F810BD00002E2E5C2E93
:10F340002E5C4D6964646C6577617265735C6C7783
:10F3500069705C7372635C636F72655C697076344C
:10F360005C6970345F667261672E63007020213DB6
:10F37000204E554C4C000000417373657274696FE8
:10F380006E2022257322206661696C656420617499
:10F39000206C696E6520256420696E2025730A0043
:10F3A0002DE9F74F84B006468846002501200190DC
:10F3B000D8F8040002900299488806F094FD83462C
:10F3C000029800780007800E03900398584503DDEB
:10F3D000681E07B0BDE8F08F0398ABEB00001FFA82
:10F3E00080FB0299C88806F07EFDC0F30C004FF642
:10F3F000FF7101EAC00A00BF00BFD8F80440002036
:10F400002060A4F804A00AEB0B00E080E0885045DF
:10F4100002DA4FF0FF30DCE7D6F804903EE0D9F88E
:10F420000470A088B988884220DAC4F800909DB1A1
:10F43000A088E988884203DBE088B988884202DD39
:10F440004FF0FF30C5E7C5F80080E888A188884202
:10F450000BD00020019008E0E088B988884202DDE6
:10F460004FF0FF30B5E7C6F804801AE0A088B988ED
:10F47000884202D14FF0FF30ABE7A088F98888427C
:10F4800002DA4FF0FF30A4E72DB1E888B98888424E
:10F4900001D000200190D7F800903D46B9F1000F4F
:10F4A000BDD100BFB9F1000F27D1BDB100BFE888C1
:10F4B000A188884208DD00BF3DA34FF4DB7248A15C
:10F4C0004FA0EDF775FB00BF00BFC5F80080E888CE
:10F4D000A188884211D0002001900EE000BF706822
:10F4E00040B100BF32A34FF4DF724FA144A0EDF74B
:10F4F0005FFB00BF00BFC6F80480069820B9B07F4C
:10F5000000F00100002851D00198002848D0706810
:10F5100018B170684068808810B1002001903FE009
:10F520002546D4F800900BE0D9F80440E888A1887B
:10F53000884202D00020019005E02546D4F80090D2
:10F54000B9F1000FF0D100BF0198002828D000BF0A
:10F55000706840B900BF16A340F2DF1240A128A096
:10F56000EDF726FB00BF00BF00BF70684068A042F7
:10F5700008D100BF0EA34FF4F07239A120A0EDF71F
:10F5800017FB00BF00BF00BF206840B100BF08A349
:10F590004FF4F17236A11AA0EDF70AFB00BF00BFCD
:10F5A000019808B1012014E7002012E7002010E7BD
:10F5B0002E2E5C2E2E5C4D6964646C6577617265DD
:10F5C000735C6C7769705C7372635C636F72655CAB
:10F5D000697076345C6970345F667261672E6300AF
:10F5E000636865636B20667261676D656E74732016
:10F5F000646F6E2774206F7665726C617000000016
:10F60000417373657274696F6E20222573222066C0
:10F6100061696C6564206174206C696E6520256485
:10F6200020696E2025730A006E6F207072657669FE
:10F630006F757320667261676D656E742C207468D7
:10F640006973206D75737420626520746865206627
:10F650006972737420667261676D656E7421000053
:10F6600073616E69747920636865636B00000000E4
:10F6700076616C69646174655F646174616772610D
:10F680006D3A6E6578745F70627566213D4E554CBB
:10F690004C00000070B504460D460E480068A042BC
:10F6A00003D10C49206808600EE000BF002D08D18E
:10F6B00000BF09A340F2451213A11AA0EDF778FA92
:10F6C00000BF00BF206828602146052009F03CFEED
:10F6D00070BD0000540300242E2E5C2E2E5C4D695C
:10F6E00064646C6577617265735C6C7769705C7378
:10F6F00072635C636F72655C697076345C697034E8
:10F700005F667261672E630073616E69747920634E
:10F710006865636B206C696E6B6564206C697374DB
:10F7200000000000417373657274696F6E202225BA
:10F730007322206661696C6564206174206C696E57
:10F740006520256420696E2025730A0070B5054682
:10F750000E46052009F07CFE044664B93146284671
:10F7600000F008F9B04203DB052009F071FE044601
:10F770000CB9002070BD20212046E0F7A3FE0F2029
:10F78000E077064800682060044804601422294697
:10F7900004F10800E0F76EFE2046EBE75403002476
:10F7A0002DE9F04704468846002500BFA04507D153
:10F7B00000BF40A3AB224BA14DA0EDF7F9F900BF6C
:10F7C00000BFB8F1000F0DD000BFD8F80000A04274
:10F7D00007D000BF37A3AD224FA145A0EDF7E8F950
:10F7E00000BF00BF6068D0F80490B9F8040000289A
:10F7F00024D16768D9F800006060142204F1080180
:10F800007868E0F737FE01213846FEF751F93846AF
:10F810000BF00FFD064600BFA819B0F5803F07DBCF
:10F8200000BF24A3BC2241A131A0EDF7C1F900BF64
:10F8300000BFA81985B238460BF07CFE67681CE053
:10F84000D7F80490BA46D9F8007050460BF0F1FC96
:10F85000064600BFA819B0F5803F07DB00BF15A31F
:10F86000CC2232A122A0EDF7A3F900BF00BFA81956
:10F8700085B250460BF05EFE00BF002FE0D141463E
:10F880002046FFF707FF00BF30480088A84207DA8C
:10F8900000BF08A3D2222EA115A0EDF789F900BF61
:10F8A00000BF2A480088401B284908802846BDE838
:10F8B000F08700002E2E5C2E2E5C4D6964646C6512
:10F8C00077617265735C6C7769705C7372635C639B
:10F8D0006F72655C697076345C6970345F66726102
:10F8E000672E63007072657620213D20697072007A
:10F8F000417373657274696F6E20222573222066CE
:10F9000061696C6564206174206C696E6520256492
:10F9100020696E2025730A00707265762D3E6E6533
:10F920007874203D3D206970720000007062756639
:10F93000735F6672656564202B20636C656E203C86
:10F940003D2030786666666600000000580300249B
:10F9500069705F72656173735F70627566636F75FE
:10F960006E74203E3D2070627566735F66726565D9
:10F97000640000002DE9F84F05468946002700BFC6
:10F980000026B2460020009083461B48046821E010
:10F990006069E968884207D1A0692969884203D172
:10F9A000A089A988884201D0012000E0002068B128
:10F9B0000BF1010B1EB92646CDF800A006E0E07F52
:10F9C000F17F884202DC2646CDF800A0206800B115
:10F9D000A2462468002CDBD12EB130460099FFF7F7
:10F9E000DFFE804647444F4502DABBF1010FC7DC1A
:10F9F0003846BDE8F88F00005403002470B5002598
:10FA00000A4804680FE0E07F002805DDE07F401E23
:10FA1000E0772546246806E02646246829463046D5
:10FA2000FFF7BEFE00BF002CEDD170BD54030024D3
:10FA300038B5044669462046FFF700FB08B1009838
:10FA400038BD4FF0FF30FBE770B505462C4600BFD0
:10FA500044B900BF0FA340F2CE221AA11CA0EDF7BB
:10FA6000A7F800BF00BF00BFAC4208D000BF09A389
:10FA700040F2CF2220A116A0EDF79AF800BF00BFF8
:10FA8000606910B160690BF055FD2046FFF742FC3C
:10FA900070BD00002E2E5C2E2E5C4D6964646C657A
:10FAA00077617265735C6C7769705C7372635C63B9
:10FAB0006F72655C697076345C6970345F66726120
:10FAC000672E630070637220213D204E554C4C0020
:10FAD000417373657274696F6E20222573222066EC
:10FAE00061696C6564206174206C696E65202564B1
:10FAF00020696E2025730A00706372203D3D2070DE
:10FB0000000000007047704710B52DED108B84B0D9
:10FB100004469FED6E0AF0EE40EA9FED6C0AB0EEEF
:10FB200040FAB7EE000AF0EE40FAB7EE000A8DEDAB
:10FB3000030A9FED670BB0EE40CB9FED650BB0EE77
:10FB4000408B9FED630BB0EE40BB634A21681268A7
:10FB5000881A002801DB014600E041421E2905DB2E
:10FB6000206800905C492068086002E05A480068FC
:10FB70000090594A61685268881A002801DB0146E2
:10FB800000E041421E2905DB60680190524960682F
:10FB9000486002E05048406801904F4AA16892686E
:10FBA000881A002801DB014600E041421E2905DBDE
:10FBB000A06802904849A068886002E046488068D2
:10FBC000029000984043019901FB0100029901FB5A
:10FBD000010000EE100AB8EEC00BB0EE40CBB0EE64
:10FBE0004C0BEDF7E5F9B7EEC00BB7EEC00AB0EE7F
:10FBF000408BB5EEC08BF1EE10FA03D19FED370BC1
:10FC0000B0EE408B9DED000AB8EEC00B80EE081BF5
:10FC1000B7EEC19B9DED010AB8EEC00B80EE081B4C
:10FC2000F7EEC19B9DED020AB8EEC00B80EE081BFB
:10FC3000B7EEC1AB29EE2E0A09EE8F0A0AEE2F0AA3
:10FC4000F0EE40AA29EE091AB7EEC12A29EEA91A48
:10FC5000B7EEC11A32EE012B2AEE0A1AB7EEC11A1C
:10FC600032EE011BB0EE410BEDF7A2F9B7EEC00B7F
:10FC7000B7EEC00AB0EE40BBB5EEC0BBF1EE10FA75
:10FC800003D19FED160BB0EE40BB9DED030AB7EE1E
:10FC9000C00A2BEE000BB7EEEA1A81EE002BB0EE95
:10FCA00042DBB0EE4D0BEDF75BF89FED0E1B20EE47
:10FCB000010B9FED0E1B80EE012BB7EEC2EBB0EEF9
:10FCC0004E0A04B0BDEC108B10BD00000000000017
:10FCD00000000000000000008C1500248DEDB5A090
:10FCE000F7C6B03E00000000008066401F85EB5163
:10FCF000B81E094070B505460C4625B1012D16D039
:10FD0000022D3CD127E01F4884703CB1012C0BD15F
:10FD1000002240211C48E5F779FD06E00122402140
:10FD20001948E5F773FD00E000BF00BF28E0154863
:10FD300004703CB1012C0BD1002210211248E5F7D0
:10FD400065FD06E0012210210F48E5F75FFD00E0A8
:10FD500000BF00BF14E00B4844703CB1012C0BD134
:10FD6000002220210848E5F751FD06E0012220216C
:10FD70000548E5F74BFD00E000BF00BF00E000BF15
:10FD800000BF70BDCC0100240010025810B52048FF
:10FD90000088401C1E49088008460088B0F5FA7F9C
:10FDA00019DD002008801B480078022803D11021AB
:10FDB0001948E5F721FD17484078022803D1202192
:10FDC0001548E5F719FD13488078022803D1402132
:10FDD0001148E5F711FD11480088401C0F490880C3
:10FDE00008460088C82811DD0020088009480078EE
:10FDF000032803D110210848E5F7FEFC05484078A8
:10FE0000032803D120210448E5F7F6FC10BD0000CB
:10FE1000D2010024CC01002400100258D401002497
:10FE20000246B2FBF1F001FB1020101A704770B5CA
:10FE300004460D466119481E2946FFF7F1FF70BDC3
:10FE4000F8B504460E4670E035E0E16DE06D401C0B
:10FE5000E065206E401E20664A09606E50F8220060
:10FE600001F01F0301229A40104018BB606D084446
:10FE7000A26E126AB0FBF2F302FB1300306005E0E1
:10FE8000E06D401CE065206E401E2066D4E916023D
:10FE900082420DD0E06D4009626E52F820005C2273
:10FEA000125D02F01F0301229A4010400028E7D1A2
:10FEB0000020F8BD00BFD4E916018142C5D1206EF3
:10FEC00068B91AA00090616DE06D431840F24722B6
:10FED00017A120A0ECF76CFE6FF01B00E9E7D4E956
:10FEE00015100844A16E096AB0FBF1F201FB120083
:10FEF0006065A26E216ED26AD00004F07DFDA0651F
:10FF00000021E165A26ED16A606EE0F7DBFA0123A1
:10FF100022461A49204604F0A5F9054625B1204697
:10FF200000F032F82846C4E700BF8DE7000000006B
:10FF30002E2E5C2E2E5C4D6964646C657761726553
:10FF4000735C6C6974746C6566735C6C66732E6349
:10FF50000000000025733A25643A6572726F723AA8
:10FF6000204E6F206D6F726520667265652073701C
:10FF700061636520257525730A0000009BFF030857
:10FF8000816E0A6A0266704710B504460021A165B9
:10FF9000E1652046FFF7F4FF10BD70B502460C4640
:10FFA0001146486D201A8D6E2D6A28448D6E2D6A7B
:10FFB000B0FBF5F605FB1603886D98420CD95D0978
:10FFC000486E50F8250003F01F060125B540284370
:10FFD0005E094D6E45F82600002070BD2DE9FF4FEB
:10FFE00087B081461F46DDF850A0DDF85C80DDF863
:10FFF00058B00026002427E0A8EB0400082104F0F4
:020000040804EE
:10000000FBFC064605A9159820443B1BCDE900A042
:10001000CDE902164846DDE9081200F0B5F90546BB
:100020001DB128460BB0BDE8F08F0BEB0401324642
:1000300005A8E0F79BFA05462DB1002D01DA012055
:10004000F0E70220EEE734444445D5D30020E9E749
:1000500070B504460E46A06E006AB04200D904E0B6
:10006000FF220AA112A0ECF7FBFDA06E3146C26888
:1000700090470546002D00DC05E040F2011203A187
:1000800013A0ECF7EDFD284670BD00002E2E5C2E6F
:100090002E5C4D6964646C6577617265735C6C6934
:1000A00074746C6566735C6C66732E63000000008C
:1000B000626C6F636B203C206C66732D3E636667D9
:1000C0002D3E626C6F636B5F636F756E7400000032
:1000D000657272203C3D2030000000002DE9FF4792
:1000E00005460C46904699462068401C002850D092
:1000F0002068801C00284CD02068A96E096A8842BC
:1001000000D204E09E2224A12CA0ECF7A9FDAA6E47
:100110009169A068FFF78BFE06460096E368D4E974
:100120000012A86ED0F808C0E0470746002F00DC98
:1001300004E0A22218A12BA0ECF792FD1FB13846D3
:1001400004B0BDE8F087B9F1000F1DD04146284644
:1001500000F05AFAD4E90002E1683346CDE902160C
:10016000CDE90002424600212846FFF737FF8246CC
:10017000BAF1000F01DA5046E2E7BAF1000F02D0FF
:100180006FF05300DCE700BF2146284600F040FA3C
:1001900000BF0020D4E700002E2E5C2E2E5C4D699F
:1001A00064646C6577617265735C6C6974746C65AA
:1001B00066735C6C66732E6300000000706361639D
:1001C00068652D3E626C6F636B203C206C66732DFE
:1001D0003E6366672D3E626C6F636B5F636F756E27
:1001E00074000000657272203C3D20300000000069
:1001F0002DE9FF5F06460C46DDF84480DDE90E750B
:10020000DDF840A0B81C18B1B06E006AB84200D941
:1002100004E0D32232A13BA0ECF722FD05EB08005D
:10022000B16EC969884200D804E0D4222CA144A050
:10023000ECF716FD4EE02068B84238D16068A8425D
:1002400035D86068B16E896A0844A8422FD9B06E6B
:10025000806A6268AA1A811A404604F0CDFB814682
:100260006268AA1AE16888184A465146E0F702F91E
:10027000CA444D44A8EB09086268A91AA06804F0B2
:10028000B4FBA060A068B16E896A88420ED1214695
:100290003046DDE90223FFF721FF8346BBF1000F63
:1002A00003D0584604B0BDE8F09F00BF12E02068BC
:1002B000401C00B904E0F12209A12AA0ECF7D0FC0F
:1002C0002760B06E81692846FFF7AAFD60600020B4
:1002D000A06000BFB8F1000FADD10020E2E7000040
:1002E0002E2E5C2E2E5C4D6964646C6577617265A0
:1002F000735C6C6974746C6566735C6C66732E6396
:1003000000000000626C6F636B203D3D2028286C6C
:1003100066735F626C6F636B5F74292D3229207C7A
:100320007C20626C6F636B203C206C66732D3E6397
:1003300066672D3E626C6F636B5F636F756E7400F2
:100340006F6666202B2073697A65203C3D206C66C1
:10035000732D3E6366672D3E626C6F636B5F7369DE
:100360007A6500007063616368652D3E626C6F633F
:100370006B203D3D2028286C66735F626C6F636B59
:100380005F74292D312900002DE9FF4F83B0064607
:1003900088461446DDE910A5DDF84C90DDF848B03C
:1003A000B06E006A504505D905EB0900B16EC96908
:1003B000884204D96FF0530007B0BDE8F08FB9E070
:1003C0004F46B8F1000F2AD0D8F80000504526D18A
:1003D000D8E901010844A84221D9D8F80400A8426C
:1003E00016D8D8E90120AA1A811A384604F004FB6D
:1003F0000746D8F80420AA1AD8F80C0081183A4603
:100400005846E0F737F8BB443D44A9EB070991E0B3
:10041000D8F80400411B384604F0EEFA074620687D
:10042000504522D1D4E901010844A8421DD9606891
:10043000A84214D8D4E90120AA1A811A384604F037
:10044000DBFA07466268AA1AE06881183A465846FD
:10045000E0F710F8BB443D44A9EB07096AE0606887
:10046000411B384604F0C8FA07460698814522D356
:10047000B06E4069B5FBF0F100FB1150D8B9B06E19
:100480004069484517D8B06E41693846FFF7C8FC47
:1004900007460097B06E5B462A465146D0F804C026
:1004A000E0470190019808B1019885E7BB443D44BD
:1004B000A9EB07093EE0B06E006A504500D904E0A0
:1004C0006B221FA127A0ECF7CBFBC4F800A0B06EF5
:1004D00041692846FFF7A4FC6060B26E5169069A34
:1004E000A818FFF7A4FC0090B06EC169009804F052
:1004F00083FA6168401A0190B06E816A019804F035
:100500007BFAA060A0680090E368D4E90012B06EA6
:10051000D0F804C0E04702900298002800DC04E014
:10052000762207A117A0ECF79BFB029808B102986E
:1005300042E700BFB9F1000F7FF442AF00203BE774
:100540002E2E5C2E2E5C4D6964646C65776172653D
:10055000735C6C6974746C6566735C6C66732E6333
:1005600000000000626C6F636B203C206C66732D92
:100570003E6366672D3E626C6F636B5F636F756E83
:1005800074000000657272203C3D203000000000C5
:100590002DE9F04104460F4616469846314620465E
:1005A00000F032F84346324639462046FFF796FDC2
:1005B000054615B12846BDE8F081A06E016988475F
:1005C0000546002D00DC04E0C82203A10BA0ECF7D7
:1005D00047FB2846EFE700002E2E5C2E2E5C4D696F
:1005E00064646C6577617265735C6C6974746C6566
:1005F00066735C6C66732E63000000006572722087
:100600003C3D2030000000004FF0FF320A60704790
:1006100070B505460C46AA6E916AFF22E068DFF7C6
:100620004AFF4FF0FF30206070BD000070B50B46F0
:100630001C46002112E0655C454005F00F05094E9F
:1006400056F8255085EA1010655C80EA251505F0FE
:100650000F0556F8255085EA1010491C9142EAD33F
:1006600070BD0000E4FA0508014691FAA1F0B0FA65
:1006700080F070472DE9FF4F89B01F46DDE916B8BD
:10068000DDF86090BBE008A90998FFF7D9FB0446A4
:100690001CB120460DB0BDE8F08FDDE90810FFF772
:1006A000D7FC04462CB104F1540000B999E020466F
:1006B000F0E7BBF1000F06D10898C8F80000002051
:1006C000C9F80000E6E7ABF10100079007A9099817
:1006D00000F01AF982460798401C07900998806E2E
:1006E000C0690799884232D0002525E0012005A97C
:1006F000CDE90075CDE902100798431B00210B9A44
:100700000998FFF741FE04460CB12046C2E70120DC
:1007100005A9089A0346CDE90025CDE9021009A8EC
:1007200007C8FFF765FD04462CB104F1540000B979
:1007300057E02046AEE76D1C07988542D6D308984F
:10074000C8F800000798C9F800000020A2E70AF1E5
:10075000010A5046FFF788FF461C0697002536E041
:10076000069804F052FD0690042106AAA800089BF2
:10077000CDE90030CDE90221012309A807C8FFF720
:1007800037FD0446069803F050FA06902CB104F1A8
:10079000540000B925E020467CE7701EA84215D021
:1007A000042106AAA800069BCDE90030CDE902216C
:1007B0000B4600210B9A0998FFF7E6FD04460698C0
:1007C00003F033FA06900CB1204663E76D1CB54286
:1007D000C6D30898C8F80000B000C9F8000000208F
:1007E00058E707A0009040F6DA2206A10EA0089B69
:1007F000ECF7DEF9DDE90901FFF706FF00BF42E78C
:10080000000000002E2E5C2E2E5C4D6964646C6529
:1008100077617265735C6C6974746C6566735C6C2B
:1008200066732E630000000025733A25643A646500
:100830006275673A2042616420626C6F636B20616D
:1008400074203078257825730A0000002DE9FF4FC9
:1008500085B08346DDE91478129E46B94FF0FF302B
:1008600038600020C8F8000009B0BDE8F08F701EA5
:10087000049004A9584600F047F8044613A95846C6
:1008800000F042F805462BE02046FFF7EDFE611B25
:100890000390481C04F0E9F8401E0290039904F00C
:1008A000ABF88146042108AA4FEA8900089BCDE9EC
:1008B0000030CDE902210B465846DDE90612FFF76C
:1008C00063FD8246089803F0B0F90890BAF1000F72
:1008D00001D05046C8E7012000FA09F0241A00BFF1
:1008E000AC42D1D8089838601398C8F800000020AE
:1008F000BAE710B50446206803F097F920606068F5
:1009000003F093F9606010BD2DE9F04180460D467B
:100910002E68D8F86800C069A0F10807B6FBF7F4A4
:1009200014B90020BDE8F081601E04F0E0F8801CDE
:10093000042101FB1060B0FBF7F4204604F0D7F867
:1009400007FB1461042202FB101028602046E9E72F
:1009500010B50446206804F058FC2060606804F07C
:1009600054FC606010BD2DE9FF4F87B083461F46E1
:10097000DDE9149AB9F1000F03D100200BB0BDE8F6
:10098000F08FA9F10100069006A95846FFF7BCFFB9
:1009900005463CE039461698D04706460EB130462B
:1009A000ECE70DB90020E9E705F00100C0F1020411
:1009B000A00004A90022A300CDE90072CDE9021035
:1009C0005846DDE90812FFF7DFFC0646049803F0FD
:1009D0002CF90490059803F028F905900EB13046E3
:1009E000CCE74FF000080AE004A850F82810169849
:1009F000D04706460EB13046C0E708F10108601E38
:100A00004045F1DC04A951F820702D1B00BFC1E75F
:100A100010B50446A06E006B10B9E06803F0EEF864
:100A2000A06E406B10B9E06903F0E8F8A06E806B2F
:100A300010B9606E03F0E2F8002010BD70B50446F6
:100A40000D46E16901FB05F00FF04CFB002070BD85
:100A50002DE9F04104460D4617461E46DDF8188084
:100A6000E06905FB0071424630460FF0F9FD0020B9
:100A7000BDE8F0812DE9F04104460D4617461E46BB
:100A8000DDF81880E06905FB0071424630460FF042
:100A900085FC0020BDE8F0810146002070472DE96B
:100AA000FF4705460C46002714E007F1010909EB52
:100AB000D9704010A9EB400004EB80012846FFF7F5
:100AC000BFF98046B8F1000F03D0404604B0BDE83E
:100AD000F0877F1C022FE8DB0020A060042204F1D5
:100AE000080000232168CDE90013CDE90202134676
:100AF0002A4600212846FFF747FC0646A06803F077
:100B000094F8A06026B106F1540008B13046DDE744
:100B1000A86E406A002808DDAA6E526A521C42F094
:100B20000101A068FFF783F9A0600420E060401F86
:100B300020610020A082401EA0610146E1610020EA
:100B4000A075E07500BFC1E72DE9F04706460F46E6
:100B5000904699464B4642463946304601F0E2F807
:100B60000446002C02DA2046BDE8F08744B100219B
:100B7000304603F0DBF805460DB12846F4E700BF28
:100B80000020F1E72DE9F04104460D4616462746C0
:100B900033462A46D7E9000100F011F8BDE8F0819C
:100BA0002DE9F04104460D4617462646284604F036
:100BB000F1FA3168084430600020BDE8F0812DE989
:100BC000F04F87B082460D4616469946304604F0EF
:100BD000E1FA0746686838446969884204D96FF0C9
:100BE0001B0007B0BDE8F08F26F00041AA6881EA3B
:100BF000020004F004FB0690042306AA294650468E
:100C000000F032F904460CB12046EAE706F0004055
:100C100048B93B1F4A462946504600F025F904468C
:100C200064B32046DDE7CB464FF0000822E0012206
:100C300005ABDBF804004044DBF80010CDE90232DC
:100C4000CDE90010381FA0EB0803524600215046A2
:100C5000FFF79AFB04460CB12046C2E7012305AA20
:100C60002946504600F000F904460CB12046B8E78A
:100C700008F10108381F4045D9D800BF26F00040D0
:100C8000A8600020ADE700002DE9F04F8BB00746CB
:100C90000C46BA6E9169626802F10800FFF7C7F866
:100CA000054600200A9009907BE06068001D0890CE
:100CB0000899681A40F2FE3103F09EFE089900EB95
:100CC000010BAB4505D2A5F10801584603F094FE8F
:100CD00083464FF0FF300790042107AA20680B4697
:100CE000CDE901B2039100903A4600213846FFF762
:100CF0004BFB8146B9F1000F06D009F1540018B141
:100D000048460BB0BDE8F08F079802F07EFFC04365
:100D1000C00F0690069800F5A060524941EA0050C5
:100D20000899ABEB010108430790A168079A81EA93
:100D3000020004F064FA0490042204A9E068FFF7BA
:100D400075FCE060E06804F060FA0590082204ABEE
:100D5000D4E900018DE80B00039200233A4607F125
:100D600010013846FFF744FA8146B9F1000F01D06F
:100D70004846C6E70A9820B96068001D0A90E068F6
:100D80000990079804F027FA001D61680844606024
:100D9000DDE9060181EAC070A0604FF0FF30E0603D
:100DA00000BF6068A84280D300233A4607F11001D3
:100DB0003846FFF7EDFB8246BAF1000F01D05046EE
:100DC0009FE72669DDF8288047E04FF0FF3BB146FA
:100DD00026E00A98814505D10998834502D06FF035
:100DE00053008EE7012108AA2068CDE90192039102
:100DF000009008F10400A0EB09033A4600213846B0
:100E0000FFF7C2FA8246BAF1000F01D0504678E7E8
:100E1000012208A95846FFF709FC834609F1010998
:100E200008F104008145D4D3BBF1000F02D06FF06C
:100E3000530066E7A5EB080040F2FE3103F0DCFD4D
:100E400000EB0806AE4205D2A5F10801304603F0DA
:100E5000D3FD064606F1040800BFAE42B5D300201C
:100E60004FE7000000FC0F002DE9FF4106460C464D
:100E700017461D46D4E90001002332468DE8830061
:100E8000039506F110013046FFF7B2F98046B8F13C
:100E9000000F03D0404604B0BDE8F0812A46394631
:100EA000E068FFF7C3FBE0606068284460600020F2
:100EB000F1E700002DE9FF4F97B006460C46934638
:100EC000DDF894804FF000092146304600F014FF11
:100ED0008246A068401CA0609D4903C9CDE9150168
:100EE000BAF1000F05D015A9204603F0C5FD00B1E9
:100EF000F0E029E11822964908310CA8DFF7BAFA88
:100F000060680C90B06E806C10B1B06E806C01E0C7
:100F1000B06EC0690838119030466168FFF798F8E4
:100F200005463DB105F1540000B9D3E028461BB099
:100F3000BDE8F08FA06804F068F9A060042304F114
:100F400008020CA93046FFF78FFF0546A06802F0A3
:100F50006CFEA0602DB105F1540000B9BAE028463E
:100F6000E5E70CA8CDE9156015AA7A4BC8F1000099
:100F700000B22699CDE90732CDE905100021764A65
:100F80001A984B1ECDE900B0CDE9031802920A462B
:100F90003046249901F066FC05462DB105F1540058
:100FA00000B997E02846C2E704F1180003F084FD79
:100FB000E8B904F1180003F08FFDE07D00F5C06092
:100FC000664941EA005040F0080204F118030CA9F8
:100FD0003046FFF7F4FD054604F1180003F061FD0B
:100FE0002DB105F1540000B974E028469FE70020B8
:100FF00009900A900B90B9F1000F09D106F13C015C
:1010000009A803F049FA06F1300109A803F044FAEF
:1010100006F1480109A803F03FFA09986FF30900A7
:10102000099009AA2146304600F0F2FC05460DB1B0
:1010300028467CE709A803F013FA80B909A803F051
:101040001CFA09AB464A0CA93046FFF7B8FD054625
:101050002DB105F1540000B93CE0284667E70CA922
:101060003046FFF711FE05462DB105F1540000B9D9
:1010700030E028465BE70D98B16E8969B0FBF1F26C
:1010800001FB120000B905E04FF4E96235A13EA072
:10109000EBF7E6FD204603F01AFD2698A0EB0800CA
:1010A000A0820D98E0600E982061002012901390AD
:1010B0003F4A149007CA12AB07C3C6E91312B064C3
:1010C000B9F1000F05D1D6E90D12306BC6E9101247
:1010D000F0633AE04FF0010906F110013046FFF7E6
:1010E00093FABAF1000F08D126A0009040F25A728C
:1010F0001CA130A06368EBF75BFD1549203103C9E3
:10110000CDE9150115A9204603F0B6FC58B91DA07C
:10111000009040F25F7213A12FA06368EBF748FDC7
:101120006FF01B0003E7211D3046FEF789FE0746DE
:101130003FB107F11C0010B9BAF1000F01D13846D8
:10114000F5E64FF0000A00BFD4E600BF4846EEE6E1
:10115000FCF80508850B040800FC0F4000FC0F009C
:101160000CFCFF7F2E2E5C2E2E5C4D6964646C653A
:1011700077617265735C6C6974746C6566735C6CC2
:1011800066732E6300000000636F6D6D69742E6FCF
:1011900066662025206C66732D3E6366672D3E7063
:1011A000726F675F73697A65203D3D2030000000F3
:1011B000F0F8050825733A25643A64656275673A64
:1011C0002042616420626C6F636B20617420307810
:1011D000257825730A00000025733A25643A776163
:1011E000726E3A205375706572626C6F636B20305B
:1011F00078257820686173206265636F6D6520755E
:101200006E7772697461626C6525730A0000000074
:101210002DE9FC4106460F46144606F148022146D8
:10122000304600F0F5FB054615B12846BDE8FC81C7
:1012300004F1180003F050FCE07D00F5C0600C499B
:1012400041EA005040F00800009004F1180001232A
:1012500001906A4639463046FFF776FC054604F1B0
:10126000180003F01EFC0DB12846DFE70020DDE783
:1012700000FC0F007FB504460D4616460020431EB5
:10128000CDE900300290324629460390204600F016
:1012900003F804B070BD00002DE9FF4F91B0054682
:1012A0000C4692464FF0FF301090DAF80000A96E1D
:1012B000096A884205D2DAF80400A96E096A8842F0
:1012C00004D36FF0530015B0BDE8F08F00200E90EE
:1012D0000F900026002736E004220EA800EB8700BE
:1012E00000235AF82710CDE90013CDE90202134676
:1012F0002A4600212846FFF747F880460EA951F8F4
:10130000270002F092FC0EA941F82700B8F1000F67
:1013100004D008F1540008B14046D4E708F1540164
:1013200081B10EAB53F82710781C00EBD0735B1023
:10133000A0EB43030DF1380C5CF823208B1A002B33
:1013400000DD3E467F1C022FC6DB304606EBD07127
:101350004910A6EB41015AF821102160701C00EBE6
:10136000D0714910A0EB41015AF82110616030465C
:1013700006EBD0714910A6EB41010EAA52F82110DC
:10138000A1600020E0600D90DBE14FF000084FF01D
:10139000FF300C9000200B90F34903C9CDE90901FF
:1013A00000200890DDF84090A06803F02EFFA060B8
:1013B000042204F10801501FFFF738F90790A068D4
:1013C00002F033FCA06066E10C9803F0E3FE804479
:1013D000042106AA2068CDE9018203910090A86E3D
:1013E0002A460021C3692846FEF7CEFF07463FB1D3
:1013F00007F1540010B90020A0754DE1384662E7AE
:10140000042206A90798FFF711F90790069802F041
:10141000FCFB0C9948400690069803F0D3FE90B967
:101420000C9803F0E3FEB0F5A06F09D1E068A96E57
:101430008969B0FBF1F201FB120008B9012000E05C
:101440000020A07528E1069803F0A4FE4044A96E90
:10145000C969884202D90020A0751DE106980C9048
:10146000069803F0C3FEB0F5A06F46D1042205AB89
:1014700008F104002168CDE90232CDE90010A86E20
:101480002A460021C3692846FEF77EFF07463FB182
:1014900007F1540010B90020A075FDE0384612E7AE
:1014A000059802F0C2FB059007990598814202D089
:1014B0000020A075F0E0069803F068FE0C9981EA20
:1014C000C0700C90042207A9E86AFFF7AFF8E86241
:1014D000CDF84090069803F05DFE4044E0600C9823
:1014E00020610B98A0820998A0610A99E16108988F
:1014F000E0754FF0FF300790CDE04FF0040B20E097
:10150000012205AB08EB0B0120688DE80B0003926C
:10151000A86E2A460021C3692846FEF735FF074614
:101520003FB107F1540010B90020A0750EE0384615
:10153000C9E6012205A90798FFF778F807900BF193
:10154000010B069803F026FE5845D9D800BF06982F
:1015500003F04CFE60B9069803F027FE0B99884211
:101560005CDB069803F021FE401C80B20B9055E036
:10157000069803F03BFEB0F5806F25D1069803F086
:101580002EFE0B99084480B20B90784909EA0100BD
:10159000774908430699884202D149F000493DE065
:1015A00009F10100A0B3069803F0FFFD8346484609
:1015B00003F0FBFD834531DC069803F010FE0021AB
:1015C00041EA8020814429E0069803F00FFEB0F53F
:1015D000C06F23D1069803F0D9FD00F001000890F8
:1015E000082209AB08F104002168CDE90232CDE9F7
:1015F0000010A86E2A460021C3692846FEF7C4FEE3
:10160000074647B107F1540018B90020A07543E020
:1016100004E0384657E609A803F043FA06991498FF
:1016200001401E9A1040814234D12068049008F194
:101630000400059004AADDE920300699984703903C
:101640000398002807DA0398543010B90020A075D9
:1016500022E0039837E6039810B9DDF8189018E0F7
:1016600044490698084009EA0101884202D14FF036
:10167000FF390EE0039802280BD1069803F095FD80
:101680008346484603F091FD834502DC069840F00E
:10169000004900BF00BF97E600BFE068A8B321463D
:1016A00005F13C0002F0C2FEE8B1E86B03F07DFDFD
:1016B0000746109803F079FD874204D1109840F056
:1016C000004010900FE01098401C60B1E86B03F0F0
:1016D0006CFD0746109803F068FD874203DA109806
:1016E000A0F5806010901F9848B1109803F05DFD40
:1016F0000746A18A03F080F981B21F9801801098F3
:1017000003F060FD10B11098DDE50AE0109803F0D9
:101710004CFDA18A884202DA6FF00100D3E5002077
:10172000D1E5204603F0D3F9701C00EBD0714910CD
:10173000A0EB41010EAA52F82110A1600D98401CA7
:101740000D900D980228FFF620AE0BA16068CDE940
:1017500000014FF4996209A111A02368EBF728FA60
:101760006FF05300AFE50000E8F8050800FC0F003B
:101770000000F04F00FCFF7F000000002E2E5C2ECA
:101780002E5C4D6964646C6577617265735C6C692D
:1017900074746C6566735C6C66732E630000000085
:1017A00025733A25643A6572726F723A20436F72FC
:1017B000727570746564206469722070616972204A
:1017C0006174207B307825782C20307825787D2531
:1017D000730A00002DE9FF4F89B080460E469346FC
:1017E000DBF800500C9818B140F2FF310C980180E2
:1017F000DFF86491D8F82000B061D8F82410F161C6
:10180000A8E000BF55A12846DEF7F8FE054453A125
:101810002846DEF701FF0446012C05D1012250A124
:101820002846DEF7A3FE38B1022C07D102224DA1D3
:101830002846DEF79BFE08B92544E3E705EB040ADA
:10184000012008901FE045A15046DEF7D7FE8244F4
:1018500042A15046DEF7E0FE074607B914E0022F2A
:101860000DD102223FA15046DEF780FE38B908981C
:10187000401E0890089828B90AEB0705C2E70898A7
:10188000401C0890BA44DEE700BF287818B94846E3
:101890000DB0BDE8F08FCBF80050484603F0ABFC2C
:1018A000022802D06FF01300F2E7484603F07DFCF7
:1018B00040F2FF3188421DD0484603F076FC4FF0DD
:1018C000005141EA802040F00800069006F118001F
:1018D0000090254A31464046069B00F082F807906A
:1018E0000798002801DA0798D2E706F1180003F0FC
:1018F000D8F800BF2AE02F212846DEF718FE08B9E5
:101900000C9800E00020CDE905850794049005A916
:10191000164A04984FF0F043CDE90040CDE902218A
:1019200006F1180231464046FFF7B6FC8146B9F190
:10193000000F01DA4846ABE7B9F1000F00D006E02E
:10194000F07D10B96FF00100A2E700BFD3E700BF40
:10195000254400BF55E7000000FC2F002F000000C9
:101960002E0000002E2E000000FC0F7071190408DC
:101970002DE9FF5F04460F4616462546D5F8008040
:10198000B146384603F027FC0390A868039903F09A
:1019900033F882466868D9E900125346CDE9020A55
:1019A000CDE90012424600214046FEF717FB834670
:1019B000BBF1000F03D0584604B0BDE8F09F384695
:1019C00003F009FCA968884209D0384603F003FCFB
:1019D000A968884201D90120EEE70220ECE7002047
:1019E000EAE72DE9FE4305460E4617461C46DDF89C
:1019F0002880204603F0EFFB8146002023463A462C
:101A000031468DE80103284600F0CAF8BDE8FE83A0
:101A10002DE9FF4107468846164601A8134B134A95
:101A20000C3A414600903846FFF7DBFF0546002D93
:101A300005DAA81C18B1284604B0BDE8F081A81C3E
:101A400088B101AC206802F0F0F82060606802F014
:101A5000ECF86060A06802F0E8F8A06000BF01A99F
:101A6000304602F019FD0020E6E700000C00F07F90
:101A70002DE9FF4F83B0804616461C46DDF8549092
:101A8000139DDDF850A005EB0900D8F86810C9696E
:101A9000884204D96FF0530007B0BDE8F08F79E0B9
:101AA0004F462EB33068801C10BBD6E901010844B4
:101AB000A8421DD97068A84214D8D6E90120AA1AF4
:101AC000811A384602F098FF07467268AA1AF06831
:101AD00081183A465046DEF7CDFCBA443D44A9EBA6
:101AE000070957E07068411B384602F085FF07463A
:101AF0002068801C10BBD4E901010844A8421DD90C
:101B00006068A84214D8D4E90120AA1A811A38467C
:101B100002F072FF07466268AA1AE06881183A4626
:101B20005046DEF7A7FCBA443D44A9EB070931E073
:101B30006068411B384602F05FFF07466FF0010006
:101B40002060D8F8680041692846FEF769F96060AE
:101B5000D8F868205169109AA818FEF768F9029021
:101B6000D8F86800816A029802F046FFA060D4E9C4
:101B700002026168CDE9001202904046DDE91123BE
:101B8000049900F00DF88346BBF1000F01DA5846C6
:101B900082E700BFB9F1000F82D100207CE700008E
:101BA0002DE9F04F87B081460D4692461E46D5F886
:101BB0000CB0286906900024294609F13C0002F087
:101BC00035FC78B1504603F0F0FA58B1D9F83C0032
:101BD00003F0EBFA0746304603F0E7FA874201DCF0
:101BE000A4F580647AE0069803F0D4FAABEB000B1E
:101BF000069F042106AA28680B46CDE901B203918D
:101C000000904A4600214846FEF7BEFB0590059825
:101C100018B1059807B0BDE8F08F069801F0F5FF00
:101C2000784020F000400690504603F0BEFAF8B12C
:101C3000384603F0DBFAB0F5806F19D1384603F06F
:101C4000B4FA8046301B03F0B0FA804510DC301B3C
:101C50002749084027490843B84202D16FF00100E4
:101C6000D8E7384603F0BBFA002141EA802004445B
:101C70000AEA0701301B00EA0A0081422DD13846EA
:101C800003F097FA10B16FF00100C3E7384603F094
:101C9000A2FA0490129902F0AFFE80460BF1040103
:101CA000DDE9102011442A684346CDE90208CDE958
:101CB00000214A4600214846FEF766FB059005983C
:101CC00008B10598A6E7129AA2EB0801119A02EB57
:101CD0000800DEF7F7FB38199CE700BF069803F011
:101CE00059FA001D58457FF67EAF6FF0010091E76D
:101CF00000FC0F000000104010B50246906E406AD4
:101D000000280DDD8868401C936E5B6A5B1C43F005
:101D10000103B0FBF3F403FB140008B9012010BD6C
:101D20000020FCE72DE9FF4F9DB004460D469A4682
:101D3000A76A2BE007F10800854226D0294602F069
:101D40009BFE10BBB87901281FD1386B00F48010BE
:101D5000D8B1F86AA16E896A884216D939462046F8
:101D600001F070FA8046B8F1000F03D0404621B070
:101D7000BDE8F08F3946204600F0E6FF8046B8F116
:101D8000000F01D04046F2E700BF3F68002FD1D1DD
:101D900028681B9068681C902022294613A8DEF74B
:101DA00069FB0BA8CDE900A02A4613A920461F9B7A
:101DB00000F0FCF90646002E01DA3046D7E71BA9F1
:101DC000284602F059FE20B9202213A92846DEF742
:101DD00051FB022E36D104F1480229462046FFF776
:101DE00017FE07460FB13846C1E70B981B900C98B9
:101DF0001C9005F1180002F06FFEE87D00F5C06050
:101E0000B64941EA005040F00800089005F118007A
:101E1000099000200121CDE9001008AB1BAA0BA9F5
:101E2000204600F0C3F9064605F1180002F039FE1D
:101E3000002E01DA30469AE720220BA913A8DEF71C
:101E400019FB00BF00200A903EE1A5A3DDE91320A5
:101E50001C99CDE90203CDE900124FF40C62A1A157
:101E6000A9A01B9BEAF7A4FE002604F120011BA8F1
:101E700002F002FE18B91398206214996162A76AF1
:101E800017E007F108011BA802F0F6FD18B9139836
:101E9000B8601499F960B879022809D107F12C01CA
:101EA0001BA802F0E9FD18B91398F8621499396378
:101EB0003F68002FE5D10BAA1BA9204602F0B2F81B
:101EC0008046B8F1000F04DA08F1020008B140467C
:101ED0004DE708F1020008B1012000E00020099060
:101EE00008F10200002868D00121204602F05EF9C6
:101EF0008346BBF1000F01D0584638E740F2FF3768
:101F00000BA904F1300002F091FAE0B1206B03F06C
:101F10004CF9074672A10C98CDE90171009040F68A
:101F2000ED0270A186A00B9BEAF742FE002240F270
:101F3000FF31204602F016F9404603F036F9B84268
:101F400001DDA8F580680B9803900C98049013A805
:101F500002F0C2FD0020059006900790089040F224
:101F6000FF30874203D0864840EA872000E0002007
:101F700013A9CDE90781059000200221CDE90010C9
:101F800005AB03AA0BA9204600F010F9064613A8DA
:101F900002F087FD002E01DA3046E8E6012E0BD173
:101FA00003981B9004981C9020220BA913A8DEF71D
:101FB00061FA01200A9087E000BF0BAA1BA9204606
:101FC00002F09EF88146B9F1000F04D009F1020039
:101FD00008B14846CBE6099810B109F1020000B1FA
:101FE00005E04FF411623FA166A0EAF739FE09F15E
:101FF0000200002867D004F1300002F027FA50B147
:1020000009984142204602F0D1F88146B9F1000F0B
:1020100001D04846ABE640F2FF370BA904F130008F
:1020200002F004FAA8B1206B03F0BFF807462CA118
:102030000C98CDE90171009040F6211229A140A031
:102040000B9BEAF7B5FD002240F2FF31204602F07B
:1020500089F80B981B900C981C9013A802F03CFD7B
:102060000020059006900790089040F2FF308742CC
:1020700003D0434840EA872000E0002005909DF807
:10208000430000F5C060154941EA005040F00800E7
:1020900013A9CDE9070100200221CDE9001005AB0D
:1020A0001BAA0BA9204600F081F8064613A802F0EF
:1020B000F8FC002E01DA304659E620220BA913A8BD
:1020C000DEF7D8F900BF00BF012E3FF4BEAE0A987C
:1020D00008B103204BE6002049E6000000FC0F0099
:1020E000000000002E2E5C2E2E5C4D6964646C6531
:1020F00077617265735C6C6974746C6566735C6C33
:1021000066732E630000000025733A25643A646507
:102110006275673A2052656C6F636174696E6720FF
:102120007B307825782C20307825787D202D3E2036
:102130007B307825782C20307825787D25730A002F
:1021400025733A25643A64656275673A2046697872
:10215000696E67206D6F7665207768696C6520729F
:10216000656C6F636174696E67207B307825782CAD
:1021700020307825787D20307825780A25730A006C
:102180000000F04F2128686173706172656E7420E1
:10219000262620657272203D3D204C46535F4552F5
:1021A000525F4E4F454E5429000000002DE9F04F7C
:1021B0009BB007460D4690461E46DDE9249A002056
:1021C0001A901990002440E056F8340003F013F8F8
:1021D00040F20141884203D1A88A401CA88233E022
:1021E00056F8340003F007F840F2FF4188420FD15F
:1021F000A88A002800DD05E040F2DF72CAA1D3A062
:10220000EAF72EFDA88A401EA882012019901BE043
:1022100056F8340002F0EAFFB0F5C06F14D106EBB7
:10222000C40040680068A86106EBC40040684168CB
:10223000E96156F8340002F0A9FF00F00100E875EA
:1022400005F1180002F02DFC641C4C45BCDB19980C
:1022500008B3A88AF8B9BAF1000F00D005E040F23F
:10226000EC72B1A1BDA0EAF7FBFC52462946384604
:1022700001F046FF04462CB1A01C18B120461BB04B
:10228000BDE8F08FA01C28B19AF8170010B1022009
:102290001A90C4E000BFA87D002872D01822B1496E
:1022A0000CA8DEF7E7F828680C90E8680D9028691C
:1022B0000E90E8681090B86E806C10B1B86E806CAB
:1022C00001E0B86EC0690838119005F1180002F0FD
:1022D00003FC0CA8CDE9157015A8A34900220592AE
:1022E000CDE90621CDE9019203920096049208906F
:1022F00029463846D5E9032300F0B4FA044605F12F
:10230000180002F0CEFB3CB104F11C0008B13830DB
:1023100000B96DE02046B2E7002009900A900B90CA
:1023200007F1300109A802F0B7F807F13C0109A84C
:1023300002F0B2F807F1480109A802F0ADF80998D7
:102340006FF30900099009A802F08AF8E0B909AA18
:1023500029463846FFF75CFB04460CB120468EE761
:1023600009A802F08AF809AB804A0CA93846FEF7A2
:1023700026FC044644B104F11C0008B1383008B909
:1023800036E034E020467AE70CA93846FEF77CFCBC
:1023900004463CB104F11C0008B1383000B927E014
:1023A00020466CE70D98B96E8969B0FBF1F201FB2C
:1023B000120000B905E040F636025BA16CA0EAF716
:1023C0004FFC0D98E8600E982861D7E90D12386B24
:1023D000C7E91012F8630020129013906E4A14900F
:1023E00007CA12AB07C3C7E91312B86417E000BFEE
:1023F00007F110013846FEF707F9A88A00214B467D
:102400003246CDE9005102902946384600F006F9DF
:102410001A901A98002801DA1A9830E700BFD8F805
:1024200000001790D8F804001890BC6A78E017A94B
:1024300004F1080002F020FB002870D12022294678
:1024400004F10800DEF716F804F1080040454CD00E
:102450004FF0000B47E056F83B0002F0CCFE40F294
:10246000FF4188420CD156F83B0002F09EFEA18845
:10247000884205D14FF0FF30A0600146E16030E0B6
:1024800056F83B0002F0B7FE40F2FF41884210D1FF
:1024900056F83B0002F089FEA188884209DAA0883C
:1024A000401EA080A07902281BD1A06A401EA06215
:1024B00017E056F83B0002F09EFE40F201418842D0
:1024C0000FD156F83B0002F070FEA188884208DC6C
:1024D000A088401CA080A079022802D1A06A401CDC
:1024E000A0620BF1010BCB45B5DB11E0A188A08BFD
:1024F000081AA08004F1200204F108013846FEF712
:10250000B9FE8346BBF1000F01D05846B7E600BFC5
:10251000A188A08B814202DBE07F0028E6D12468FD
:10252000002C84D11A98AAE62E2E5C2E2E5C4D69C2
:1025300064646C6577617265735C6C6974746C65F6
:1025400066735C6C66732E63000000006469722D14
:102550003E636F756E74203E2030000070646972B7
:102560000000000038F90508850B04080CFCFF7F0B
:10257000636F6D6D69742E6F66662025206C6673BF
:102580002D3E6366672D3E70726F675F73697A6573
:10259000203D3D20300000002CF905082DE9FF4FBB
:1025A0008BB005460C469146DDE9197BDDF860A04D
:1025B00003A92846FEF773FA8046B8F1000F03D04E
:1025C00040460FB0BDE8F08FE07D8DF82300A06994
:1025D0000990E1690A91CDE9017BCDF800A04A4656
:1025E00003A928460E9BFEF765FC0646002E01DA7D
:1025F0003046E6E70398A0610499E1610120E075A7
:1026000005F12001204602F037FA20B91FB90398DE
:102610002862049969620020D3E700002DE9FF4F8A
:102620008BB005460F46DDE918A81A9E6CE04446BB
:102630003FE000200A900AA95B4A604200B2CDE95F
:102640000560CDE90721A0B20022584B0E99CDE9D3
:102650000232019104900D98531E51460090284675
:1026600000F000F98346BBF1000F03D058460FB0CD
:10267000BDE8F08F301BFF2817D2AA6E9169926CCB
:1026800012B1AA6E926C01E0AA6ED2695008FDF7F1
:10269000CEFB0990A96EC969A1F12400099902F045
:1026A000ABF90A99884200D306E0301B04EB5004D2
:1026B00000BF301B0128BCD800BF444500D124E036
:1026C000A0B2CDE900A0029639462846DDE90D23E7
:1026D000FFF764FF8146B9F1000F04D009F11C0037
:1026E00008B14846C3E7B9F1000F0BD030A17868B4
:1026F000CDE9000140F2A9722EA137A03B68EAF7AC
:1027000057FA02E0A6B200BF91E700BF3D4903C9F6
:10271000CDE9090139462846FFF7EEFA002838D0FE
:1027200009A9384602F0A8F9002832D1284601F05C
:1027300087FD8146B9F1000F01DA484697E7A86E98
:10274000006AB9EB500F23D219A0009040F2BD727D
:1027500018A12DA0BB68EAF72BFACDE900A80296D4
:1027600039462846DDE90D23FFF718FF044624B15A
:1027700004F11C0008B1204679E73CB10CA340F2FB
:10278000C7720CA12CA0EAF713FA00E0464600BF7E
:1027900000BFCDE900A8029639462846DDE90D23A1
:1027A000FEF788FB63E70000A10B040800FC0F4064
:1027B000000000002E2E5C2E2E5C4D6964646C655A
:1027C00077617265735C6C6974746C6566735C6C5C
:1027D00066732E630000000025733A25643A776122
:1027E000726E3A20556E61626C6520746F20737052
:1027F0006C6974207B307825782C20307825787DA2
:1028000025730A0024F9050825733A25643A64659E
:102810006275673A20457870616E64696E672073EF
:1028200075706572626C6F636B206174207265767F
:1028300020257525730A000025733A25643A7761CF
:10284000726E3A20556E61626C6520746F206578F7
:1028500070616E64207375706572626C6F636B2556
:10286000730A00002DE9FF4FB3B00F461546984696
:10287000DDF818A1DDF81091002448E1404602F08F
:1028800089FC2844F968884227D2404602F082FC3D
:102890000544042113AA38680B46CDE9015203917F
:1028A00000900021339A1046FDF76EFD10901098AD
:1028B00018B1109837B0BDE8F08F139801F0A5F962
:1028C00080EA080040F00040139038681190281DFD
:1028D000129011AEDDF84C8011E0419800280BDD1C
:1028E000409800681390409846684098083040909F
:1028F0004198401E419002E00020149008E1DFF86A
:10290000F0B242980BEA00001399014042980BEA9A
:102910000000439A1040814200D0F8E0429802F053
:1029200044FC002840D0032C00D205E040F24E3297
:10293000B0A1B9A0EAF794F9CDE9035802974098FD
:102940000590419806904298079043980890ADF8FA
:1029500024904598ADF82600ADF828A047980B9034
:1029600048980C901398CDE90D06DDE91101CDE9E9
:102970000F01C4EB041115AA02EB81003C2202A94D
:10298000DDF778FD641C002042904390814645901D
:102990008246A3484790601EC0EB001015A901EBCA
:1029A00080002C304890B2E000BF429802F0FDFB5E
:1029B00058B1139802F0F9FB484505DB139802F073
:1029C000F4FB4599884200DBA1E0139802F013FC68
:1029D00000284FD0139802F00EFC40F201118842FB
:1029E00049D18F494798884200D190E03C2102A804
:1029F000DDF768FDCDE903580297409805904198AE
:102A000006904298079043980890ADF82490459816
:102A1000ADF82600ADF828A047980B904898C4EB75
:102A2000041115AA0C9002EB81003C2202A9DDF7EB
:102A300021FD641C139802F0CEFB1FFA80FB139853
:102A400002F0B3FB0190374600254FF0FF3800201D
:102A500040904190734842904FF000504390D946C7
:102A60000BF1010080B245900198A0EB0B0050449F
:102A70000FFA80FA4AE0139802F0BDFBB0F5817FAF
:102A800032D14FF0000B29E01096139802F08DFB25
:102A9000504481020BEB4B00109E16F8200000F50D
:102AA000407041EA00500BEB4B0106EB8101896855
:102AB00008430F900BEB4B0006EB80004268479BEE
:102AC0000F994898984714901498002801DA1498A0
:102AD000F0E6149800B106E00BF1010B139802F038
:102AE0007AFB5845D0D811E0002040EA8A20139A9A
:102AF00081183246479B48989847149014980028AC
:102B000001DA1498D6E6149800B101E000BFB5E6EA
:102B100000BF002C69D0601EC0EB001015A951F851
:102B20002070601EC0EB001001EB80004568601E45
:102B3000C0EB001001EB8000D0F80880601EC0EBF5
:102B4000001001EB8000C0684090601EC0EB0010D8
:102B500001EB800000694190601EC0EB001001EBAA
:102B6000800040694290601EC0EB001001EB8000C5
:102B700080694390601EC0EB001001EB8000B0F84C
:102B80001C90601EC0EB001001EB8000C08B4590D4
:102B9000601EC0EB001001EB8000B0F920A0601EA9
:102BA000C0EB001001EB8000406A4790601EC0EB54
:102BB000001001EB8000806A4890601EC0EB00109E
:102BC00001EB8000C06A1390601EC0EB001001EBA7
:102BD0008000066B601EC0EB001001EB8001D1E9A4
:102BE0000D01CDE91101641EDFE6149862E60000D4
:102BF0000000F07F2E2E5C2E2E5C4D6964646C65A7
:102C000077617265735C6C6974746C6566735C6C17
:102C100066732E63000000007370203C20330000B8
:102C2000292C040800FC0F602DE9F04706460D46EC
:102C30009046344605F0805008B11B4800E01B4820
:102C4000074607EA05002168394088420DD0206810
:102C500002F0AFFA48B9144805EA0001144A2068A6
:102C60001040144A1043814204D10020206001200A
:102C7000BDE8F087284602F0B9FAB0F5806F11D1AF
:102C8000284602F092FA8146206802F08EFA8145C9
:102C900008DC284602F0A3FA002141EA80202168DE
:102CA000084420600020E3E700FCFF7F00FC0F7079
:102CB00000FC0F000000F04F70B504460E460025E2
:102CC0000DB1284670BD3146A06A01F0A0FE00B1EA
:102CD00005E041F28A5205A10DA0E9F7C1FF314696
:102CE000204600F0C5FA05462846EBE72E2E5C2E5E
:102CF0002E5C4D6964646C6577617265735C6C69A8
:102D000074746C6566735C6C66732E6300000000FF
:102D10006C66735F6D6C6973745F69736F70656EF9
:102D2000286C66732D3E6D6C6973742C2028737447
:102D300072756374206C66735F6D6C6973742A2995
:102D400066696C6529000000F0B597B005460C4631
:102D5000206B00F4802060B1206B00F4801020B95B
:102D600004F140012846FDF74FFC206B20F4802041
:102D70002063206B00F40030002879D0676B206B53
:102D800000F48010002860D154223A4902A8DDF7EF
:102D900071FBA06A0C90E16A0D91606B0F9095E851
:102DA0000F0012AE0FC629462846FDF72DFC22E083
:102DB000012301AA02A9284600F084F80646002E45
:102DC00002DA304617B0F0BD012301AA2146284699
:102DD00000F00EF90646002E01DA3046F2E72868C8
:102DE000401C38B112A92846FDF70EFC294628469A
:102DF000FDF70AFC00BF616BE06A8142D8D321E095
:102E000001232A4604F140012846FDF767F90646EA
:102E10002EB106F1540000B902E03046D2E712E0CC
:102E200015A0009040F65F4214A11DA0A36BE9F726
:102E3000BFFE2146284600F0BBFD06460EB13046D7
:102E4000C0E700BFDCE700BF04E0E16A606B01F0AF
:102E5000CCFD6063A06BA062616BE162206B20F42B
:102E600000302063206B40F480302063676300BF34
:102E70000020A7E76CF90508000000002E2E5C2E4C
:102E80002E5C4D6964646C6577617265735C6C6916
:102E900074746C6566735C6C66732E63000000006E
:102EA00025733A25643A64656275673A2042616425
:102EB00020626C6F636B20617420307825782573F5
:102EC0000A0000002DE9F04F87B006460C469246F6
:102ED0001F46D046B946616BE06A814203D30020A9
:102EE00007B0BDE8F08F626BE06A811A384601F0E6
:102EF00083FD0746B94672E0206B00F4802020B1C4
:102F0000E06BB16EC969884222D1206B00F4801059
:102F1000A8B904F13C00011F636BE26ACDE900230C
:102F2000CDE90210021D00213046A36AFDF78EFC98
:102F30008346BBF1000F01D05846D1E704E06FF0A3
:102F40000100A063606BE063206B40F4802020638D
:102F5000B06EC069E26B811A484601F04DFD05462E
:102F6000206B00F48010E0B1A0881F4A42EA802064
:102F7000E16BCDE90485CDE902011C49B06EC06961
:102F800004F140030022CDE9000104F108013046BC
:102F9000FEF76EFD8346BBF1000F01D058469FE758
:102FA00013E0D4E90E018DE803010395B06E04F13E
:102FB00040020021C3693046FDF7E6F98346BBF1C4
:102FC000000F01D058468BE700BF606B2844606358
:102FD000E06B2844E063A844A9EB050900BFB9F100
:102FE000000F89D138467BE70000102000FCF7FF76
:102FF0002DE9F04F85B005460C4692469946CDF82E
:1030000010A04F46206B00F4801048B3626BD019BB
:10301000E16A01F0EAFC8046AA6E926C12B1AA6ED7
:10302000926C01E0AA6ED269D108AA6E906A01F092
:10303000E3FC0646314640F2FE3001F0DDFC8045FF
:103040000ED92146284600F0FDF806463EB1206B19
:1030500040F400202063304605B0BDE8F08F00BF8B
:103060009CE0206B00F4003020B1E06BA96EC969D0
:1030700088424ED1206B00F48010002840D1206B94
:1030800000F4003008BB606BF8B104F13C010A1F8A
:10309000606B401EE36ACDE90030CDE902210A1DD4
:1030A00000212846A36AFDF7D1FB8346BBF1000F40
:1030B00005D0206B40F4002020635846CCE704F193
:1030C00040012846FDF7A4FA00BF2846FCF758FF48
:1030D00004F13C00011F626BCDE9002102902A46F9
:1030E000011D2846A36BFDF7C5FA8046B8F1000F15
:1030F00005D0206B40F4002020634046ACE704E09C
:103100006FF00100A063606BE063206B40F400305F
:103110002063A86EC069E26B811A384601F06CFC2E
:1031200006462BE00498D4E90E120123CDE90206ED
:10313000CDE900122A4604F140012846FDF758F86F
:103140008046B8F1000F09D008F1540000B906E03C
:10315000206B40F40020206340467DE70FE02146CD
:10316000284600F025FC8046B8F1000F05D0206B02
:1031700040F40020206340466EE700BFD2E700BF66
:10318000606B30446063E06B3044E063049830442B
:103190000490BF1B2846FCF7F3FE00BF002F7FF40E
:1031A00060AF484658E700002DE9F04104460E465E
:1031B00017469846002515B12846BDE8F0813146EE
:1031C000A06A01F024FC00B905E041F2665206A1B4
:1031D0000EA0E9F745FD43463A463146204600F049
:1031E0005BF805462846E8E72E2E5C2E2E5C4D69DE
:1031F00064646C6577617265735C6C6974746C652A
:1032000066735C6C66732E6300000000216C66734D
:103210005F6D6C6973745F69736F70656E286C663F
:10322000732D3E6D6C6973742C20287374727563F2
:1032300074206C66735F6D6C6973742A2966696C9F
:103240006529000070B506460C46606BE0633046A9
:10325000FCF796FE2146304600F0AAFB05460DB16C
:10326000284670BD206B20F4801020630020F8E712
:1032700070B505460C462146284600F056FA06462B
:103280002146284601F0D2FB206D006810B9E06CA1
:1032900000F0B4FC304670BD2DE9F84304460D46FD
:1032A00016461F4605483B463246294600902046B2
:1032B00000F006F880464046BDE8F88360F905084E
:1032C0002DE9FF4F87B081460C461F46DDF850A020
:1032D00007F0020002280BD1484600F08FFE80461E
:1032E000B8F1000F03D040460BB0BDE8F08F00BF2F
:1032F000C4F850A0276300206063E0630021E1640C
:10330000231D09AA191D4846FEF764FA0646002E39
:1033100008DAB01C20B9A08840F2FF31884201D100
:1033200035461CE10120A0712146484601F06BFBA7
:10333000B01CB0BB07F4807010B96FF001050EE14E
:103340000998DDF7FEF88046D9F86C00404502D2B6
:103350006FF0230503E1182101A8DDF7B3F8A08879
:10336000844941EA80200190A0884FF4801141EA0D
:10337000802040EA0800039009990491A0887E49C2
:1033800041EA80200323059001AA04F10801484680
:10339000FDF7DAFB054605F11C0018B96FF02300B4
:1033A00001E005E02846054605B1D8E0724E32E05E
:1033B00007F4007010B16FF01005D0E0304601F056
:1033C0001AFF012802D06FF01405C8E007F48060EE
:1033D00040B1A088684941EA8026206B40F48030E3
:1033E000206318E004F128000090A0884FF00051FD
:1033F00041EA802040F00803604A04F10801484691
:10340000FEF7EFFA0646002E01DA3546A7E004F192
:103410002800FDF76EFA4FF000084BE094F83000FA
:1034200000F0010060B3206D406808EB480100EB3C
:10343000810040680090206D406808EB480110F85A
:10344000210000F540700005A18840EA8120216D2F
:10345000496808EB480201EB8201896840EA0103F0
:10346000474A04F108014846FEF7BBFA8346BBF120
:10347000000F04DA0BF1020008B15D466FE000BFF7
:1034800094F8300000F00200022811D1206D40684D
:1034900008EB480100EB81008068D9F8741088427D
:1034A00002D96FF01B055AE0206B40F48030206396
:1034B00008F10108206D80684045AFD8206D006894
:1034C00018B1206D0168E1640AE0D9F86810886AD3
:1034D00001F084FAE064E06C10B96FF00B053EE097
:1034E00004F140014846FDF793F8304601F083FEB1
:1034F00040F20121884230D16FF00100A0623046D5
:1035000001F069FEE062206B40F480102063A06A45
:10351000206400216164D9F86800816AA164E06ACE
:10352000D8B140F2FE31A06C01F066FAA1884FF0EC
:10353000005242EA812140EA010BE06C5B460F4AEF
:1035400004F1080100904846FEF74BFA8046B8F1B6
:10355000000F01DA454602E000BF0020C4E6206B00
:1035600040F40020206321464846FFF781FE2846AC
:10357000BAE60000000010400000102000FC0F70B0
:1035800000FCFF7F2DE9F04106460C4617469846A1
:1035900094F8300000F0010000B105E040F6EA4286
:1035A0000CA115A0E9F75CFB206B00F4003048B1DA
:1035B00021463046FFF7C8FB054615B12846BDE851
:1035C000F08100BF43463A4621463046FFF77AFC79
:1035D000F5E700002E2E5C2E2E5C4D6964646C6550
:1035E00077617265735C6C6974746C6566735C6C2E
:1035F00066732E63000000002866696C652D3E66C8
:103600006C6167732026204C46535F4F5F52444FD6
:103610004E4C5929203D3D204C46535F4F5F52444C
:103620004F4E4C590000000070B505460E46002371
:103630001A463146284600F007F80446002C01DA05
:10364000204670BD0020FCE72DE9FC5F81460C465A
:1036500016461F46656B0FB935461CE0012F0AD18F
:10366000606B3044002803DA6FF01500BDE8FC9F62
:10367000606B85190FE0022F0DD12146484600F0FE
:1036800046F800EB060ABAF1000F02DA6FF01500F7
:10369000ECE7554600BFD9F87000A84202D26FF09F
:1036A0001500E3E7606BA84201D12846DEE7206BF6
:1036B00000F40030F0B9606B019001A94846FDF7B5
:1036C00023F98246009569464846FDF71DF9834671
:1036D000DA450ED1606C009988420AD8D4E91110FD
:1036E00008440099884204D965630098E06328463D
:1036F000BCE700BF21464846FFF726FB8046B8F1ED
:10370000000F01D04046B1E765632846AEE770B5CB
:1037100005460C46206B00F4003020B1E16A606B76
:1037200001F063F970BDE06AFCE72DE9F04387B072
:1037300081460C46206B00F4002018B1002007B031
:10374000BDE8F08321464846FFF7FEFA05462DB155
:10375000206B40F4002020632846F0E7206B00F443
:103760008030002843D004F1080001F0A5F90028BA
:103770003DD1206B00F4801028B140F20126E76CA7
:10378000D4F82C800BE040F20226D4E90A01CDE9FE
:10379000010101A8FDF7DCF801AF4FF00808300582
:1037A000A18840EA812040EA0800CDE90307A0880B
:1037B0004FF0815141EA8020216D896808430590CE
:1037C000206D41680223069103AA04F108014846CE
:1037D000FDF7BAF905462DB1206B40F400202063B7
:1037E0002846ACE7206B20F48030206300BF002027
:1037F000A5E700002DE9F84F06460C4691461F4606
:1038000094F8300000F00200022800D105E040F6F4
:1038100055522BA133A0E9F723FA206B00F4802046
:1038200058B121463046FFF78FFA8046B8F1000FB5
:1038300002D04046BDE8F88F00BF208E00F4006043
:1038400028B1616BE06A814201D2E06A6063606B1B
:103850003844316F884202D96FF01A00EAE7206BD2
:1038600000F40030D8B9616BE06A814217D9D4F80E
:1038700034A0E06A60630EE00020009001236A46F5
:1038800021463046FFF7B4FB8046B8F1000F01DA5D
:103890004046CFE700BF606B5045EDD300BF3B46CD
:1038A0004A4621463046FFF7A3FB0546002D01DAC4
:1038B0002846BFE7206B20F4002020632846B9E7A4
:1038C0002E2E5C2E2E5C4D6964646C65776172658A
:1038D000735C6C6974746C6566735C6C66732E6380
:1038E000000000002866696C652D3E666C61677398
:1038F0002026204C46535F4F5F57524F4E4C59295C
:10390000203D3D204C46535F4F5F57524F4E4C5920
:10391000000000002DE9F04704460E461746984681
:10392000002515B12846BDE8F0873146A06A01F0B0
:103930006EF800B105E041F2AC5206A10EA0E9F725
:103940008FF943463A4631462046FFF71BFE814633
:103950004846E8E72E2E5C2E2E5C4D6964646C654B
:1039600077617265735C6C6974746C6566735C6CAA
:1039700066732E63000000006C66735F6D6C697384
:10398000745F69736F70656E286C66732D3E6D6C25
:103990006973742C2028737472756374206C667359
:1039A0005F6D6C6973742A2966696C652900000073
:1039B000F0B589B005460C468AE008A92846FCF710
:1039C0003FFA064616B1304609B0F0BD28460899C0
:1039D000FCF73EFB06462EB106F1540000B968E044
:1039E0003046F1E7002748E0206B00F48010D0B1AA
:1039F000012107AAA088374B43EA8020CDE9037252
:103A0000059102903449E06BC01B04F14003002291
:103A1000CDE9000104F108012846FEF729F8064621
:103A2000A6B13046D0E7012107AAA06BCDE901720B
:103A300003910090E06BC31B2A4604F14001284625
:103A4000FCF7A2FC06460EB13046BDE7012007A9EF
:103A5000089A0346CDE90027CDE902102A4605F170
:103A600010012846FCF7C4FB06462EB106F15400AF
:103A700000B91EE03046A7E77F1CE06BB842B3D820
:103A8000AB6E9A6AE969E06CDCF7F4FC28692064A3
:103A900069696164A969A16405F110012846FCF710
:103AA000B7FD0898A063206B40F40030206300202D
:103AB0008AE70AA000904FF4416209A111A0089B77
:103AC000E9F776F805F110012846FCF79DFD00BFE7
:103AD00073E700000000102000FCF7FF000000006A
:103AE0002E2E5C2E2E5C4D6964646C657761726568
:103AF000735C6C6974746C6566735C6C66732E635E
:103B00000000000025733A25643A64656275673ADF
:103B10002042616420626C6F636B20617420307896
:103B2000257825730A00000070B505460E4600246E
:103B30000CB1204670BD31462846FFF775FD04469E
:103B40002046F7E72DE9F04704460E46174698460B
:103B5000002515B12846BDE8F0873146A06A00F07F
:103B600056FF00B105E041F2BE5206A10EA0E9F7F2
:103B700077F843463A4631462046FFF73BFE8146FA
:103B80004846E8E72E2E5C2E2E5C4D6964646C6519
:103B900077617265735C6C6974746C6566735C6C78
:103BA00066732E63000000006C66735F6D6C697352
:103BB000745F69736F70656E286C66732D3E6D6CF3
:103BC0006973742C2028737472756374206C667327
:103BD0005F6D6C6973742A2966696C652900000041
:103BE00070B505460E4600240CB1204670BD314626
:103BF000284600F083FF04462046F7E710B5044648
:103C00002146002005F08AFE10BD01B59DF8000098
:103C100000069DF8011040EA01409DF8021040EABC
:103C200001209DF80310084308BD01B59DF8000070
:103C30009DF8011040EA01209DF8021040EA014081
:103C40009DF8031040EA016008BD0000F0B58DB09A
:103C5000044604F13C0000F0DFFB10B900200DB079
:103C6000F0BDE06B01F0A1FA074619A1606CCDE947
:103C70000171009041F2661216A11FA0236CE8F7B3
:103C800097FF04F1400203A92046FDF7F3FA054629
:103C90000DB12846E3E7E06B01F087FA0646002203
:103CA00040F2FF31204600F05DFA00200B900C90AE
:103CB0001D4840EA862001230B900BAA03A9204649
:103CC000FCF742FF05460DB12846C8E70020C6E7CD
:103CD000000000002E2E5C2E2E5C4D6964646C6525
:103CE00077617265735C6C6974746C6566735C6C27
:103CF00066732E630000000025733A25643A6465FC
:103D00006275673A20466978696E67206D6F7665DF
:103D1000207B307825782C20307825787D203078ED
:103D2000257825730A0000000000F04F2DE9F047C8
:103D3000A2B00446894604F1300000F087FB18B9B0
:103D4000002022B0BDE8F087002600BF2022814974
:103D50001AA8DCF78FFBE6E020AA12A92046FDF79F
:103D600089FA8046B8F1000F01D04046E9E79DF896
:103D70007F00002872D10AAA20A9204600F052F93B
:103D80000546002D03DAA81C08B12846D9E7A81C6F
:103D900000283DD1B9F1000F3AD06FA11AA8C0692F
:103DA000CDE9000141F2A1126CA175A0209BE8F7BA
:103DB000FFFE04F1480212A92046FDF729FE8046C5
:103DC000B8F1000F01D04046BBE718A800F084FE10
:103DD0009DF85F0000F5C060744941EA005040F072
:103DE0000800089018A80123099008AA1AA92046DB
:103DF000FDF798FF074618A800F053FE002F01DAE0
:103E000038469EE7701C46B2032F00D19EE78AE039
:103E1000A81C002878D008A82B46654A0AA900905B
:103E20002046FDF7DEFD0746002F01DA384688E719
:103E300008A800F036FE20A808990268914203D134
:103E400009994268914207D008994268914206D187
:103E500009990268914202D1012101E05DE000214F
:103E6000002958D13CA31AAADDE90810D269CDE98E
:103E70000203CDE9002141F2CA1238A14DA0209BD6
:103E8000E8F796FE40F2FF3A1AA904F1300000F07C
:103E9000CDFAA8B1206B01F088F982462EA11B98BB
:103EA000CDE901A1009041F2D5122CA151481A9BF5
:103EB000E8F77EFE002240F2FF31204600F052F982
:103EC00008A800F009FE234B20330FCBCDE90623D1
:103ED000CDE9040140F2FF30824503D0464840EA74
:103EE0008A2000E0002008A902230791049004AA78
:103EF0001AA92046FDF716FF074608A800F0D1FDD5
:103F0000002F02DA38461CE706E0701C46B2032F89
:103F100000D11BE707E000BF00BF202212A91AA8AA
:103F2000DCF7A8FA00BF20A800F0C6FD00283FF487
:103F300013AF00BF206B01F04EF9C0B20746314607
:103F400000F05AFD404245B22946204600F02EF9C5
:103F5000F7E6000068FA0508000000002E2E5C2E2F
:103F60002E5C4D6964646C6577617265735C6C6925
:103F700074746C6566735C6C66732E63000000007D
:103F800025733A25643A64656275673A2046697814
:103F9000696E67206F727068616E207B307825785B
:103FA0002C20307825787D25730A000000FC0F0056
:103FB00000FCFF7F25733A25643A64656275673AB1
:103FC00020466978696E672068616C662D6F727033
:103FD00068616E207B307825782C20307825787DBC
:103FE000202D3E207B307825782C20307825787D58
:103FF00025730A00045606080000F04F70B5054608
:104000002846FFF723FE04460CB1204670BD01216F
:104010002846FFF78BFE04460CB12046F6E7002049
:10402000F4E700002DE9F04188B006460F4614463B
:104030000020A0610121E161804626E0B06E006AA7
:10404000B8EB500F04D36FF0530008B0BDE8F08117
:1040500008F101080596386806907968079105A867
:104060000E4900220E4BCDE90032CDE902100D4B76
:1040700004F1180221463046FDF70EF905461DB140
:10408000A81C08B12846E0E700BF04F1180000F0C2
:1040900013FD0028D2D06FF00100D6E7A940040834
:1040A00008000020FF03F07F2DE9F04786B00646A8
:1040B0008A46144637463D68A046082204ABD8E934
:1040C00000018DE80B000392A86E2A4605F110014D
:1040D000C3692846FCF758F98146B9F1000F03D0AF
:1040E000484606B0BDE8F08704A800F0DAFC391DA8
:1040F00004A800F0C1FC08B10120F2E70020F0E7BD
:104100002DE9F0410646884614460020A0610121B1
:10411000E16100271CE0B06E006AB7EB500F03D3DB
:104120006FF05300BDE8F0817F1C414604F1180098
:1041300000F0A2FC08B90020F4E704F118022146BF
:104140003046FDF797F805460DB12846EAE700BF6F
:1041500004F1180000F0B0FC0028DCD06FF0010082
:10416000E0E7000010B50F4C036B234040F2FF3432
:10417000A14203D00C4C44EA812400E000242343F4
:10418000036340F2FF33994201D0136800E000233B
:10419000436340F2FF33994201D0546800E00024A9
:1041A000846310BDFF0300800000F04F70B504462B
:1041B0000D46206B01F00FF808B9002D00DB05E07B
:1041C00041F24C1208A111A0E8F74AFD206B2844E7
:1041D000206304F1300000F039F9216B60F3DF71E6
:1041E0002163002070BD00002E2E5C2E2E5C4D69D8
:1041F00064646C6577617265735C6C6974746C651A
:1042000066735C6C66732E63000000006C66735FFF
:104210007461675F73697A65286C66732D3E677396
:10422000746174652E74616729203E2030207C7C87
:10423000206F727068616E73203E3D203000000078
:1042400038B505460020009000236A4604492846F8
:1042500000F008F804460CB1204638BD0098FCE791
:10426000094404082DE9FF4F8DB007460D46164658
:104270002022634905A8DCF7FDF84FF0000A7BE037
:10428000B86E006ABAEB500F04D36FF0530011B050
:10429000BDE8F08F0AF1010A4FF000080CE00BA80E
:1042A00050F828103046A8478146B9F1000F01D0D8
:1042B0004846ECE708F10108B8F1020FEFDB0BAA62
:1042C00005A93846FCF7D6FF04460CB12046DEE7C8
:1042D0004FF000084BE003A800904FF0005040EA78
:1042E000882040F00803474A05A93846FDF779FBC6
:1042F0008146B9F1000F05DA09F1020000B932E098
:104300004846C4E703A8FCF7F4FA484600F073FFF8
:1043100040F2022188420CD104988DE861003A46AF
:1043200000213846039BFCF71EFB0446D4B120460F
:10433000ADE71098B0B1484600F05DFFB0F5007FE2
:1043400010D14FF0000B0AE003A850F82B103046B4
:10435000A84704460CB1204699E70BF1010BBBF1CD
:10436000020FF1DB00BF08F101001FFA80F8BDF871
:1043700028004045AFDC00BF0BA800F09DFB0028E3
:104380003FF47EAFBC6A37E0A079012800D032E06C
:10439000206B00F48030A0B1206B00F4801080B955
:1043A000E06A8DE861003A4604F140013846A36AAC
:1043B000FCF7D9FA8046B8F1000F01D0404666E715
:1043C00000BF206B00F40030A0B1206B00F480101F
:1043D00080B9606B8DE861003A4604F140013846CF
:1043E000A36BFCF7C0FA8046B8F1000F01D040463D
:1043F0004DE700BF00BF2468002CC5D1002046E770
:1044000048FA050800FC0F7002460B461146086882
:10441000401C08600020704710B50446206800F07A
:10442000E5FE08B1012010BD0020FCE770B5044690
:104430000D46206800F0DAFE30B12946201D00F05C
:104440001BFB08B9012070BD0020FCE710B5044635
:10445000206800F0C0FE08B1012010BD0020FCE77C
:104460000246002105E052F8210008B10020704703
:10447000491C0329F7DB0120F9E710B50446206841
:1044800000F0C3FE2060606800F0BFFE6060A068BE
:1044900000F0BBFEA06010BD10B50246002007E092
:1044A00052F8203051F82040634042F82030401C40
:1044B0000328F5DB10BD0000F0B589B004460D46B9
:1044C000A5660026A06E406900B105E040F6467280
:1044D0009CA1A5A0E8F7C4FBA06E806900B105E02F
:1044E00040F6477297A1A7A0E8F7BAFBA06E806AD2
:1044F00000B105E040F6487292A1A9A0E8F7B0FB30
:10450000A06E806AA16E4969B0FBF1F201FB120056
:1045100000B905E040F64C728AA1A8A0E8F7A0FB1C
:10452000A06E806AA16E8969B0FBF1F201FB1200F6
:1045300000B905E040F64D7282A1ACA0E8F790FB0F
:10454000A06EC069A16E896AB0FBF1F201FB120096
:1045500000B905E040F64E727AA1B0A0E8F780FB02
:10456000A06EC06908384FF0FF31B1FBF0F7384654
:1045700000F07BFA8000A16EC969884200D805E08E
:1045800040F651726FA1B248E8F76AFBA06E406A2C
:1045900000B105E040F65A726AA1AEA0E8F760FBF0
:1045A000A06E006B18B1A06E006BE06009E0A16E18
:1045B000886A00F013FAE060E06810B96FF00B064B
:1045C000BAE0A06E406B18B1A06E416BE16109E0EA
:1045D000A16E886A00F002FAE061E06910B96FF03C
:1045E0000B06A9E021462046FCF712F804F1100161
:1045F0002046FCF70DF8A06EC06A00B105E040F659
:10460000787250A19AA0E8F72BFBA06E90F82C00CE
:1046100000F0070030B9A06E90F8380000F00300F9
:1046200000B905E040F6797246A19948E8F718FB11
:10463000A06E806B18B1A06E816B616609E0A16EFF
:10464000C86A00F0CBF96066606E10B96FF00B06B7
:1046500072E0A06EC06BFF2800D805E040F68672BD
:1046600038A18CA0E8F7FCFAA06EC06BE066E06EA3
:1046700008B9FF20E066A06E006CB0F1004F00D2D8
:1046800005E040F68C722FA189A0E8F7E9FAA06E48
:10469000006C2067206F10B96FF000402067A06E9B
:1046A000406C40F2FE31884200D805E040F692723C
:1046B00024A188A0E8F7D4FAA06E406C6067606F10
:1046C00010B940F2FE306067A06E806CA16EC969BF
:1046D000884200D805E040F698721AA184A0E8F755
:1046E000BFFA4FF0FF302062014661620020A062F5
:1046F000E062069007908A4A089007CA06AB07C393
:10470000C4E91012E063002003900490854A0590EC
:1047100007CA03AB07C3C4E90D1220630020009051
:104720000190814A029007CA8DE80700C4E913127C
:10473000A064002009B0F0BD2046FCF769F93046BE
:10474000F8E700002E2E5C2E2E5C4D6964646C65CB
:1047500077617265735C6C6974746C6566735C6CAC
:1047600066732E63000000006C66732D3E636667FF
:104770002D3E726561645F73697A6520213D20304A
:10478000000000006C66732D3E6366672D3E7072FC
:104790006F675F73697A6520213D2030000000005B
:1047A0006C66732D3E6366672D3E63616368655F6B
:1047B00073697A6520213D20300000006C66732DFE
:1047C0003E6366672D3E63616368655F73697A6502
:1047D0002025206C66732D3E6366672D3E726561F1
:1047E000645F73697A65203D3D2030006C66732DEF
:1047F0003E6366672D3E63616368655F73697A65D2
:104800002025206C66732D3E6366672D3E70726FA7
:10481000675F73697A65203D3D2030006C66732DBB
:104820003E6366672D3E626C6F636B5F73697A658A
:104830002025206C66732D3E6366672D3E636163A1
:1048400068655F73697A65203D3D20300000000097
:104850009C5606086C66732D3E6366672D3E626C3F
:104860006F636B5F6379636C657320213D2030005B
:104870006C66732D3E6366672D3E6C6F6F6B61686F
:104880006561645F73697A65203E20300000000036
:10489000485606086C66732D3E6366672D3E6E6152
:1048A0006D655F6D6178203C3D203235350000003C
:1048B0006C66732D3E6366672D3E66696C655F6D41
:1048C0006178203C3D203231343734383336343748
:1048D000000000006C66732D3E6366672D3E6174B8
:1048E00074725F6D6178203C3D20313032320000BF
:1048F0006C66732D3E6366672D3E6D657461646101
:1049000074615F6D6178203C3D206C66732D3E6361
:1049100066672D3E626C6F636B5F73697A6500003A
:10492000C0F90508CCF90508D8F9050810B596B006
:104930002149224800F08BF80446B4B11E491F48B3
:10494000FFF74EF904461C491C4800F080F8044665
:104950005CB10BF0A9FB18491848FFF741F9044670
:104960001549164800F073F804460020009040F204
:10497000031313A201A91148FEF716FC04236A468B
:1049800001A90E48FEF7C6FF0098401C009001A93F
:104990000A48FFF7C9F804236A4601A90748FFF748
:1049A000D1F80AA00099E8F703F901A90348FEF736
:1049B00083F9002016B010BD98FA0508F8D3012439
:1049C000626F6F745F636F756E740000626F6F74F7
:1049D0005F636F756E743A2025640A0010B5044653
:1049E0002146002004F0B4FF10BD02468A4201D9DE
:1049F000104670470846FCE702468A4201D210463C
:104A000070470846FCE7826A0A608162704703B516
:104A10000A46694605E00868904201D101200CBDB4
:104A2000096808680028F6D100BFF8E7024602F1DD
:104A3000280007E003688B4203D103681B6803600A
:104A400003E000680368002BF4D100BF704770B525
:104A500005460E4600240CB1204670BD314628465E
:104A600000F0BAF804462046F7E70146481EB0FABF
:104A700080F0C0F120007047024610680B68984231
:104A80000DD050684B68984209D010684B68984226
:104A900005D050680B68984201D001207047002073
:104AA000FCE710B504462068FFF7BFF82060606897
:104AB000FFF7BBF8606010BD01460868401C10B1EC
:104AC0004868401C08B9012070470020FCE70168D5
:104AD000426802604160704710B50446206800F0EB
:104AE00094FB2060606800F090FB606010BD10B522
:104AF00004462046E8F780F810BD000070B596B077
:104B000004460E46002531462046FFF7D5FC0546F3
:104B100015B1284616B070BDA26ED16A606EDBF783
:104B2000D1FC00206065A26E116AD26AD000FFF746
:104B300063FFA0650021E1652046FBF721FA06A985
:104B40002046FBF7ACFF054605B13EE0182221499F
:104B50006846DBF78FFCA06EC0690190A06E006A0A
:104B60000290E06E0390206F0490606F059068469D
:104B700000F0F1FA18221749183110A8DBF77AFC77
:104B8000CDF854D0032310AA06A92046FBF7DCFF7A
:104B9000054605B119E000208DF82E0000231A46C5
:104BA00006A92046FBF7D0FF054605B10DE00949EF
:104BB000303103C9CDE90E010EAA06A92046FCF743
:104BC00059FB054605B100E000BF2046FBF720FF7A
:104BD00028469FE7E4F905082DE9F04794B004461C
:104BE0008A4651462046FFF767FC06461EB130460E
:104BF00014B0BDE8F08720228B490CA8DBF73AFC03
:104C00000027D1E0A06E006AB7EB500F02D36FF01F
:104C1000530603E17F1C844A2032D2E900109268D7
:104C2000CDE90A020991099409A880490022804B24
:104C3000CDE90032CDE902107E4B12AA0CA9204624
:104C4000FCF72AFB0546002D01DA2E46E6E0002D92
:104C50006DD0284600F0ADFA002868D10C9820628B
:104C60000D99616203A8744B724A0CA9009020460A
:104C7000FCF7B7FE0546002D01DA2E46CEE003A86C
:104C800000F04EFA4FF6FF71039801EA10480398BE
:104C90001FFA80F9B8F1020F02D1B9F1000F0CDD53
:104CA00066A0434641F2330265A1CDE900906DA0B4
:104CB000E7F77EFF6FF01506B0E0069898B106980A
:104CC000E16E88420DD95DA1E06ECDE9000141F2AF
:104CD0003C025BA16DA0069BE7F76AFF6FF015062B
:104CE0009CE00698E066079898B10798216F884283
:104CF0000DD952A1206FCDE9000141F2470250A128
:104D00006EA0079BE7F754FF6FF0150686E0079843
:104D100020670898A8B10898616F88420FD947A109
:104D2000606FCDE9000141F2520245A100E031E09F
:104D30006EA0089BE7F73CFF6FF015066EE0089841
:104D400060670598A16E096A88420ED03BA1A06EEB
:104D5000006ACDE9000141F25C0239A16FA0059B18
:104D6000E7F726FF6FF0150658E00498A16EC969B1
:104D700088420ED031A1A06EC069CDE9000141F298
:104D800063022FA171A0049BE7F712FF6FF01506D5
:104D900044E000BF04F130020CA92046FCF738FEC5
:104DA000064606B13AE000BF12A8FFF785FE0028CC
:104DB0003FF428AF04F12000FFF77EFE10B16FF042
:104DC00015062BE004F13000FFF74AFB58B91BA28F
:104DD000D4E90D018DE8070041F2790218A167A01E
:104DE000236BE7F7E5FE206B00F0ECF980F00100A3
:104DF000216B08442063D4E90D12206BC4E9101222
:104E0000E063A16EE06A096AB0FBF1F201FB1200F7
:104E100060652046FBF7B8F80020E9E6204600F080
:104E20006BF93046E4E600001CFA05087119040825
:104E30000800F00F00FCFF7F1800102000000000A9
:104E40002E2E5C2E2E5C4D6964646C6577617265F4
:104E5000735C6C6974746C6566735C6C66732E63EA
:104E60000000000025733A25643A6572726F723A49
:104E700020496E76616C69642076657273696F6E25
:104E8000207625642E256425730A000025733A25B3
:104E9000643A6572726F723A20556E737570706FF6
:104EA00072746564206E616D655F6D617820282580
:104EB00075203E2025752925730A000025733A25A3
:104EC000643A6572726F723A20556E737570706FC6
:104ED000727465642066696C655F6D617820282551
:104EE00075203E2025752925730A000025733A2573
:104EF000643A6572726F723A20556E737570706F96
:104F00007274656420617474725F6D617820282505
:104F100075203E2025752925730A000025733A2542
:104F2000643A6572726F723A20496E76616C696498
:104F300020626C6F636B20636F756E74202825751B
:104F400020213D2025752925730A000025733A2567
:104F5000643A6572726F723A20496E76616C696468
:104F600020626C6F636B2073697A65202825752039
:104F7000213D2025752925730A00000025733A2557
:104F8000643A64656275673A20466F756E64207096
:104F9000656E64696E67206773746174652030782C
:104FA00025303878253038782530387825730A0050
:104FB0002DE9F34198B005462846FFF71FF804464F
:104FC0001CB120461AB0BDE8F081002319AA0EA931
:104FD0002846FCF7FFFB0646002E06DB304600F0B5
:104FE000E4F840F2FF31884206D1002E01DA304663
:104FF000E8E76FF01500E5E7A86A0490304600F096
:10500000FAF802283BD1304600F0CFF84FF00051BB
:1050100041EA802040F0080802A84346344A0EA91D
:1050200000902846FCF7DDFC0746002F01DA3846E1
:10503000C8E702A8FFF735FD02AA06A92846FCF733
:1050400019F904460CB12046BCE7BDF82C00002835
:1050500002DC04A8C07F10B16FF02600B2E7012186
:105060002846FFF7A3F804460CB12046AAE7002023
:105070008DF81600ADF8140004A8A86200BF002047
:1050800016901790304600F090F81A4941EA8020B7
:105090000123169016AA0EA92846FBF755FD0446D3
:1050A0001CB10498A86220468CE70498A862304698
:1050B00000F0A1F8022819D1C11E2846FFF776F8A2
:1050C00004460CB120467DE70EAA06A92846FFF744
:1050D00017F804460CB1204674E706AA0EA9284624
:1050E000FCF796F804460CB120466BE7002069E710
:1050F00000FC0F700000F04F10B504462046FBF78F
:1051000087FC10BD70B505460E4600240CB1204644
:1051100070BD31462846FFF74BFF04462046F7E7AF
:1051200010B504462068FEF780FD20606068FEF739
:105130007CFD6060A068FEF778FDA060E068FEF787
:1051400074FDE0602069FEF770FD20616069FEF784
:105150006CFD606110BD10B50446206800F055F884
:105160002060606800F051F86060A06800F04DF8C1
:10517000A060E06800F049F8E060206900F045F8C0
:105180002061606900F041F8606110BD0146C1F323
:105190000750704770B50446204600F00AF805191C
:1051A000284600F018F8001D70BD0146C1F38920A3
:1051B0007047014641F30900401C08B901207047BF
:1051C0000020FCE70146012000EBE17008B101205E
:1051D00070470020FCE70146C1F30900704710B595
:1051E00004462046FFF7D2FF40B210BD014601F051
:1051F000E040000D70470146C1F30A50704710B5FA
:1052000004462046FEF701FD10BD10B504462046B9
:10521000FEF70BFD10BD70B5054600240CB120460D
:1052200070BD2846FFF768FF04462046F8E70000F7
:105230007FB506460D46E9F7F7FB04460E2D12D260
:10524000DFE805F007121D2833393F5B6671808E59
:10525000949CE078A178CDE900106378227850A181
:105260003046E7F7B5FC98E0607C217CCDE9001082
:10527000E37BA27B4AA13046E7F7AAFC8DE0607B86
:10528000217BCDE90010E37AA27A45A13046E7F709
:105290009FFC82E0607D217DCDE90010E37CA27C53
:1052A0003FA13046E7F794FC77E040A241A13046A9
:1052B000E7F78EFC71E000223FA13046E7F788FC5B
:1052C0006BE0A07F012804D0022808D0042812D166
:1052D0000BE0002238A13046E7F77AFC0BE0012210
:1052E00035A13046E7F774FC05E0022232A13046D2
:1052F000E7F76EFC00BF00BF4FE0607E217ECDE986
:105300000010E37DA27D26A13046E7F761FC44E072
:10531000607F217FCDE90010E37EA27E20A1304690
:10532000E7F756FC39E0607A217AE279A379CDE992
:105330000032CDE902106379227920A13046E7F7E7
:1053400047FC2AE02220005D2121095DCDE9001003
:105350002020035DE27F12A13046E7F739FC1CE014
:1053600015A13046626AE7F733FC16E094F828008E
:10537000421E11A13046E7F72BFC0EE02C20005D09
:105380002B21095DCDE900102A20035D94F8292026
:1053900003A13046E7F71CFC00BF00BF7FBD000043
:1053A00025642E25642E25642E256400302E302E93
:1053B000302E30002573000025640000253032783F
:1053C0002D253032782D253032782D253032782D2C
:1053D000253032782D253032780000002DE9FF4746
:1053E00004460F464FF0000CE046BDF808109DF84B
:1053F0000A009DF80B209DF80D60F3199DF80C50E4
:1054000001280BD0032809D0052807D0072805D08C
:10541000082803D00A2801D00C282ED14FF01F0CE9
:105420004FF01E08032821D14FF4C87991FBF9FAF7
:1054300009FB1A19B9F1000F13D04FEAE17901EB1A
:1054400099794FEAA909A1EB8909B9F1000F0BD1AC
:105450004FF0640991FBF9FA09FB1A19B9F1000F31
:1054600002D04FF01D0801E04FF01C08082801D0C1
:10547000012833D14FF01F0830E0042805D006285A
:1054800003D0092801D00B2804D14FF01E0C4FF097
:105490001F0823E04FF01F084FF4C87991FBF9FA79
:1054A00009FB1A19B9F1000F13D04FEAE17901EBAA
:1054B00099794FEAA909A1EB8909B9F1000F0BD13C
:1054C0004FF0640991FBF9FA09FB1A19B9F1000FC1
:1054D00002D04FF01D0C01E04FF01C0C182B0EDB1E
:1054E000183B521C6D1C072D00DD0125624506DDB1
:1054F000A2EB0C02401C0C2801DD0C38491C002BCF
:105500000DDA1833521E6D1E012D00DA0725012A0F
:1055100005DA4246401E012801DA0C20491E21808E
:10552000A070E270257163719DF80E60A6719DF800
:105530000F60E671BDE8FF872DE9F0419CB004469D
:10554000002500260027A846642103A8DAF7BAFF41
:10555000F2F778FA062084F830005648007A84F88A
:105560002A005448417A2B2001555248817A2C2038
:1055700001555048C17A2D2001554E48017B2E20FF
:1055800001554C48417B2F20015540F2DC502085CD
:1055900094F8310040F00E0084F8310000BF0CE0B8
:1055A000C5EB851000EBC510434901EBC002002399
:1055B00029464248DEF73AFF6D1C042DF0D34048DF
:1055C00003F030FF34213F48DAF77CFF21203D49CA
:1055D00008604FF440304861002008610322002138
:1055E000012018F081FD384908600220030222469C
:1055F0003649009036A00FF085FE029037493848B2
:10560000F0F7C2FF3648F0F7F9FE3548F0F7D3FF60
:105610004FF4FA60EFF79CF93148F0F7B7FE064611
:10562000701D30B9204605F0C2FA204605F0A2FAF6
:105630001FE0022E06D0032E09D0042E0BD0052E1B
:1056400011D10DE04FF400574FF4804810E00027CF
:105650004FF480480CE04FF400574FF0000807E08B
:105660000027B84604E04FF400574FF4804800BFCD
:1056700000BF03A91148DEF7FAFE0997CDF8208094
:1056800003A90E48DFF72AFC0C48DFF775FC20461B
:1056900005F0C9FA204605F0A6FA02E011A0E7F7E6
:1056A00087FA1D480088F2F7E7FA0028F6D01CB008
:1056B000BDE8F081B0C503240002043008D3012402
:1056C00008FD050890C403245C030024397D030809
:1056D0006574685F7468726561640000600300242B
:1056E000C4C403244D4355D3EB504859D0BEC6AC77
:1056F000CDA8D0C5CAA7B0DCA3ACC7EBBCECB2E95F
:10570000B5E7C2B7BBF2D5DFD4B4C2EBA3A1A3A166
:10571000A3A1A3A10D0A00000C020024F0B58FB0D4
:1057200007460026002002900025302103A8DAF762
:10573000C9FE00BF0CE0681C00EB400003A901EBB0
:10574000800005EB450103AA02EB810188606D1C16
:10575000032DF0D303A92748DEF774FF002846D1B4
:1057600002A92448DEF7CEFF2248DEF71DFEDDE960
:105770000210002926DD00F01F0C0CEB010203468D
:1057800000BF00BF00BFBFF34F8F00BF00BF00BF0F
:1057900000BFDFF864C0CCF800302033203A002A84
:1057A000F7DC00BF00BF00BFBFF34F8F00BF00BFDB
:1057B00000BF00BF00BF00BFBFF36F8F00BF00BFBF
:1057C00000BF00BF00BF0D4803F054FE044674B193
:1057D0000B482061029880B20399CDE9001002982D
:1057E00081B223464122002005F070FC0646304677
:1057F0000FB0F0BD08D301245CEF00E008FD050800
:10580000D1B604082DE9F0418CB080460E46002444
:10581000002730216846DAF755FE354629E0042C8A
:1058200004D36FF00B000CB0BDE8F08104EB440131
:1058300068684DF82100688904EB44016A4602EB70
:105840008101486054B104EB4400694601EB8001DA
:10585000601E00EB400002EB80008160286830B9D8
:10586000002004EB44016A4602EB81018860641C5D
:105870002D68002DD3D1308904494860C1F808D083
:1058800014220348DFF777FC3846CCE790C40324A2
:1058900008D301242DE9F84F81460C4616464846A8
:1058A000F2F710FE07461FB94FF0FF30BDE8F88F42
:1058B00000BF102E05D16078022802D104F0030049
:1058C00088B100BF6FF00F00F0F750FD804600BFB9
:1058D000B8F1000F02D01848C0F8008000BF00BF28
:1058E0004FF0FF30E2E700BF00BF606800906088C3
:1058F00000F0F9FA824600BF52466946386804F063
:1059000029F9054685B100BF2846F0F72FFD8046EE
:1059100000BFB8F1000F02D00748C0F8008000BFF8
:1059200000BF4FF0FF30C1E700BF002000BF00BF45
:1059300000BF00BFBAE70000780300242DE9F04162
:1059400007464FF000083846F2F7BCFD04461CB984
:105950004FF0FF30BDE8F081206850B1206800783A
:1059600000F0F000102801D1012000E00020804666
:105970000CE000BF606840B100BF13A340F21332D7
:105980001CA122A0E7F714F900BF00BF384602F0BF
:10599000E3FD206804F08AFB05466DB100BF284690
:1059A000F0F7E4FC064600BF0EB12248066000BFD7
:1059B00000BF4FF0FF30CDE741462046F2F770FCC4
:1059C00000BF00BF0020C5E72E2E5C2E2E5C4D6967
:1059D00064646C6577617265735C6C7769705C7325
:1059E00072635C6170695C736F636B6574732E6363
:1059F00000000000736F636B2D3E6C617374646113
:105A00007461203D3D204E554C4C00004173736540
:105A10007274696F6E2022257322206661696C653D
:105A200064206174206C696E6520256420696E2095
:105A300025730A0078030024F0B587B004460020DF
:105A400003900490059006900027E9F757F8064662
:105A5000E8F7EAFF05462878A0746978E174A97828
:105A60002175E9786175A87AA075E97AE175297BD5
:105A70002176697B6176A87BA076E97BE176297C3B
:105A80002177697C61772879207269796172A979B7
:105A9000A172E979E172297A2173697A6173A87C2C
:105AA00084F82400E97C25200155297D2620015514
:105AB000697D2720015506A805A904AB03AACDE9F5
:105AC000001014A106F14400DAF7B8FD0746042FD0
:105AD00011D0802206F144011148DAF747FD38B1B0
:105AE000802206F144010E48DAF7C4FC0020E07180
:105AF0000120A07109E00020A0710398A073049810
:105B0000E0730598207406986074D6F884002062CB
:105B100007B0F0BD25642E25642E25642E25640073
:105B20001CC6032410B586B00021084616F01AFAE8
:105B30009848FFF781FF9748807C01069548C07C14
:105B400041EA00419348007D41EA00209149497DA6
:105B5000084302068F48807C01068E48C07C41EADB
:105B600000418C48007D41EA00208A49497D084374
:105B700000F47F4042EA00228648807C0106854886
:105B8000C07C41EA00418348007D41EA0020814910
:105B9000497D084300F47F0042EA10227D48807C62
:105BA00001067C48C07C41EA00417A48007D41EA18
:105BB00000207849497D084342EA10600590754805
:105BC000807D01067348C07D41EA00417148007E36
:105BD00041EA00206F49497E084302066D48807DF6
:105BE00001066C48C07D41EA00416A48007E41EAF6
:105BF00000206849497E084300F47F4042EA0022C1
:105C00006448807D01066348C07D41EA00416148E7
:105C1000007E41EA00205F49497E084300F47F008E
:105C200042EA10225B48807D01065A48C07D41EA65
:105C300000415848007E41EA00205649497E084309
:105C400042EA106004905348807E01065148C07EAD
:105C500041EA00414F48007F41EA00204D49497F19
:105C6000084302064B48807E01064A48C07E41EA4E
:105C700000414848007F41EA00214648407F0143F7
:105C800001F47F4042EA00224248807E01064148FA
:105C9000C07E41EA00413F48007F41EA00203D4983
:105CA000497F084300F47F0042EA10223948807E91
:105CB00001063848C07E41EA00413648007F41EA8B
:105CC00000203449497F084342EA1060039031487C
:105CD000417B007B2F4AD27ACDE9002002912D48EA
:105CE000837A427A017A2CA0E6F762FF2948407D48
:105CF00000902848037DC27C817C35A0E6F758FFE0
:105D00002448407E00902348037EC27D817D3CA0D4
:105D1000E6F74EFF1F48407F00901E48037FC27E7B
:105D2000817E43A0E6F744FF4D484E49002203AB75
:105D3000CDE90021029004AA05A94B4804F0A8FC73
:105D400004462CB9002013490870012006B010BD8C
:105D5000012010490870444804F006FF17F062FB68
:105D600003204FF48073404A4049009040A00FF058
:105D7000C9FA029017F0A6FB0020064981F8280016
:105D8000F7F7B4FEF7F778F8F7F7E2FDEFF7E4FB83
:105D90000020DBE7B0C50324CDF8BFA8656EB5C40D
:105DA0004D4143B5D8D6B7CEAA3A2E2E2E2E2E2E42
:105DB0002E2E2E2E2E2E2E2E2E2E25642E25642EA9
:105DC00025642E25642E25642E25640D0A0000000E
:105DD000BEB2CCAC4950B5D8D6B72E2E2E2E2E2E14
:105DE0002E2E2E2E2E2E2E2E2E2E2E2E2E2E2E2ED3
:105DF0002E2E25642E25642E25642E25640D0A0082
:105E0000D7D3CDF8D1DAC2EB2E2E2E2E2E2E2E2E5B
:105E10002E2E2E2E2E2E2E2E2E2E2E2E2E2E2E2EA2
:105E20002E2E25642E25642E25642E25640D0A0051
:105E3000C4ACC8CFCDF8B9D82E2E2E2E2E2E2E2E95
:105E40002E2E2E2E2E2E2E2E2E2E2E2E2E2E2E2E72
:105E50002E2E25642E25642E25642E25640D0A0021
:105E600045C10508917C0308E0C50324955F04083B
:105E70006574685F6C696E6B000000002DE9F0418D
:105E800004462546686880470FF038F806460D49F5
:105E9000286809684718B81BB0F1004F01D30120EA
:105EA00000E0002030B129688819224606490FF029
:105EB000FFFA04E02246044938460FF0F9FABDE83B
:105EC000F0810000300300247D5E040801460806CE
:105ED00001F47F4240EA022001F47F0240EA1220EE
:105EE00040EA1160704701460806000C40EA1120A4
:105EF0007047000008B50020009000BF684680424F
:105F000008D000BF0EA34FF4A972174917A0E6F7F7
:105F10004FFE00BF00BF00BF00BF0EF087FD02F0C4
:105F2000EBFE03F06FFA04F07BFD16F007FB10F0B8
:105F300087FEF7F7DBFDEFF70FFB0FF055FB08BD12
:105F40002E2E5C2E2E5C4D6964646C6577617265E3
:105F5000735C6C7769705C7372635C636F72655CB1
:105F6000696E69742E630000F45606084173736508
:105F70007274696F6E2022257322206661696C65D8
:105F800064206174206C696E6520256420696E2030
:105F900025730A0008B50446002000902646002517
:105FA0003FE06B46012200211E48DEF73EFF0098CD
:105FB00000F00400C0B900201B4981F828006D1CC6
:105FC000022D00DB2DE000210220F9F793FE0020D6
:105FD000154948701348DFF778F8304604F0CAFDD9
:105FE000304604F0E4FD16E000250F4890F8280044
:105FF00088B901210220F9F77DFE01200A49487085
:1060000081F828000748DEF7FDFF304604F00BFE5C
:10601000304604F0E8FDF9F775FD642017F04CFCFC
:1060200000BFBEE708D30124B0C5032470B50646FF
:1060300034462068406820B32068007800F0F00003
:10604000102812D0202808D0402816D12268A16834
:10605000506808F0DDF8054612E0A2892368A168BF
:10606000586816F0D1F905460AE0A2892368A168AC
:1060700058680FF02BFD054602E06FF0050500BFE4
:1060800001E06FF00505257170BD000070B5054693
:106090002C46206846782068406800285ED020683A
:1060A000007800F0F000102858D1207A032801D0A1
:1060B000022E53D0032E02D1F520207150E0012E84
:1060C00002D1FB2020714BE0207A00F0010010B1DA
:1060D000206803F0ACFD00BF2068406A40B100BFFB
:1060E00020A34FF4F8622AA130A0E6F761FD00BFBB
:1060F00000BF0420216848702068446200212068A5
:1061000000F06EF8002828D000BF206840780428EE
:1061100008D000BF13A340F2C5722EA123A0E6F75A
:1061200047FD00BF00BF2D480EF076FE216801F14B
:106130000C0000210EF01AFB28480EF0B1FD00BF44
:106140002068407840B100BF06A340F2C97221A187
:1061500016A0E6F72DFD00BF00BF70BDF520207131
:1061600000BFFAE72E2E5C2E2E5C4D6964646C65D0
:1061700077617265735C6C7769705C7372635C6184
:1061800070695C6170695F6D73672E630000000069
:10619000616C72656164792077726974696E6720D9
:1061A0006F7220636C6F73696E6700004173736573
:1061B0007274696F6E2022257322206661696C6596
:1061C00064206174206C696E6520256420696E20EE
:1061D00025730A0073746174652100007402002441
:1061E0002DE9FC5F04468B460020019000BF44B9B6
:1061F00000BF8AA340F2A53293A197A0E6F7D8FC8E
:1062000000BF00BF00BF207800F0F000102808D0C9
:1062100000BF82A340F2A63299A18FA0E6F7C8FC86
:1062200000BF00BF00BF6078042808D000BF7BA378
:1062300040F2A7329AA188A0E6F7BAFC00BF00BFDF
:1062400000BF606840B900BF74A34FF46A729DA19B
:1062500081A0E6F7ADFC00BF00BF00BF606A40B997
:1062600000BF6EA340F2A9329BA17BA0E6F7A0FC81
:1062700000BF00BF6768606A90F808A00AF00109D3
:106280000AF00208BAF1030F01D1012517E0B9F1B4
:10629000000F0AD0387D052805D0387D062802D0A9
:1062A000387D082801D1012509E0B8F1000F05D09B
:1062B000B87E00F0100008B1012500E000251DB1F6
:1062C000002138460FF0FEFB387D012804D1002163
:1062D00038460FF03EFB1BE0B9F1000F07D000215C
:1062E000384613F0CDFC002138460FF032FBB8F1F0
:1062F000000F03D00021384614F0F0F945B1002218
:106300001146384612F096FC0021384610F080FA0B
:1063100025B138460FF09AFD064605E0424649464B
:10632000384614F040FA064616B9012001900EE0F6
:10633000701C50B9606A407A48B90120019035B1AB
:1063400038460FF0FFFA002601E001200190019885
:1063500078B3606A00680C300090606A06710020B3
:1063600060626070E6B93DB16060A06A20B1002251
:1063700004212046A36A9847B9F1000F06D0A06A0D
:1063800020B1002211462046A36A9847B8F1000FB9
:1063900006D0A06A20B1002202212046A36A9847B5
:1063A000BBF1000F02D000980EF0A0FE0020BDE867
:1063B000FC9FFFE70198002821D100BF387D01280C
:1063C00008D100BF15A340F244424AA122A0E6F73B
:1063D000EFFB00BF00BFB8F1000F03D04E493846B5
:1063E00014F07CF901224D49384612F023FC4C4947
:1063F000384610F00DFA214638460FF063FB00BF17
:1064000046B900BF05A34FF48A6246A112A0E6F781
:10641000CFFB00BF00BF3046C9E700002E2E5C2E28
:106420002E5C4D6964646C6577617265735C6C7732
:1064300069705C7372635C6170695C6170695F6DE7
:1064400073672E6300000000696E76616C696420DA
:10645000636F6E6E00000000417373657274696F44
:106460006E2022257322206661696C656420617448
:10647000206C696E6520256420696E2025730A00F2
:106480007468697320697320666F7220746370206A
:106490006E6574636F6E6E73206F6E6C79000000B2
:1064A000636F6E6E206D75737420626520696E2057
:1064B0007374617465204E4554434F4E4E5F434C98
:1064C0004F53450070636220616C7265616479208E
:1064D000636C6F7365640000636F6E6E2D3E637551
:1064E0007272656E745F6D736720213D204E554C4E
:1064F0004C000000436C6F73696E672061206C690B
:106500007374656E20706362206D6179206E6F74A4
:10651000206661696C21000075FC040825C0040830
:106520006D61030865727220213D204552525F4F14
:106530004B0000002DE9F0410646344620684068D3
:1065400010B96FF00E058EE02068007800F0F000C2
:10655000102812D0202808D040287CD12268A168B9
:10656000506807F09FFE05467CE0A2892368A16879
:10657000586815F0A5FF054674E0206840780328A8
:1065800002D16FF0080565E02068407810B16FF027
:1065900009055FE0206809F059FCA2892368A16819
:1065A0005868324B0FF0DAFD0546002D52D12068B5
:1065B00090F82000C0F3400703202168487000BF16
:1065C0004FB100BF206890F8200040F0040021681F
:1065D00081F8200009E000BF206890F8200000F05A
:1065E000FB00216881F8200000BF00BF17B16FF0E9
:1065F00004052EE02068446200BF2068407803282C
:1066000008D000BF1AA340F2735224A125A0E6F7D8
:10661000CFFA00BF00BF2D480EF0FEFB216801F14C
:106620000C0000210EF0A2F828480EF039FB00BF44
:1066300020684078032808D100BF0DA340F27752AC
:1066400016A118A0E6F7B4FA00BF00BFBDE8F081BC
:1066500001E000BF06E000BF00BF6FF0050500BF0E
:1066600000BF00BF00BF257100BFEFE7D16604087F
:106670002E2E5C2E2E5C4D6964646C6577617265AC
:10668000735C6C7769705C7372635C6170695C6188
:1066900070695F6D73672E6300000000737461742E
:1066A00065210000417373657274696F6E20222545
:1066B0007322206661696C6564206174206C696E68
:1066C0006520256420696E2025730A007402002469
:1066D0002DE9F0470646894690460027344614B90E
:1066E000B81FBDE8F08700BF6078032808D000BF5E
:1066F0002FA340F2265239A140A0E6F759FA00BF75
:1067000000BF00BF606A00280ED194F8200000F09E
:106710000400002808D100BF25A340F2275241A160
:1067200036A0E6F745FA00BF00BF606A30B1606A84
:1067300080F80480606A006800F10C07207800F09F
:10674000F000102805D1B8F1000F02D1204609F061
:106750007DFB94F82000012121EA900500BF00BFD5
:1067600094F8200000F0FB0084F8200000BF00BF78
:1067700000BF05B157B905B947B100BF0CA340F23E
:10678000335238A11DA0E6F713FA00BF00BF002066
:1067900060626070A06A20B1002202212046A36AD4
:1067A000984715B138460EF0A1FC002099E700008B
:1067B0002E2E5C2E2E5C4D6964646C65776172656B
:1067C000735C6C7769705C7372635C6170695C6147
:1067D00070695F6D73672E6300000000636F6E6EFB
:1067E0002D3E7374617465203D3D204E4554434FEA
:1067F0004E4E5F434F4E4E45435400004173736508
:106800007274696F6E2022257322206661696C653F
:1068100064206174206C696E6520256420696E2097
:1068200025730A0028636F6E6E2D3E637572726564
:106830006E745F6D736720213D204E554C4C2920AE
:106840007C7C20636F6E6E2D3E696E5F6E6F6E5F37
:10685000626C6F636B696E675F636F6E6E656374A6
:1068600000000000626C6F636B696E6720636F6E7F
:106870006E656374207374617465206572726F72E3
:106880000000000070B5064634462068457800BF19
:10689000002D0ED02068007800F0F000102808D0FD
:1068A00000BF54A340F261425DA162A0E6F780F907
:1068B00000BF00BF1DB1022D01D0032D07D1032D54
:1068C00008D1206890F8200000F0040010B9FB20E7
:1068D00020718DE000BF032D0ED1206890F82000BC
:1068E00000F0040040B900BF42A340F27D425BA12A
:1068F00050A0E6F75DF900BF00BF002020712068BE
:1069000003F095F920684068002861D0206800787D
:1069100000F0F000102811D0202806D0402852D1D5
:106920002168486807F0B4FD4EE0002021684968FE
:1069300048622168486816F045F945E000BF2068C4
:10694000406A40B100BF2BA340F297424BA139A04F
:10695000E6F72EF900BF00BF04202168487003202D
:1069600020722068446200212068FFF739FC00286B
:1069700028D000BF20684078042808D000BF1DA39D
:1069800040F29D4244A12BA0E6F712F900BF00BFE0
:1069900043480EF041FA216801F10C0000210DF08E
:1069A000E5FE3F480EF07CF900BF2068407840B11A
:1069B00000BF10A340F2A14237A11EA0E6F7F8F8ED
:1069C00000BF00BF70BD00BF00BF0020216848604D
:1069D0002068806A20B1206800221146836A9847A7
:1069E0002068806A20B1206800220221836A9847CB
:1069F00000BFE7E72E2E5C2E2E5C4D6964646C654B
:106A000077617265735C6C7769705C7372635C61EB
:106A100070695C6170695F6D73672E6300000000D0
:106A20006E6574636F6E6E20737461746520657239
:106A3000726F7200417373657274696F6E202225E4
:106A40007322206661696C6564206174206C696ED4
:106A50006520256420696E2025730A00626C6F63CF
:106A60006B696E6720636F6E6E65637420696E205C
:106A700070726F677265737300000000616C7265FD
:106A80006164792077726974696E67206F72206320
:106A90006C6F73696E670000737461746521000028
:106AA0007402002470B505462C4620684068002812
:106AB00061D0207C28B1206840680068A168086027
:106AC00004E0206840684068A168086000202071E8
:106AD0002068007800F0F000102825D020280CD085
:106AE00040283BD1207C28B120684068017CE068C8
:106AF000018001E0F52020713CE0207C28B1206875
:106B00004068418AE06801800DE020684068007CB0
:106B100000F0040010B9F520207104E020684068FE
:106B2000818AE068018025E0207C58B920684068AF
:106B3000007D20B120684068007D012802D1F52049
:106B400020710AE0207C18B120684068C08A02E009
:106B500020684068008BE16808800BE000BF00BF40
:106B600006A34FF4F06210A115A0E6F721F800BFCC
:106B700000BF00BF01E0F520207170BD2E2E5C2EFD
:106B80002E5C4D6964646C6577617265735C6C77CB
:106B900069705C7372635C6170695C6170695F6D80
:106BA00073672E6300000000696E76616C69642073
:106BB0006E6574636F6E6E5F7479706500000000BF
:106BC000417373657274696F6E202225732220668B
:106BD00061696C6564206174206C696E6520256450
:106BE00020696E2025730A0070B505462C46F520F5
:106BF000207120684068A8B12068007800F0F0009B
:106C000020280DD1607C28B9D4E90210F7F70AF8E2
:106C1000207107E0D4E90210F7F786F8207101E04F
:106C2000FA20207170BD70B50446254600202871F9
:106C30002868406810B9284605F05EF870BD2DE957
:106C4000F04105462C460020207120684068C0B104
:106C50002068007800F0F000102812D1A66800BF6C
:106C6000B6F5803F02D34FF6FF7000E0304687B2A2
:106C700021684868394613F073F8F61B002EEFD1EF
:106C800000BFBDE8F0812DE9F04105462C462068A3
:106C900003F01EF80646002E41D120684068002807
:106CA0003BD02068007800F0F00020281AD040285F
:106CB0002FD1A068083018B1A068806800B107E043
:106CC000A26811682268506807F004FC064608E0D4
:106CD000A36803F1080219682368586807F003FCE9
:106CE000064619E0A068806800B107E0A268116854
:106CF0002268506815F08EFF064609E0A768BB8938
:106D000007F1080239682768786815F099FF064688
:106D100002E06FF00A0600BF01E06FF00A0626717C
:106D2000BDE8F08170B505462C46206802F0D0FF22
:106D30000646002E64D12068007800F0F00010288C
:106D40005CD12068407808B1761F59E0206840681F
:106D5000002850D001202168487000BF2068406A98
:106D600040B100BF28A340F2267232A138A0E5F757
:106D70001FFF00BF00BF00BF606940B900BF22A372
:106D800040F227723CA132A0E5F712FF00BF00BF1E
:106D9000206844620021206800F07EF8002829D095
:106DA00000BF20684078012808D000BF16A340F239
:106DB0002B7236A126A0E5F7FBFE00BF00BF3548C9
:106DC0000EF02AF8216801F10C0000210DF0CEFC34
:106DD00030480DF065FF00BF20684078012808D1D9
:106DE00000BF09A340F22F7228A119A0E5F7E0FE29
:106DF00000BF00BF70BD6FF00A0601E06FF005062E
:106E0000267100BFF6E700002E2E5C2E2E5C4D6929
:106E100064646C6577617265735C6C7769705C73D0
:106E200072635C6170695C6170695F6D73672E632A
:106E300000000000616C726561647920777269748A
:106E4000696E67206F7220636C6F73696E670000F4
:106E5000417373657274696F6E20222573222066F8
:106E600061696C6564206174206C696E65202564BD
:106E700020696E2025730A006D73672D3E6D736760
:106E80002E772E6C656E20213D2030007374617466
:106E900065210000740200242DE9F34F83B00446FD
:106EA0000020019000BF44B900BFAEA340F276625B
:106EB000B7A1BBA0E5F77CFE00BF00BF00BF6078B4
:106EC000012808D000BFA7A340F27762BEA1B4A0FA
:106ED000E5F76EFE00BF00BF00BF606A40B900BFAB
:106EE000A0A34FF4CF62C0A1ADA0E5F761FE00BF43
:106EF00000BF00BF606840B900BF9AA340F279624A
:106F0000C0A1A7A0E5F754FE00BF00BF00BF606AA4
:106F1000D0E90501814208D300BF92A340F27A6212
:106F2000BEA19FA0E5F744FE00BF00BF00BF606A9E
:106F30008089002808DC00BF8AA340F27C62C7A1D8
:106F400097A0E5F735FE00BF00BF606A077F94F8A1
:106F5000200000F0020010B907F0040008B1012081
:106F600000E00020814600BF606A80680168606AB6
:106F7000006908440290606A80684168606A00693C
:106F8000A1EB0008B8F5803F04D34FF6FF7647F039
:106F9000020701E01FFA88F66068B0F864B0B345F4
:106FA0000FDA5E46B9F1000F09D056B9606A806900
:106FB00010B96FF0060000E0002005465EE047F0E3
:106FC000020700BF606A00693044616A89684968E5
:106FD000884208D900BF63A340F2A662A9A170A0AD
:106FE000E5F7E6FD00BF00BF4FF6FF70864202D115
:106FF000B8F5803F07D21FFA88F0B04208D1606A26
:107000008089012804DD0120009047F0020701E09B
:10701000002000903B4632466068029914F048FA1E
:10702000054615BB606A80698119606A8161606A82
:1070300000698119606A0161606A0069616A896832
:107040004968884211D1606A8089401E81B2606AB5
:107050008181606A8089002807DD606A8068083065
:10706000616A88600021606A0161009810B1002D9A
:107070003FF47AAF0DB1681C48BB00BFB9F1000FF7
:1070800012D0606AD0E9050181420DD2A06A20B118
:10709000002203212046A36A984794F8200040F07C
:1070A000100084F8200012E06068B0F8640041F637
:1070B0005E71884204DD6068B0F866002C2806DB4B
:1070C000A06A20B1002203212046A36A9847A5B9EF
:1070D000606AD0E90501814202D0B9F1000F01D008
:1070E00001200190606810F03FFE82460AF1040022
:1070F00010B95546012001901CE0681CC0B96068B9
:1071000010F032FE82460AF1040018B955460120FB
:1071100001900CE0B9F1000F09D0606A806910B9E4
:107120006FF0060000E0002005460120019001E01C
:1071300001200190019870B1606A006800F10C0AAA
:10714000606A0571002060626070049810B150465A
:107150000DF0CCFF04E04FF0FF3005B0BDE8F08F3C
:107160000020FAE72E2E5C2E2E5C4D6964646C655F
:1071700077617265735C6C7769705C7372635C6174
:1071800070695C6170695F6D73672E630000000059
:10719000636F6E6E20213D204E554C4C0000000068
:1071A000417373657274696F6E20222573222066A5
:1071B00061696C6564206174206C696E652025646A
:1071C00020696E2025730A00636F6E6E2D3E737406
:1071D000617465203D3D204E4554434F4E4E5F57F0
:1071E0005249544500000000636F6E6E2D3E63757A
:1071F0007272656E745F6D736720213D204E554C31
:107200004C000000636F6E6E2D3E7063622E7463DF
:107210007020213D204E554C4C000000636F6E6E77
:107220002D3E63757272656E745F6D73672D3E6D72
:1072300073672E772E6F6666736574203C20636FCC
:107240006E6E2D3E63757272656E745F6D73672D21
:107250003E6D73672E772E6C656E0000636F6E6EE9
:107260002D3E63757272656E745F6D73672D3E6D32
:1072700073672E772E766563746F725F636E74200A
:107280003E2030006C7769705F6E6574636F6E6E60
:107290005F646F5F77726974656D6F72653A2069BC
:1072A0006E76616C6964206C656E6774682100009D
:1072B00010B5044614F10F0F09D014F10E0F04D0CD
:1072C00014F10D0F05D1094810BD0948FCE7094824
:1072D000FAE700BF3CB100BF07A37D2211A115A0B2
:1072E000E5F766FC00BF00BF0020EDE730FB0508B6
:1072F00031FB050832FB05082E2E5C2E2E5C4D69F5
:1073000064646C6577617265735C6C7769705C73DB
:1073100072635C6170695C6170695F6D73672E6335
:1073200000000000756E68616E646C6564206572B3
:10733000726F7200417373657274696F6E202225DB
:107340007322206661696C6564206174206C696ECB
:107350006520256420696E2025730A0070B50546F6
:107360000C4600BF3CB900BF0FA3852219A11CA089
:10737000E5F71EFC00BF00BF2348854203D1F32080
:107380002070012070BD2148854203D1F220207079
:107390000120F7E71E48854203D1F120207001202B
:1073A000F0E70020EEE700002E2E5C2E2E5C4D69EB
:1073B00064646C6577617265735C6C7769705C732B
:1073C00072635C6170695C6170695F6D73672E6385
:1073D0000000000065727220213D204E554C4C008B
:1073E000417373657274696F6E2022257322206663
:1073F00061696C6564206174206C696E6520256428
:1074000020696E2025730A0030FB050831FB050852
:1074100032FB050800200349087048708870888096
:10742000C87070471CC7032404488088C0F57A6080
:107430000249088101200249087070471CC70324D3
:10744000800300242DE9F84304460D46002700265A
:10745000B046B1460020009020780006617840EAEE
:107460000140A17840EA0120E17808430206207833
:107470000006617840EA0140A17840EA0120E17805
:10748000084300F47F4042EA002220780006617839
:1074900040EA0141A07841EA0020E178084300F485
:1074A0007F0042EA102220780106607841EA00411C
:1074B000A07841EA0020E178084342EA1060009099
:1074C000684608B9002000E000983749096808605C
:1074D00028780006697840EA0140A97840EA01204E
:1074E000E9780843020628780006697840EA0140F6
:1074F000A97840EA0120E978084300F47F4042EA95
:10750000002228780006697840EA0141A87841EA1B
:107510000021E878014301F47F0042EA1022287834
:107520000106687841EA0041A87841EA0020E9783C
:10753000084342EA10600090684608B9002000E065
:1075400000981949096848604FF4207220212220D0
:1075500003F018FC064616B94FF0FF391EE070899B
:107560003189884214D1306890B977682021384633
:1075700004F058FC0C480268121D3146006806F001
:10758000B2FF8046B8F1000F02D06FF0010905E0AC
:10759000304603F0CFFF4846BDE8F883304603F09D
:1075A000C9FF4846F8E700007C03002470B5044694
:1075B00001253C484078012870D13B48007820B133
:1075C000012810D0022854D14AE021463548123013
:1075D000FFF738FF0120344908704FF47A60888043
:1075E0000020C87045E03048C078012810D14FF421
:1075F000FA602D4988800020C870022008700020A1
:10760000487008468078401C88700020C880088137
:1076100026480078012822D12348407820B9224802
:1076200000892149C88009E01F4800891E49C9888E
:10763000884203DB1C4800891B49C8804FF4FA606C
:10764000194988800020C8700220087000208870C6
:107650001649087014484078401C1349487008E0E7
:107660001148C078012803D100200F49C870087064
:1076700000BF00BF0C488078042804DB00200A49C2
:1076800088704870451E08484078042808DB0020B0
:10769000054988704870002502E0FFE76FF001059A
:1076A000284670BDB0C503241CC7032480030024F2
:1076B0000648808848B105488088401E0349888074
:1076C0000846808808B90120C87070471CC7032489
:1076D000F0B504460D461646059F002117E0606987
:1076E00000EBC1021068A84210D12EB1107900F051
:1076F000010008B10120F0BD2BB1107900F00200AB
:1077000008B10120F7E70FB10120F4E7491CA06997
:107710008842E4D80020EEE72DE9FF4F83B004460D
:107720008B461F464FF0080A00260598B0F1004F1F
:1077300001D2059801E06FF00040804600BF44B9D7
:1077400000BF5EA340F29D3267A16BA0E5F730FA5F
:1077500000BF00BF00BF2068007800F0F0001028D4
:1077600008D000BF55A340F29E326DA162A0E5F79C
:107770001FFA00BF00BF07F0080008B14AF0040A72
:1077800000BF606810B16068029031E0524602A903
:10779000206802F03EFE8146B9F1000F19D0002E9C
:1077A00000DD7AE000BF4846EEF7E0FD019000BF43
:1077B000019810B163490198086000BF00BF09F14A
:1077C0000F0018B9002007B0BDE8F08F4FF0FF3070
:1077D000F9E700BF029840B900BF38A34FF47172B7
:1077E00059A145A0E5F7E4F900BF00BF0298606029
:1077F00002980089404502DA0298058901E01FFAE3
:1078000088F57019B04203DA6FF00040801B85B232
:107810000BEB060100232A46029803F077FD2E4465
:1078200000BFA84508DA00BF24A34FF4777249A12E
:1078300031A0E5F7BDF900BF00BFA8EB050807F0D0
:10784000010000281ED100BF02980089A84208DA72
:1078500000BF1AA340F2E23248A127A0E5F7A8F939
:1078600000BF00BF02980089401B002805DD2946A3
:10787000029803F037FF606004E000206060029827
:1078800003F058FE4AF0140AB8F1000F04DD07F0C7
:10789000010000283FF475AF00BF002E06DD07F0A1
:1078A000010018B93146206802F0F4FD00BF002045
:1078B00000BF00BF00BF304685E700002E2E5C2EC3
:1078C0002E5C4D6964646C6577617265735C6C777E
:1078D00069705C7372635C6170695C736F636B6524
:1078E00074732E63000000006E6F20736F636B650E
:1078F0007420676976656E00417373657274696F91
:107900006E2022257322206661696C656420617493
:10791000206C696E6520256420696E2025730A003D
:10792000746869732073686F756C64206265206386
:107930006865636B656420696E7465726E616C6CFA
:1079400079000000780300247020213D204E554C22
:107950004C000000696E76616C696420636F707919
:107960006C656E2C206C656E20776F756C6420756D
:107970006E646572666C6F7700000000696E7661F8
:107980006C696420636F70796C656E002DE9FE434D
:1079900004460D4616469946DDE90A7814B90020DA
:1079A000BDE8FE8395B18EB1002302AA01A920682B
:1079B00002F05EFA4DB146B100962B46BDF80820A4
:1079C00001A9206800F0D8FCEAE700BF0020E7E743
:1079D0002DE9FF4F8BB006468A461546DDE918B4FF
:1079E0003046F0F76FFD074627B94FF0FF300FB074
:1079F000BDE8F08F3868007800F0F000102810D152
:107A00002A46514638460E9BFFF786FE80462DA338
:107A1000224659463846CDE90068FFF7B7FF404691
:107A2000E5E700200A90CDF820A009950590069082
:107A3000079008A8039001200490CDF804B00CB181
:107A4000206800E0002002900AAB01AA00963846A8
:107A50000E9900F041F88146B9F1000F0FD000BF38
:107A60004846EEF783FC009000BF009810B119491A
:107A70000098086000BF00BF4FF0FF30B7E7BDF8C7
:107A80002800854201D2284601E0BDF828006FF0A9
:107A90000041884208D2BDF82800854201D228461C
:107AA00004E0BDF8280001E06FF0004080460CB112
:107AB0000298206000BF00BF002000BF00BF00BFD1
:107AC000404694E76C7769705F7265637666726FA3
:107AD0006D000000780300242DE9FF5F054689460C
:107AE00014469A4600BFA06838B9E068002804DD53
:107AF0006FF00F0004B0BDE8F09F00BF09F0080070
:107B000010B14FF0040B01E04FF0000B68680390D8
:107B10000398002818D15A4603A9286802F08EFC61
:107B20000290029808B10298E4E700BF039840B9B8
:107B300000BF30A340F25D4239A13CA0E5F738F820
:107B400000BF00BF0398686003980068B0F8088021
:107B50000027002620E0A8EB070080B20090A06874
:107B600000EBC60041680098814202D9009801905C
:107B700005E0A06800EBC600808880B20190A26892
:107B800052F83610039A3B461068019A03F0BEFB88
:107B90000198384487B2761CE068B04201DD474561
:107BA000D9DB206870B1606860B1206850B160684E
:107BB00040B1201D0090236803998A890831286804
:107BC00000F0DAFB0020A061206920B1002008B994
:107BD0000021616100BF09F0010020B90020686048
:107BE000039801F0D0FEBAF1000F01D0AAF800808E
:107BF00000207FE72E2E5C2E2E5C4D6964646C6540
:107C000077617265735C6C7769705C7372635C61D9
:107C100070695C736F636B6574732E6300000000A2
:107C200062756620213D204E554C4C0041737365B2
:107C30007274696F6E2022257322206661696C65FB
:107C400064206174206C696E6520256420696E2053
:107C500025730A002DE9FE4F81468A4693461C464D
:107C60004846F0F72FFC05461DB94FF0FF30BDE840
:107C7000FE8F2868007800F0F000102809D000205E
:107C8000009023465A4651460190484600F032F88B
:107C9000EDE704F0100008B1022000E0002040F001
:107CA000010004F0080109B1042100E0002140EACC
:107CB00001070020029002A800903B465A46514618
:107CC000286802F017FC064600BF3046EEF74EFB70
:107CD000804600BFB8F1000F02D00548C0F8008010
:107CE00000BF00BF0EB90298C1E74FF0FF30BEE7FA
:107CF000780300242DE9FF4F85B01746DDE91249CE
:107D00000598F0F7DFFB8046B8F1000F04D14FF083
:107D1000FF3009B0BDE8F08FD8F80000007800F01F
:107D2000F000102806D13A46089BDDE90501FFF76F
:107D300091FFEEE7B7F5803F0AD300BF5A2000BF9E
:107D40005A21304A116000BF00BF4FF0FF30E0E71A
:107D50001FFA87FA00BF14B9B9F1000F1BD0B9F1AF
:107D6000100F06D12CB16078022802D104F0030074
:107D700088B100BF6FF00F00EEF7F8FA834600BF3E
:107D8000BBF1000F02D01F48C0F800B000BF00BF19
:107D90004FF0FF30BDE700BF0020029001903CB1E2
:107DA00000BF606803906088FEF79DF8064602E019
:107DB000002600200390ADF81060524601A80699F5
:107DC00001F001FE05462DB901A9D8F8000002F026
:107DD0004BFB054601A801F0E6FD00BF2846EEF783
:107DE000C5FA834600BFBBF1000F02D00548C0F8BA
:107DF00000B000BF00BF0DB950468AE74FF0FF301A
:107E000087E70000780300242DE9F84F06460F4667
:107E100090461C46DDF8289000253046F0F752FBCE
:107E20008246BAF1000F02D1681EBDE8F88F54B93E
:107E300000BF0E2000BF0E21114A116000BF00BF1D
:107E40004FF0FF30F1E70F480CF02AFF234642467F
:107E500039463046CDF8009000F016F8054609483E
:107E60000CF0DAFF00BF284600BF08B104490860E3
:107E700000BF00BF15B14FF0FF30D6E70020D4E7B8
:107E800078030024740200242DE9FE4F82468946BF
:107E900017461D460C9E00200290504614F090FAA2
:107EA000044614B90920BDE8FE8FB9F1000F6FD068
:107EB000B9F1060F6DD0B9F1FF0F6BD0A9F6FF70C5
:107EC000002868D141F20601781A8F423AD004DCCA
:107ED000082F08D0202F70D104E0042851D00528A5
:107EE000F9D183E000BF202F07D12068007800F08F
:107EF000F000202801D05C20D5E7384600F0D8FB00
:107F0000074600BF00BF042E01D21620CBE700BFFA
:107F1000206810B12068406808B91620C3E700BF88
:107F2000286838B120684068407A38432168496839
:107F3000487206E020684068407AB8432168496882
:107F400048729DE000BF00BF082E01D21620AAE7AC
:107F500000BF206808B91620A5E700BF4FF47A7269
:107F6000686890FBF2F02A6802EB4203C3EBC2128E
:107F700000EBC201002901DA162094E72068C161F4
:107F80007EE000BF00BF00BF042E05D216208AE7A6
:107F900078E05DE1A4E1A9E100BF206810B12068AC
:107FA000406808B916207EE700BF2068007800F01E
:107FB000F000202802D05C2075E75EE000BF286852
:107FC00048B100BF20684068007C40F00100216893
:107FD0004968087409E000BF20684068007C00F030
:107FE000FE0021684968087400BF49E04FF0000BAB
:107FF00000BF00BF062E01D2162054E700BF206844
:1080000008B916204FE700BFA846454698F800007B
:1080100040B1404602F0C6FC8346BBF1000F01D1DF
:10802000132040E72068007800F0F000102804D00A
:10803000202808D0402812D10BE021684868594612
:108040000DF09CFD17E021684868594614F02EFA9F
:1080500011E021684868594606F0E7F80BE000BFD8
:1080600000BFA5A340F68352AEA1B9A0E4F7A0FDDE
:1080700000BF00BF00BF00BF02E05C20029000BF55
:1080800000BF36E1082F70D2DFE807F0DD18049951
:108090009A2C496900BF00BF042E01D2162002E7C6
:1080A00000BF206810B12068406808B91620FAE6C1
:1080B00000BF287821684968C872C7E000BF00BFC8
:1080C000042E01D21620EEE600BF206810B1206811
:1080D000406808B91620E6E600BF2878216849689C
:1080E0008872B3E000BF00BF00BF0EB91620DAE609
:1080F00000BF206810B12068406808B91620D2E699
:1081000000BF2068007800F0F000202801D05C203B
:10811000C9E600BF287821684968487796E000BF23
:1081200000BF00BF042E01D21620BCE600BF2068AD
:1081300010B12068406808B91620B4E600BF206876
:10814000007800F0F000202801D05C20ABE600BFF2
:1081500028680190019821684968886176E000BF2D
:1081600000BF00BF16B916209DE66CE000BF206876
:1081700010B12068406808B9162094E600BF206856
:10818000007800F0F000202801D05C208BE600BFD2
:10819000287848B100BF20684068007C40F00800A3
:1081A00021684968087409E000BF20684068007CC5
:1081B00000F0F70021684968087400BF46E000BF7E
:1081C000AB4600BF00BF00BF082E01D216206AE6F2
:1081D00000BF206810B12068406808B9162062E628
:1081E00000BF2068007800F0F000202801D05C205B
:1081F00059E600BFDBF804000190DBF800000090B6
:10820000032F10D16A4601A9504600F0E1F920B9C8
:108210000C2002904FF000080FE0694601A8F5F726
:1082200001FD804609E0694601A8F5F77DFD80461D
:108230006A4601A9504600F0FBF9B8F1000F01D0E1
:108240006320029002E05C20029000BF00BF50E07B
:1082500000BF00BF00BF042E01D2162023E600BFDE
:10826000206810B12068406808B916201BE600BFDE
:108270002068007800F0F000102801D05C2012E6A1
:1082800000BF20684068007D012801D116200AE661
:10829000012F02D0022F1ED117E0286848B100BF7D
:1082A00020684068408B40F040002168496848835E
:1082B0000AE000BF20684068408B4FF6BF7108405D
:1082C00021684968488300BF08E028682168496838
:1082D000C1F8900002E05C20029000BF00BF08E0FF
:1082E00000BF5C20029000BF00BF02E05C20029053
:1082F00000BF00BF0298D6E52E2E5C2E2E5C4D6985
:1083000064646C6577617265735C6C7769705C73CB
:1083100072635C6170695C736F636B6574732E6309
:1083200000000000556E68616E646C6564206E65C7
:1083300074636F6E6E207479706520696E20534F80
:108340005F42494E44544F4445564943450000005E
:10835000417373657274696F6E20222573222066E3
:1083600061696C6564206174206C696E65202564A8
:1083700020696E2025730A002DE9FF4781460D46CE
:1083800017461E460C9C4FF0000800BF45B900BFC1
:1083900025A340F206422FA133A0E4F709FC00BF59
:1083A00000BF00BF46B900BF1FA340F2074238A17B
:1083B0002DA0E4F7FDFB00BF00BF00BF44B900BF24
:1083C00019A34FF4816236A127A0E4F7F1FB00BFA7
:1083D00000BF00BF10208DF8000002208DF80100C2
:1083E0003846FDF780FDADF80200286801900020B6
:1083F0000290039000BF9DF800102068884202D2CE
:108400004FF0010807E09DF800102068884202D96B
:108410009DF800002060694630462268D8F72AF8A7
:10842000404604B0BDE8F0872E2E5C2E2E5C4D69D0
:1084300064646C6577617265735C6C7769705C739A
:1084400072635C6170695C736F636B6574732E63D8
:108450000000000066726F6D6164647220213D202F
:108460004E554C4C00000000417373657274696F87
:108470006E2022257322206661696C656420617418
:10848000206C696E6520256420696E2025730A00C2
:1084900066726F6D20213D204E554C4C000000004F
:1084A00066726F6D6C656E20213D204E554C4C0000
:1084B0002DE9F04180460F461646012F16D0022FB7
:1084C00008D0032F19D1F1B2214A402001F01EFD3E
:1084D00004461BE0882E01D1212100E0202108461E
:1084E0001B4A002101F012FD04460FE0184A00214A
:1084F000102001F00BFD044608E000BF16201549CE
:10850000086000BF4FF0FF30BDE8F08100BF3CB90C
:1085100000BF69200F49086000BF4FF0FF30F3E74C
:1085200000212046E6F71AF80546681C50B9204697
:1085300001F06EFB00BF17200649086000BF4FF036
:10854000FF30E1E7A56100BF00BF2846DCE700007F
:10855000797D0308780300247CB506463046EFF7A2
:10856000B1FF054605B97CBD00242AE004EB4400B8
:10857000164951F82000A84222D104EB440001EB37
:1085800080008068019004EB440001EB80004068AB
:108590000090002004EB44010C4A42F8210004EB57
:1085A000440102EB8101486004EB440102EB8101CC
:1085B000886001236A4601A9286801F083FC00BF96
:1085C000641C042CD2DB00BFCDE7000080E4022451
:1085D0002DE9F04180460D4616464046EFF772FF02
:1085E000074617B90020BDE8F081002419E004EB2C
:1085F00044000E4951F8200090B904EB440041F8C2
:10860000207004EB4401094A02EB810128684860AC
:1086100004EB440102EB8101306888600120E2E74D
:10862000641C042CE3DB0020DDE7000080E402246E
:108630002DE9F04180460D4616464046EFF742FFD1
:1086400007460FB9BDE8F081002429E004EB44009F
:10865000164951F82000B84221D104EB440001EB47
:10866000800040682968884219D104EB44000F4912
:1086700001EB800080683168884210D1002004EB53
:1086800044010A4A42F8210004EB440102EB810153
:10869000486004EB440102EB8101886002E0641C45
:1086A000042CD3DB00BF00BFCCE7000080E4022431
:1086B00010B50446042C06D0082C02D0202C04D17E
:1086C00010BD0820FCE70420FAE700BF00BF05A3A7
:1086D00040F63F320EA114A0E4F76AFA00BF00BFD3
:1086E0000020EDE72E2E5C2E2E5C4D6964646C65D7
:1086F00077617265735C6C7769705C7372635C61DF
:1087000070695C736F636B6574732E6300000000A7
:10871000556E6B6E6F776E20736F636B6574206F31
:108720007074696F6E000000417373657274696FD5
:108730006E2022257322206661696C656420617455
:10874000206C696E6520256420696E2025730A00FF
:10875000F8B505460A462B4600200090002103F09C
:10876000010636B1002A04DD13F8010B8DF8010073
:10877000521E1C4603E034F8027B3944921E012A43
:10878000F9DC002A02DD20788DF80000BDF8000039
:10879000014488B200EB114188B200EB114126B1CF
:1087A000C8B2C1F3072747EA002188B2F8BD00002C
:1087B00008B57A48007808B9FDF7B4F97748007829
:1087C00001287CD17548FDF737F97448407D009049
:1087D0007248037DC27C817C71A0E4F7E9F96F489F
:1087E000807C01066D48C07C41EA00416B48007DF9
:1087F00041EA00206949497D084302066748807CB8
:1088000001066648C07C41EA00416448007D41EAB7
:1088100000206249497D084300F47F4042EA00227B
:108820005E48807C01065D48C07C41EA00415B48AF
:10883000007D41EA00205949497D084300F47F004A
:1088400042EA10225548807C01065448C07C41EA27
:1088500000415248007D41EA00205049497D0843CB
:1088600042EA1060544948604C48807D01064B48FC
:10887000C07D41EA00414948007E41EA0020474965
:10888000497E084302064548807D01064348C07D75
:1088900041EA00414148007E41EA00203F49497ECB
:1088A000084300F47F4042EA00223C48807D0106F4
:1088B0003A48C07D41EA00413848007E00E06BE064
:1088C00041EA00203549497E084300F47F0042EA2E
:1088D00010223248807D01063048C07D41EA0041C7
:1088E0002E48007E41EA00202C49497E084342EA96
:1088F0001060314988602948807E01062748C07E83
:1089000041EA00412548007F41EA00202349497F90
:10891000084302062148807E01062048C07E41EAC5
:1089200000411E48007F41EA00211C48407F01436E
:1089300001F47F4042EA00221848807E0106174871
:10894000C07E41EA00411548007F41EA00201349FA
:10895000497F084300F47F0042EA10220F48807EDE
:1089600001060E48C07E41EA00410C48007F41EA02
:1089700000210A48407F014342EA11600E49C86065
:108980000E48DCF73FFB0C4802F04DF90A4802F0B4
:108990002AF901200149487008BD0000B0C5032430
:1089A0000AB1BEBBFA49503A2025642E25642E2513
:1089B000642E25640A000000E0C5032408D30124C6
:1089C00010B50A48007801280FD1084840780128DE
:1089D0000BD10020054948700548DCF776FB0548B7
:1089E00002F0C8F8034802F0E2F810BDB0C5032455
:1089F00008D30124E0C50324F0B503460C4600BFAC
:108A000013F8011B14F8015BA9420FD041F02006B6
:108A1000612E08DB7A2E06DC45F02007BE4201D02D
:108A20000120F0BD01E00120FBE700BF521E0AB1AA
:108A30000029E5D10020F4E770B586B00446002592
:108A4000002600200290039004900590E6F756F867
:108A5000054605A804A903AB02AACDE9001015A19B
:108A600005F14400D7F7EAFD0646042E11D0012097
:108A7000A071802205F144011148D7F777FD98B124
:108A8000802205F144010E48D7F7F4FC0020E07184
:108A90000AE00020E071A0710298A0730398E073CF
:108AA0000498207405986074D5F88400206206B09C
:108AB00070BD000025642E25642E25642E256400DB
:108AC0009CC6032410B50CF041FE06A0E4F770F834
:108AD0000BF026FBE2F760F914F0E2FE0BF0DEFC8F
:108AE000002010BD72756E20322E2E2E0A0000005E
:108AF00070B5054605B970BD05F00300002813D018
:108B000000BF00BF3DA340F2732246A14EA0E4F790
:108B10004FF800BF00BF00BF0BF022FE06463046F4
:108B20000BF0B4FE00BFE6E7A5F10804504800686A
:108B3000844205D305F10C004E490968884213D9D7
:108B400000BF00BF2DA340F27F224BA13EA0E4F75F
:108B50002FF800BF00BF00BF0BF002FE06463046F4
:108B60000BF094FE00BFC6E74A480CF099F8207954
:108B7000002816D100BF00BF20A34FF4237246A1E6
:108B800031A0E4F715F800BF00BF42480CF044F9EB
:108B900000BF0BF0E5FD064630460BF077FE00BF48
:108BA000A9E7204600F01EF9002816D100BF00BF3B
:108BB00012A340F2952242A123A0E3F7F9FF00BFE0
:108BC00000BF34480CF028F900BF0BF0C9FD064681
:108BD00030460BF05BFE00BF8DE70020207145485A
:108BE0000068844201D243480460204603F032F911
:108BF00028480CF011F900BF7DE700002E2E5C2EF6
:108C00002E5C4D6964646C6577617265735C6C772A
:108C100069705C7372635C636F72655C6D656D2E09
:108C2000630000006D656D5F667265653A20736173
:108C30006E69747920636865636B20616C69676E27
:108C40006D656E7400000000417373657274696F26
:108C50006E2022257322206661696C656420617430
:108C6000206C696E6520256420696E2025730A00DA
:108C700084020024880200246D656D5F667265655C
:108C80003A20696C6C6567616C206D656D6F7279F7
:108C9000000000008C0200246D656D5F66726565E2
:108CA0003A20696C6C6567616C206D656D6F7279D7
:108CB0003A20646F75626C6520667265650000001D
:108CC0006D656D5F667265653A20696C6C6567619C
:108CD0006C206D656D6F72793A206E6F6E2D6C69C8
:108CE0006E6B65643A20646F75626C6520667265B0
:108CF000650000009002002410B500BF00BF1948B5
:108D000020F0030018490860084604684FF4A040AA
:108D100020800020608020714FF4A04005F080F991
:108D2000124908600120096808714FF4A0400F49FA
:108D3000096808800D49096848800B4800680C499B
:108D400008600C480CF020F800280AD000BF00BFD3
:108D500009A340F21F2212A118A0E3F729FF00BFC8
:108D600000BF10BD8BE90224840200248802002485
:108D7000900200248C0200242E2E5C2E2E5C4D6965
:108D800064646C6577617265735C6C7769705C7341
:108D900072635C636F72655C6D656D2E63000000CD
:108DA0006661696C656420746F20637265617465C7
:108DB000206D656D5F6D7574657800004173736536
:108DC0007274696F6E2022257322206661696C655A
:108DD00064206174206C696E6520256420696E20B2
:108DE00025730A002DE9F0410446204600F080F981
:108DF0000546208805F014F90646608805F010F94C
:108E000007462088B0F5A04F10D86088B0F5A04F75
:108E10000CD86088A84202D03888A84206D10648FB
:108E20000068864205D07088A84202D00020BDE8C4
:108E3000F0810120FBE70000880200242DE9F047C3
:108E40008146B9F1000F02D10020BDE8F08709F199
:108E5000030020F0030085B20C2D00D20C25B5F5DF
:108E6000A04F01D84D4501DA0020EEE75C480BF039
:108E700017FF5C48006800F03BF90646A6E0304664
:108E800005F0CEF80446207900287CD1218806F12F
:108E90000800081AA84276D3218806F10800091AAA
:108EA00005F11400814229D306F1080028441FFA75
:108EB00080F800BFB8F5A04F08D100BF4AA340F228
:108EC000873253A157A0E3F773FE00BF00BF4046AF
:108ED00005F0A6F8074600213971218839807E8087
:108EE000A4F80080012020713888B0F5A04F07D089
:108EF000388805F095F8A0F8028001E00120207183
:108F000038480068844227D13648D0F800A004E0F1
:108F1000BAF8000005F084F882469AF8040018B107
:108F20004A4800688245F3D12E48C0F800A000BF2F
:108F300000684649096888420CD02A4800680079D0
:108F400040B100BF28A340F2B53241A135A0E3F7FC
:108F50002FFE00BF00BF00BF21480BF05DFF00BF28
:108F600004F10800284439490968884208D900BF3B
:108F70001DA340F2B9323DA12AA0E3F719FE00BFBC
:108F800000BF00BF00E01DE004F0030040B100BFDF
:108F900015A340F2BB3241A122A0E3F709FE00BFB6
:108FA00000BF00BF04F0030040B100BF0EA340F2B9
:108FB000BD3246A11BA0E3F7FBFD00BF00BF04F1DB
:108FC000080042E7304605F02BF80688C5F5A040BA
:108FD000B0423FF654AF02480BF01EFF002034E7CA
:108FE0008C020024900200242E2E5C2E2E5C4D69F3
:108FF00064646C6577617265735C6C7769705C73CF
:1090000072635C636F72655C6D656D2E630000005A
:10901000696E76616C6964206E6578742070747214
:1090200000000000417373657274696F6E20222521
:109030007322206661696C6564206174206C696EBE
:109040006520256420696E2025730A0088020024AB
:109050006D656D5F6D616C6C6F633A20216C66723B
:1090600065652D3E75736564000000006D656D5F7C
:109070006D616C6C6F633A20616C6C6F63617465D9
:1090800064206D656D6F7279206E6F742061626F00
:1090900076652072616D5F656E642E006D656D5F33
:1090A0006D616C6C6F633A20616C6C6F63617465A9
:1090B00064206D656D6F72792070726F7065726C6F
:1090C0007920616C69676E65642E00006D656D5F67
:1090D0006D616C6C6F633A2073616E6974792063A3
:1090E0006865636B20616C69676E6D656E74000006
:1090F000014602480088081A80B2704784020024A2
:109100002DE9F84F81468B460BF1030020F0030058
:1091100085B20C2D00D20C25B5F5A04F01D85D45C8
:1091200002DA0020BDE8F88F00BF5C480068814586
:1091300003D35B480068814508D300BF59A340F2C0
:10914000D12262A167A0E3F733FD00BF00BF5348FF
:109150000068814503D352480068814509D300BFA8
:109160000BF0FEFA009000980BF090FB00BF484611
:10917000D8E7A9F108063046FFF7BAFF074631885D
:10918000C81B08381FFA80FA00BF554508DD00BF2C
:1091900044A34FF439725DA152A0E3F709FD00BF6B
:1091A00000BF554501DD0020BCE7554501D14846CB
:1091B000B8E75E480BF074FD308804F031FF0446D8
:1091C0002079002833D100BF3088B0F5A04F08D1F6
:1091D00000BF34A340F2F52255A142A0E3F7E8FC1A
:1091E00000BF00BF2088009007F1080028441FFA44
:1091F00080F854480068A04204D1404604F010FFB3
:1092000050490860404604F00BFF044600202071DE
:10921000009820806780A6F800802088B0F5A04FD5
:1092200004D0208804F0FCFEA0F8028031E005F1B3
:10923000140050452DD807F1080028441FFA80F883
:1092400000BF3088B0F5A04F08D100BF15A340F291
:10925000163237A123A0E3F7ABFC00BF00BF4046A6
:1092600004F0DEFE044637480068844201D23548E7
:10927000046000202071308820806780A6F800807C
:109280002088B0F5A04F04D0208804F0C9FEA0F8D3
:10929000028026480BF0C0FD484643E784020024C4
:1092A000880200242E2E5C2E2E5C4D6964646C6551
:1092B00077617265735C6C7769705C7372635C6311
:1092C0006F72655C6D656D2E630000006D656D5F8E
:1092D0007472696D3A206C6567616C206D656D6FA5
:1092E00072790000417373657274696F6E20222574
:1092F0007322206661696C6564206174206C696EFC
:109300006520256420696E2025730A006D656D5FF8
:109310007472696D2063616E206F6E6C7920736862
:1093200072696E6B206D656D6F7279008C0200241E
:10933000696E76616C6964206E65787420707472F1
:10934000000000009002002470B504460D4600BFE6
:10935000102C00DB70BD00BF05B9FBE7034951F8D5
:1093600024002946ECF76AFB00BFF3E738FC050848
:1093700070B504460D4600BF44B900BF08A340F2D3
:10938000951211A115A0E3F713FC00BF00BF04B1B3
:1093900005B970BD29462046ECF750FB00BFF8E741
:1093A0002E2E5C2E2E5C4D6964646C65776172654F
:1093B000735C6C7769705C7372635C636F72655C1D
:1093C0006D656D702E630000696E76616C69642056
:1093D000706F6F6C20646573630000004173736588
:1093E0007274696F6E2022257322206661696C6534
:1093F00064206174206C696E6520256420696E208C
:1094000025730A0010B5002406E0054951F8240030
:1094100000F008F8601C84B2102CF6D310BD0000D8
:1094200038FC050810B50023846823604368DB1C02
:1094300023F00301002207E083681B680B60836848
:10944000196003881944521C43889342F4DC10BD10
:1094500070B5044600BF102C01DB002070BD00BFBA
:10946000034951F82400ECF743FB05462846F5E78D
:1094700038FC050810B5044600BF44B900BF08A376
:109480004FF49E7210A115A0E3F792FB00BF00BF3E
:109490000CB9002010BD2046ECF72AFBFAE70000CB
:1094A0002E2E5C2E2E5C4D6964646C65776172654E
:1094B000735C6C7769705C7372635C636F72655C1C
:1094C0006D656D702E630000696E76616C69642055
:1094D000706F6F6C20646573630000004173736587
:1094E0007274696F6E2022257322206661696C6533
:1094F00064206174206C696E6520256420696E208B
:1095000025730A001FB501200323CDE90030029026
:109510000023024610210390400700F04EF800207F
:1095200001210323CDE9003103460222CDE90210D7
:109530001221480600F041F8012000220323CDE962
:10954000012000930390134603221221100700F01C
:1095500034F800200323CDE90030029003460422B2
:109560000F2103904FF0605000F027F800200323F4
:10957000CDE90030029003460522192103904FF0F7
:10958000C04000F01AF8012000220323CDE9012099
:1095900000930390134606221821C80600F00DF828
:1095A00000200323CDE900300290012307221B2174
:1095B0000390C80700F001F81FBD2DE9FF5F0446C6
:1095C0000D4616461F46DDE910ABDDE90E89DCF7D6
:1095D00041FA01208DF80000F0B28DF801000194ED
:1095E0008DF80C70E8B28DF8080000208DF80900A5
:1095F0008DF80A008DF80B808DF80D908DF80EA077
:109600008DF80FB06846DCF7F7F90420DCF738FA7C
:10961000002004B0BDE8F09F70B504460D4620461A
:10962000D6F78FFF86B225B97B20207000206070AE
:1096300004E07D20A0550021701C2154002070BD45
:1096400070B505460C4624B905A12846D6F745FF56
:1096500003E006A12846D6F740FF002070BD0000B9
:109660002264617461223A7B000000007D000000EA
:1096700070B505460C4624B905A12846D6F72DFF3E
:1096800003E006A12846D6F728FF002070BD0000A1
:1096900022696E666F223A7B000000007D2C00007C
:1096A000F0B5A1B007460C4615461E46802101A81C
:1096B000D6F708FF012E06D12B46224608A101A8A5
:1096C000E3F786FA05E02B46224608A101A8E3F756
:1096D0007FFA01A93846D6F700FF002021B0F0BD7F
:1096E000222573223A25642C0000000022257322D3
:1096F0003A256400F0B5A1B007460C4615461E4653
:10970000802101A8D6F7DEFE012E06D12B46224687
:1097100008A101A8E3F75CFA05E02B46224608A160
:1097200001A8E3F755FA01A93846D6F7D6FE00207E
:1097300021B0F0BD222573223A222573222C00008D
:10974000222573223A222573220000002DE9F041E0
:1097500004460E461548005D38B9144810380168B3
:10976000204688470120BDE8F081114850F82400C8
:10977000B04219D90F4850F82400B6FBF0F10B485D
:10978000001F50F8240050F82120002508E0002395
:109790000648001F50F824004F1940F827306D1C70
:1097A0009542F4DB0020DEE70220DCE760020024C3
:1097B0002CFB050828FB050810B50446074951F89D
:1097C00024108A00064951F82400002100F07EF898
:1097D00001210348001D015510BD000024FB0508B0
:1097E0005C0200242DE9F04704460F460025A946F7
:1097F0002348005D20B92248103801682046884778
:109800001FB94FF0FF30BDE8F0871E4850F8240024
:10981000B7FBF0F61B4850F82400B7FBF0F100FB53
:10982000117000B1761C184850F82400451E22E043
:109830001348001F50F8240050F8250010B909F112
:10984000010901E04FF00009B14513D14FF00008C4
:1098500009E00B48001F50F8240005EB080140F810
:10986000216008F10108B045F3D3064850F8240000
:109870006843C8E76D1E002DDADA4FF0FF30C2E70B
:109880006002002428FB050824FB050810B50146EA
:109890000023002207E00B4850F8210050F8220076
:1098A00000B15B1C521C084850F821009042F2D8CD
:1098B0004FF47A705843044C54F82140B0FBF4F054
:1098C00080B210BD5C02002424FB050830B50346BD
:1098D00001E003F8011B141EA2F10102F9D130BD11
:1098E00070B5044625460A462346087808B920463E
:1098F00070BD0DE00A461D4601E06D1C521C287823
:109900001678B042F9D0107808B91846F0E75B1C19
:1099100018780028EED100BFEAE7000070B50546D0
:109920000C4604B970BD054850F82500261A31468A
:109930002846FFF70BFF00BFF4E7000058020024A1
:1099400010B5044621460020FFF7E8FF10BD0000D7
:1099500070B504460E4631462046FFF743FF0546E4
:10996000681C08B9002070BD024850F82400284443
:10997000F9E700005802002410B5044621460020F3
:10998000FFF7E6FF10BD10B504465CB1206828B1B2
:10999000206801F0CFFD0020606020602146072094
:1099A000FFF7D2FC10BD10B5044600BF04B910BDCE
:1099B00000BF206810B1206801F0BCFD002060608D
:1099C000206000BFF3E770B504460D46164600BFA1
:1099D00014B96FF00F0070BD00BF206810B120688F
:1099E00001F0A8FD41220021362001F0CBF92060D2
:1099F000206818B900206060401EECE720684560D0
:109A00002068068120684681206860600020E2E7C7
:109A10002DE9F04106460F464FF000080820FFF7F9
:109A200017FD044614B90020BDE8F0810020207223
:109A30002670606006F0F000102807D0202803D0C0
:109A4000402805D100250FE006250DE006250BE096
:109A500000BF00BF17A34FF43A7221A12AA0E3F779
:109A6000A7F800BF00BF1FE000BF294604F11000A7
:109A70000BF03CF800B117E0002104F10C000BF0F2
:109A8000A3FA20B104F110000AF0D6FF0CE0002088
:109A900060616070401EA061A76200206062E061AA
:109AA00084F820802046BFE721460820FFF74CFCC1
:109AB0000020B9E72E2E5C2E2E5C4D6964646C6527
:109AC00077617265735C6C7769705C7372635C61FB
:109AD00070695C6170695F6D73672E6300000000E0
:109AE0006E6574636F6E6E5F616C6C6F633A207548
:109AF0006E646566696E6564206E6574636F6E6E14
:109B00005F74797065000000417373657274696FEA
:109B10006E2022257322206661696C656420617461
:109B2000206C696E6520256420696E2025730A000B
:109B300070B506460C46206800F10C0221463046FE
:109B400012F018FB054615B994F9040070BD2846BB
:109B5000FCE70000F0B589B004460D46164600BF8C
:109B60001CB96FF00F0009B0F0BD00BF05B9064D7C
:109B700001940395ADF8106001A90448FFF7D8FFE0
:109B800007463846EFE70000F4FC05082D6004089E
:109B900010B504460321204600F002F810BD000075
:109BA00070B588B004460D4600BF1CB96FF00F00B9
:109BB00008B070BD00BF00948DF8085029218DF8C1
:109BC000091069460248FFF7B3FF06463046EFE743
:109BD0008D600408F0B589B004460D46164600BFF6
:109BE0001CB96FF00F0009B0F0BD00BF05B9064DFC
:109BF00001940395ADF8106001A90448FFF798FFA0
:109C000007463846EFE70000F4FC05083565040810
:109C100070B505460DB9002070BD284600F046FA23
:109C2000044614B9284600F065F82046F4E77CB5F0
:109C3000044604F1100008B32069F8B110E0207860
:109C400000F0F000102808D169460198FDF786FB66
:109C500010B9019801F06EFC02E00198FFF793FE45
:109C600001A904F110000AF0FFFC401C0028E6D115
:109C700004F110000AF0E0FE0020206104F114005D
:109C800028B3606918B314E069460198FDF766FBD4
:109C900070B9019D2846FFF7CAFF686820B168685F
:109CA0000BF050FE00206860284600F023F800BF4B
:109CB00000BF01A904F114000AF0D6FC401C0028E2
:109CC000E2D104F114000AF0B7FE002060617CBD0F
:109CD00070B504460CB9002070BD0AF041FD06467F
:109CE00094F908500020207230460AF0CFFD284633
:109CF000F2E7000010B5044600BF6068002808D0F5
:109D000000BF1CA340F21F3225A131A0E2F750FF93
:109D100000BF00BF00BF04F1100000280BD0206975
:109D2000002808D000BF13A340F2263232A128A099
:109D3000E2F73EFF00BF00BF00BF04F1140000289F
:109D40000BD06069002808D000BF0AA340F2293276
:109D500038A11FA0E2F72CFF00BF00BF04F10C00E8
:109D60000BF0D8F80020E06021460820FFF7ECFA5D
:109D700010BD00002E2E5C2E2E5C4D6964646C6557
:109D800077617265735C6C7769705C7372635C6138
:109D900070695C6170695F6D73672E63000000001D
:109DA000504342206D757374206265206465616C58
:109DB0006C6F6361746564206F757473696465208A
:109DC000746869732066756E6374696F6E00000055
:109DD000417373657274696F6E2022257322206649
:109DE00061696C6564206174206C696E652025640E
:109DF00020696E2025730A00726563766D626F7844
:109E0000206D757374206265206465616C6C6F638E
:109E100061746564206265666F72652063616C6C55
:109E2000696E6720746869732066756E6374696F04
:109E30006E0000006163636570746D626F78206D01
:109E4000757374206265206465616C6C6F63617406
:109E50006564206265666F72652063616C6C696E13
:109E60006720746869732066756E6374696F6E002D
:109E70002DE9F04188B004460D4616461F4600BF46
:109E800024B96FF00F0008B0BDE8F08100BF00BF3B
:109E900015B96FF00F00F6E700BF00BF16B96FF0FD
:109EA0000F00F0E700BF00948DF810700295039644
:109EB00069460348FFF73CFE80464046E3E7000062
:109EC000A56A04082DE9F04188B004460D461646FF
:109ED0001F4600BF24B96FF00F0008B0BDE8F08145
:109EE00000BF05B9074D06B9064E009402950396CA
:109EF0008DF8117069460448FFF71AFE8046404607
:109F0000EBE70000F4FC0508E96B04082DE9F041DB
:109F100088B007460D46164631463846FFF778FDAD
:109F20000446002C56D08DF80850009469462A4803
:109F3000FFF7FEFD8046B8F1000F4AD000BF606811
:109F4000002807D000BF25A3A3222FA137A0E2F746
:109F50002FFE00BF00BF00BF04F1100008B1206950
:109F600038B900BF1DA3A4223AA130A0E2F720FE19
:109F700000BF00BF00BF04F11400002809D06069D1
:109F800038B100BF15A3A62238A128A0E2F710FE21
:109F900000BF00BF00BF04F10C0008B1E06838B991
:109FA00000BF0EA3A9223AA120A0E2F701FE00BF44
:109FB00000BF04F10C000AF0ADFF04F110000AF03C
:109FC0003BFD21460820FFF7BFF9002008B0BDE89F
:109FD000F08100BF2046F9E7276C04082E2E5C2E86
:109FE0002E5C4D6964646C6577617265735C6C7737
:109FF00069705C7372635C6170695C6170695F6CED
:10A0000069622E630000000066726565696E6720F4
:10A01000636F6E6E20776974686F75742066726501
:10A0200065696E67207063620000000041737365AC
:10A030007274696F6E2022257322206661696C65D7
:10A0400064206174206C696E6520256420696E202F
:10A0500025730A00636F6E6E20686173206E6F2037
:10A06000726563766D626F7800000000636F6E6EDC
:10A070002D3E6163636570746D626F782073686FE5
:10A08000756C646E27742065786973740000000035
:10A09000636F6E6E20686173206E6F206F705F63F8
:10A0A0006F6D706C657465640000000030B589B038
:10A0B000044614B9002009B030BD019429218DF85F
:10A0C0000D1001A90448FFF733FD05460DB12846E0
:10A0D000F1E70020EFE7000085680408F8B50646C0
:10A0E0000D46002400BF15B96FF00F00F8BD00BF8A
:10A0F0000020286000BF16B96FF00F00F6E700BF20
:10A10000307800F0F00010282CD1002000900720BB
:10A11000FFF79EF9044614B94FF0FF30E6E700223E
:10A120006946304600F012F907462FB12146072054
:10A13000FFF70AF93846D9E700BF009840B900BFD9
:10A140000BA340F2793215A117A0E2F731FD00BF51
:10A1500000BF00982060009860600020A081A0608F
:10A160002C60C3E700222946304600F031F8BDE7F5
:10A170002E2E5C2E2E5C4D6964646C657761726571
:10A18000735C6C7769705C7372635C6170695C614D
:10A1900070695F6C69622E63000000007020213DD1
:10A1A000204E554C4C000000417373657274696F0A
:10A1B0006E2022257322206661696C6564206174BB
:10A1C000206C696E6520256420696E2025730A0065
:10A1D0002DE9FC4104460D4617460020019000BFC2
:10A1E0001DB96FF00F00BDE8FC8100BF00202860A2
:10A1F00000BF14B96FF00F00F5E700BF04F11000C5
:10A2000008B1206958B92046FFF762FD8046B8F1D1
:10A21000000F01D04046E6E76FF00A00E3E794F84C
:10A22000200000F0020048B907F0040030B994F8AB
:10A23000200000F0010008B9207AD8B101A904F18A
:10A2400010000AF011FA401C98B92046FFF740FDB3
:10A250008046B8F1000F01D04046C4E794F82000D2
:10A2600000F0010010B16FF00A00BCE76FF00600CB
:10A27000B9E70AE001A904F11000E2690AF05EF909
:10A28000401C10B96FF00200ADE7207800F0F0003C
:10A29000102810D169460198FDF760F840B19DF98A
:10A2A00000000F3008B900209DE79DF900009AE7F3
:10A2B000019806890FE000BF019840B900BF0BA3C9
:10A2C00040F2912214A117A0E2F772FC00BF00BF78
:10A2D000019800680689A06A20B132460121204613
:10A2E000A36A98470198286000207CE72E2E5C2EF8
:10A2F0002E5C4D6964646C6577617265735C6C7724
:10A3000069705C7372635C6170695C6170695F6CD9
:10A3100069622E630000000062756620213D204EB8
:10A32000554C4C00417373657274696F6E20222521
:10A330007322206661696C6564206174206C696EAB
:10A340006520256420696E2025730A002DE9F043FD
:10A3500089B004468846174604F1100008B1206908
:10A3600020B96FF00A0009B0BDE8F08394F820002E
:10A3700000F0800040B100BF94F8200000F07F00A2
:10A3800084F8200000BF28E03A4641462046FFF707
:10A390001FFF05460DB12846E5E7D8F8006007F035
:10A3A000080050B90EB1308900E00120814601AAB1
:10A3B0004946204600F086F800BF46BB07F0100073
:10A3C00050B100BF94F8200040F0800084F82000D5
:10A3D00000BF6FF00600C6E700BFA06A20B10022F0
:10A3E00001212046A36A9847606848B92046FFF7D4
:10A3F0006FFC05460DB12846B5E76FF00D00B2E7DA
:10A4000001212046FFF7CCFB6FF00E00ABE728469A
:10A41000A9E770B504460D46164600BF24B1207862
:10A4200000F0F000102802D06FF00F0070BD00BFE8
:10A43000324629462046FFF789FFF7E770B5044604
:10A440000D46164600BF24B1207800F0F000102819
:10A4500002D16FF00F0070BD00BF32462946204682
:10A46000FFF7B6FEF7E7000070B588B004460D466A
:10A4700000BF1CB96FF00F0008B070BD00BF0094A2
:10A48000029569460248FFF753FB06463046F3E75C
:10A49000876C040870B588B004460D4600BF24B12F
:10A4A000207800F0F000102803D06FF00F0008B003
:10A4B00070BD00BF6A462946204600F003F80646F4
:10A4C0003046F4E770B504460E46154600BF24B189
:10A4D000207800F0F000102802D06FF00F0070BD5F
:10A4E00000BF2C60AE6029460148FFF721FBF6E76C
:10A4F0003F6C04082DE9FE4306460C4615461F46F0
:10A50000DDF82880019402953B46012201A93046DE
:10A51000CDF8008000F002F8BDE8FE832DE9F04F91
:10A5200089B005460F4691469A46DDF8488000BF3F
:10A5300025B96FF00F0009B0BDE8F08F00BF00BF74
:10A54000287800F0F000102802D06FF00500F2E744
:10A5500000BF95F8200000F0020010B90AF00400D6
:10A5600008B1012000E000200090009828B1B8F167
:10A57000000F02D16FF00500DDE7002400260CE09B
:10A5800007EBC6004068044407EBC6004068A042E1
:10A5900002D96FF00500CEE7761C4E45F0DB0CB912
:10A5A0000020C8E7B4F1004F09D3B8F1000F02D181
:10A5B0006FF00500BFE76FF000410C4600BF01954A
:10A5C0000397ADF81090002105918DF820A0069416
:10A5D000079101A90F48FFF7ABFA8346BBF1000FC3
:10A5E00015D1B8F1000F02D00798C8F80000009804
:10A5F00068B900BF0798A04208D000BF06A34FF477
:10A60000866210A118A0E2F7D3FA00BF00BF584637
:10A6100091E70000256D04082E2E5C2E2E5C4D69FE
:10A6200064646C6577617265735C6C7769705C7388
:10A6300072635C6170695C6170695F6C69622E63F2
:10A6400000000000646F5F7772697465206661695D
:10A650006C656420746F20777269746520616C6C1E
:10A660002062797465730000417373657274696F59
:10A670006E2022257322206661696C6564206174F6
:10A68000206C696E6520256420696E2025730A00A0
:10A690002DE9F05F04460E4617469846DDE90AB9F3
:10A6A00000BF14B90020BDE8F09F00BF00BFB9F1A2
:10A6B000000F01D10020F6E700BF06B93F4E07B9F1
:10A6C0003E4FB8F1000F01D1DFF8F080002060604C
:10A6D000A060E0603A4860610020208584F8310085
:10A6E0006062E061A063C4F820B03648007884F866
:10A6F00034000C98206143463A463146204600F02B
:10A7000003FA2046C84708B10020CCE700BF94F800
:10A710003400FF2802D1002084F834004FF0000AF2
:10A720002948056829E000BFA54208D100BF27A33A
:10A730004FF4C7722FA134A0E2F73AFA00BF00BF6E
:10A740000AF1010A00BFBAF1FF0F08DD00BF1FA325
:10A750004FF4C87236A12CA0E2F72AFA00BF00BF5E
:10A7600095F8340094F83410884205D194F83400F8
:10A77000401C84F8340002E02D68002DD3D100BFC6
:10A78000002DC4D194F83400FE2803D100200D49D7
:10A79000087004E094F83400401C0A4908700A4824
:10A7A000006820600848046094F8310000F0200040
:10A7B00010B12046F3F7A4FC204674E7F4FC05082A
:10A7C00001AB0408DC020024D40200242E2E5C2EEF
:10A7D0002E5C4D6964646C6577617265735C6C773F
:10A7E00069705C7372635C636F72655C6E657469DB
:10A7F000662E63006E6574696620616C72656164C3
:10A800007920616464656400417373657274696F73
:10A810006E2022257322206661696C656420617454
:10A82000206C696E6520256420696E2025730A00FE
:10A83000746F6F206D616E79206E65746966732C1C
:10A84000206D61782E20737570706F72746564204E
:10A850006E756D62657220697320323535000000B7
:10A8600070B504460D46294620460DF05FF929468D
:10A87000204612F045F92946204603F0CDFD70BD73
:10A8800010B503460868DC68A04201D1012000E051
:10A89000002030B909B9002000E00868D860012024
:10A8A00010BD0020FCE70000F8B505460C46164632
:10A8B00000BF44B900BF19A34FF4E77221A125A03E
:10A8C000E2F776F900BF00BF00BF46B900BF13A38F
:10A8D00040F2CF121BA11FA0E2F76AF900BF00BF30
:10A8E00020686968884201D1012000E0002090B909
:10A8F000206800906868306069463046FFF7B0FF16
:10A900000CB9002000E0206868600121284600F0B2
:10A9100089F80120F8BD0020FCE700002E2E5C2EF7
:10A920002E5C4D6964646C6577617265735C6C77ED
:10A9300069705C7372635C636F72655C6E65746989
:10A94000662E6300696E76616C696420706F696E53
:10A9500074657200417373657274696F6E2022258D
:10A960007322206661696C6564206174206C696E75
:10A970006520256420696E2025730A0010B5034602
:10A9800008689C68A04201D1012000E0002030B995
:10A9900009B9002000E008689860012010BD00207F
:10A9A000FCE7000070B505460DB9002070BDA81C7D
:10A9B000D5F7AEFFC6B226B9A878302801D000205E
:10A9C000F4E70C48046810E094F83400B0420BD16E
:10A9D000287894F83210884206D169783320005DD7
:10A9E000814201D12046E1E72468002CECD100200F
:10A9F000DCE70000D402002402466AB1074801687F
:10AA000008E091F83400401CC0B2904201D10846E1
:10AA1000704709680029F4D10020F9E7D402002426
:10AA20007047000070B504460D4600BF002C08D1E9
:10AA300000BF16A34FF45C721EA127A0E2F7B8F87E
:10AA400000BF00BF94F8310000F0040020B194F87A
:10AA5000310000F0010000B970BD05F0010090B1B7
:10AA6000606880B194F8310000F0080018B1211D31
:10AA70002046ECF7ADFE94F8310000F0200010B154
:10AA80002046F3F795FA00BFE6E700002E2E5C2E75
:10AA90002E5C4D6964646C6577617265735C6C777C
:10AAA00069705C7372635C636F72655C6E65746918
:10AAB000662E63006E657469665F69737375655FA2
:10AAC0007265706F7274733A20696E76616C696436
:10AAD000206E657469660000417373657274696FF6
:10AAE0006E2022257322206661696C656420617482
:10AAF000206C696E6520256420696E2025730A002C
:10AB000003466FF00B0070472DE9F84F80460C4666
:10AB100015461E464FF00009CA4604B9114C05B946
:10AB2000104D06B90F4E0CB1206808B9012000E0A5
:10AB30000020074627B16A4621464046FFF7B4FE8B
:10AB40004A4629464046FFF719FF524631464046DD
:10AB5000FFF796FE27B96A4621464046FFF7A4FE56
:10AB6000BDE8F88FF4FC0508014908607047000053
:10AB7000D802002410B5044600BF04B910BD00BFC0
:10AB800094F8310000F0010078B100BF94F8310072
:10AB900000F0FE0084F8310000BF94F8310000F0AE
:10ABA000080010B12046ECF721F800BFE6E710B529
:10ABB000044600BF04B910BD00BF94F8310000F096
:10ABC000040070B100BF94F8310000F0FB0084F87D
:10ABD000310000BF00BFE06910B12046E16988473D
:10ABE00000BF00BFE7E710B5044600BF04B910BDC1
:10ABF00000BF94F8310000F0040090B900BF94F851
:10AC0000310040F0040084F8310000BF03212046E9
:10AC1000FFF708FF00BFE06910B12046E1698847EF
:10AC200000BF00BFE3E710B5044600BF04B910BD84
:10AC300000BF94F8310000F0010058B900BF94F84B
:10AC4000310040F0010084F8310000BF03212046AC
:10AC5000FFF7E8FE00BFEAE770B505460C46204660
:10AC6000E9F7D0FE0646012E05D1064A06A1284680
:10AC7000E1F7AEFF04E0054A03A12846E1F7A8FF8B
:10AC800070BD00008C530608257300009053060821
:10AC900070B504460D4600222946204600F002F811
:10ACA00070BD00002DE9F04704460D46904600BFF8
:10ACB00044B900BF1CA340F2DF1225A127A0E1F791
:10ACC00077FF00BF00BF14B1B5F5803F02D301206C
:10ACD000BDE8F0870DB90020FAE7AEB22089304414
:10ACE00080B2B04201DA0120F2E794F80C9009F04A
:10ACF000800038B16068471B04F11000874209D218
:10AD00000120E5E7B8F1000F02D06068471B01E0C1
:10AD10000120DDE76760608930446081208930442C
:10AD200020810020D4E700002E2E5C2E2E5C4D6981
:10AD300064646C6577617265735C6C7769705C7371
:10AD400072635C636F72655C706275662E6300008F
:10AD50007020213D204E554C4C000000417373651E
:10AD60007274696F6E2022257322206661696C659A
:10AD700064206174206C696E6520256420696E20F2
:10AD800025730A002DE9FE4F82460E46904657462F
:10AD9000B8F1010F0AD0B8F1410F06D0B8F5C17F64
:10ADA0000BD0B8F5207F7DD169E000BF4246314627
:10ADB000002000F031F90446ADE0002400200290AC
:10ADC000B14600BF0F20FEF743FB054635B914B16D
:10ADD000204600F0AFFB0020BDE8FE8FF81C20F0FD
:10ADE000030040F2EC51081A80B2484501DD4846A4
:10ADF00006E0F81C20F0030040F2EC51081A80B283
:10AE000083460020CDE9008005F110003844C01CC5
:10AE100020F003015B464A46284600F09DFC00BF37
:10AE2000287900F0030040B100BF3CA34FF48072CA
:10AE300044A150A0E1F7BCFE00BF00BF00BFF81C5A
:10AE400020F0030040F2EC51081A08D100BF33A3F0
:10AE50004FF4817251A147A0E1F7AAFE00BF00BFE5
:10AE60000CB92C4601E0029805600295A9EB0B0095
:10AE70001FFA80F90027B9F1000FA3DC4BE0F81CA2
:10AE800020F00301F01C20F00300084485B205F116
:10AE900010001FFA80F9F01C20F00300A84206D829
:10AEA000F01C00E02AE020F00300484501D9002012
:10AEB00092E74846FDF7C2FF04460CB900208BE735
:10AEC0000020CDE9008004F110003844C01C20F0BF
:10AED000030133463246204600F03EFC00BF207995
:10AEE00000F0030040B100BF0CA34FF4917238A1F1
:10AEF00020A0E1F75DFE00BF00BF0CE000BF00BF77
:10AF000006A340F227123DA11AA0E1F751FE00BFAF
:10AF100000BF002060E700BF20465DE72E2E5C2EBC
:10AF20002E5C4D6964646C6577617265735C6C77E7
:10AF300069705C7372635C636F72655C7062756686
:10AF40002E630000706275665F616C6C6F633A20FF
:10AF50007062756620712D3E7061796C6F6164203E
:10AF600070726F7065726C7920616C69676E656470
:10AF700000000000417373657274696F6E202225B2
:10AF80007322206661696C6564206174206C696E4F
:10AF90006520256420696E2025730A0050425546BD
:10AFA0005F504F4F4C5F42554653495A45206D758F
:10AFB00073742062652062696767657220746861D6
:10AFC0006E204D454D5F414C49474E4D454E540016
:10AFD000706275665F616C6C6F633A207062756653
:10AFE0002D3E7061796C6F61642070726F70657254
:10AFF0006C7920616C69676E6564000070627566CB
:10B000005F616C6C6F633A206572726F6E656F750D
:10B0100073207479706500002DE9FC4107460D46E8
:10B02000144600BF412C0AD0012C08D000BF0EA34B
:10B030004FF4A57216A11BA0E1F7BAFD00BF00BF37
:10B040000E20FEF705FA064616B90020BDE8FC8181
:10B0500000202B462A463946CDE90040304600F014
:10B060007BFB3046F2E700002E2E5C2E2E5C4D69F5
:10B0700064646C6577617265735C6C7769705C732E
:10B0800072635C636F72655C706275662E6300004C
:10B09000696E76616C696420706275665F74797040
:10B0A00065000000417373657274696F6E2022251C
:10B0B0007322206661696C6564206174206C696E1E
:10B0C0006520256420696E2025730A002DE9FC5F48
:10B0D00005460C4617469846DDE90C9BAA460AF140
:10B0E000030020F003002044584502D90020BDE8A9
:10B0F000FC9FB9F1000F06D00AF1030020F0030015
:10B1000000EB090600E000260220234622463146D5
:10B11000CDE90070404600F01FFB4046E7E7000025
:10B1200070B506460D4600BF06B105B970BD00BF3B
:10B13000344604E020892989084420812468206855
:10B140000028F7D100BF20896189884208D000BF5C
:10B150000EA340F2623217A122A0E1F729FD00BF41
:10B1600000BF00BF206840B100BF08A340F26332B7
:10B1700026A11CA0E1F71CFD00BF00BF2089298982
:10B1800008442081256000BFD0E700002E2E5C2EF1
:10B190002E5C4D6964646C6577617265735C6C7775
:10B1A00069705C7372635C636F72655C7062756614
:10B1B0002E630000702D3E746F745F6C656E203DD1
:10B1C0003D20702D3E6C656E20286F66206C61738B
:10B1D00074207062756620696E20636861696E29EB
:10B1E00000000000417373657274696F6E20222540
:10B1F0007322206661696C6564206174206C696EDD
:10B200006520256420696E2025730A00702D3E6E2E
:10B21000657874203D3D204E554C4C0070B5054678
:10B220000C4621462846FFF77BFF204600F066FBD0
:10B2300070BD0146002002E0421C90B2096800295E
:10B24000FAD170472DE9F04180460E461446218917
:10B2500032464046FFF796FD074617B90020BDE885
:10B26000F0812146384600F041F8054600BF45B15F
:10B2700000BF05A340F246520DA112A0E1F798FCD1
:10B2800000BF00BF3846EAE72E2E5C2E2E5C4D69CB
:10B2900064646C6577617265735C6C7769705C730C
:10B2A00072635C636F72655C706275662E6300002A
:10B2B000706275665F636F7079206661696C656442
:10B2C00000000000417373657274696F6E2022255F
:10B2D0007322206661696C6564206174206C696EFC
:10B2E0006520256420696E2025730A0070B5054627
:10B2F0000C4600BF14B96FF00F0070BD00BF22896B
:10B3000000232146284600F041F8F6E72DE9F05FDA
:10B310008046894616461D464FF0000AD34600BFB8
:10B32000B8F1000F02D10020BDE8F09F00BF00BFC0
:10B33000B9F1000F01D10020F6E700BF444620E03C
:10B3400035B16089A84203DC6089281A85B217E00C
:10B350006089401B87B2B74200DD374662685119E9
:10B3600009EB0A003A46D5F785F80BEB07001FFA00
:10B3700080FB0AEB07001FFA80FAF01B86B200255B
:10B3800024680EB1002CDBD15846CDE72DE9F05FE3
:10B3900004460D4616469A4657464FF0000800BF31
:10B3A00015B12889B04203DA6FF00F00BDE8F09FB5
:10B3B00000BF00BF24B120890AEB0601884202DAEF
:10B3C0006FF00F00F2E700BF00BF6089C01B698902
:10B3D000A1EB0801884203D36889A0EB080B02E0C7
:10B3E0006089A0EB070B5E4501D2304600E058466D
:10B3F0001FFA80F96A6802EB08016268D0194A46B0
:10B40000D5F738F84F44C844A6EB090086B200BF10
:10B410006089B84208D200BF25A340F2FA322EA1BB
:10B4200033A0E1F7C5FB00BF00BF00BF68894045FE
:10B4300008D200BF1EA340F2FB3237A12CA0E1F7D7
:10B44000B7FB00BF00BF6889404509D84FF000082E
:10B450002D6800BF1DB916B16FF00F00A6E700BF41
:10B460006089B84208D10027246800BF1CB916B112
:10B470006FF00F009AE700BF55B1688929898842AB
:10B4800006D100BF286810B16FF005008EE700BF3D
:10B4900054B160892189884206D100BF206810B16B
:10B4A0006FF0050082E700BF002E8ED100207DE7FF
:10B4B0002E2E5C2E2E5C4D6964646C65776172651E
:10B4C000735C6C7769705C7372635C636F72655CEC
:10B4D000706275662E6300006F66667365745F74D4
:10B4E0006F203C3D20705F746F2D3E6C656E0000D8
:10B4F000417373657274696F6E2022257322206612
:10B5000061696C6564206174206C696E65202564D6
:10B5100020696E2025730A006F66667365745F6626
:10B52000726F6D203C3D20705F66726F6D2D3E6CBA
:10B53000656E00002DE9F047044674B900BF44B9B8
:10B5400000BF38A34FF4377240A143A0E1F730FBAE
:10B5500000BF00BF0020BDE8F08700265DE009F0D5
:10B56000FFF8824600BFA07B002808DC00BF2DA3A7
:10B5700040F2F12242A138A0E1F71AFB00BF00BF60
:10B58000A07B401E00F0FF0884F80E80504609F0B2
:10B590007DF9B8F1000F3ED12768207B00F00F0540
:10B5A000607B00F00200002813D0A14600BFD9F84C
:10B5B000100040B900BF1BA340F2FF2236A126A015
:10B5C000E1F7F6FA00BF00BF2046D9F8101088470F
:10B5D0001DE0022D04D121460F20FDF7B5FE16E037
:10B5E000012D04D121460E20FDF7AEFE0FE01DB95E
:10B5F0002046FDF77DFA0AE000BF00BF09A340F234
:10B600000F322EA114A0E1F7D3FA00BF00BF701CC7
:10B61000C6B23C4600E0002400BF002C9FD130465B
:10B6200099E700002E2E5C2E2E5C4D6964646C65DB
:10B6300077617265735C6C7769705C7372635C636D
:10B640006F72655C706275662E6300007020213D2C
:10B65000204E554C4C000000417373657274696F45
:10B660006E2022257322206661696C6564206174F6
:10B67000206C696E6520256420696E2025730A00A0
:10B68000706275665F667265653A20702D3E726500
:10B6900066203E203000000070632D3E6375737499
:10B6A0006F6D5F667265655F66756E6374696F6EF8
:10B6B00020213D204E554C4C00000000696E766103
:10B6C0006C69642070627566207479706500000092
:10B6D00070B50446254629460148FDF749FE70BD70
:10B6E00008FD05082DE9F041074688463C464546D9
:10B6F00012E06089A8420ADC26466089281A85B2D1
:10B700002468002030603046FFF714FF04E029462B
:10B71000204600F043F900250DB1002CE9D1204668
:10B72000BDE8F08170B504460D4601222946204649
:10B7300000F001F870BD70B505460C461646002CA9
:10B7400004DA6142284600F029F970BD32462146EC
:10B750002846FFF7A7FAF8E770B5DDE904450026AB
:10B76000066041600281438104734573012686733C
:10B770000026C67370BDF8B506460F4615466A46E4
:10B780003946304600F066F9044644B16089BDF898
:10B790000010884203DDBDF8001060684554F8BD14
:10B7A0002DE9F04106460F4600BF46B900BF2CA365
:10B7B0004FF4CC7234A13AA0E1F7FAF900BF00BF10
:10B7C0003089B84201DCBDE8F0813089C01B1FFA26
:10B7D00080F83D46344613E06089281A85B22089F6
:10B7E000A0EB08002081246800BF44B900BF1CA35F
:10B7F00040F2AF1234A12AA0E1F7DAF900BF00BF8E
:10B800006089A842E8DB207B00F00F0000281BD1F4
:10B810006089A84218D0607B00F00200002813D194
:10B82000A088001B284481B22046FDF769FC04462D
:10B8300000BF44B900BF0AA340F2BD1228A118A05E
:10B84000E1F7B6F900BF00BF6581608920812068FB
:10B8500010B12068FFF76EFE0020206000BFB2E745
:10B860002E2E5C2E2E5C4D6964646C65776172656A
:10B87000735C6C7769705C7372635C636F72655C38
:10B88000706275662E630000706275665F72656136
:10B890006C6C6F633A207020213D204E554C4C005B
:10B8A000417373657274696F6E202225732220665E
:10B8B00061696C6564206174206C696E6520256423
:10B8C00020696E2025730A00706275665F7265617B
:10B8D0006C6C6F633A207120213D204E554C4C001A
:10B8E0006D656D5F7472696D2072657475726E65D9
:10B8F000642071203D3D204E554C4C0070B50446EF
:10B90000002C18D000BF08F02BFF0546A07B401C80
:10B91000A073284608F0BAFF00BF00BFA07B002834
:10B9200008DC00BF04A340F242320DA111A0E1F7F0
:10B930003FF900BF00BF70BD2E2E5C2E2E5C4D69FE
:10B9400064646C6577617265735C6C7769705C7355
:10B9500072635C636F72655C706275662E63000073
:10B960007062756620726566206F766572666C6FB0
:10B9700077000000417373657274696F6E20222531
:10B980007322206661696C6564206174206C696E45
:10B990006520256420696E2025730A002DE9F04199
:10B9A00004460D4600BF44B900BF13A340F24B222A
:10B9B0001BA11EA0E1F7FCF800BF00BF14B1B5F554
:10B9C000803F02D30120BDE8F0810DB90020FAE7E5
:10B9D000AEB200BF6089B04201DA0120F3E700BFD8
:10B9E00067686068284460606089801B6081208986
:10B9F000801B20810020E6E72E2E5C2E2E5C4D69F8
:10BA000064646C6577617265735C6C7769705C7394
:10BA100072635C636F72655C706275662E630000B2
:10BA20007020213D204E554C4C0000004173736541
:10BA30007274696F6E2022257322206661696C65BD
:10BA400064206174206C696E6520256420696E2015
:10BA500025730A002DE9F04104460D46164632468C
:10BA60002946204600F004F807463846BDE8F08134
:10BA700030B503460C462146184603E045894D1B68
:10BA8000A9B2006810B145898D42F7DD02B111807D
:10BA900030BD00002DE9F04704468846164637467B
:10BAA0004FF0000A00BF1CB96FF00F00BDE8F0872F
:10BAB00000BF00BFB8F1000F02D16FF00F00F5E733
:10BAC00000BF00BF2089B04202DA4FF0FF30EDE73F
:10BAD00000BF2CB1B8F1000F02D02089B04202DAC9
:10BAE0006FF00F00E2E725461BE000BF45B900BF3D
:10BAF00015A340F2DF421EA123A0E1F759F800BFD1
:10BB000000BFB9466889484501D2B5F80A9008EBEC
:10BB10000A014A466868D4F7ADFCA7EB0907CA4496
:10BB20002D68002FE1D100BF0FB9B24508D000BF8A
:10BB300005A340F2EA421EA113A0E1F739F800BFC5
:10BB400000BF0020B2E700002E2E5C2E2E5C4D6957
:10BB500064646C6577617265735C6C7769705C7343
:10BB600072635C636F72655C706275662E63000061
:10BB7000706275665F74616B653A20696E76616CA0
:10BB80006964207062756600417373657274696FD1
:10BB90006E2022257322206661696C6564206174C1
:10BBA000206C696E6520256420696E2025730A006B
:10BBB000646964206E6F7420636F707920616C6CAF
:10BBC00020646174610000002DE9F84F83468846C7
:10BBD000154699466A4649465846FFF73BFF0446D4
:10BBE000002C3AD02089BDF800102944884234DB6B
:10BBF0002F46C24600BF6089BDF80010884208DCAD
:10BC000000BF17A340F205521FA125A0E0F7D0FF07
:10BC100000BF00BF6089BDF80010401AA84204DAD6
:10BC20006089BDF80010401A00E0284686B2BDF8D1
:10BC300000206168881832464146D4F71BFCB81BC7
:10BC400087B2B244002F06DD3A4651462068FFF71E
:10BC500021FFBDE8F88F0020FBE74FF0FF30F8E749
:10BC60002E2E5C2E2E5C4D6964646C657761726566
:10BC7000735C6C7769705C7372635C636F72655C34
:10BC8000706275662E630000636865636B20706286
:10BC900075665F736B697020726573756C740000F4
:10BCA000417373657274696F6E202225732220665A
:10BCB00061696C6564206174206C696E652025641F
:10BCC00020696E2025730A00F8B505460E466A46BF
:10BCD00031462846FFF7CCFE04464CB16089BDF8DA
:10BCE0000010884204DDBDF800106068405CF8BDBB
:10BCF0004FF0FF30FBE7000070B50446002500BFA1
:10BD000020684068002808D000BF27A340F26522C1
:10BD100030A138A0E0F74CFF00BF00BF20680078DA
:10BD200000F0F000102828D0202810D0402830D172
:10BD3000217A284602F0A0FB21684860206840680C
:10BD400020B122683549506802F09FFB24E0284664
:10BD500010F0FDFE216848602068406860B12068EE
:10BD60000078222803D101202168496808742268DC
:10BD70002B49506810F01EFF0EE028460BF065FFBF
:10BD8000216848602068406810B1206804F05EF8BF
:10BD900002E0FA20207170BD00BF2068406808B939
:10BDA000FF20207100BFF6E72E2E5C2E2E5C4D6921
:10BDB00064646C6577617265735C6C7769705C73E1
:10BDC00072635C6170695C6170695F6D73672E633B
:10BDD000000000007063625F6E65773A20706362F6
:10BDE00020616C726561647920616C6C6F63617451
:10BDF00065640000417373657274696F6E2022255B
:10BE00007322206661696C6564206174206C696EC0
:10BE10006520256420696E2025730A0061E7040807
:10BE200095E9040830B50A46A2F108030824047015
:10BE30000024447044800124848048F21844C48063
:10BE4000002104E0012501F108040555491C99422F
:10BE5000F8D330BD2DE9F041044600BF3B480068EF
:10BE6000844208D200BF3AA340F2DF1242A148A0A8
:10BE7000E0F79EFE00BF00BF00BF4F48006884424D
:10BE800008D300BF32A34FF4F0724CA140A0E0F7FA
:10BE90008FFE00BF00BF00BF207940B100BF2CA3C0
:10BEA00040F2E1124CA13AA0E0F782FE00BF00BFD1
:10BEB00000BF2088B0F5A04F08D900BF24A34FF4DD
:10BEC000F2724CA132A0E0F773FE00BF00BF2088E1
:10BED00002F0A6F80546AC4219D02879B8B9364820
:10BEE0000068854213D04E480068A84201D14C48F2
:10BEF0000460288820802888B0F5A04F07D020460D
:10BF0000FDF7F6F80746288802F08AF8478060882F
:10BF100002F086F80646A64215D0307998B9404816
:10BF20000068A04201D13E48066020883080208809
:10BF3000B0F5A04F07D03046FDF7DAF80746208865
:10BF400002F06EF84780BDE8F08100008402002412
:10BF50002E2E5C2E2E5C4D6964646C657761726573
:10BF6000735C6C7769705C7372635C636F72655C41
:10BF70006D656D2E63000000706C75675F686F6C97
:10BF800065733A206D656D203E3D2072616D000045
:10BF9000417373657274696F6E2022257322206667
:10BFA00061696C6564206174206C696E652025642C
:10BFB00020696E2025730A0088020024706C756762
:10BFC0005F686F6C65733A206D656D203C2072610F
:10BFD0006D5F656E64000000706C75675F686F6C04
:10BFE00065733A206D656D2D3E75736564203D3D2A
:10BFF00020300000706C75675F686F6C65733A2065
:10C000006D656D2D3E6E657874203C3D204D454D2F
:10C010005F53495A455F414C49474E454400000033
:10C020009002002470B505460E462C4600BF44B968
:10C0300000BF23A34FF4B5722CA130A0E0F7B8FDE8
:10C0400000BF00BF6078012804D101212046FAF723
:10C0500023FF11E0607804280ED1606A40B1606A65
:10C06000407A28B1606A407A401EC1B2606A41726B
:10C0700001212046FAF7B4F894F8200000F01000EF
:10C08000E0B16068D0B16068B0F8640041F65E71FC
:10C09000884213DD6068B0F866002C280EDA00BF15
:10C0A00094F8200000F0EF0084F8200000BFA06AA0
:10C0B00020B1002202212046A36A9847002070BDCB
:10C0C0002E2E5C2E2E5C4D6964646C657761726502
:10C0D000735C6C7769705C7372635C6170695C61DE
:10C0E00070695F6D73672E6300000000636F6E6E92
:10C0F00020213D204E554C4C0000000041737365DB
:10C100007274696F6E2022257322206661696C65E6
:10C1100064206174206C696E6520256420696E203E
:10C1200025730A0010B5E2F777FC044600F004FC22
:10C1300000284CD12748406B50B927A125483E30F4
:10C14000D4F706FA20B9012025490873002010BD54
:10C150002048406B2168884208D022A11D483E300B
:10C16000D4F7F6F910B14FF0FF30F0E71DA11948F0
:10C170003E30D4F7EDF908B901F00CF81548406BE2
:10C180002168884223D11AA112483E30D4F7E0F941
:10C1900018B901211248417319E017A10D483E302A
:10C1A000D4F7D6F910B901F02DF810E016A109481E
:10C1B0003E30D4F7CDF910B900F082F807E015A1B0
:10C1C00004483E30D4F7C4F908B901F04BF8002018
:10C1D000BDE70000686A012473656172636800004E
:10C1E000446C01247570646174655F6D6163000067
:10C1F000696E7175697279007570646174655F72DA
:10C20000656C6179000000007570646174655F6938
:10C21000700000007570646174655F6E70000000EE
:10C2200070B5A2B006460025802102A8D4F74AF9CD
:10C230003246202102A8E6F781FB0546002410E0E3
:10C2400002A951F8242004EBC401134BC81813A110
:10C25000E0F7BEFC202104EBC40008300E4A115464
:10C26000641CAC42ECD36DB10B4805EBC5030D4922
:10C2700000900DA2086A0E49E0F79AFC0DA0E0F7C5
:10C2800097FC06E00749486AE0F792FC09A0E0F74E
:10C290008FFC22B070BD00007B1405242530386C63
:10C2A00078000000D85306082E6178660000000070
:10C2B000181405240D0A00000146002070470000F4
:10C2C00030B585B0E2F7B0FB044600200090019045
:10C2D00002903D48807920703B48C07960703A48B0
:10C2E000007AA0703848407AE07000208DF8000095
:10C2F0003548807AA0723448C17AE172017B21739B
:10C30000417B617300208DF801002F48807BA07372
:10C310002D48C17BE173017C2174417C6174002054
:10C320008DF802002848807C8DF80C002648C07CDF
:10C330008DF80D002448007D8DF80E002248407DC8
:10C340008DF80F0000208DF803001F48807D8DF8C8
:10C3500010001D48C07D8DF811001B48007E8DF82F
:10C3600012001948407E8DF8130000208DF804005B
:10C3700003A8E2F7C5FE002207E01046FFF79CFF86
:10C38000511D0DF80100501CC2B2062AF5DB002039
:10C3900009E01DF90010002902DA4FF0FF3500E036
:10C3A0000025411CC8B20B28F3DB25B9012103206D
:10C3B00000F08EFC03E00021032000F089FCEAF786
:10C3C000F1FA05B030BD0000686A012410B53548A7
:10C3D000007B012812D10020324908734FF400710C
:10C3E0003148D4F76FF800231A4630492E4800F040
:10C3F00077FC2E4801882C4810F084FA2948407BAD
:10C40000012810D10021274841734FF400712648BC
:10C41000D4F758F82549244800F04AF82348018801
:10C42000214810F06FFA1F48407C012838D10021C4
:10C430001C484174007906282BD2DFE800F02A035B
:10C440000B121A221748437901221849164800F0A6
:10C4500047FC1FE0134842791449134800F074FB6D
:10C4600018E010484379032210490F4800F038FCC7
:10C4700010E00C48437904220C490B4800F030FCD2
:10C4800008E00848437905220849074800F028FCDD
:10C4900000E000BF00BF05480188034810F032FAF1
:10C4A00010BD0000446C0124586C01245C01002480
:10C4B000F0B52DED028B8FB005460C46E2F7ACFAD5
:10C4C0000646342102A8D3F7FDFF0020009001901A
:10C4D00000BF00212846FDF79FF800212846FDF700
:10C4E000C7F8342102A8D3F7EDFFE9A102A832680A
:10C4F000E0F76EFB012302AAE6A12846FDF7FAF851
:10C500000220E2F7FFFA074600233A46E2A1284656
:10C51000FDF7F0F801212846FDF7AAF8002128468A
:10C52000FDF78EF80123DEA2DFA12846FDF7E2F831
:10C530000020E8F735FBB0EE408ABCEEC80A10EEEA
:10C54000100A80B2ADF80000BDF800006421484335
:10C5500000EE100AB8EEC00ADFEDD50A18EE200A88
:10C56000BCEEC00A10EE100A80B2ADF80200342111
:10C5700002A8D3F7A7FFBDF80230BDF80020CDA177
:10C5800002A8E0F725FB012302AACCA12846FDF76B
:10C59000B1F80220E8F704FBB0EE408ABCEEC80A0E
:10C5A00010EE100A80B2ADF80400BDF8040064215A
:10C5B000484300EE100AB8EEC00ADFEDBD0A18EEDF
:10C5C000200ABCEEC00A10EE100A80B2ADF80600D8
:10C5D000342102A8D3F776FFBDF80630BDF8042059
:10C5E000B4A102A8E0F7F4FA012302AAB5A12846F3
:10C5F000FDF780F8342102A8D3F764FF0020E8F7A4
:10C600000DFAB0EE408ABCEEC80A10EE100A80B2F5
:10C61000ADF80000BDF800006421484300EE100AA8
:10C62000B8EEC00ADFEDA20A18EE200ABCEEC00A7E
:10C6300010EE100A80B2ADF80200BDF80230BDF86D
:10C6400000209CA102A8E0F7C3FA012302AA9EA140
:10C650002846FDF74FF8342102A8D3F733FF002016
:10C66000E8F7E4F9B0EE408AB5EEC08AF1EE10FAD0
:10C6700028D29FED970A30EE480AB0EE408ABCEE11
:10C68000C80A10EE100A80B2ADF80400BDF804002C
:10C690006421484300EE100AB8EEC00ADFED840AB8
:10C6A00018EE200ABCEEC00A10EE100A80B2ADF8F7
:10C6B0000600BDF80630BDF8042086A102A8E0F708
:10C6C00087FA21E0BCEEC80A10EE100A80B2ADF87D
:10C6D0000400BDF804006421484300EE100AB8EEDF
:10C6E000C00ADFED730A18EE200ABCEEC00A10EE95
:10C6F000100A80B2ADF80600BDF80630BDF804207F
:10C700006CA102A8E0F764FA012302AA74A12846EA
:10C71000FCF7F0FF342102A8D3F7D4FE0020E8F79D
:10C7200071F907463A4670A102A8E0F751FA0123D1
:10C7300002AA6FA12846FCF7DDFF342102A8D3F737
:10C74000C1FEE8F753F907463A466BA102A8E0F7A5
:10C750003FFA012302AA69A12846FCF7CBFF342146
:10C7600002A8D3F7AFFE0020EDF7D0F907463A460E
:10C7700061A102A8E0F72CFA012302AA61A12846D0
:10C78000FCF7B8FF342102A8D3F79CFE0120EDF797
:10C79000BDF907463A4654A102A8E0F719FA012369
:10C7A00002AA59A12846FCF7A5FFEDF7ABF9074609
:10C7B00001233A4656A12846FCF79CFF342102A8E3
:10C7C000D3F780FE0020E7F7C7FA07463A4646A1AE
:10C7D00002A8E0F7FDF9012302AA4FA12846FCF7C1
:10C7E00089FF342102A8D3F76DFE002002F0EAF998
:10C7F00007463A463CA102A8E0F7EAF9012302AA5B
:10C8000046A12846FCF776FF012002F0DBF9074637
:10C810003A4635A102A8E0F7DBF9012302AA40A1BC
:10C820002846FCF767FF022002F0CCF907463A469B
:10C830002DA102A8E0F7CCF9012302AA39A12846CC
:10C84000FCF758FF032002F0BDF907463A4626A13F
:10C8500002A8E0F7BDF9012302AA33A12846FCF79C
:10C8600049FF002331A232A12846FCF743FF0121F2
:10C870002846FCF7E5FE01212846FCF7CDFE2846B8
:10C88000D3F75FFE20800FB0BDEC028BF0BD00003F
:10C89000255800007469640064617465000000003C
:10C8A000696E717569727900747970657300000042
:10C8B0000000C84225642E2530326400766F6C7407
:10C8C000000000006375720068756D69000000006B
:10C8D000000000002D25642E253032640000000089
:10C8E00074656D70000000002530316400000000A8
:10C8F000646F6F720000000025640000616E676C59
:10C9000065000000637371007769726500000000C4
:10C9100063636964000000006C616E007061310047
:10C92000706132007061330070613400313030006A
:10C930006572726F7200000070B590B0002518210A
:10C940000AA8D3F7BFFD0026142105A8D3F7BAFD26
:10C950006248007801286FD14FF4EE716048D3F738
:10C96000B1FD00205D4908705EA15F48D3F7C1FDAD
:10C97000061E11D05DA13046D3F7BBFD064605AAC1
:10C980005BA13046D3F75AFE1022002105A8D3F749
:10C9900087FF5349486303E04FF0FF3010B070BD8C
:10C9A00057A15148D3F7A5FD061E0BD04FA1304625
:10C9B000D3F79FFD06464A4A3E324DA13046D3F793
:10C9C0003DFE02E06FF00100E8E74FA14648D3F7D3
:10C9D00090FD061E31D0142105A8D3F773FD43A1A5
:10C9E0003046D3F786FD064605AA41A13046D3F767
:10C9F00025FE0FA80EA90DAA0CABCDE90032CDE99A
:10CA000002100BAB0AAA41A105A8D3F717FE45B245
:10CA1000062D0ED132490A9808700B9848700C9870
:10CA200088700D98C8700E9808710F98487100258D
:10CA300003E06FF00200B1E74DE03AA12A48D3F7D6
:10CA400058FD061E0AD029A13046D3F752FD0646EE
:10CA5000234A4D3226A13046D3F7F0FD34A12248B7
:10CA6000D3F747FD061E0AD020A13046D3F741FD7B
:10CA700006461B4A94321EA13046D3F7DFFD002440
:10CA800025E02E4800EB84011748D3F732FD061E3F
:10CA90001BD0142105A8D3F715FD14A13046D3F7F8
:10CAA00028FD064605AA12A13046D3F7C7FD0AAAFB
:10CAB00023A105A8D3F7C2FD45B2012D05D10A98DF
:10CAC000C1B20748383001550025601CC4B2062C9D
:10CAD000D7DB002062E74FF0FF305FE7446C0124B2
:10CAE000686A012474696400686801243A000000DF
:10CAF000252A5B5E225D22255B5E225D0000000030
:10CB000074797065730000006D6163002532783AB6
:10CB10002532783A2532783A2532783A2532783AF1
:10CB20002532780070617373776F726400000000C3
:10CB3000757365726E616D6500000000430100242D
:10CB400025303164000000002DE9FE4306460C4606
:10CB50001546E1F761FF0746002000900190029022
:10CB600000213046FCF758FD00213046FCF780FDDF
:10CB700000200090019002903FA168463A68E0F7DB
:10CB800027F801236A463DA13046FCF7B3FD022099
:10CB9000E1F7B8FF80460023424639A13046FCF752
:10CBA000A9FD01213046FCF763FD00213046FCF76A
:10CBB00047FD012334A238A13046FCF79BFD012D2F
:10CBC00006D1012336A238A13046FCF793FD05E0DB
:10CBD000012337A234A13046FCF78CFD00200090E1
:10CBE0000190029001F0EEFF8046424632A1684675
:10CBF000DFF7EEFF01236A4631A13046FCF77AFDEC
:10CC0000012001F0DFFF804642462BA16846DFF796
:10CC1000DFFF01236A462BA13046FCF76BFD0220A3
:10CC200001F0D0FF8046424623A16846DFF7D0FFDF
:10CC300001236A4624A13046FCF75CFD032001F085
:10CC4000C1FF804642461CA16846DFF7C1FF0123B1
:10CC50006A461EA13046FCF74DFD01213046FCF727
:10CC6000EFFC01213046FCF7D7FC3046D3F769FCD6
:10CC70002080BDE8FE830000255800007469640030
:10CC800064617465000000007570646174655F72B2
:10CC9000656C6179000000007479706573000000B4
:10CCA0007375636365737300726573756C740000EC
:10CCB0006661756C7400000025303164000000006E
:10CCC0007061310070613200706133007061340056
:10CCD000024A10715171012353747047446C01244E
:10CCE0002DE9F04F8DB08246894617461D46E1F783
:10CCF00093FE8046E1F798FE0446E1F7FFFE064604
:10CD0000202105A8D3F7DEFB00215046FCF784FC68
:10CD100000215046FCF7ACFC202105A8D3F7D2FB3C
:10CD2000BDA105A8D8F80020DFF752FF012305AA0E
:10CD3000BAA15046FCF7DEFC0220E1F7E3FE834691
:10CD400000235A46B6A15046FCF7D4FC01215046B8
:10CD5000FCF78EFC00215046FCF772FC062F63D2D4
:10CD6000DFE807F0030A6220364C0123AEA2B0A12F
:10CD70005046FCF7BFFC58E00123AFA2ACA15046DF
:10CD8000FCF7B8FC012D06D10123AEA2AFA150469D
:10CD9000FCF7B0FC05E00123AEA2ACA15046FCF7C5
:10CDA000A9FC42E00123ADA2A1A15046FCF7A2FCE0
:10CDB000012D06D10123A3A2A4A15046FCF79AFCA1
:10CDC00005E00123A3A2A1A15046FCF793FC2CE0AF
:10CDD0000123A5A296A15046FCF78CFC012D06D19B
:10CDE000012398A299A15046FCF784FC05E0012399
:10CDF00098A296A15046FCF77DFC16E001239EA266
:10CE00008BA15046FCF776FC012D06D101238DA2A3
:10CE10008EA15046FCF76EFC05E001238DA28BA18C
:10CE20005046FCF767FC00E000BF00BF012395A25D
:10CE300097A15046FCF75EFC202105A8D3F742FBE2
:10CE400005A807F029FA012305AA93A15046FCF78B
:10CE500051FC012391A294A15046FCF74BFC012305
:10CE600092A296A15046FCF745FC202105A8D3F7D5
:10CE700029FB607A217AE279A379CDE90032CDE904
:10CE80000210637922798EA105A8DFF7A1FE0123A4
:10CE900005AA93A15046FCF72DFC202105A8D3F745
:10CEA00011FBE078A178CDE90010637822788DA19C
:10CEB00005A8DFF78DFE012305AA8DA15046FCF7DA
:10CEC00019FC202105A8D3F7FDFA607B217BCDE971
:10CED0000010E37AA27A83A105A8DFF779FE012387
:10CEE00005AA84A15046FCF705FC202105A8D3F72C
:10CEF000E9FA607C217CCDE90010E37BA27B79A17B
:10CF000005A8DFF765FE012305AA7BA15046FCF7C3
:10CF1000F1FB202105A8D3F7D5FA607E217ECDE96B
:10CF20000010E37DA27D6FA105A8DFF751FE01236C
:10CF300005AA72A15046FCF7DDFB202105A8D3F716
:10CF4000C1FA607F217FCDE90010E37EA27E65A15A
:10CF500005A8DFF73DFE012305AA6AA15046FCF7AC
:10CF6000C9FB202105A8D3F7ADFA06F1440267A159
:10CF700005A8D6F88430DFF72BFE012305AA65A1AA
:10CF80005046FCF7B7FB202105A8D3F79BFA3246A1
:10CF90005EA105A8336CDFF71BFE012305AA5FA184
:10CFA0005046FCF7A7FBECF7ADFD834601235A463C
:10CFB0005CA15046FCF79EFB202105A8D3F782FA1E
:10CFC00008F1040259A105A8DFF702FE012305AA12
:10CFD00057A15046FCF78EFB202105A8D3F772FA23
:10CFE00008F1380251A105A8DFF7F2FD012305AAD7
:10CFF00051A15046FCF77EFB01215046FCF720FB77
:10D0000001215046FCF708FB5046D3F79AFAA9F8DD
:10D0100000000DB0BDE8F08F255800007469640071
:10D0200064617465000000007365617263680000EC
:10D0300074797065730000007570646174655F6D6C
:10D040006163000073756363657373007265737564
:10D050006C7400006661756C74000000757064612A
:10D0600074655F69700000007570646174655F735A
:10D0700065727665720000007570646174655F6E3C
:10D0800070000000464E56494D545F4A590000005A
:10D09000746E616D000000006D637500464E2D4A90
:10D0A0005454592D505900006D6F6400312E302EAC
:10D0B000302E323032353132313300007376000099
:10D0C000253032782D253032782D253032782D25B7
:10D0D0003032782D253032782D253032780000001E
:10D0E0006D61630025642E25642E25642E25640061
:10D0F000697000006E6D0000677700006D69703127
:10D10000000000006D6970320000000025733A25B0
:10D1100064000000696E6970000000006F7574693A
:10D1200070000000696363696400000025730000FB
:10D130006E616D650000000070617373776F7264DB
:10D140000000000070B504460D4600200749087035
:10D150004FF400710648D3F7B5F92A462146044832
:10D16000D3F788F901200149087070BD446C01248F
:10D170006868012410B5044600F001F810BD08E00D
:10D18000FEF7D0FF00F064F8F2F7BCFC642010F06A
:10D1900093FBF5E770B5E1F747FC0446E1F73CFC8B
:10D1A00005461648406B28601448007820711348E3
:10D1B000417861718178A171C178E1710179217241
:10D1C0004179617201210846FFF782FD04232A4656
:10D1D0000B490846E7F778FB0623221D0849403132
:10D1E0000748E7F771FB0420E2F710F80120E2F7A7
:10D1F0000DF8642010F060FB70BD0000686A012427
:10D2000000001E0810B500241CE01048005D012835
:10D2100002D0022812D108E00121204601F07EFC54
:10D2200001210220FFF754FD09E00021204601F012
:10D2300075FC01210220FFF74BFD00E000BF00BF9D
:10D24000601CC4B2062CE0DB10BD0000A06A012403
:10D2500010B5E9F7D9F9022800D010BDFFF7B6F8EC
:10D2600000BFFAE700B591B040220A490A48D3F757
:10D2700001F94022084928396846D3F7FBF80648E7
:10D2800038380FC8E1F73CFE01210520FFF720FDEB
:10D2900011B000BDB56A0124906E01242DE9F04162
:10D2A00005460E462948076800202949096881F883
:10D2B000610027480068001D10F057F850B9244855
:10D2C000006890F82C1001208840224909688143A9
:10D2D00020480160681CD8B9D6B11F4948681C496C
:10D2E000096888601A4982680968CA60184909682B
:10D2F000091D8268516016490968091D8160164A36
:10D30000134909684A6111460968491C11601AE00D
:10D310007C190F4800684460BC4207D20C48016881
:10D32000091D0E48006810F057F80CE00848016825
:10D33000091D0B48006810F04FF80A480068844245
:10D3400001D208480460BDE8F08100009C0400247C
:10D3500088040024A0040024DCD3032490040024C7
:10D360008C040024B804002410B5044610F05AF8C8
:10D3700031480068401C304908603048006840B9B6
:10D380002E4804600846006801280DD100F032FAEA
:10D390000AE02B48006838B928480068C06AE16A8A
:10D3A000884201D82548046026480068401C254969
:10D3B000086008460068A06494F82C10012088409A
:10D3C00021490968084320490860E16A01EB8101AD
:10D3D0001E4A02EB81014868A0608268E260211D5C
:10D3E000826851608160E16A01EB8101174A02EBBA
:10D3F00081026261E16A01EB8101144A52F8211055
:10D40000491CE26A02EB8202104B43F8221010F032
:10D4100059F80B48006868B108480068C06AE16ABA
:10D42000884207D24FF0805009490860BFF34F8F00
:10D43000BFF36F8F10BD00009804002488040024FF
:10D44000A4040024B4040024A00400240CD1032468
:10D4500004ED00E010B50FF0E5FF10480068D0B90A
:10D460000F480FF0A9FF0F480FF0A6FF0C480E4918
:10D4700008600C480D49086000221021052010F0BA
:10D4800033FE064908600846006820B108A1034839
:10D49000006810F033F910F015F810BDD80400241E
:10D4A000F0D3032404D40324D0040024D40400249F
:10D4B000546D72510000000010B516E00FF0B2FF7D
:10D4C0000C48C068C468201D0FF04FFF0A48006870
:10D4D000401E0949086009480068401E0749086065
:10D4E0000FF0F0FF204600F05FF8044800680028C5
:10D4F000E4D110BDC8D3032498040024940400246C
:10D5000070B504460D46206C70B1216CE068014492
:10D51000E160D4E90210884201D32168E160284625
:10D52000226CE168D2F7A6FF70BD2DE9F0410446F8
:10D530000F4615464FF00008A66B206C48B92068CE
:10D5400000282CD1A06811F0D9FB80460020A060F3
:10D5500025E07DB93946226C6068D2F78BFF216CDB
:10D56000606808446060D4E90101884217D32068EC
:10D57000606014E03946226CE068D2F77BFF216CD2
:10D58000E068411AE1602168E068884203D2216CBA
:10D59000A068411AE160022D01D106B1761E701C0F
:10D5A000A0634046BDE8F08110B50446206B0FF043
:10D5B000CBFF20460FF0C8FF10BD01464A6A22B1DA
:10D5C0000A6B1268C2F1200000E0002070470000E2
:10D5D0000146084A126812680AB9012200E00022D6
:10D5E0000A600A6822B9034A1268D268106800E02B
:10D5F00000207047D004002430B54FF4A033174802
:10D6000000F007042CB1C01D20F00700134C041BD0
:10D610001B1B0246124C22600024114D6C60D01876
:10D62000083820F007000F4C206000240D4D2D68B5
:10D630006C600C4D2D682C601146441A4C60094CEE
:10D6400024680C60084D4C682C60084D4C682C60B8
:10D650004FF00044064D2C6030BD000018D4032468
:10D66000F0040024F804002400050024FC04002435
:10D670000C05002400BFFFF71FFF064800680128C3
:10D68000F9D94FF0805004490860BFF34F8FBFF3C2
:10D690006F8FF0E70CD1032404ED00E010B50446D1
:10D6A00054B10020A06020600021E16000231A46F0
:10D6B0001946204610F0DEFD10BD2DE9F04106466A
:10D6C0000D4617469846069C0DB9246000E0276079
:10D6D000E66325640121204610F04EFD84F8508059
:10D6E0000020A064BDE8F0812DE9F05F82460F467E
:10D6F00090469B460A9E0C9C4FEA8801A522206B0F
:10D70000D2F7D9FEA8F10100216B01EB800929F0C5
:10D71000070909F0070008B9012000E0002028B936
:10D7200040F2623226A12FA0DFF742FAC4F844800B
:10D7300087B1002507E0795D04F134004155785D3B
:10D7400000B902E06D1C102DF5D300BF002143206D
:10D75000015502E0002084F83400202E01D201207F
:10D7600000E0002028B940F2993215A11DA0DFF792
:10D770001FFA202E00D31F26E66226650020606572
:10D78000201D0FF026FE04F118000FF022FE246188
:10D79000C6F12000A06164620020A065E06584F805
:10D7A000600084F861005A465146484600F01AFD70
:10D7B00020600B9808B10B980460BDE8F09F000052
:10D7C0002E2E5C2E2E5C4D6964646C6577617265EB
:10D7D000735C4672656552544F535C7461736B732E
:10D7E0002E6300004572726F723A2025732C20253B
:10D7F000640D0A0010B5002407E004EB84010F4A11
:10D8000002EB81000FF0D8FD641C202CF5D30C48EE
:10D810000FF0D2FD0B480FF0CFFD0B480FF0CCFD01
:10D820000A480FF0C9FD0A480FF0C6FD044809492F
:10D83000086004480849086010BD00000CD10324AA
:10D840008CD30324A0D30324B4D30324C8D3032448
:10D85000DCD303248C0400249004002410B501467A
:10D86000164800E0006803688B42FBD30246436819
:10D8700013448B4204D143684C68234443600146FF
:10D880000A464B6813440468A34211D10C4C036848
:10D890002468A34208D04B680468646823444B6042
:10D8A00003681B680B6005E0054B1B680B6001E01B
:10D8B00003680B60884200D0016010BDF0040024B2
:10D8C000F80400242DE9F04104460D4616461F4693
:10D8D0004FF0000865602461B5420CD8F01BA169C7
:10D8E000884202D34FF0010811E0211D0948006869
:10D8F0000FF072FD0BE0BE4204D2BD4202D34FF0E6
:10D90000010804E0211D044800680FF065FD404651
:10D91000BDE8F081D4040024D004002470B505468D
:10D920000FF080FDA86B08B9012400E000240FF07F
:10D93000C9FD204670BD70B505460FF073FDA86B9C
:10D94000E96B884201D1012400E000240FF0BAFD08
:10D95000204670BDF1B50098846C00262CB940F6C5
:10D96000D53220A128A0DFF723F9A06BE16B884214
:10D9700001D2012000E0002028B940F6D63219A1DA
:10D9800021A0DFF715F9A06BE16B884227D294F94B
:10D990004550002269462046FFF7C7FD0646681C31
:10D9A00060B9606A08B9012000E00020B0B904F154
:10D9B000240011F0A1FA88B101260FE07F2D01D0DB
:10D9C000012000E0002028B940F6F63205A10EA0A3
:10D9D000DFF7EEF8681C40B284F8450000BF30461F
:10D9E000F8BD00002E2E5C2E2E5C4D6964646C65C3
:10D9F00077617265735C4672656552544F535C7112
:10DA0000756575652E6300004572726F723A202548
:10DA1000732C2025640D0A0070B505460E460E488D
:10DA20000068C068C468201D0FF09FFC94F82800AF
:10DA300000F0040028B132462946204600F0FEF8E6
:10DA400005E094F8280000F0FE0084F82800204645
:10DA5000216A884770BD0000D004002470B586B0EC
:10DA60008AE0029800280CDA03AE2EB940F20632A2
:10DA700047A150A0DFF79CF8D6E90020B168904795
:10DA800000BF0298002877DB049C606908B9012078
:10DA900000E0002010B9201D0FF067FC01A800F085
:10DAA000F9F8054602980A2864D2DFE800F0630519
:10DAB000072E365306082F3700BF00BF00BF94F86B
:10DAC000280040F0010084F828000398A26981181A
:10DAD00003462A462046FFF7F5FEA8B194F8280031
:10DAE00000F0040038B10398A26981182A46204644
:10DAF00000F0A4F805E094F8280000F0FE0084F897
:10DB000028002046216A884735E000BF94F82800A5
:10DB100000F0FE0084F828002DE000BF94F82800F3
:10DB200040F0010084F828000398A061A06908B1C2
:10DB3000012000E0002028B940F2593214A11DA0B4
:10DB4000DFF736F8A06941192B462A462046FFF731
:10DB5000B9FE10E094F8280000F0020018B9204641
:10DB60000FF0F2FC05E094F8280000F0FE0084F8C5
:10DB7000280000E000BF00BF002202A91148006891
:10DB800010F038FD00287FF46CAF06B070BD0000C7
:10DB90002E2E5C2E2E5C4D6964646C657761726517
:10DBA000735C4672656552544F535C74696D65725F
:10DBB000732E63004572726F723A2025732C2025F4
:10DBC000640D0A00D8040024F8B505460C4610F090
:10DBD000E7F8684600F05EF80646009820BB44B9B6
:10DBE000B54206D811F02EFA31462846FFF714FF49
:10DBF0001CE03CB10E480068006808B9012000E054
:10DC000000200446A91B22460A4800680FF022FEA5
:10DC100011F018FA50B94FF0805007490860BFF36F
:10DC20004F8FBFF36F8F01E011F00CFAF8BD0000C9
:10DC3000D4040024D804002404ED00E070B50446A8
:10DC40000D46164604E0A06905442046216A88472F
:10DC5000A06941192B4632462046FFF733FE0028C3
:10DC6000F1D170BD09480068006808B9012000E0E2
:10DC7000002020B14FF0FF300549086005E003485F
:10DC80000068C06800680249086070478C0400247E
:10DC9000B804002470B5044610F036FF0546074866
:10DCA0000068854204D200F00BF80120206001E0FA
:10DCB0000020206001480560284670BDE004002473
:10DCC00070B508E00D480068C06804684FF0FF3187
:10DCD0002046FFF7A1FE09480068006808B9012046
:10DCE00000E000200028EDD00448056804480068E2
:10DCF000024908600248056070BD0000D00400249D
:10DD0000D40400240C480068401C08B9012000E03D
:10DD1000002020B9E32209A118A0DEF749FF00BFC7
:10DD2000102072B680F31188BFF34F8FBFF36F8F4F
:10DD300062B600BF00BFFEE7E40400242E2E5C2E76
:10DD40002E5C4D6964646C6577617265735C4672C4
:10DD5000656552544F535C706F727461626C655CA0
:10DD6000525644535C41524D5F434D375C723070A4
:10DD7000315C706F72742E63000000004572726F28
:10DD8000723A2025732C2025640D0A0008B500BFC7
:10DD90006846FFF71DFC044620460099FFF714FF74
:10DDA000FFF75CFEF4E770B504460FF03BFB94F917
:10DDB000455019E0A06C30B12046FFF7CBFD88B18B
:10DDC0000FF05AFE0EE0606A08B9012000E0002062
:10DDD00038B904F1240011F08FF818B10FF04CFE9F
:10DDE00000E003E0681E45B2002DE3DC00BFFF2029
:10DDF00084F845000FF066FB0FF014FB94F94450D3
:10DE000010E0206908B9012000E0002048B904F1C1
:10DE1000100011F071F808B10FF02EFE681E45B227
:10DE200000E001E0002DECDC00BFFF2084F844009E
:10DE30000FF048FB70BD00002DE9F0410446884614
:10DE400017461E46754DA06908B9BDE8F0814745E3
:10DE500005D0A6601FB1A07840F00200A070002F8E
:10DE600064D0A07800F0010068BB3046A168E8F7F4
:10DE700079F9A1690988884224DBE08A002811DD4C
:10DE800030462169E8F76EF9A1690989884209DB02
:10DE9000E07800F0040018B102212046AA699047FA
:10DEA0000020E082E6600020A082A07840F001001F
:10DEB000A070E07800F0010018B100212046AA69A6
:10DEC00090476660A7E00FE0A1694989E0680844CF
:10DED000E060A08A401CA082E07800F0080018B141
:10DEE00003212046AA699047A0694089002807DDE0
:10DEF0003046E168E8F736F9A16949898842E3DAF2
:10DF0000E08A0028DEDD30466168E8F72BF9A16978
:10DF1000C98888427FDDE07800F0040018B1022152
:10DF20002046AA6990470020E08274E0A07800F0C3
:10DF30000100002851D03046A168E8F713F9A16923
:10DF40004988884267DBA07820F00100A070E07863
:10DF500000F0020018B101212046AA69904730461E
:10DF60006168E8F7FFF8A169898888420CDB3046D0
:10DF70006168E8F7F7F8A169C988884204DCE08A9B
:10DF8000401CE082266114E0E08A00280FDD304664
:10DF90006168E8F7E7F8A1698988884207DAE078DC
:10DFA00000F0040018B102212046AA699047002021
:10DFB000E082E08A00280EDDE08AA1698989884232
:10DFC00009D1E07800F0040018B102212046AA69C6
:10DFD00090470020E08266601DE0E08A002812DDA4
:10DFE00030462169E8F7BEF8A1690989884212DB49
:10DFF000E07800F0040018B102212046AA69904799
:10E000000020E08207E0A07800F0020018B1A078BC
:10E0100020F00200A07000BF17E7000090D3012499
:10E02000014602480068084470470000840200244A
:10E030002DE9F04104464FF000080FF0B1FE4948C9
:10E04000006808B9FFF7D8FA474800682040002860
:10E0500075D1002C23D004F10800A0421FD9083448
:10E0600004F0070000281BD004F00700C0F10800EE
:10E070002044A04211D904F00700C0F10800044474
:10E0800004F0070008B9012000E0002040B99C22FC
:10E0900036A144A0DEF78CFD02E0002400E000245D
:10E0A000002C4CD043480068844248D8424E304649
:10E0B000056801E02E462D686868A04202D22868F3
:10E0C0000028F7D127480068854238D0306800F131
:10E0D0000808286830606868001B102813D92F19B9
:10E0E00007F0070008B9012000E0002020B9CF2286
:10E0F0001EA12CA0DEF75CFD6868001B78606C60D8
:10E100003846FFF7ABFB2B4968680968081A2949AC
:10E1100008600846006829490968884203D22548F2
:10E120000068264908601049686809680843686003
:10E130000020286022480068401C2149086010F037
:10E1400081FF08F0070008B9012000E0002028B98D
:10E150004FF4887205A113A0DEF72AFD4046BDE802
:10E16000F0810000F80400240C0500242E2E5C2E03
:10E170002E5C4D6964646C6577617265735C467290
:10E18000656552544F535C706F727461626C655C6C
:10E190004D656D4D616E675C686561705F342E63BF
:10E1A000000000004572726F723A2025732C202502
:10E1B000640D0A00FC040024F0040024000500247F
:10E1C000040500240648006830B10549096801F1DA
:10E1D0005400496D491C0160014800687047000007
:10E1E00088040024001F4FF080730360001F21F09B
:10E1F00001030360001F054B036014380260001F19
:10E200006FF00203036020387047000005DD04084A
:10E21000024602B111B96FF00500704709B900203C
:10E2200000E0086810600020F7E721B191F8342081
:10E23000521C027201E0002202727047F0B591B0E8
:10E2400006460F4615461C4628891C2814DB0C4838
:10E250000068401C0A490860E078A178CDE9001008
:10E260006378227807A107A8DEF7B2FC044809A169
:10E27000026802A8DEF7ACFC002011B0F0BD00007F
:10E280008403002449503A25642E25642E25642EEB
:10E290002564000050696E672074696D65733A25C6
:10E2A0006C640000024602B111B96FF005007047BE
:10E2B00009B9002000E00868506000BF507C40F0C1
:10E2C0000100507400BF0020F1E700002DE9F05F6D
:10E2D00005464FF00008284A11685069F0F70EF91A
:10E2E00081466868477A0026244804683FE0207C1D
:10E2F000B8423AD14946204600F06CF8002834D0A4
:10E30000607C00F0010020B11B4960680969884207
:10E310002BD16069002828D0D5F804B04FF002084E
:10E32000154B10332A462146D4E905C0E047824602
:10E33000BAF1000F0BD0002536B1E068F0600F484D
:10E340000068E0600D4804600120BDE8F09F00BF58
:10E350006868584507D000BF09A3C022124913A01E
:10E36000DEF726FC00BF00BF00BF2646E468002C95
:10E37000BDD14046E9E7000070E90224E002002434
:10E380002E2E5C2E2E5C4D6964646C65776172651F
:10E39000735C6C7769705C7372635C636F72655CED
:10E3A0007261772E63000000385706084173736569
:10E3B0007274696F6E2022257322206661696C6514
:10E3C00064206174206C696E6520256420696E206C
:10E3D00025730A000246107A50B1137A0D4840683E
:10E3E00090F83400401CC0B2834201D00020704736
:10E3F00021B10AB1106858B90120F8E732B11068AC
:10E4000020B1044B10685B69984201D10120EEE70E
:10E410000020ECE770E9022410B5024682B11368CF
:10E4200073B169B10B685BB1064B186806E003680D
:10E430001468A34201D10B680360C0680028F6D1BC
:10E4400010BD0000E002002470B505460020FAF778
:10E45000FFFF044664B11C212046D2F733F825742F
:10E46000FF20E072E07403480068E0600148046047
:10E47000204670BDE002002470B506460C462046DA
:10E48000FFF7E2FF0546284670BD41618261704793
:10E4900070B505460E480068A84205D10C480068D2
:10E4A000C0680B4908600EE00948046808E0E068AD
:10E4B00028B1E068A84202D1E868E06002E0E468C0
:10E4C000002CF4D100BF29460020FAF73DFF70BDB3
:10E4D000E002002470B504460D46221D2946204660
:10E4E00000F001F870BD2DE9F84304468846164651
:10E4F0000CB106B103E06FF00500BDE8F883207AA7
:10E5000020B1207AFCF778FA05460EE00025307835
:10E5100000F0F000E02803D1A07CFCF76DFA05467E
:10E520001DB93046F0F732FD054615B96FF003000E
:10E53000E3E734B1206820B1207800F0F000E02853
:10E5400005D10DB1281D00E00020074600E0274658
:10E550002B46324641462046009700F001F8CCE7B2
:10E560002DE9FF5F04460D4617469846DDF838B0A2
:10E5700044B13FB1B8F1000F04D0BBF1000F01D09E
:10E5800000BF04E06FF0050004B0BDE8F09F4FF05D
:10E590001409607C00F0020090B16889484502DAF5
:10E5A0006FF00500F0E70020009003460246594650
:10E5B000CDE901082846F0F727FA82465046E3E7FE
:10E5C0002889484480B22989884202DA4FF0FF3016
:10E5D000DAE749462846FCF75BFB90B14FF420721E
:10E5E00000212220FCF7CEFB064616B94FF0FF3083
:10E5F000CAE72889002818D029463046FCF70EFEC5
:10E6000013E02E4649463046FDF7C8F968B100BF11
:10E6100000BF1AA34FF4F17222A12CA0DEF7C8FAB2
:10E6200000BF00BF4FF0FF30AEE7607C00F0040099
:10E6300040B1387800F0F000E02803D1707B40F062
:10E6400004007073387800F0F000E02801D1E07C1D
:10E6500000E0E07A0390207CA17ACDE901080091E6
:10E660003A4659463046039BF0F7CEF98246AE4211
:10E6700002D03046FCF75EFF504685E72E2E5C2E1A
:10E680002E5C4D6964646C6577617265735C6C7750
:10E6900069705C7372635C636F72655C7261772E24
:10E6A0006300000043616E277420726573746F729B
:10E6B0006520686561646572207765206A7573748A
:10E6C0002072656D6F76656421000000417373658B
:10E6D0007274696F6E2022257322206661696C65F1
:10E6E00064206174206C696E6520256420696E2049
:10E6F00025730A002DE9F04704008A4616D054F825
:10E70000047CD4F800903E1F564500D9564620465A
:10E71000DEF7F8FA05468846324621465046EFF7BE
:10E72000C5FE40B1C0F80090BDE8F087BDE8F047F5
:10E730000846DEF7A9BC44E9017955B129686A1891
:10E74000211F8A4202D9611B091F2960C5F8048074
:10E75000EAE7024AC2F80080E6E700003805002434
:10E760002DE9F05F0746884692469B463D46002DC0
:10E7700035D005F11000002831D0286978B3524611
:10E780004FF420710020FCF75DFD06463EB30720E4
:10E79000FAF75EFE04462CB93046FCF7CBFE0020AB
:10E7A000BDE8F09F266066600E480069A06098F89A
:10E7B0001000A081B6F80890214605F1100006F07F
:10E7C000F5F920B12046FBF7DEF80020E8E7A86A5B
:10E7D00020B14A4600212846AB6A984700BF002076
:10E7E000DEE7000070E902242DE9F04706460F46F7
:10E7F00015469A4600BF002F08D100BF30A34FF442
:10E8000096723AA142A0DEF7D3F900BF00BF00BF65
:10E81000002E08D100BF2AA340F22D1246A13CA031
:10E82000DEF7C6F900BF00BF00BFBAF1000F08D085
:10E8300000BF23A34FF4977247A135A0DEF7B8F9C4
:10E8400000BF00BF34461CB96FF00500BDE8F0877B
:10E8500000BF6068B84208D000BF19A340F235126B
:10E8600043A12BA0DEF7A4F900BF00BF04F1100004
:10E8700008B1206948B935B1298938460BF070FADA
:10E880002846FCF757FE0020E0E71DB1A846B5F882
:10E89000089003E0DFF8F8804FF00009414604F1EA
:10E8A000100006F083F910B14FF0FF30CEE7A06AF8
:10E8B00020B14A4600212046A36A98470020C5E7B8
:10E8C0002E2E5C2E2E5C4D6964646C6577617265DA
:10E8D000735C6C7769705C7372635C6170695C61B6
:10E8E00070695F6D73672E63000000007265637668
:10E8F0005F746370206D7573742068617665206144
:10E900002070636220617267756D656E740000002F
:10E91000417373657274696F6E20222573222066BD
:10E9200061696C6564206174206C696E6520256482
:10E9300020696E2025730A00726563765F746370C8
:10E94000206D757374206861766520616E20617238
:10E9500067756D656E74000065727220213D2045FB
:10E9600052525F4F4B20756E68616E646C65640037
:10E97000726563765F7463703A20726563762066B1
:10E980006F722077726F6E672070636221000000E3
:10E9900032FB05082DE9F05F074688461646994682
:10E9A000DDF828B000BFB8F1000F07D100BF2DA3DC
:10E9B000E52237A13FA0DEF7FBF800BF00BF00BF94
:10E9C000002F07D100BF27A3E62244A139A0DEF71C
:10E9D000EFF800BF00BF3C4624B93046FCF7AAFD63
:10E9E000BDE8F09F00BF6068404507D000BF1DA391
:10E9F000EE2242A12FA0DEF7DBF800BF00BF04F13A
:10EA0000100008B1206918B93046FCF793FDE7E71C
:10EA10000720FAF71DFD05461DB93046FCF78AFDB3
:10EA2000DEE72E606E60B9F1000F01D1002001E039
:10EA3000D9F80000A860A5F80CB0B6F808A02946DF
:10EA400004F1100006F0B2F818B12846FAF79BFF5F
:10EA5000C6E7A06A20B1524600212046A36A984723
:10EA600000BFBDE72E2E5C2E2E5C4D6964646C6584
:10EA700077617265735C6C7769705C7372635C61FB
:10EA800070695C6170695F6D73672E6300000000E0
:10EA9000726563765F756470206D7573742068614C
:10EAA000766520612070636220617267756D656EA6
:10EAB00074000000417373657274696F6E202225C3
:10EAC0007322206661696C6564206174206C696ED4
:10EAD0006520256420696E2025730A0072656376BF
:10EAE0005F756470206D7573742068617665206150
:10EAF0006E20617267756D656E7400007265637675
:10EB00005F7564703A207265637620666F72207755
:10EB1000726F6E67207063622100000070B5054659
:10EB20000C4635B1012D13D0022D20D0032D3DD13F
:10EB30002CE0204804702CB1002210211E48D6F78A
:10EB400065FE04E0012210211B48D6F75FFE2EE08F
:10EB5000184844702CB1002220211748D6F756FEE1
:10EB600004E0012220211448D6F750FE1FE011488E
:10EB700084702CB1002202211048D6F747FE04E031
:10EB8000012202210D48D6F741FE10E00948C47069
:10EB900034B100224FF400610948D6F737FE04E093
:10EBA0000122D1020648D6F731FE00E000BF00BFC7
:10EBB00070BD0000D6010024000002580004025875
:10EBC0000010025801460148405C7047D6010024FD
:10EBD00010B500BF00224FF400711148D6F716FEA1
:10EBE00000BFEFF719FB00BF012211020D48D6F755
:10EBF0000DFE00BFEFF710FB00BF00224FF4807145
:10EC00000848D6F703FE00BFEFF706FB00BF01225E
:10EC100051020348D6F7FAFD00BFEFF7FDFA10BD29
:10EC2000000802580000025810B500BF012251022E
:10EC30000C48D6F7EBFD00BFEFF7EEFA00BF01225C
:10EC400011020948D6F7E2FD00BFEFF7E5FA00BF71
:10EC500000224FF480710448D6F7D8FD00BFEFF7CB
:10EC6000DBFA10BD000802580000025870B50546D6
:10EC7000002400261EE06006040E00BF01221102DF
:10EC80001148D6F7C3FD00BFEFF7C6FA4FF4007185
:10EC90000E48D6F7A9FD08B1601CC4B200BF00221F
:10ECA0004FF480710848D6F7B1FD00BFEFF7B4FA12
:10ECB000701CC6B2082EDEDB15B9FFF7B5FF01E008
:10ECC000FFF786FF204670BD00000258000802587A
:10ECD00070B50446002526E000BFE00928B10122F6
:10ECE00051021648D6F792FD05E000224FF400715C
:10ECF0001248D6F78BFD00BFEFF78EFA00BF012256
:10ED000011020F48D6F782FD00BFEFF785FA00BF6A
:10ED100000224FF480710A48D6F778FD00BF6006E4
:10ED2000040E681CC5B2082DD6DB00BF01225102BB
:10ED30000248D6F76BFD00BF70BD00000008025806
:10ED40000000025810B500BF012251021048D6F74A
:10ED50005DFD00BF00BF012211020E48D6F756FD2F
:10ED600000BFEFF759FA00BF00224FF400710848C6
:10ED7000D6F74CFD00BFEFF74FFA00BF00224FF46B
:10ED800080710448D6F742FD00BFEFF745FA10BD89
:10ED9000000802580000025810B500BF00224FF4CE
:10EDA00000710C48D6F732FD00BFEFF735FA00BF0F
:10EDB000012211020848D6F729FD00BFEFF72CFA0F
:10EDC00000BF012251020348D6F720FD00BFEFF734
:10EDD00023FA10BD000802580000025870B5002444
:10EDE000002500BF012251021548D6F70FFD00BFD4
:10EDF000EFF712FA00BF012211021248D6F706FD02
:10EE000000BFEFF709FA07E0601CC4B2FA2C03DD7B
:10EE1000FFF7C2FF012506E04FF400710848D6F75E
:10EE2000E3FC0028F0D100BF00BF00224FF4807146
:10EE30000448D6F7EBFC00BFEFF7EEF9284670BDAB
:10EE4000000802580000025810B500BF00224FF41D
:10EE500000511148D6F7DAFC00BFEFF7E2F900BF26
:10EE6000012211030C48D6F7D1FC00BFEFF7D9F906
:10EE700000BF00224FF480510748D6F7C7FC00BFFF
:10EE8000EFF7CFF900BF012251030348D6F7BEFCCC
:10EE900000BFEFF7C6F910BD000C025810B500BF57
:10EEA000012251030C48D6F7B1FC00BFEFF7B9F9C6
:10EEB00000BF012211030848D6F7A8FC00BFEFF7F6
:10EEC000B0F900BF00224FF480510348D6F79EFCF2
:10EED00000BFEFF7A6F910BD000C025870B505464B
:10EEE000002400261EE06006040E00BF012211036C
:10EEF0001148D6F78BFC00BFEFF793F94FF40051A0
:10EF00000D48D6F771FC08B1601CC4B200BF0022E6
:10EF10004FF480510848D6F779FC00BFEFF781F92C
:10EF2000701CC6B2082EDEDB15B9FFF7B7FF01E093
:10EF3000FFF78AFF204670BD000C025870B50446EA
:10EF4000002526E000BFE00928B101225103164840
:10EF5000D6F75CFC05E000224FF400511248D6F7CA
:10EF600055FC00BFEFF75DF900BF012211030E4809
:10EF7000D6F74CFC00BFEFF754F900BF00224FF466
:10EF800080510948D6F742FC00BF6006040E681C99
:10EF9000C5B2082DD6DB00BF012251030248D6F7C7
:10EFA00035FC00BF70BD0000000C025810B500BF5A
:10EFB000012251031048D6F729FC00BF00BF0122EF
:10EFC00011030D48D6F722FC00BFEFF72AF900BF66
:10EFD00000224FF400510848D6F718FC00BFEFF7A5
:10EFE00020F900BF00224FF480510348D6F70EFCF1
:10EFF00000BFEFF716F910BD000C025810B500BFA6
:10F0000000224FF400510C48D6F700FC00BFEFF788
:10F0100008F900BF012211030748D6F7F7FB00BF2C
:10F02000EFF7FFF800BF012251030348D6F7EEFBCC
:10F0300000BFEFF7F6F810BD000C025870B50024C1
:10F04000002500BF012251031548D6F7DFFB00BFA2
:10F05000EFF7E7F800BF012211031148D6F7D6FBFE
:10F0600000BFEFF7DEF807E0601CC4B2FA2C03DD46
:10F07000FFF7C4FF012506E04FF400510848D6F71A
:10F08000B3FB0028F0D100BF00BF00224FF4805135
:10F090000348D6F7BBFB00BFEFF7C3F8284670BDA7
:10F0A000000C025870B50446002521460248D8F7E6
:10F0B00097FC0546284670BD9483012470B504462C
:10F0C0000D46D6F78FFD2A4621460248D8F790FC18
:10F0D00070BD00009483012410B50446002C18D1A3
:10F0E00013A11748F6F70EF816A11548F6F70AF817
:10F0F00017A11348F6F706F818A11148F6F702F819
:10F100001AA10F48F5F7FEFF1DA10D48F5F7FAFF0C
:10F110000CE0012C04D106A10948F5F7F3FF05E046
:10F12000022C03D119A10648F5F7ECFF10BD000031
:10F130006E6574776F726B5F6E616D6500000000C5
:10F14000F8D3012472656D6F74655F6E616D650043
:10F150006465766963655F6E616D6500636F6D7090
:10F160006172616D6574657200000000746872659B
:10F1700073686F6C645F706172616D730000000092
:10F18000485454505F4F5441000000007570666948
:10F190006C65696E666F722E62696E0010B5F5F768
:10F1A000C5FB10BD70B596B004460025002654215D
:10F1B00001A8D1F787F9032311A201A91248F3F797
:10F1C000F3FF06468EB901A90F48F4F7ADFC0646D9
:10F1D0008C23224601A90C48F4F79CFB064601A9A2
:10F1E0000948F3F769FD064607E0204600F046F8B7
:10F1F000204600F015FB4FF0FF35284616B070BDD5
:10F200006261636B75707300F8D3012470B596B0BA
:10F21000044600250026542101A8D1F753F9032301
:10F2200011A201A91448F3F7BFFF06468EB901A940
:10F230001148F4F779FC06461423224601A90E482A
:10F24000F4F768FB064601A90B48F3F735FD0646BF
:10F2500007E0204600F038F8204600F019FB4FF098
:10F26000FF35284616B070BD636F6D706172616DB9
:10F270006574657200000000F8D3012410B50446DF
:10F280004021201DD1F71EF90BA1201DD1F77BF9DC
:10F2900041F2D6716164402104F14800D1F712F9BE
:10F2A00005A104F14800D1F76EF941F2D671C4F816
:10F2B00088100020207010BD74657374312E666E46
:10F2C000776C772E6E6574000549016049004160D6
:10F2D00044F6206181604910C160C8210174704703
:10F2E000905F010038B50446042269461248E3F7EE
:10F2F00079F912490098884201D2009810B9032088
:10F30000206001E000982060012322460A49084657
:10F31000E5F7DAFA3421201DD1F7D4F8142104F1ED
:10F320003800D1F7CFF806A104F13800D1F72BF956
:10F33000012084F84C0038BD00001E08FFFF0F00BC
:10F34000383838383838383800000000002101607B
:10F350002F2101706821417062218170D621C17016
:10F3600042F21D31416070477CB504460025002003
:10F3700000900190002638480568C0202070A82021
:10F3800060700120A0701E20E0700622694633489C
:10F39000E3F728F9002007E01DF80010FF2901D14C
:10F3A000711CCEB2411CC8B20628F5DB062E0AD16C
:10F3B0000220207100216171A171290CE171290ADB
:10F3C0002172657211E09DF8000020719DF8011016
:10F3D00061719DF80210A1719DF80310E1719DF813
:10F3E000041021729DF8051061720623221D1B492D
:10F3F0001A484038E5F768FAFF20A072FF21E17251
:10F40000217300216173C020A073A821E173012141
:10F41000217461747220A0747221E1742175617588
:10F420000420A077EF20E077FF2120200155212044
:10F430000155F921222001554FF6E8506062002065
:10F44000C4F81600C4F81A00012084F8280000202F
:10F45000C4F829007CBD00004405002440001E08BB
:10F4600010B5044640212046D1F72CF80AA12046C9
:10F47000D1F789F841F27C702064402104F1440006
:10F48000D1F720F804A104F14400D1F77CF841F24F
:10F490007C70C4F8840010BD34372E3130342E32E5
:10F4A00035302E323235000010B5044641F2840169
:10F4B0002046D1F707F810BD0021018041808180EE
:10F4C00014218171502141720A2181723C21C17144
:10F4D0000121017219218181412181731E21C17392
:10F4E0007047000070B596B00446002500265421F0
:10F4F00001A8D0F7E7FF032311A201A91348F3F7EE
:10F5000053FE06468EB901A91048F4F70DFB0646D6
:10F510005023224601A90D48F4F7FCF9064601A93B
:10F520000A48F3F7C9FB064607E02046FFF7DAFE74
:10F53000204600F03BF94FF0FF35284616B070BD6D
:10F540006465766963655F6E616D6500F8D301245B
:10F5500070B596B0044600250026542101A8D0F7C6
:10F56000B1FF032311A201A91348F3F71DFE0646BC
:10F570008EB901A91048F4F7D7FA064608232246A7
:10F5800001A90D48F4F7C6F9064601A90A48F3F7A0
:10F5900093FB064607E02046FFF7D8FE204600F022
:10F5A000B3F94FF0FF35284616B070BD485454509B
:10F5B0005F4F544100000000F8D3012470B596B0AD
:10F5C000044600250026542101A8D0F77BFF032321
:10F5D00011A201A91448F3F7E7FD06468EB901A967
:10F5E0001148F4F7A1FA06463023224601A90E4835
:10F5F000F4F790F9064601A90B48F3F75DFB0646C0
:10F6000007E02046FFF7B0FE204600F0B7F94FF0C4
:10F61000FF35284616B070BD6E6574776F726B5FEC
:10F620006E616D6500000000F8D3012470B596B0DE
:10F63000044600250026542101A8D0F743FF0323E8
:10F6400011A201A91348F3F7AFFD06468EB901A92F
:10F650001048F4F769FA06468823224601A90D48A6
:10F66000F4F758F9064601A90A48F3F725FB0646C0
:10F6700007E02046FFF7F4FE204600F0BBF94FF00C
:10F68000FF35284616B070BD72656D6F74655F6E8C
:10F69000616D6500F8D3012470B5ADF5885D044651
:10F6A00000250026542141F2AC006844D0F70AFF3F
:10F6B00003231BA241F2AC0169441E48F3F774FD19
:10F6C0000646C6B941F2AC0169441A48F4F72CFA6F
:10F6D000064641F28403224641F2AC0169441548D2
:10F6E000F4F718F9064641F2AC0169441148F3F702
:10F6F000E3FA06460FE02046FFF7D6FE41F2740219
:10F7000004F110016846D0F7B5FE94E80F0000F050
:10F71000ABF94FF0FF3528460DF5885D70BD000050
:10F7200073696E676C655F6C65645F626C696E645B
:10F7300000000000F8D3012470B596B004460025FF
:10F740000026542101A8D0F7BDFE032311A201A970
:10F750001548F3F729FD06468EB901A91248F4F7BA
:10F76000E3F906461023224601A90F48F4F7D2F820
:10F77000064601A90C48F3F79FFA064607E0204623
:10F78000FFF79AFE204600F0B3F94FF0FF35284608
:10F7900016B070BD7468726573686F6C645F706179
:10F7A00072616D7300000000F8D3012470B596B04B
:10F7B000044600260025542101A8D0F783FE40F21C
:10F7C000031313A201A91548F3F7EEFC0546ADB9E2
:10F7D00001A91248F4F7A8F905465023224601A9C9
:10F7E0000E48F4F7AFF90546502D09D050232246B4
:10F7F00001A90A48F4F7A6F9054601E04FF0FF36E3
:10F8000001A90648F3F758FA0546304616B070BD10
:10F810006465766963655F6E616D6500F8D3012488
:10F8200070B596B0044600260025542101A8D0F7F3
:10F8300049FE40F2031313A201A91448F3F7B4FCE4
:10F840000546ADB901A91148F4F76EF905468C23B8
:10F85000224601A90D48F4F775F905468C2D09D00B
:10F860008C23224601A90948F4F76CF9054601E00A
:10F870004FF0FF3601A90548F3F71EFA054630465A
:10F8800016B070BD6261636B75707300F8D30124AC
:10F8900070B596B0044600260025542101A8D0F783
:10F8A00011FE40F2031313A201A91648F3F77CFCE2
:10F8B0000546ADB901A91348F4F736F905461423F6
:10F8C000224601A90F48F4F73DF90546142D09D049
:10F8D0001423224601A90B48F4F734F9054601E048
:10F8E0004FF0FF3601A90748F3F7E6F90546304621
:10F8F00016B070BD636F6D706172616D6574657215
:10F9000000000000F8D3012470B596B0044600262C
:10F910000025542101A8D0F7D5FD40F2031313A20E
:10F9200001A91548F3F740FC0546ADB901A91248F5
:10F93000F4F7FAF805460823224601A90E48F4F721
:10F9400001F90546082D09D00823224601A90A48D5
:10F95000F4F7F8F8054601E04FF0FF3601A9064834
:10F96000F3F7AAF90546304616B070BD4854545016
:10F970005F4F544100000000F8D3012470B596B0E9
:10F98000044600260025542101A8D0F79BFD40F233
:10F99000031313A201A91648F3F706FC0546ADB9F7
:10F9A00001A91348F4F7C0F805463023224601A9FF
:10F9B0000F48F4F7C7F80546302D09D0302322460A
:10F9C00001A90B48F4F7BEF8054601E04FF0FF36F9
:10F9D00001A90748F3F770F90546304616B070BD27
:10F9E0006E6574776F726B5F6E616D65000000000D
:10F9F000F8D3012470B596B00446002600255421A2
:10FA000001A8D0F75FFD40F2031313A201A9154826
:10FA1000F3F7CAFB0546ADB901A91248F4F784F81B
:10FA200005468823224601A90E48F4F78BF80546BF
:10FA3000882D09D08823224601A90A48F4F782F8C4
:10FA4000054601E04FF0FF3601A90648F3F734F907
:10FA50000546304616B070BD72656D6F74655F6E99
:10FA6000616D6500F8D301240FB430B595B0002561
:10FA7000002454216846D0F725FD40F2031316A256
:10FA800069461A48F3F790FB0446C4B9694617481B
:10FA9000F4F74AF8044641F2840318AA6946134869
:10FAA000F4F750F8044641F28400844209D003463A
:10FAB00018AA69460D48F4F745F8044601E04FF0EE
:10FAC000FF3569460948F3F7F7F80446284615B0AC
:10FAD00030BC5DF814FB000073696E676C655F6C89
:10FAE00065645F626C696E6400000000F8D30124F5
:10FAF00070B596B0044600260025542101A8D0F721
:10FB0000E1FC40F2031313A201A91748F3F74CFBE1
:10FB10000546ADB901A91448F4F706F805461023C7
:10FB2000224601A91048F4F70DF80546102D09D01A
:10FB30001023224601A90C48F4F704F8054601E019
:10FB40004FF0FF3601A90848F3F7B6F805463046EE
:10FB500016B070BD7468726573686F6C645F7061B5
:10FB600072616D7300000000F8D301242DE9F843A1
:10FB700004460E46174698463D48056873E0E86916
:10FB800000286FD18146686948B13B46324621461C
:10FB90002846CDF80080F7F79BFD814658E0CEB1AE
:10FBA000A968B9B12146042910DA214600290DD4EB
:10FBB0002046C11700EB5171C910AA68515C22465A
:10FBC00002F0070301229A40114000E0002109B130
:10FBD0004FF00109E7B1B9F1000F19D1E968B9B1E6
:10FBE0002146042910DA214600290DD42046C117E8
:10FBF00000EB5171C910EA68515C224602F007031C
:10FC000001229A40114000E0002109B14FF00109A2
:10FC1000B8F1000F1CD0B9F1000F19D12969B9B1A1
:10FC20002146042910DA214600290DD42046C117A7
:10FC300000EB5171C9102A69515C224602F007039A
:10FC400001229A40114000E0002109B14FF0010962
:10FC5000B9F1000F05D00120E86105F1200005F0A1
:10FC600045FA00BF2D68002D89D1BDE8F88300005A
:10FC7000640200242DE9F04105460F4616462C4645
:10FC800000BF44B900BF1CA340F2931225A129A0D4
:10FC9000DCF78EFF00BF00BF5CB36078012804D1A1
:10FCA00001212046F7F7F8F806E06078042803D130
:10FCB00001212046F6F794FA6068D0B16068B0F888
:10FCC000640041F65E71884213DD6068B0F866003A
:10FCD0002C280EDA00BF94F8200000F0EF0084F822
:10FCE000200000BFA06A20B1324602212046A36A4C
:10FCF00098470020BDE8F0812E2E5C2E2E5C4D69C9
:10FD000064646C6577617265735C6C7769705C7351
:10FD100072635C6170695C6170695F6D73672E63AB
:10FD200000000000636F6E6E20213D204E554C4C4C
:10FD300000000000417373657274696F6E202225A4
:10FD40007322206661696C6564206174206C696E41
:10FD50006520256420696E2025730A0070B504466D
:10FD60000D46084804804FF496710748D0F7AAFB67
:10FD70002846D0F7E6FB0646324629460248D0F729
:10FD800079FB70BDE8030024A0CF03242DE9F041E6
:10FD900005460E46144655F8240020A1D0F7D8FB9E
:10FDA00050B956F82400D0F7B3FDC7B23946002049
:10FDB000FEF7B4FEBDE8F08155F824001AA1D0F793
:10FDC000C7FB48B956F82400D0F7A2FDC7B23946A0
:10FDD0000120FEF7A3FEEDE755F8240015A1D0F7AA
:10FDE000B7FB48B956F82400D0F792FDC7B23946A0
:10FDF0000220FEF793FEDDE755F8240010A1D0F7AE
:10FE0000A7FB48B956F82400D0F782FDC7B239469F
:10FE10000320FEF783FECDE700BFCBE77377315FAA
:10FE200073776974636800007377325F73776974FE
:10FE3000636800007377335F7377697463680000E9
:10FE40007377345F737769746368000070B5044634
:10FE500065682146284605F035FE0949284609F01F
:10FE60000FFF084928460AF039FC022206492846B5
:10FE700008F0E0FE0549284606F0CAFC70BD000007
:10FE8000E9E7040875FC040825C004086D6103084F
:10FE90002DE9F05F07460D46164616B90120BDE86C
:10FEA000F09F3E484069A84201D80020F7E73B4850
:10FEB000008BB04201DA0020F1E73246294638488B
:10FEC00000F06CFA324639463548D0F74FFB08B996
:10FED0000120E4E74FF0000A32463946304800F08E
:10FEE00039F908B14FF0010A2C48008B401E25EA71
:10FEF00000082A48008BB0420BD1002404E0385D92
:10FF000027490855601C84B22448008BA042F6DCC7
:10FF100010E02248028B4146214800F03FFA1F487A
:10FF2000008B401E284084B21D49081932463946CC
:10FF3000D0F7A0FA4FF0000B00242AE0BAF1010F2D
:10FF400002D1404600F0CEF81448028B41461448D6
:10FF500000F014F932463946284600F023F810B96B
:10FF60004FF0010B17E032463946284600F01AF8E8
:10FF700010B94FF0010B0EE04FF0000903E009F15A
:10FF800001001FFA80F942F210708145F7DB601C16
:10FF900084B2032CD2DB00BF584680E740C0012466
:10FFA0005CC001242DE9F04705460E461746E819C6
:10FFB00039494969884202D90120BDE8F0870FB963
:10FFC0000020FAE7002000F001FB00203349086020
:10FFD0000321324802680068401C304B18603048EA
:10FFE0008154C5F30741184602680068401C186038
:10FFF0002B488154C5F30722184601680068401C4D
:020000040805ED
:10000000186027484254184602680068401C18606F
:1000100023488554E2F7E6FB4FF0000917E04FF460
:1000200080501E490860E2F7DDFB002408E016F866
:10003000011B1C48005D814200D027E0601C84B297
:10004000B4F5805FF3DB09F101001FFA80F9B9EB29
:10005000173FE4D3C7F30B08B8F1000F11DD0F48C9
:10006000C0F80080E2F7BEFB002408E016F8011B90
:100070000C48005D814200D008E0601C84B2444519
:10008000F4DB012000F0A2FA002096E7012000F046
:100090009DFA012091E7000040C00124EC010024FA
:1000A00040A0012440B0012410B500F083FB0020E3
:1000B00000F08CFA002009490860C721074802684F
:1000C0000068401C054B186005488154E2F78AFB24
:1000D000012000F07BFA00F091FA10BDEC01002441
:1000E00040A0012410B5044600F064FB002000F09D
:1000F0006DFA002015490860202114480268006844
:10010000401C124B186012488154C4F30742184631
:1001100001680068401C18600D484254C4F307226F
:10012000184601680068401C186009484254184687
:1001300001680068401C186005484454E2F752FB0F
:10014000012000F043FA00F059FA10BDEC01002440
:1001500040A0012470B5034600240BE013F8015BB6
:10016000E843C5B211F8010B284008B1012070BD69
:10017000601C84B29442F1DB0020F8E72DE9F041E5
:1001800004460E46154681480068814988427DD163
:10019000022D08DA284605EBD0714910A5EB410184
:1001A00009B1BDE8F08100F005FB002000F00EFA77
:1001B000002078490860AD21764802680068401C3C
:1001C000744B186074488154C6F30741184602689E
:1001D0000068401C186070488154C6F30721184617
:1001E00002680068401C18606B4881541846026819
:1001F0000068401C18606848865414F8011B1846B3
:1002000002680068401C18606348815414F8011BA0
:10021000184602680068401C18605F488154E2F785
:10022000E1FA012000F0D2F900F0E8F9A81E85B249
:10023000002728E0002000F0C9F900205549086097
:10024000AD21544802680068401C524B1860524867
:10025000815414F8011B184602680068401C18609D
:100260004D48815414F8011B184602680068401C70
:10027000186049488154E2F7B5FA012000F0A6F968
:1002800000F0BCF97F1C05EBD57100E019E0B7EB7D
:10029000610FCFD3002000F099F900203D4908609C
:1002A00004213C4802680068401C3A4B18603A48F8
:1002B0008154E2F797FA012000F088F900F09EF9E6
:1002C00062E04FF0000843E000F074FA002000F014
:1002D0007DF900202F49086002212E48026800683D
:1002E000401C2C4B18602C488154C6F3074118461B
:1002F00002680068401C186027488154C6F3072133
:10030000184602680068401C18602348815418464B
:1003100002680068401C18601F48865400270AE0E5
:1003200014F8011B1B4802680068401C194B186038
:10033000194881547F1CFF2FF2D9E2F753FA0120AC
:1003400000F044F900F05AF906F5807608F101084A
:10035000E91705EB1161B8EB212FB5D3002000F0B0
:1003600035F900200B49086004210A48026800683A
:10037000401C084B186008488154E2F733FA01200A
:1003800000F024F900F03AF900BF0AE740C0012468
:100390004125BF00EC01002440A001242DE9F041DB
:1003A00080460C46154625B160192B49496988429B
:1003B00001D9BDE8F081002000F008F900202749AC
:1003C00008600321254802680068401C234B186020
:1003D00023488154C4F30741184602680068401C52
:1003E00018601F488154C4F307221846016800684A
:1003F000401C18601A484254184602680068401CA5
:10040000186017488454E2F7EDF900270FE04FF425
:10041000805012490860E2F7E5F94FF48052114923
:100420004046D0F727F808F58058781C87B2B7EB1C
:10043000153FECD3C5F30B06002E08DD0748066018
:10044000E2F7D0F9324607494046D0F713F80120C9
:1004500000F0BCF800BFACE740C00124EC01002470
:1004600040A0012440B001242DE9F041002000F01B
:10047000ADF800200C4908609F200C49087004204A
:1004800009490860E2F7AEF9094845788678C778E7
:10049000012000F09BF8280440EA062040EA070407
:1004A0002046BDE8F0810000EC01002440A00124BA
:1004B00040B0012410B5FFF7D7FF30490860084667
:1004C00000682F4A811A90423DD007DC2D4908442C
:1004D00048B12D490844002841D110E001291AD023
:1004E00002293CD123E029A12448001DD0F74BF874
:1004F0004FF4001021494861401208833BE026A1D7
:100500001E48001DD0F73FF84FF400101B4948610A
:10051000401208832FE023A11848001DD0F733F8BC
:100520004FF4000015494861C012088323E01FA161
:100530001248001DD0F727F84FF080700F4948612E
:100540000013088317E01BA10C48001DD0F71BF80F
:100550004FF4800009494861801208830BE017A11D
:100560000648001DD0F70FF84FF40010034948610A
:100570004012088300BF00BF10BD000040C001242E
:100580001640EF00BFDA40FF2C05FDFF53535432F5
:1005900035564630313642004D5832354C313630C2
:1005A0003645000057323551363400005732355148
:1005B000313238005732355133320000556E6B6E90
:1005C0006F7720466C6173680000000010B5044628
:1005D00064B9E2F71DF8002211464FF08050E0F7B1
:1005E000F3FB4FF400000449086004E08020024956
:1005F0000860E2F713F810BD180C025810B500207F
:10060000FFF7E4FF05201349087002201249086033
:10061000E2F7E8F80120FFF7D9FF17E0EFF772FAE9
:100620000020FFF7D3FF05200A490870002048701A
:10063000022009490860E2F7D5F80120FFF7C6FF5C
:100640000648407800F0010000B900E0E6E700BF8E
:1006500010BD000040A00124EC01002440B00124A2
:100660002DE9F05F07460E4615464FF00009C846D3
:10067000C2460024A3464E48008BB6FBF0F100FBB7
:10068000116A4B48008BA0EB0A044948008BB5FB6C
:10069000F0F94748008BB5FBF0F100FB1158BAF1B7
:1006A000000F29D1B9F1000F08D1AAB2314638465E
:1006B000FFF7EEFB002878D1BDE8F09F0EE03C4844
:1006C000028B31463846FFF7E3FB08B90020F3E719
:1006D0003748008B06443648008B0744B9F10000C8
:1006E000A9F10109EBD11FFA88F231463846FFF72C
:1006F000CFFB002859D1DFE7B9F1000F1ED1A0458B
:1007000014D9A8EB040BA2B231463846FFF7C0FB60
:1007100008B90020D0E7264427441FFA8BF231465F
:100720003846FFF7B5FB00283FD1C5E7AAB23146EE
:100730003846FFF7ADFBB8BB0020BDE72D1B1C48BA
:10074000008BB5FBF0F91A48008BB5FBF0F100FB0C
:100750001158A2B231463846FFF79AFB08B900207B
:10076000AAE7264427440EE01148028B314638465A
:10077000FFF78EFB08B900209EE70D48008B06446A
:100780000B48008B0744B9F10000A9F10109EBD136
:10079000B8F1000F09D01FFA88F231463846FFF74A
:1007A00077FB08B9002087E7FFE7012084E7000016
:1007B00040C0012410B50020FFF708FF00200849C1
:1007C00008600621064802680068401C044B186057
:1007D00004488154E2F706F80120FFF7F7FE10BD48
:1007E000EC01002440A00124F0B5002480E00020AA
:1007F0007AE0002174E000226EE0002368E000252A
:1008000062E000EB4017664E06EB871601EB4117DE
:1008100006EB071602EB421706EBC70603EB43078E
:1008200006EBC70606EBC50656F82460EEB300EBF0
:1008300040165C4F07EB861601EB411706EB0716D7
:1008400002EB421706EBC70603EB430706EBC706AE
:1008500006EBC50606EB8406D6ED000A00EB401752
:100860004F4E06EB871601EB411706EB071602EB1E
:10087000421706EBC70603EB430706EBC70606EB7A
:10088000C50656F8246000EE106AB8EE400A80EE05
:10089000801A04EB4416444F07EB861600EB401712
:1008A00006EB071601EB411700E00BE006EBC7066D
:1008B00002EB420706EBC70606EBC30606EB85060E
:1008C00086ED001A6E1CF5B2032D9ADB5E1CF3B2A6
:1008D0000B2B94DB561CF2B2022A8EDB4E1CF1B2BB
:1008E000042988DB461CF0B2022882DB661CF4B2C5
:1008F000022CFFF67CAF00244EE0002048E00021EF
:1009000042E000223CE0002336E0002530E09FED8D
:10091000270A00EB4016234F07EB861601EB411721
:1009200006EB071602EB421706EBC70603EB43077D
:1009300006EBC70606EBC50606EB840686ED000A45
:10094000002700EB401C164E06EB8C1601EB411CF9
:1009500006EB0C1602EB421C06EBCC0603EB430C39
:1009600006EBCC0606EBC50646F824706E1CF5B205
:10097000032DCCDB5E1CF3B20B2BC6DB561CF2B294
:10098000022AC0DB4E1CF1B20429BADB461CF0B2CD
:100990000228B4DB661CF4B2022CAEDBF0BD000012
:1009A000C89800244888002448CA00240000000099
:1009B0002DE9F04F2DED028B85B080469FEDD50AD5
:1009C000B0EE408A9FEDD30AF0EE408A4FF0000A65
:1009D000D346DFF791FC04904FF0FF09002002900E
:1009E000039000258AE1002683E100277CE10024B2
:1009F00075E14FF0000AD346C74850F8250050F87B
:100A0000260050F8270050F82400006800680068AD
:100A100028B3C14850F8250050F8260050F82700A8
:100A200050F82400006800684068C0B1BA4850F827
:100A3000250050F8260050F8270050F824000068E0
:100A40000068006890ED000AB0EE408AB2EE040A39
:100A5000B4EEC08AF1EE10FA01DB4FF0010AAE48A5
:100A600050F8250050F8260050F8270050F82400D0
:100A700080680068006828B3A74850F8250050F83F
:100A8000260050F8270050F824008068006840686D
:100A9000C0B1A14850F8250050F8260050F82700B2
:100AA00050F8240080680068006890ED000AF0EEBD
:100AB000408AB2EE040AF4EEC08AF1EE10FA01DBCD
:100AC0004FF0010B944850F8250050F8260050F8DC
:100AD000270050F82400806800684068E8B38E481A
:100AE00050F8250050F8260050F8270050F8240050
:100AF00080680068406890F8009005EB45108749D1
:100B000001EB401006EB461100EBC10007EB47116B
:100B100000EB810004EB440110F82100FF283BD0DA
:100B200005EB45107D4901EB401006EB461100EB4B
:100B3000C10007EB471100EB810004EB440110F802
:100B40002100484528D0DFF7D7FB05EB4511734A54
:100B500002EB411106EB461200E02EE001EBC20170
:100B600007EB471201EB820104EB440201EB820127
:100B70004860012005EB4511684A02EB411106EB84
:100B8000461201EBC20107EB471201EB820104EBB5
:100B9000440201EB8201087205EB45105F4901EB4D
:100BA000401006EB461100EBC10007EB471100EBCC
:100BB000810004EB440100F8219005EB45105749F2
:100BC00001EB401006EB461100EBC10007EB4711AB
:100BD00000EB810004EB440100EB8100007A48B394
:100BE00005EB45104D4901EB401006EB461100EBBB
:100BF000C10007EB471100EB810004EB440100EB5F
:100C0000810041680498401AB0F5966F12D900200F
:100C100005EB4511414A02EB411106EB461201EB8F
:100C2000C20107EB471201EB820104EB440201EB26
:100C300082010872BAF1000F46D0BBF1000F43D019
:100C400005EB4510354901EB401006EB461100EB72
:100C5000C10007EB471100EB810004EB440100EBFE
:100C60008100007A78BB00203B4632462946CDE918
:100C700000400220DAF772F908208DF808009DF88C
:100C800009000121A9400843C0B28DF809009DF870
:100C90000A000121B1400843C0B28DF80A009DF856
:100CA0000B100120B8400143C8B28DF80B00BDF80D
:100CB0000C100120A040014388B2ADF80C000020C8
:100CC0008DF80E0009E0FFE700203B46324629463A
:100CD000CDE900400220DAF71AF9601CC4B20B2CEF
:100CE000FFF687AE781CC7B2022FFFF680AE701CED
:100CF000C6B2042EFFF679AE681CC5B2022DFFF60F
:100D000072AEDDE90201C8E9000105B0BDEC028B5D
:100D1000BDE8F08F00000000780000248814012452
:100D20002DE9F04F2DED028B87B082460120069011
:100D300000200590039004900024ABE00025A4E07F
:100D40004FF0010900200590002664E0002759E0DB
:100D50004FF000084DE06D4850F8240050F8250091
:100D600050F8260050F8270050F828000068406826
:100D7000D8B3664850F8240050F8250050F82600F3
:100D800050F8270050F828000068006868B3012078
:100D900005905E4850F8240050F8250050F82600D1
:100DA00050F8270050F828000068406890F800B01C
:100DB000564850F8240050F8250050F8260050F806
:100DC000270050F828000068006890ED008ABBF109
:100DD000000F0AD1B2EE040AB4EEC08AF1EE10FAA6
:100DE00003DD4FF000090020069008F1010000F03B
:100DF000FF08B8F1030FAEDBB9F1000F00D103E03B
:100E0000781CC7B20B2FA3DB00BFB9F1000F00D1D4
:100E100003E0701CC6B2022E98DB00BFB9F1000FD0
:100E200028D0059830B30020009003462A4621467A
:100E300001900120DAF792F89DF80C0040F00400D0
:100E40008DF80C009DF80D000121A1400843C0B2AF
:100E50008DF80D009DF80E000121A9400843C0B295
:100E60008DF80E0000208DF80F00ADF810008DF801
:100E7000120008E00020009003462A462146019017
:100E80000120DAF744F8681CC5B2042DFFF658AF0C
:100E9000601CC4B2022CFFF651AF069820B39DF837
:100EA0000C0040F002008DF80C000020009003467A
:100EB000024601460190FF20DAF750F8002410E0C6
:100EC00000250AE00020009003462A4621460190B2
:100ED0000120DAF71CF8681CC5B2042DF2DB601C97
:100EE000C4B2022CECDB08E000200090034602466E
:100EF00001460190FF20DAF70AF8DDE90301CAE9AB
:100F0000000107B0BDEC028BBDE8F08F7800002433
:100F10002DE9F14F2DED028B8AB04FF0000BDFF77A
:100F2000EBF981460020099007900890FE4903C91B
:100F3000CDE9050100200290039004900026FBE318
:100F40000027FAE34FF00008F8E30024F7E3002558
:100F5000F6E3F64850F8260050F8270050F828002D
:100F600050F8240050F8250000684068D8B1EF48D8
:100F700050F8260050F8270050F8280050F82400B8
:100F800050F825000068006868B1E84850F826006D
:100F900050F8270050F8280050F8240050F8250099
:100FA0000068806800B9CDE2E04850F8260050F8AB
:100FB000270050F8280050F8240050F82500006859
:100FC000406890F800A0D94850F8260050F8270053
:100FD00050F8280050F8240050F8250000680068F8
:100FE00090ED008AD14850F8260050F8270050F8BC
:100FF000280050F8240050F825000068806890F818
:1010000000B006EB461000EBC000C94901EB4010F0
:1010100007EB471101EBC10100EBC10008EB4811E0
:1010200001EBC10100EB810004EBC40101EB4101C4
:1010300000EB810005EBC50100EB8100007DE8BB02
:10104000BBF1010F40D1DFF757F906EB461101EB79
:10105000C101B74A02EB411107EB471202EBC20292
:1010600001EBC20108EB481202EBC20201EB820164
:1010700004EBC40202EB420201EB820105EBC50264
:1010800001EB82018861012106EB461000EBC000F4
:10109000A74A02EB401007EB471202EBC20200EB3B
:1010A000C20008EB481202EBC20200EB820004EB24
:1010B000C40202EB420200EB820000E004E005EB18
:1010C000C50200EB8200017706EB461000EBC00082
:1010D000974901EB401007EB471101EBC10100EB11
:1010E000C10008EB481101EBC10100EB810004EBEA
:1010F000C40101EB410100EB810005EBC50100EBF0
:10110000810080F814B006EB461000EBC00088495F
:1011100001EB401007EB471101EBC10100EBC100EF
:1011200008EB481101EBC10100EB810004EBC401A5
:1011300001EB410100EB810005EBC50100EB8100F3
:10114000007FE0B3DFF7D8F88146CDF8089006EBD2
:10115000461000EBC000764901EB401007EB471149
:1011600001EBC10100EBC10008EB481101EBC1012B
:1011700000EB810004EBC40101EB410100EB8100B5
:1011800005EBC50100EB81008069A9EB000040F68A
:10119000B831884200D2B2E3012006EB461101EBE0
:1011A000C101634A02EB411107EB471202EBC20295
:1011B00001EBC20108EB481202EBC20200E02DE095
:1011C00001EB820104EBC40202EB420201EB82015B
:1011D00005EBC50201EB820181F82000002106EB3E
:1011E000461000EBC000524A02EB401007EB4712DA
:1011F00002EBC20200EBC20008EB481202EBC20293
:1012000000EB820004EBC40202EB420200EB82001E
:1012100005EBC50200EB820001776FE306EB461099
:1012200000EBC000424901EB401007EB471101EB16
:10123000C10100EBC10008EB481101EBC10100EB5B
:10124000810004EBC40101EB410100EB810005EBDF
:10125000C50110F8210050456CD006EB461000EB9C
:10126000C000334901EB401007EB471101EBC1010E
:1012700000EBC10008EB481101EBC10100EB81005C
:1012800004EBC40101EB410100EB810005EBC5015A
:1012900010F82100E8BBBAF1010F40D1DFF72CF8BC
:1012A00006EB461101EBC101214A02EB411107EBAC
:1012B000471202EBC20201EBC20108EB481202EB3B
:1012C000C20201EB820104EBC40202EB420201EB19
:1012D000820105EBC50201EB8201C860012006EB2B
:1012E000461101EBC101124A02EB411107EB471213
:1012F00002EBC20201EBC20108EB481202EBC20290
:1013000001EB820104EBC40202EB420201EB820119
:1013100000E004E005EBC50201EB8201087406EB76
:10132000461000EBC00006E03CF3050878000024FE
:10133000C81C012479E0FE4901EB401007EB47117E
:1013400001EBC10100EBC10008EB481101EBC10149
:1013500000EB810004EBC40101EB410100EB8100D3
:1013600005EBC50110F82100012841D1BAF1000FA9
:101370003ED1DEF7C1FF06EB461101EBC101EC4A9D
:1013800002EB411107EB471202EBC20201EBC20173
:1013900008EB481202EBC20201EB820104EBC4022B
:1013A00002EB420201EB820105EBC50201EB820177
:1013B0004860012006EB461101EBC101DC4A02EB5B
:1013C000411107EB471202EBC20201EBC20108EB2D
:1013D000481202EBC20201EB820104EBC40202EBF1
:1013E000420201EB820105EBC50201EB82010872AA
:1013F00006EB461000EBC000CD4901EB401007EBB7
:10140000471101EBC10100EBC10008EB481101EBF2
:10141000C10100EB810004EBC40101EB410100EBD1
:10142000810005EBC50100F821A006EB461000EB9A
:10143000C000BF4901EB401007EB471101EBC101B0
:1014400000EBC10008EB481101EBC10100EB81008A
:1014500004EBC40101EB410100EB810005EBC50188
:1014600000EB8100007C01286DD1DEF745FF81464D
:1014700006EB461000EBC000AD4901EB401007EB56
:10148000471101EBC10100EBC10008EB481101EB72
:10149000C10100EB810004EBC40101EB410100EB51
:1014A000810005EBC50100EB8100C068A9EB0000DD
:1014B0000990CDF80C9040F2DC510998884241D354
:1014C000BAF1010F3ED1002006EB461101EBC1013C
:1014D000974A02EB411107EB471202EBC20201EB04
:1014E000C20108EB481202EBC20201EB820104EBDD
:1014F000C40202EB420201EB820105EBC50201EBE3
:10150000820181F8200006EB461101EBC101884AF7
:1015100002EB411107EB471202EBC20201EBC201E1
:1015200008EB481202EBC20201EB820104EBC40299
:1015300002EB420201EB820105EBC50201EB8201E5
:10154000087400E0DBE106EB461000EBC0007849D0
:1015500001EB401007EB471101EBC10100EBC100AB
:1015600008EB481101EBC10100EB810004EBC40161
:1015700001EB410100EB810005EBC50100EB8100AF
:10158000007A01284CD1DEF7B7FE8146CDF81090E5
:1015900006EB461000EBC000654901EB401007EB7D
:1015A000471101EBC10100EBC10008EB481101EB51
:1015B000C10100EB810004EBC40101EB410100EB30
:1015C000810005EBC50100EB81004068A9EB00003C
:1015D00040F2DC51884222D3BAF1000F1FD1002023
:1015E00006EB461101EBC101514A02EB411107EB39
:1015F000471202EBC20201EBC20108EB481202EBF8
:10160000C20201EB820104EBC40202EB420201EBD5
:10161000820105EBC50201EB820108726EE16EE109
:10162000BAF1000FFAD106EB4610424901EB8010E7
:1016300007EB471100EB011008EB481100EBC1006C
:1016400004EB440100EBC10000EBC50006EB4611C2
:1016500001EBC101364A02EB411107EB471202EBE5
:10166000C20201EBC20108EB481202EBC20201EB1D
:10167000820104EBC40202EB420201EB820105EBA2
:10168000C50201EB820191F8201000EB810090ED82
:10169000000A06EB461000EBC000254901EB4010A4
:1016A00007EB471101EBC10100EBC10008EB48114A
:1016B00001EBC10100EB810004EBC40101EB41012E
:1016C00000EB810005EBC50100EB810090F82000E4
:1016D00005A901EB800080ED000A06EB461000EB47
:1016E000C000134901EB401007EB471101EBC101AA
:1016F00000EBC10008EB481101EBC10100EB8100D8
:1017000004EBC40101EB410100EB810005EBC501D5
:1017100000EB810090F8200005A901EB800090ED1E
:10172000000AF5EE000A20EE200AB4EEC80A08E02E
:10173000C81C012448CA0024FAE0F4E0EDE0E5E02A
:10174000DFE0F1EE10FA37DB9DF81C0040F01000EE
:101750008DF81C009DF81D000121B1400843C0B266
:101760008DF81D009DF81E000121B9400843C0B24C
:101770008DF81E009DF81F10012000FA08F00143AB
:10178000C8B28DF81F00BDF820000121A140084318
:1017900080B2ADF820009DF822000121A940084345
:1017A000C0B28DF8220043463A4631460320CDE9C7
:1017B0000045D9F7D3FBA1E006EB461000EBC000D3
:1017C000614901EB401007EB471101EBC10100EB50
:1017D000C10008EB481101EBC10100EB810004EBF3
:1017E000C40101EB410100EB810005EBC50100EBF9
:1017F000810090F8200005A901EB800090ED000A1F
:10180000DFED520A20EE200AB4EEC80AF1EE10FA1B
:1018100037DB9DF81C0040F020008DF81C009DF87F
:101820001D000121B1400843C0B28DF81D009DF894
:101830001E000121B9400843C0B28DF81E009DF87A
:101840001F00012101FA08F10843C0B28DF81F0002
:10185000BDF820100120A040014388B2ADF820005F
:101860009DF822100120A8400143C8B28DF8220043
:1018700043463A4631460420CDE90045D9F76EFB90
:101880003CE006EB461000EBC0002F4901EB401096
:1018900007EB471101EBC10100EBC10008EB481158
:1018A00001EBC10100EB810004EBC40101EB41013C
:1018B00000EB810005EBC50100EB810090F82000F2
:1018C00005A901EB800090ED000AF0EE000A20EE81
:1018D000200AB4EEC80AF1EE10FA0FD243463A4697
:1018E00031460320CDE90045D9F711FB43463A467E
:1018F00031460420CDE90045D9F709FB00BF681C3B
:10190000C5B2032DFFF625AB601CC4B20B2CFFF64D
:101910001EAB08F1010000F0FF08B8F1020FFFF65E
:1019200014AB781CC7B2042FFFF60CAB701CC6B208
:10193000022EFFF605ABDDE907120C9806C00AB0CF
:10194000BDEC028BBDE8F88FC81C01249A99193FA1
:1019500010B541F284010348CEF7B4FD01F0CEFC8E
:1019600010BD0000804E002410B542F6441103481B
:10197000CEF7A8FD01F0C2FC10BD0000045F0024FA
:10198000F0B50020FDE00021F6E00022EFE00023AA
:10199000E8E00024E1E0002500EB401606EB8606B7
:1019A0007A4F07EB461601EB411707EB870706EB6B
:1019B000C70602EB421707EB870706EB8706C3EB68
:1019C000031706EB870604EB840706F8275000EBA5
:1019D000401606EB86066D4F07EB461601EB4117E6
:1019E00007EB870706EBC70602EB421707EB8707F3
:1019F00006EB8706C3EB031706EB870604EB8407A9
:101A000006EB8706757000EB401606EB86065F4F07
:101A100007EB461601EB411707EB870706EBC706F6
:101A200002EB421707EB870706EB8706C3EB0317AA
:101A300006EB870604EB840706EB8706756000EB70
:101A4000401606EB8606514F07EB461601EB411791
:101A500007EB870706EBC70602EB421707EB870782
:101A600006EB8706C3EB031706EB870604EB840738
:101A700006EB8706357200EB401606EB8606434FF1
:101A800007EB461601EB411707EB870706EBC70686
:101A900002EB421707EB870706EB8706C3EB03173A
:101AA00006EB870604EB840706EB8706F56000EB80
:101AB000401606EB8606354F07EB461601EB41173D
:101AC00007EB870706EBC70602EB421707EB870712
:101AD00006EB8706C3EB031706EB870604EB8407C8
:101AE00006EB8706357400EB401606EB8606274F9B
:101AF00007EB461601EB411707EB870706EBC70616
:101B000002EB421707EB870706EB8706C3EB0317C9
:101B100006EB870604EB840706EB8706757400EB7B
:101B2000401606EB8606194F07EB461601EB4117E8
:101B300007EB870706EBC70602EB421707EB8707A1
:101B400006EB8706C3EB031706EB870604EB840757
:101B500006EB8706B574651CECB2032CFFF61BAFD1
:101B60005D1CEBB20B2BFFF614AF551CEAB2022A38
:101B7000FFF60DAF4D1CE9B20429FFF606AF451C78
:101B8000E8B20228FFF6FFAEF0BD000048EB0024EB
:101B900010B52E48007830B1012816D0022835D073
:101BA00003284FD13FE00021294800680CF0E2FDF6
:101BB000012809D1DEF7A0FB26490860002026494C
:101BC00008800120214908703DE0DEF795FB23499C
:101BD0000860084600681F490968401A4FF47A7186
:101BE000B0FBF1F01C49088000F02AFB01F0B6FDC3
:101BF00019480088B0F5167F07DB1748018818A040
:101C0000DAF7D6FF0220114908701CE0FEF7ECFD60
:101C100001F0E6FBDDF736F90020164908800320C5
:101C20000A4908700FE013480088401C11490880D9
:101C3000084600880A2804DBDDF71CF90020034968
:101C4000087000E000BF00BF10BD0000C600002407
:101C500068000024C8000024D0000024CC00002428
:101C60006465746563745F74696D653A2025640A00
:101C700000000000D200002408B5002000900F48AA
:101C80000088401C0D49088008460088B0F5966F12
:101C900012DB002008806946094800680CF0DCFB74
:101CA00000BF009838B14FF0805006490860BFF37C
:101CB0004F8FBFF36F8F00BF08BD0000C40000242A
:101CC0006800002404ED00E010B5002021E00021B0
:101CD0001BE09FED1B0AC0EB40121A4B03EB820284
:101CE000121D02EB810282ED000A0023C0EB4012BC
:101CF000144C04EB820264325354C0EB401204EBE8
:101D00008202703253544A1CD1B20C29E1DB421CCE
:101D1000D0B20428DBDB00200EE0002108E0002226
:101D200000EB4003084C04EB83035A544A1CD1B225
:101D30000C29F4DB421CD0B20428EEDB10BD0000FD
:101D40000000000000000030002000302DE9F041CC
:101D500004460026002500272D4830F8140000F422
:101D60000040002845D02A4810F81450294800EBBC
:101D700004200078F0283AD1264800EB042040786F
:101D8000F02834D1052D30DB691F224A02EB0422F2
:101D9000901CE0F7C1FD06461E4800EB0421E81E3A
:101DA000085CB0421FD11B4800EB04208078C4EBD4
:101DB0004411194A02F82100164800EB0420C078AB
:101DC000C4EB441102EB81014870124A02EB042279
:101DD000111DC4EB4412104B03EB8202101D78223C
:101DE000CEF748FB06E0032704E0042702E00227C1
:101DF00000E001270020064921F81400054901EB05
:101E000004208021CEF75EFB3846BDE8F08100005B
:101E10006E000024E0150024000000307FB5002093
:101E2000029003900024002500266846FEF778FF04
:101E3000DDE90001CDE902019DF808005649097865
:101E400088420BD19DF8090053494978884205D151
:101E50009DF80A0050498978884200D00124CCB10D
:101E600000249DF8080000F0020028B1DCF78AFF8A
:101E70004AA0DAF79DFE0DE09DF8080000F004008E
:101E800040B1DCF77FFF9DF80A209DF8091047A0BC
:101E9000DAF78EFE4048DDE9021206C06846FEF71A
:101EA00087FDDDE90001CDE902019DF80900464901
:101EB0004978884211D19DF80A00434989788842BF
:101EC0000BD19DF80B004049C978884205D1BDF877
:101ED0000C003D498988884200D001258DB100253C
:101EE0009DF8080000F0080058B1BDF80C00009003
:101EF0009DF80B309DF80A209DF8091033A0DAF701
:101F000057FE3148DDE9021206C06846FFF700F8C7
:101F1000DDE90001CDE902019DF8080036490978A4
:101F200088421DD19DF8090033494978884217D16C
:101F30009DF80A0030498978884211D19DF80B003C
:101F40002D49C97888420BD1BDF80C002A498988EF
:101F5000884205D19DF80E0027498979884200D032
:101F60000126A6B100269DF8080000F0100070B10F
:101F70009DF80E00BDF80C10CDE900109DF80B3057
:101F80009DF80A209DF809101CA0DAF711FE1A48E6
:101F9000DDE9021206C07FBDD40000246C65645FD9
:101FA000616C6C5F6F66660A000000006C65645FC0
:101FB0006469725F6F66663A2030782532782E2E1B
:101FC0002E30782532780A00DC00002472675F73B7
:101FD000696D3A203078253032782E2E2E307825D3
:101FE0003032782E2E2E3078253032782E2E2E302C
:101FF00078253032780A0000E400002473696E67A7
:102000006C655F6E6F5F6C696768743A2030782525
:102010003032782E2E2E3078253032782E2E2E30FB
:1020200078253032782E2E2E3078253032782E2EAC
:102030002E3078253032780A0000000070B500207C
:102040009CE0504D05EB00154F4E46F82050002106
:102050008FE04E4D05EB401505EBC1054A4E56F895
:10206000206046F8215000227EE000EB400505EBA1
:10207000C005474E06EB451501EB410606EBC106D0
:1020800005EBC60502EB420606EBC20605EB86052C
:102090003D4E56F8206056F8216046F82250002345
:1020A0005EE000EB40153B4E06EB451501EB41169B
:1020B00005EBC60502EB421605EB860503EB43066E
:1020C00005EB8605304E56F8206056F8216056F82C
:1020D000226046F8235000243EE000EB40152E4ECF
:1020E00006EB451501EB411605EBC60502EB421662
:1020F00005EB860503EB430605EB860505EB84053A
:10210000214E56F8206056F8216056F8226056F8A5
:10211000236046F8245000EB4015204E06EBC51511
:1021200001EB411605EB461502EB421605EB0615D1
:1021300003EB430605EB061505EB0415124E56F8A6
:10214000206056F8216056F8226056F8236056F851
:1021500024603560651CECB2032CBEDB5D1CEBB269
:102160000B2B9EDB551CEAB2022AFFF67EAF4D1CFC
:10217000E9B20429FFF66DAF451CE8B20228FFF66C
:1021800060AF70BD604E002478000024204E002413
:10219000604B002420430024E03A0024E01900248E
:1021A00010B5002047E0002141E0FF2200EB401382
:1021B000224C04EB431301EB410404EBC10403EB99
:1021C000C4035A7000EB40131C4C04EB431301EBA7
:1021D000410404EBC10403F83420002200EB401357
:1021E000164C04EB431301EB410404EBC10403EB75
:1021F000C40383F8542000EB4013104C04EB43134A
:1022000001EB410404EBC10403EBC40383F8552044
:1022100000EB4013094C04EB431301EB410404EBC6
:10222000C10403EBC40383F856204A1CD1B20C2925
:10223000BBDB421CD0B20428B5DB10BDC8DA0024D9
:1022400070B500240025002600BFBDE10025B6E1E1
:10225000C4EB4410DE4901EB80006430405D04EBC8
:102260004411DC4A02EB411105EB450202EBC502C9
:1022700001EBC201487004EB4410D64901EB401059
:1022800005EB450101EBC50100EBC100407804EB13
:102290004411D04A02EB411105EB450202EBC502A5
:1022A00011F8321088427DD004EB4410C94901EB8B
:1022B000401005EB450101EBC50100EBC100407882
:1022C000E8BB04EB4410C34901EB401005EB4501AA
:1022D00001EBC50100EBC10090F855000A2839DA7E
:1022E000DEF70AF804EB4411BA4A02EB411105EBA0
:1022F000450202EBC50201EBC201091D04EB4412C9
:10230000B44B03EB421205EB450303EBC50302EBB1
:10231000C30292F8552041F8220004EB4410AD4965
:1023200001EB401005EB450101EBC50100EBC100DD
:1023300090F85500401C04EB4411A64A00E00AE066
:1023400002EB411105EB450202EBC50201EBC201B4
:1023500081F8550064E004EB44109E4901EB401005
:1023600005EB450101EBC50100EBC10040780128F8
:1023700056D104EB4410974901EB401005EB4501A1
:1023800001EBC50100EBC10090F854000A2839DACE
:10239000DDF7B2FF04EB44118E4A02EB411105EB6D
:1023A000450200E054E002EBC50201EBC2012C3112
:1023B00004EB4412874B03EB421205EB450303EB9E
:1023C000C50302EBC30292F8542041F8220004EB4B
:1023D0004410804901EB401005EB450101EBC501BC
:1023E00000EBC10090F85400401C04EB4411794A02
:1023F00002EB411105EB450202EBC50201EBC20104
:1024000081F85400002004EB4411724A02EB4111A0
:1024100005EB450202EBC50201EBC20181F8560053
:1024200004EB44106B4901EB401005EB450101EB57
:10243000C50100EBC100407804EB4411654A02EB92
:10244000411105EB450202EBC50201F83200B4E090
:1024500004EB44105F4901EB401005EB450101EB33
:10246000C50100EBC10090F8550000287DDD04EBAC
:102470004410584901EB401005EB450101EBC50143
:1024800000EBC10090F8540000286EDD04EB44100E
:10249000504901EB401005EB450101EBC50100EB94
:1024A000C1004078012860D104EB4410494901EB98
:1024B000401005EB450101EBC50100EBC10090F8B0
:1024C0005600401C04EB4411424A02EB411105EB5B
:1024D000450202EBC50201EBC20181F8560004EB94
:1024E00044103C4901EB401005EB450101EBC501EF
:1024F00000EBC10090F856000F285EDB04EB44109F
:10250000344901EB401005EB450101EBC50100EB3F
:10251000C1002C3004EB44112E4A02EB411105EBB3
:10252000450202EBC50201EBC20191F85410491EAD
:1025300050F8210004EB4411264A02EB411105EB4F
:10254000450202EBC50201EBC2014968461A06F1D9
:10255000C8004FF47A71B0FBF1F004EB44011E4A5D
:1025600002EB81014855002000E026E004EB441115
:10257000184A02EB411105EB450202EBC50201EBE3
:10258000C20181F8560004EB4411124A02EB4111DA
:1025900005EB450202EBC50201EBC20181F85400D4
:1025A00004EB44110B4A02EB411105EB450202EB2F
:1025B000C50201EBC20181F85500681CC5B20C2DA3
:1025C000FFF646AE601CC4B2042CFFF63FAE70BDF1
:1025D00000000030C8DA0024002000307FB5144825
:1025E000FDF75AF8D8B9002512E01148001D00EB9C
:1025F000C504E079A17962792379CDE90032CDE98A
:102600000210E378A27861782078D8F7CBF96D1CB6
:1026100007480068A842E8D8002004B070BD41F225
:1026200084010348CDF74EFF4FF0FF30F5E700007F
:10263000804E00242DE9F04F80460C4609AD95E808
:10264000E0104FF00009B8F1000F50D100201AE05F
:10265000DFF850A10AEBC00191F800A0BAF1000F19
:1026600010D191F801A0A2450CD191F802A0924599
:1026700008D1CB700D714E718F7181F807C04FF08A
:10268000010905E0401C4749091F09688142DFD85C
:1026900000BFB9F1000F58D1002022E0DFF804A1FB
:1026A0000AEBC00191F800A0BAF1000F18D191F81F
:1026B00003A09A4514D191F804A0AA4510D191F82D
:1026C00005A0B2450CD191F806A0BA4508D191F801
:1026D00007A0E24504D14C708A704FF0010905E073
:1026E000401C3049091F09688142D7D82DE0B8F154
:1026F000010F2AD1002022E0DFF8A8A00AEBC001D8
:1027000091F800A0BAF1010F18D191F803A09A45F1
:1027100014D191F804A0AA4510D191F805A0B245B2
:102720000CD191F806A0BA4508D191F807A0E2456E
:1027300004D14C708A704FF0010905E0401C194922
:10274000091F09688142D7D800BFB9F1000F26D10F
:102750001449091F0968B1F5047F20D2DFF844A0AD
:10276000AAF1040ADAF800B0DFF838A00AEBCB01CE
:1027700081F800804C708A70CB700D714E718F7132
:1027800081F807C0AAF1040ADAF800A00AF1010AE8
:10279000DFF810B0ABF1040BCBF800A000BFBDE830
:1027A000F08F0000844E002470B505460C4622468A
:1027B00029460648CDF75EFE44F4004004490880EF
:1027C00021462846CDF77EFE70BD0000E0150024AE
:1027D0006E00002470B505460C4622462946064880
:1027E000CDF748FE44F4004004494880214628467D
:1027F000CDF768FE70BD0000E01600246E000024D6
:1028000070B505460C46224629460648CDF732FEED
:1028100044F400400449888021462846CDF752FE02
:1028200070BD0000E01700246E00002470B505465E
:102830000C46224629460648CDF71CFE44F40040CB
:102840000449C88021462846CDF73CFE70BD0000F3
:10285000E01800246E0000242DE9F04FA7B00446D4
:102860000F46DCF7D9F8269000250020259024900B
:10287000402114A8CDF726FEA846232229466D1C28
:10288000625429466D1C6254302229466D1C6254E4
:1028900029466D1C625429466D1C625429466D1CE4
:1028A0006254402114A8CDF70DFE9EA114A8DAF7BA
:1028B0008FF914A92046CDF710FE402114A8CDF7BA
:1028C00001FE269899A1026814A8DAF781F914A9E3
:1028D0002046CDF702FE402114A8CDF7F3FD1122CA
:1028E00094A114A8DAF774F914A92046CDF7F5FDE0
:1028F000402114A8CDF7E6FDE62291A114A8DAF74D
:1029000067F914A92046CDF7E8FD90A12046CDF740
:10291000E4FD402114A8CDF7D5FD0020DCF7F2F846
:10292000064632468BA114A8DAF752F914A92046BC
:10293000CDF7D3FD402114A8CDF7C4FD874888A169
:10294000026814A8DAF744F914A92046CDF7C5FDAA
:1029500000269FE08148001D00EBC60103C9CDE9B8
:1029600012019DF8480011909DF8490010909DF8C3
:102970004A000F909DF84B000E909DF84C000D9072
:102980009DF84D000C909DF84E909DF84F000B90D7
:102990000E9808B9412000E042200A904FF0410A09
:1029A0000D9830B1012807D0022808D003280CD197
:1029B00008E04FF0410A08E04FF0420A05E04FF00E
:1029C000430A02E04FF0440A00BF00BF0C9808B968
:1029D000412000E0422009904FF0410BB9F10B0F6C
:1029E00028D2DFE809F006090C0F1215181B1E216A
:1029F00024004FF0410B1DE04FF0420B1AE04FF066
:102A0000430B17E04FF0440B14E04FF0450B11E07F
:102A10004FF0460B0EE04FF0470B0BE04FF0480B2A
:102A200008E04FF0490B05E04FF04A0B02E04FF091
:102A30004B0B00BF00BF412008900B9820B101282C
:102A400005D0022809D105E04120089005E0422088
:102A5000089002E04320089000BF00BF402114A866
:102A6000CDF730FDDDE90801CDE9041BCDF80CA060
:102A70000690DDE90F210A98CDE900120290721C40
:102A800039A114A8119BDAF7A3F814A92046CDF7B1
:102A900024FD761C31480068B0423FF65BAF38A198
:102AA0002046CDF71AFD2046CDF74BFD80B225908C
:102AB0002598821F33A114A8DAF78AF89DF85000F0
:102AC000A0709DF85100E0709DF8520020719DF8B3
:102AD000530060712AA12046CDF70BFD8046B8F166
:102AE000000F02D10020388019E04046CDF729FDC3
:102AF000064631464046DFF70FFF2490402114A8D8
:102B0000CDF7E0FC21A114A8249ADAF761F814A902
:102B10002046CDF7E2FC2046CDF713FD388027B0E4
:102B2000BDE8F08F514E3D303B0000005449443D1C
:102B300025643B005645523D253032783B0000006D
:102B4000434D443D253032783B00000043503D2644
:102B50002600000044543D25733B0000804E0024B5
:102B6000434E3D25643B0000434625643D256425D6
:102B7000642564256325632563256325633B000085
:102B8000262600002530346400000000253032780D
:102B9000232300002DE9F04FA9B004468A46DBF755
:102BA0003BFF28904FF000090020279026904021FD
:102BB00016A8CDF787FC002015902322494609F17D
:102BC00001096254494609F101096254302249461B
:102BD00009F101096254494609F101096254494663
:102BE00009F101096254494609F101096254402181
:102BF00016A8CDF767FCC7A116A8D9F7E9FF16A953
:102C00002046CDF76AFC402116A8CDF75BFC28983A
:102C1000C2A1026816A8D9F7DBFF16A92046CDF796
:102C20005CFC402116A8CDF74DFC1122BDA116A8D1
:102C3000D9F7CEFF16A92046CDF74FFC402116A8A4
:102C4000CDF740FCE522BAA116A8D9F7C1FF16A915
:102C50002046CDF742FCB9A12046CDF73EFC4021ED
:102C600016A8CDF72FFC0020DBF74CFF05462A46BF
:102C7000B4A116A8D9F7ACFF16A92046CDF72DFCB4
:102C80004FF0000BFCE0B14800EBCB0003C8CDE9EE
:102C900013019DF84F609DF850709DF851809DF88C
:102CA00052500EB9412000E0422012904120119074
:102CB00037B1012F07D0022F08D0032F0CD108E025
:102CC0004120119008E04220119005E0432011902E
:102CD00002E04420119000BF00BFB8F1000F01D105
:102CE000412000E04220109041200F900B2D28D26F
:102CF000DFE805F006090C0F1215181B1E21240031
:102D000041200F901DE042200F901AE043200F90C9
:102D100017E044200F9014E045200F9011E046206A
:102D20000F900EE047200F900BE048200F9008E036
:102D300049200F9005E04A200F9002E04B200F90B1
:102D400000BF00BF402116A8CDF7BCFB06EB461024
:102D50007F4901EB801007EB471100EB011008EBF6
:102D6000481100EBC10005EB450100EBC10090EDFF
:102D7000050AB7EEC00A8DED0C0B06EB4610744940
:102D800001EB801007EB471100EB011008EB481135
:102D900000EBC10005EB450100EBC10090ED040A1A
:102DA000B7EEC00A8DED0A0B06EB4610684901EB41
:102DB000801007EB471100EB011008EB481100EB06
:102DC000C10005EB450100EBC10090ED030AB7EE31
:102DD000C00A8DED080B06EB46105D4901EB801033
:102DE00007EB471100EB011008EB481100EBC100A5
:102DF00005EB450100EBC10090ED020AB7EEC00AF9
:102E00008DED060B06EB4610514901EB801007EBE8
:102E1000471100EB011008EB481100EBC10005EB76
:102E2000450100EBC10090ED010AB7EEC00A8DED3F
:102E3000040B06EB4610464901EB801007EB4711E7
:102E400000EB011008EB481100EBC10005EB450158
:102E500000EBC10090ED000AB7EEC00A8DED020B49
:102E6000DDE90F10CDE900013AA116A8DDE9113224
:102E7000D9F7AEFE16A92046CDF72FFB0BF1010BBB
:102E80003248001F006858453FF6FDAE3BA1204682
:102E9000CDF723FB2046CDF754FB80B2279027982F
:102EA000821F37A116A8D9F793FE9DF85800A0708D
:102EB0009DF85900E0709DF85A0020719DF85B0064
:102EC00060712EA12046CDF714FB1590159818B906
:102ED0000020AAF800001AE01598CDF732FB05464D
:102EE00029461598DFF718FD2690402116A8CDF742
:102EF000E9FA25A116A8269AD9F76AFE16A920464E
:102F0000CDF7EBFA2046CDF71CFBAAF8000029B05C
:102F1000BDE8F08F514E3D303B0000005449443D28
:102F200025643B005645523D253032783B00000079
:102F3000434D443D253032783B00000043503D2650
:102F40002600000044543D25733B0000844E0024BD
:102F500048CA002425632563256325633D252E3259
:102F6000662C252E32662C252E32662C252E3266B6
:102F70002C252E32662C252E32663B00262600009C
:102F8000253034640000000025303278232300000F
:102F90002DE9F04FA1B004468B46DBF73DFD2090B4
:102FA000002500201F901E9040210EA8CDF78AFA20
:102FB00000200D90232229466D1C625429466D1C69
:102FC0006254302229466D1C625429466D1C62549D
:102FD00029466D1C625429466D1C625440210EA87E
:102FE000CDF770FAABA10EA8D9F7F2FD0EA92046D5
:102FF000CDF773FA40210EA8CDF764FA2098A7A167
:1030000002680EA8D9F7E4FD0EA92046CDF765FAAF
:1030100040210EA8CDF756FA1122A2A10EA8D9F789
:10302000D7FD0EA92046CDF758FA40210EA8CDF7BE
:1030300049FAE4229EA10EA8D9F7CAFD0EA920469E
:10304000CDF74BFA9DA12046CDF747FA40210EA8B7
:10305000CDF738FA0020DBF755FD0646324699A138
:103060000EA8D9F7B5FD0EA92046CDF736FA0026F1
:10307000C5E000200C90B9E094480C9900EBC10128
:1030800003C9CDE90A019DF82B809DF82C909DF88D
:103090002DA09DF82E70B8F1000F01D1412000E065
:1030A0004220099041200890B9F1000F09D0B9F1F0
:1030B000010F09D0B9F1020F09D0B9F1030F0CD1FA
:1030C00008E04120089008E04220089005E04320F5
:1030D000089002E04420089000BF00BFBAF1000F42
:1030E00001D1412000E042200790412006900B2FA3
:1030F00028D2DFE807F006090C0F1215181B1E2155
:103100002400412006901DE0422006901AE0432052
:10311000069017E04420069014E04520069011E048
:10312000462006900EE0472006900BE048200690CF
:1031300008E04920069005E04A20069002E04B2076
:10314000069000BF00BF40210EA8CDF7BBF906EBEB
:1031500046115F4800EB011008EB481100EBC1007D
:1031600009EB491100EB41000AEB4A11084407EB57
:1031700047010844807806EB4612554901EB0211DD
:1031800008EB481201EBC20109EB491201EB4201C5
:103190000AEB4A12114407EB47021144497806EB47
:1031A00046134B4A02EB031208EB481302EBC3022F
:1031B00009EB491302EB43020AEB4A131A4407EBEB
:1031C0004703D25C069BCDE90132CDE90310079895
:1031D000009040A10EA8DDE90832D9F7F9FC0EA94C
:1031E0002046CDF77AF90C98401C0C903748001F08
:1031F00001680C9881423FF63FAF701CC6B234485C
:10320000001F0068B0423FF634AF37A12046CDF72B
:1032100064F92046CDF795F980B21F901F98821F60
:1032200032A10EA8D9F7D4FC9DF83800A0709DF803
:103230003900E0709DF83A0020719DF83B00607104
:1032400029A12046CDF755F90D900D9818B9002009
:10325000ABF800001AE00D98CDF773F90646314639
:103260000D98DFF759FB1E9040210EA8CDF72AF9E3
:1032700020A10EA81E9AD9F7ABFC0EA92046CDF7C7
:103280002CF92046CDF75DF9ABF8000021B0BDE880
:10329000F08F0000514E3D303B0000005449443D4A
:1032A00025643B005645523D253032783B000000F6
:1032B000434D443D253032783B00000043503D26CD
:1032C0002600000044543D25733B0000844E00243A
:1032D000085F002425632563256325633D25642C51
:1032E00025642C25643B000026260000253034642C
:1032F00000000000253032782323000010B5ADF522
:10330000845D41F2740208496846CDF7B3F8064877
:1033100010380FC8FCF7A8FB18B900200DF5845D24
:1033200010BD4FF0FF30F9E7904E002410B5044671
:1033300000F002F810BD000022A0D9F739FC0025EA
:10334000FEF77CFEFEF7C0FCFEF72AFFFEF718FB37
:10335000FFF744F90322002101200AF0C5FE1C49B1
:10336000086000231A461946194800680AF082FFCF
:1033700027E0002404E02046FEF7E8FC601CC4B20D
:10338000042CF8DBDCF7B8FF12490860FEF700FCFC
:10339000681C85B2B5F5167F03DB4FF41675FEF792
:1033A0003DFDDCF7A9FF0C490860084600680949A3
:1033B0000968401A09490860ECF7A4FB64200AF088
:1033C0007BFAD6E772756E2073696E676C650A00CA
:1033D00068000024880000248C0000249000002451
:1033E0002DE9F04300250026D7E006EB4619DFF86B
:1033F000648308EB091898F80080B8F1000F7CD0BE
:1034000001250020BEE0DFF8508358F82080B8F195
:10341000000F73D00021ABE0DFF83C8358F8208028
:1034200058F82180B8F1000F69D0002296E0DFF84B
:10343000288358F8208058F8218058F82280B8F165
:10344000000F73D000237FE0DFF80C8358F8208052
:1034500058F8218058F8228058F82380B8F1000FDE
:103460006ED0002467E0DFF8F08258F8208058F82A
:10347000218058F8228058F8238058F82480B8F129
:10348000000F54D0DFF8D08258F8208058F82180FF
:1034900058F8228058F8238058F82480D8F8008003
:1034A000B8F1000F43D0DFF8B08258F8208058F808
:1034B000218058F8228058F8238058F82480D8F8C2
:1034C0000080D8F80C80B8F1000F30D0DFF8888287
:1034D00058F8208058F8218058F8228058F8238026
:1034E00058F82480D8F80080D8F80C8098F800C0EC
:1034F00006EB4619DFF85C8202E04AE03EE033E08A
:1035000008EB091800EB401908EBC90801EB411959
:1035100008EB490802EB4219C84403EB4309C844CD
:1035200018F80480E04502D0002506E012E004F11E
:10353000010808F0FF04032C95DB00BF05B906E085
:1035400003F1010808F0FF030B2BFFF67DAF00BF6E
:1035500005B906E002F1010808F0FF02022AFFF6B1
:1035600066AF00BF05B906E001F1010808F0FF01F0
:103570000429FFF651AF00BF05B906E000F10108CC
:1035800008F0FF000228FFF63EAF00BF0DB1BDE816
:10359000F08306F1010808F0FF06DFF8B881A8F112
:1035A0000408D8F80080B0453FF61FAFDFF8A481CB
:1035B000A8F10408D8F80080B8F1140F00D3E6E7AA
:1035C000DFF89081A8F1040898F80070142F7DDAD4
:1035D0000020ACE0DFF8808158F82080B8F1000FBF
:1035E00075D000219CE0DFF8708158F8208058F8F1
:1035F0002180B8F1000F6BD000228AE0DFF85881FB
:1036000058F8208058F8218058F82280B8F1000F2F
:103610007BD0002377E0DFF8408158F8208058F80D
:10362000218058F8228058F82380B8F1000F66D026
:10363000002462E0DFF8208158F8208058F82180CB
:1036400058F8228058F8238058F82480B8F1000FE9
:103650004FD0DFF8048158F8208058F8218058F8BE
:10366000228058F8238058F82480D8F80080B8F1D8
:10367000000F3ED0DFF8E08058F8208058F8218015
:1036800058F8228058F8238058F82480D8F8008011
:10369000D8F80C80B8F1000F2BD0DFF8BC8058F8B8
:1036A000208058F8218058F8228058F8238058F854
:1036B0002480D8F80080D8F80C8098F800C007EB78
:1036C0004719DFF8908008EB091802E040E02AE093
:1036D00022E000EB401908EBC90801EB411908EBA7
:1036E000490802EB4219C84403EB4309C84408F8EF
:1036F00004C004F1010808F0FF04032C9ADB03F175
:10370000010808F0FF030B2B85DB02F1010808F02C
:10371000FF02022AFFF672AF01F1010808F0FF0173
:103720000429FFF660AF00F1010808F0FF0002284D
:10373000FFF650AFDFF81C80A8F10408D8F800802D
:1037400008F10108DFF80C90A9F10409C9F800801C
:1037500000BF1CE7085F0024780000242DE9F05F1B
:103760002DED028B0024FAE30025F9E30026F8E3AF
:103770000027F7E34FF00008F5E3FE4850F8240077
:1037800050F8250050F8260050F8270050F828007F
:103790000068406800287DD0F64850F8240050F8B2
:1037A000250050F8260050F8270050F8280000683F
:1037B0004068007800286DD104EB441101EB8101D1
:1037C000ED4A02EB411105EB451202EB820201EBDF
:1037D000C20106EB461202EB820201EB8201C7EB4B
:1037E000071201EB820108EB880201EB82014870AD
:1037F000E04850F8240050F8250050F8260050F812
:10380000270050F828000068006800287DD0D948BB
:1038100050F8240050F8250050F8260050F82700F2
:1038200050F828000068006890ED008AD14850F8F0
:10383000240050F8250050F8260050F8270050F8D2
:1038400028000068806800287ED0CA4850F824000C
:1038500050F8250050F8260050F8270050F82800AE
:103860000068806890F8009004EB441000EB800042
:10387000C14901EB401005EB451101EB810100EB63
:10388000C10006EB461101EB810100EB8100C7EBA3
:10389000071100E068E300EB810008EB880100EB12
:1038A0008100807C90BBB9F1010F3DD1DCF724FD94
:1038B00004EB441101EB8101AF4A02EB411105EB2E
:1038C000451202EB820201EBC20106EB461202EB4B
:1038D000820201EB8201C7EB071201EB820108EBC8
:1038E000880201EB82014860012004EB441101EBE6
:1038F0008101A14A02EB411105EB451202EB820264
:1039000001EBC20106EB461201E02DE20CE002EBF6
:10391000820201EB8201C7EB071201EB820108EB87
:10392000880201EB8201087204EB441000EB800076
:10393000914901EB401005EB451101EB810100EBD2
:10394000C10006EB461100E00DE001EB810100EB48
:103950008100C7EB071100EB810008EB880100EB49
:10396000810080F8129004EB441000EB8000824943
:1039700001EB401005EB451101EB810100EBC100AB
:1039800006EB461101EB810100EB8100C7EB07114B
:1039900000EB810008EB880100EB8100007A002831
:1039A0007DD0DCF7A9FC824604EB441000EB8000DC
:1039B000714901EB401005EB451101EB810100EB72
:1039C000C10006EB461101EB810100EB8100C7EB62
:1039D000071100EB810008EB880100EB81004068D3
:1039E000AAEB000B40F6B830834575D3012004EBF9
:1039F000441101EB8101604A02EB411105EB4512D4
:103A000002EB820201EBC20106EB461202EB8202DC
:103A100001EB8201C7EB071201EB820108EB880280
:103A200001F82200002004EB441101EB8101524A0D
:103A300002EB411105EB451202EB820201EBC201E0
:103A400006EB461202EB820201EB8201C7EB071282
:103A500001EB820108EB880201EB82010872DCF7BE
:103A60004BFC04EB441101EB8101434A02EB411191
:103A700005EB451202EB820201EBC20106EB461296
:103A800002EB820201EB8201C7EB071201EB82011C
:103A900008EB880201EB8201C860012000E01CE015
:103AA00004EB441101EB8101334A02EB411105EBB8
:103AB000451202EB820201EBC20106EB461202EB59
:103AC000820201EB8201C7EB071201EB820108EBD6
:103AD000880201EB82010874C1E204EB441000EBA0
:103AE0008000254901EB401005EB451101EB8101F8
:103AF00000EBC10006EB461101EB810100EB8100F8
:103B0000C7EB071100EB810008EB880100EB810097
:103B1000007C00287ED0DCF7EFFB824604EB4410EB
:103B200000EB8000144901EB401005EB451101EB5F
:103B3000810100EBC10006EB461101EB810100EBB6
:103B40008100C7EB071100EB810008EB880100EB57
:103B50008100C068AAEB000BBBF57A6F7DD804EB3F
:103B60004410064901EB801005EB451100EB0110F4
:103B700006E000007800002448EB002448A9002457
:103B800006EB461100EBC10007EB470100EBC1005B
:103B900000EBC80004EB441101EB8101FE4A02EB8B
:103BA000411105EB451202EB820201EBC20106EB6B
:103BB000461202EB820201EB8201C7EB071201EB16
:103BC000820108EB880211F8221000EB810080EDE1
:103BD000008A04EB4410F14901EB801005EB45111C
:103BE00000EB011006EB461100EBC10007EB4701AB
:103BF00000EBC10000EBC80004EB441101EB8101B4
:103C0000E54A02EB411105EB451202EB820201EBA2
:103C1000C20100E0A9E006EB461202EB820201EBD2
:103C20008201C7EB071201EB820108EB880211F851
:103C3000221000EB810090ED000A30EE080A04EB40
:103C40004410D64901EB801005EB451100EB011043
:103C500006EB461100EBC10000E085E007EB4701F1
:103C600000EBC10000EBC80004EB441101EB810143
:103C7000C94A02EB411105EB451202EB820201EB4E
:103C8000C20106EB461202EB820201EB8201C7EB96
:103C9000071201EB820108EB880211F8221000EBF9
:103CA000810080ED000A04EB4411BD4800EB811057
:103CB00005EB451100EB011006EB461100EBC100CE
:103CC00007EB470100EBC10000EBC80004EB441117
:103CD00001EB8101B04A02EB411105EB451202EB09
:103CE000820201EBC20106EB461202EB820201EBFB
:103CF0008201C7EB071201EB820108EB880211F881
:103D0000221050F82100401C04EB4412A44901EB9E
:103D1000821105EB451201EB021106EB461201EB95
:103D2000C20107EB470201EBC20101EBC80104EB42
:103D3000441202EB8202984B03EB421205EB45134F
:103D400003EB830302EBC30206EB461303EB83038F
:103D500002EB8302C7EB071302EB830208EB880335
:103D600012F8232041F8220079E104EB44108D4938
:103D700001EB801005EB451100EB011006EB46113D
:103D800000EBC10007EB470100EBC10000EBC800EE
:103D900004EB441101EB81017F4A02EB411105EB79
:103DA000451202EB820201EBC20106EB461202EB66
:103DB000820201EB8201C7EB071201EB820108EBE3
:103DC000880211F8221000EB810080ED008A04EBDC
:103DD0004410724901EB801005EB451100EB011016
:103DE00006EB461100EBC10007EB470100EBC100F9
:103DF00000EBC80004EB441101EB8101664A02EBC1
:103E0000411105EB451202EB820201EBC20106EB08
:103E1000461202EB820201EB8201C7EB071201EBB3
:103E2000820108EB880211F8221000EB810090ED6E
:103E3000000A30EE080A04EB4410584901EB8010E8
:103E400005EB451100EB011006EB461100EBC1003C
:103E500007EB470100EBC10000EBC80004EB441185
:103E600001EB81014C4A02EB411105EB451202EBDB
:103E7000820201EBC20106EB461202EB820201EB69
:103E80008201C7EB071201EB820108EB880211F8EF
:103E9000221000EB810080ED000A04EB4411404841
:103EA00000EB811005EB451100EB011006EB46110C
:103EB00000EBC10007EB470100EBC10000EBC800BD
:103EC00004EB441101EB8101334A02EB411105EB94
:103ED000451202EB820201EBC20106EB461202EB35
:103EE000820201EB8201C7EB071201EB820108EBB2
:103EF000880211F8221050F82100401C04EB4412F3
:103F0000274901EB821105EB451201EB021106EB8B
:103F1000461201EBC20107EB470201EBC20101EBC4
:103F2000C80104EB441202EB82021B4B03EB42126A
:103F300005EB451303EB830302EBC30206EB4613C9
:103F400003EB830302EB8302C7EB071302EB83024D
:103F500008EB880312F8232041F822007FE097E065
:103F600091E08BE085E07EE004EB441000EB800004
:103F7000094901EB401005EB451101EB810100EB14
:103F8000C10006EB461101EB810100EB8100C7EB9C
:103F9000071100EB810007E048EB0024488800246B
:103FA000C898002448A9002408EB880100EB810090
:103FB00040780C2853DB002004EB441101EB810115
:103FC000374A02EB411105EB451202EB820201EB8D
:103FD000C20106EB461202EB820201EB8201C7EB43
:103FE000071201EB820108EB880201F8220004EBC2
:103FF000441101EB81012A4A02EB411105EB451204
:1040000002EB820201EBC20106EB461202EB8202D6
:1040100001EB8201C7EB071201EB820108EB88027A
:1040200001EB8201487004EB441101EB81011C4A51
:1040300002EB411105EB451202EB820201EBC201DA
:1040400006EB461202EB820201EB8201C7EB07127C
:1040500001EB820108EB880201EB8201087408F190
:10406000010000F0FF08B8F1030FFFF686AB781CE3
:10407000C7B20B2FFFF67EAB701CC6B2022EFFF646
:1040800077AB681CC5B2042DFFF670AB601CC4B2E0
:10409000022CFFF669ABBDEC028BBDE8F09F00007F
:1040A00048EB002410B504462046D5F7A9F910BD09
:1040B0007047704700B541EC100B2DED028B83B0BB
:1040C000B1EEC08B18EE100A18EE901A8DED008B31
:1040D000002818BF0120084320F00040C0F17F6095
:1040E00000F1E040C00F14D010EE101A10EE900A4C
:1040F0008DED000B002918BF0121084320F000407E
:10410000C0F17F6000F1E040C00F04BF0120D9F78B
:1041100009F851EC180B03B0BDEC028B00BD000098
:104120001CB54FF4C8610520EBF7EDFC00F0A2F8D8
:104130000020F5F741FB374800903748019068466A
:10414000DEF786FBDEF706F9DCF7FEFADCF7D0FCDB
:10415000DCF7F6F9E1F7EAFDDCF794FC4FF4E13027
:10416000DDF760FB4FF4E130DCF74AFD4FF4E1305E
:10417000DDF76EFE4FF4E130DCF77CFF4FF41650B4
:10418000DDF7A6FF4FF4E130DDF7D4F84FF4E1306E
:10419000DCF734FBEBF7B6FC204800682049B0FBA5
:1041A000F1F421461FA0D8F703FD2AA0D8F700FD9F
:1041B000002302224FF47A71C806DCF769FE00235F
:1041C00002224FF47A712748DCF762FE00230222B4
:1041D00001212548DCF75CFE00230222012123484F
:1041E000DCF756FE0023022201212148DCF750FEB5
:1041F0000120E5F76DFED9F718FDD9F736FCDBF79E
:10420000DDFCDBF7C9FEDCF7D1FDDCF72BFDEBF7BE
:1042100079FC1CBD79990408419904080000002428
:1042200040420F000D0A435055203A2053544D335D
:104230003248373433584948362C204247413234CB
:10424000302C20D6F7C6B53A2025644D487A0D0AA1
:10425000000000006D61696E2072756E2E2E2E0AB0
:10426000000000000004004000080040000C004076
:104270000010004008B50648009000980068054905
:10428000086000984068486000988068886008BDB1
:1042900000E8F11F4405002438B50446054880684D
:1042A00000900448436804A102682046D8F790FCB7
:1042B00038BD0000440500242530345825303458DA
:1042C00025303458000000007CB5044600BFFAF7E2
:1042D00065FFDFF73BFDDAF7A7FC09F00BF8F1F714
:1042E00021FC68B136A0D8F763FC4FF4FA70E0F710
:1042F0002FFB38A0D8F75CFC4FF4FA70E0F728FBEE
:1043000039A0D8F755FCEBF7FDFB09F08BF83948DD
:104310000A2100234FF40072CDE9001036A139487C
:104320000AF0ACFB3848052100234FF40062CDE9C8
:10433000001036A138480AF0A1FB384808210023B4
:10434000CA01CDE9001036A138480AF097FB384879
:1043500004210023CA01CDE9001036A138480AF033
:104360008DFB384808210023CA01CDE9001036A191
:1043700038480AF083FB3848022100230A02CDE9BD
:10438000001036A138480AF079FB3848092100238B
:104390004FF40062CDE9001035A138480AF06EFBF9
:1043A000EBF7B0FB09F0B8FD0546294634A0D8F775
:1043B000FFFB3948006809F0C1FA09F083F87CBDB9
:1043C0006C77495020496E6974206661696C656438
:1043D00021210A005265747279696E672E2E2E2093
:1043E0002020202020200A0072756E2068657265EA
:1043F00021210A0010000024616C61726D5F7461FC
:10440000736B000029E50208140000246170705FDE
:104410007461736B0000000015F602081800002498
:104420006574685F7461736B00000000156A0308AF
:104430001C0000246465745F7461736B00000000ED
:10444000D94D03082000002467736D5F7461736B9E
:1044500000000000999C0308240000247072696E1B
:10446000745F7461736B000075D104082800002428
:1044700073696E676C655F7461736B002D3305083B
:104480004672656520686561703A2025642062790E
:104490007465730A000000000C0000241CB5064877
:1044A000022100230A02CDE9001004A106480AF007
:1044B000E5FA09F00DFC1CBD0C0000247374617258
:1044C000745F7461736B0000C942050802460120E5
:1044D00020EA1210054B187018460078012802D106
:1044E00001F1480070470846FCE70000230500245E
:1044F0002DE9F04105460E4690463046CCF721F8AE
:10450000074617B92846BDE8F0812C460CE0207814
:104510003178884207D13A4631462046CCF73CF8FC
:1045200008B92046EFE7641C207820B1E01905EBBC
:1045300008018842EBD90020E5E700002DE9F843A7
:1045400005460E46174600BF45B900BF24A340F2FA
:1045500087122DA130A0D8F72BFB00BF00BF00BFF2
:10456000286840B900BF1EA34FF4C47234A12AA02A
:10457000D8F71EFB00BF00BF06B96E46002F12D150
:104580007A1E314628680AF035F8044600BF012C2F
:1045900008D000BF12A340F291122EA11EA0D8F79E
:1045A00007FB00BF1AE0B8464246314628680AF0C9
:1045B00021F8044624B900203060401EBDE8F8838D
:1045C00000BF012C08D000BF05A34FF4CD7221A17C
:1045D00011A0D8F7EDFA00BF00BF00BF0120EDE742
:1045E0002E2E5C2E2E5C4D6964646C65776172655D
:1045F000735C6C7769705C617263685C7379735F1C
:10460000617263682E6300006D626F7820213D2027
:104610004E554C4C00000000417373657274696F15
:104620006E2022257322206661696C6564206174A6
:10463000206C696E6520256420696E2025730A0050
:104640006D626F782D3E6D627820213D204E554C75
:104650004C0000006D626F782066657463682066A8
:1046600061696C6564000000F8B504460E4600BF41
:1046700044B900BF18A34FF4D47221A124A0D8F7E5
:1046800097FA00BF00BF00BF206840B900BF12A367
:1046900040F2A91228A11EA0D8F78AFA00BF00BFD5
:1046A00006B96E4600223146206809F0A3FF054690
:1046B0001DB900203060401EF8BD00BF012D08D09C
:1046C00000BF05A34FF4DA7220A111A0D8F770FA49
:1046D00000BF00BF0120EFE72E2E5C2E2E5C4D693F
:1046E00064646C6577617265735C6C7769705C613A
:1046F0007263685C7379735F617263682E63000034
:104700006D626F7820213D204E554C4C000000001A
:10471000417373657274696F6E202225732220665F
:1047200061696C6564206174206C696E6520256424
:1047300020696E2025730A006D626F782D3E6D62D0
:104740007820213D204E554C4C0000006D626F7862
:10475000206665746368206661696C6564000000AA
:1047600010B508F05FFE012010BD00002DE9F041FA
:1047700005460E4600BF45B900BF22A34FF4907214
:104780002AA12DA0D8F714FA00BF00BF00BF2868E7
:1047900040B900BF1BA340F2211231A126A0D8F7D7
:1047A00007FA00BF00BF002E11D1711E286809F062
:1047B000E1FF044600BF012C08D000BF11A34FF455
:1047C00093722CA11CA0D8F7F3F900BF18E037466C
:1047D0003946286809F0CEFF04461CB94FF0FF3077
:1047E000BDE8F08100BF012C08D000BF05A34FF445
:1047F000977220A110A0D8F7DBF900BF00BF00BF5F
:104800000120EDE72E2E5C2E2E5C4D6964646C65F4
:1048100077617265735C6C7769705C617263685C08
:104820007379735F617263682E63000073656D2036
:10483000213D204E554C4C00417373657274696F75
:104840006E2022257322206661696C656420617484
:10485000206C696E6520256420696E2025730A002E
:1048600073656D2D3E73656D20213D204E554C4C7A
:104870000000000074616B696E672073656D617084
:10488000686F7265206661696C65640010B50446E6
:1048900008F018FE10BD000010B500BF4C480068BD
:1048A00000F4003000B139E000BF00BF00BFBFF32B
:1048B0004F8F00BF00BF00BF00BF00BF00BFBFF3EE
:1048C0006F8F00BF00BF00BF00204249086000BFDB
:1048D00000BF00BFBFF34F8F00BF00BF00BF00BFCE
:1048E00000BF00BFBFF36F8F00BF00BF00BF3848DD
:1048F000006840F400303649086000BF00BF00BFC8
:10490000BFF34F8F00BF00BF00BF00BF00BF00BF9D
:10491000BFF36F8F00BF00BF00BF00BF00BF2C4BB5
:104920001B6803F4803303B148E00023284C703443
:10493000236000BF00BF00BFBFF34F8F00BF00BFA9
:1049400000BF231F1868C0F34E3100BFC0F3C90277
:1049500000BF43F6E07303EA41134FF0404404EA1A
:10496000827423431B4C1034236000BF00BF131E0E
:10497000A2F10102EDD10B1EA1F10101E6D100BFB0
:1049800000BF00BFBFF34F8F00BF00BF00BF104B81
:104990001B6843F480330E4C236000BF00BF00BF90
:1049A000BFF34F8F00BF00BF00BF00BF00BF00BFFD
:1049B000BFF36F8F00BF00BF00BF00BF05484C3082
:1049C000006840F0040003494C31086010BD00004D
:1049D00014ED00E050EF00E02DE9F04100F08EFA18
:1049E000074600BF0F4804680CB9BDE8F081606855
:1049F000381AB0F1004F01D3012000E0002000B1CF
:104A0000F3E7084920680860A568E6680649606819
:104A1000086021460C20F4F797FC0DB13046A847FA
:104A2000E0E700002C03002430030024704772B636
:104A3000704762B67047000010B5044600BF44B925
:104A400000BF0DA340F2BF1215A119A0D8F7B0F80E
:104A500000BF00BF00BF206840B900BF06A34FF4ED
:104A6000E0721DA112A0D8F7A3F800BF00BF206814
:104A700008F08AFE10BD00002E2E5C2E2E5C4D69C3
:104A800064646C6577617265735C6C7769705C6196
:104A90007263685C7379735F617263682E63000090
:104AA0006D626F7820213D204E554C4C0000000077
:104AB000417373657274696F6E20222573222066BC
:104AC00061696C6564206174206C696E6520256481
:104AD00020696E2025730A006D626F782D3E6D622D
:104AE0007820213D204E554C4C00000070B5044606
:104AF0000D4600BF44B900BF11A340F245121AA1F0
:104B00001DA0D8F755F800BF00BF00BF002D08DC7E
:104B100000BF0BA34FF4A37221A117A0D8F748F848
:104B200000BF00BF00220421284609F0DDFA206002
:104B3000206810B94FF0FF3070BD0020FCE7000086
:104B40002E2E5C2E2E5C4D6964646C6577617265F7
:104B5000735C6C7769705C617263685C7379735FB6
:104B6000617263682E6300006D626F7820213D20C2
:104B70004E554C4C00000000417373657274696FB0
:104B80006E2022257322206661696C656420617441
:104B9000206C696E6520256420696E2025730A00EB
:104BA00073697A65203E20300000000073B504462A
:104BB00000BF44B900BF18A34FF4B07220A124A0D5
:104BC000D7F7F6FF00BF00BF00BF206840B900BFA5
:104BD00011A340F2611228A11DA0D7F7E9FF00BF81
:104BE00000BF00231A4601A9206809F043FB0546CF
:104BF000012D01D100207CBD00BF45B100BF06A33F
:104C000040F2671221A112A0D7F7D2FF00BF00BF68
:104C10004FF0FF30EFE700002E2E5C2E2E5C4D692A
:104C200064646C6577617265735C6C7769705C61F4
:104C30007263685C7379735F617263682E630000EE
:104C40006D626F7820213D204E554C4C00000000D5
:104C5000417373657274696F6E202225732220661A
:104C600061696C6564206174206C696E65202564DF
:104C700020696E2025730A006D626F782D3E6D628B
:104C80007820213D204E554C4C0000006D626F781D
:104C900020747279706F7374206661696C6564004A
:104CA00070B5044600BF3CB900BF13A3DB221CA1B2
:104CB0001FA0D7F77DFF00BF00BF00BF206838B935
:104CC00000BF0DA3DC2224A119A0D7F771FF00BFFC
:104CD00000BF4FF0FF31206809F02EFE054600BFEF
:104CE000012D07D000BF04A3DF2220A110A0D7F719
:104CF0005FFF00BF00BF70BD2E2E5C2E2E5C4D6985
:104D000064646C6577617265735C6C7769705C6113
:104D10007263685C7379735F617263682E6300000D
:104D20006D7574657820213D204E554C4C00000077
:104D3000417373657274696F6E2022257322206639
:104D400061696C6564206174206C696E65202564FE
:104D500020696E2025730A006D757465782D3E6D8F
:104D6000757420213D204E554C4C00006661696CE5
:104D7000656420746F2074616B6520746865206DB4
:104D8000757465780000000010B5044600BF3CB99A
:104D900000BF09A3CC2212A115A0D7F709FF00BFBD
:104DA00000BF042009F08EF92060206810B94FF090
:104DB000FF3010BD0020FCE72E2E5C2E2E5C4D69CE
:104DC00064646C6577617265735C6C7769705C6153
:104DD0007263685C7379735F617263682E6300004D
:104DE0006D7574657820213D204E554C4C000000B7
:104DF000417373657274696F6E2022257322206679
:104E000061696C6564206174206C696E652025643D
:104E100020696E2025730A0070B5044600BF3CB9B6
:104E200000BF12A3E6221BA11EA0D7F7C1FE00BF40
:104E300000BF00BF206838B900BF0CA3E72223A140
:104E400018A0D7F7B5FE00BF00BF206809F098FB97
:104E5000054600BF012D07D000BF04A3EA2220A110
:104E600010A0D7F7A5FE00BF00BF70BD2E2E5C2E90
:104E70002E5C4D6964646C6577617265735C6C77F8
:104E800069705C617263685C7379735F6172636897
:104E90002E6300006D7574657820213D204E554CC1
:104EA0004C000000417373657274696F6E20222597
:104EB0007322206661696C6564206174206C696E80
:104EC0006520256420696E2025730A006D75746560
:104ED000782D3E6D757420213D204E554C4C0000C0
:104EE0006661696C656420746F20676976652074FB
:104EF0006865206D757465780000000010B509F0D4
:104F000003FE10BD4A0A52020243014B1A60704769
:104F100008ED00E010B5044600BF44B900BF0EA381
:104F20004FF49D7216A119A0D7F742FE00BF00BF33
:104F300000BF206840B900BF07A340F23B121DA18B
:104F400012A0D7F735FE00BF00BF206808F01CFC98
:104F50000020206010BD00002E2E5C2E2E5C4D69BE
:104F600064646C6577617265735C6C7769705C61B1
:104F70007263685C7379735F617263682E630000AB
:104F800073656D20213D204E554C4C004173736577
:104F90007274696F6E2022257322206661696C65C8
:104FA00064206174206C696E6520256420696E2020
:104FB00025730A0073656D2D3E73656D20213D20BC
:104FC0004E554C4C0000000070B504460D4600BF25
:104FD0003CB900BF1CA3FD2225A128A0D7F7E8FDFE
:104FE00000BF00BF00BF002D09D0012D07D000BFBA
:104FF00015A3FE222BA121A0D7F7DAFD00BF00BF29
:1050000003220021012009F06FF82060206810B908
:105010004FF0FF3070BD012D14D100231A46194600
:10502000206809F027F9064600BF012E08D000BF0E
:1050300005A34FF4857224A110A0D7F7B9FD00BFD6
:1050400000BF00BF0020E5E72E2E5C2E2E5C4D69D0
:1050500064646C6577617265735C6C7769705C61C0
:105060007263685C7379735F617263682E630000BA
:1050700073656D20213D204E554C4C004173736586
:105080007274696F6E2022257322206661696C65D7
:1050900064206174206C696E6520256420696E202F
:1050A00025730A00696E697469616C5F636F756E60
:1050B0007420696E76616C696420286E6F7420308C
:1050C000206F7220312900007379735F73656D5F03
:1050D0006E65773A20696E697469616C20676976DC
:1050E00065206661696C65640000000070B5044667
:1050F00000BF44B900BF16A340F213121EA121A0A5
:10510000D7F756FD00BF00BF00BF206840B900BF01
:105110000FA34FF48A7225A11AA0D7F749FD00BF4B
:1051200000BF00231A461946206809F0A3F8054677
:1051300000BF012D0AD0002D08D000BF04A34FF4FA
:105140008C721FA10FA0D7F733FD00BF00BF70BD49
:105150002E2E5C2E2E5C4D6964646C6577617265E1
:10516000735C6C7769705C617263685C7379735FA0
:10517000617263682E63000073656D20213D204ECF
:10518000554C4C00417373657274696F6E20222513
:105190007322206661696C6564206174206C696E9D
:1051A0006520256420696E2025730A0073656D2DC6
:1051B0003E73656D20213D204E554C4C0000000093
:1051C0007379735F73656D5F7369676E616C3A20A5
:1051D00073616E652072657475726E2076616C7590
:1051E000650000002DE9F0419CB080460C46154654
:1051F0001E4600274048006820F004003E49086031
:1052000000BF002000903D48006820F001003B49AD
:1052100008600846006800F00100009036480C3035
:10522000006840F4404034490C310860084600688A
:1052300000F44040009000BF00BF00BF2E480C307B
:10524000006800F40050B0F5005FF7D12120019014
:105250004FF48030029000200490089001200790C5
:1052600002200A9002210B91CDF834800C940E9507
:105270000F9600211291082111910021139101A88C
:10528000D1F79EFF07461FB101201CB0BDE8F08199
:105290003F201490032015900020169008201790AE
:1052A0004020199000011A90402018901B90042172
:1052B00014A8D1F795FC07460FB10120E5E7D0F718
:1052C00087FC0F48006840F080000D49086000BF6F
:1052D0000B48F430006840F002000949F4310860DE
:1052E0000846006800F00200009000BF00BFCFF742
:1052F000EDFF0020C9E700000C4802582C040058BC
:10530000004402582DE9FF4706460F4690461C46CA
:10531000DDF830A000BF002C08DC00BF13A34FF461
:10532000ED721CA120A0D7F743FC00BF00BFA1462F
:1053300003A81FFA89F243463146CDE900A038465A
:1053400009F09CFB054600BF012D08D000BF07A354
:105350004FF4F2721EA114A0D7F72AFC00BF00BFC1
:1053600003980290029804B0BDE8F0872E2E5C2EC0
:105370002E5C4D6964646C6577617265735C6C77F3
:1053800069705C617263685C7379735F6172636892
:105390002E630000696E76616C69642073746163CA
:1053A0006B73697A65000000417373657274696F8D
:1053B0006E2022257322206661696C656420617409
:1053C000206C696E6520256420696E2025730A00B3
:1053D0007461736B206372656174696F6E206661BE
:1053E000696C6564000000002DE9F04104460E463A
:1053F000174600BFB4F1804F08D300BF09A340F2A5
:10540000291213A120A0D7F7D3FB00BF00BFFFF7DD
:1054100075FD05193A463146284600F049F8BDE8C1
:10542000F08100002E2E5C2E2E5C4D6964646C654C
:1054300077617265735C6C7769705C7372635C63CF
:105440006F72655C74696D656F7574732E630000AF
:1054500054696D656F75742074696D6520746F6F24
:10546000206C6F6E672C206D6178206973204C571B
:1054700049505F55494E5433325F4D41582F3420C7
:105480006D73656373000000417373657274696FB7
:105490006E2022257322206661696C656420617428
:1054A000206C696E6520256420696E2025730A00D2
:1054B0002DE9F04106460F4690460C20F3F7C8FF51
:1054C0000446002C0CD100BF07D100BF20A3BE2290
:1054D0002AA13AA0D7F76CFB00BF00BFBDE8F0815E
:1054E00000202060A760C4F80C8066603D4800681A
:1054F00010B93C480460F1E73A49606809684968B6
:10550000401AB0F1004F01D3012000E0002028B183
:105510003448006820603348046017E0314805686B
:1055200011E0286850B1606829684968401AB0F1F4
:10553000004F01D3012000E0002018B1286820604E
:105540002C6002E02D68002DEBD100BF00BFC5E745
:105550002E2E5C2E2E5C4D6964646C6577617265DD
:10556000735C6C7769705C7372635C636F72655CAB
:1055700074696D656F7574732E6300007379735F62
:1055800074696D656F75743A2074696D656F7574B3
:1055900020213D204E554C4C2C20706F6F6C204DBF
:1055A000454D505F5359535F54494D454F55542015
:1055B000697320656D707479000000004173736534
:1055C0007274696F6E2022257322206661696C6592
:1055D00064206174206C696E6520256420696E20EA
:1055E00025730A002C03002410B5012408E00649A5
:1055F00001EBC40251F834000449FFF7F5FE641CC6
:10560000052CF4D310BD0000C8FC05087D5E04081D
:1056100070B51548006810B94FF0FF3070BDFFF746
:105620006DFC0446104800684068001BB0F1004F54
:1056300001D3012000E0002008B10020EEE70A4875
:1056400000684068051B00BFB5F1004F08D300BFDC
:1056500006A34FF4DC7210A114A0D7F7A9FA00BF7B
:1056600000BF2846DAE700002C0300242E2E5C2E13
:105670002E5C4D6964646C6577617265735C6C77F0
:1056800069705C7372635C636F72655C74696D658D
:105690006F7574732E630000696E76616C696420A7
:1056A000736C65657074696D6500000041737365A6
:1056B0007274696F6E2022257322206661696C65A1
:1056C00064206174206C696E6520256420696E20F9
:1056D00025730A0038B505460C4624B1012C0DD0BF
:1056E000022C17D110E00C48806800900A484368EB
:1056F0000AA102682846D7F76BFA0BE00BA20FA1AC
:105700002846D7F765FA05E00DA20CA12846D7F781
:105710005FFA00BF00BF38BD44050024253034586F
:10572000253034582530345800000000312E302EFA
:10573000302E3230323531323133000025730000E3
:10574000464E2D4A5454592D5059000010B54FF46F
:1057500000318802FFF7D6FB00BF04200E49086025
:1057600000BFF3F7CFFEFFF797F8D0F7E9F804236F
:1057700002220521C020FFF735FD4FF4F070DFF75E
:10578000CBF84FF4E130DCF791F904A203A105A0B6
:10579000DDF7EAFA10BD00009CEF00E056312E3034
:1057A0002E300000436D4261636B7472616365006B
:1057B0002DE9FF5F04460E4600BF0CB9BDE8FF9F10
:1057C00000BF00BF207D012808D100BF38A34FF4DF
:1057D000107241A14DA0D7F7EBF900BF00BF207DAB
:1057E0000A2807D12146534803F056F9204601F014
:1057F000AFF85AE04FF0000AD346276DD4F8248062
:10580000D4F88C50D4F81090207DE8B9E08A38B3F1
:1058100000BF49480068A04205D147480068C068F9
:10582000454908600DE04449086806E0C168A142A6
:1058300002D1E168C16002E0C0680028F6D100BF73
:1058400000BF0020E0600BE0B246B4F816B000BF25
:1058500021463A4803F020F901203949087000BF79
:10586000206F10B1206F04F024FEE06E10B1E06EE6
:1058700004F01FFEBAF1000F0AD0208B211D234631
:105880004246CDE9001B02903946204604F074FDE3
:10589000207D0390204601F05BF800BF1DB16FF042
:1058A0000C014846A84700BF00BF00BF86E70000C4
:1058B0002E2E5C2E2E5C4D6964646C65776172657A
:1058C000735C6C7769705C7372635C636F72655C48
:1058D0007463702E63000000646F6E277420636130
:1058E0006C6C207463705F61626F72742F7463708C
:1058F0005F6162616E646F6E20666F72206C6973A7
:1059000074656E2D706362730000000041737365EF
:105910007274696F6E2022257322206661696C653E
:1059200064206174206C696E6520256420696E2096
:1059300025730A00F8020024EC020024F40200247B
:10594000FC02002410B5044601212046FFF730FF79
:1059500010BD28B1027D012A02D10246916100BF2B
:105960007047000070B505460C46164600BF002C77
:1059700008D100BF07A34FF4447210A117A0D7F7B6
:1059800017F900BF00BF2046FFF7DCFF6FF00C00E7
:1059900070BD00002E2E5C2E2E5C4D6964646C651B
:1059A00077617265735C6C7769705C7372635C635A
:1059B0006F72655C7463702E630000007463705FC7
:1059C0006163636570745F6E756C6C3A20696E76A6
:1059D000616C69642070636200000000417373654C
:1059E0007274696F6E2022257322206661696C656E
:1059F00064206174206C696E6520256420696E20C6
:105A000025730A0070B505460220F3F721FD044610
:105A10001CBB01F0FBF801F097FE0220F3F718FD24
:105A20000446CCB9092001F02BFE0220F3F710FD4B
:105A3000044684B9082001F023FE0220F3F708FD94
:105A400004463CB9284601F0E7FD0220F3F700FDCB
:105A5000044600BF00BF00BF00BF44B398212046EA
:105A6000CAF730FD1434657043F6BC60A4F85000EA
:105A700040F66830E082A082FF2004F8090C4FF461
:105A80000670E0830620A0856085C01FA0830120EA
:105A9000A08608480068E06007480078A07243F6D6
:105AA000BC60E0860548E0660548E067143C204697
:105AB00070BD0000E8020024FE020024259D0508B8
:105AC00000DD6D0000B10161704700002DE9F04775
:105AD00005460C4617464FF0040904B9244C00BF94
:105AE0001DB96FF00F00BDE8F08700BF00BF287D33
:105AF00010B16FF00500F6E700BF37B902F0AEF85D
:105B000007460FBB6FF00100EDE74FF0000819E00A
:105B1000184850F82800066810E0F08AB8420CD106
:105B200046B1306830B12CB1206818B130682168B6
:105B3000884202D16FF00700D5E7F668002EECD15D
:105B400008F10108C845E3DB34B1206820B10CB985
:105B5000002000E020682860EF8200BF064800684F
:105B6000E8600548056005F045FB00BF0020BAE786
:105B7000F4FC0508B8FC0508EC02002421B191F8FA
:105B80003420521C027201E00022027270470000B1
:105B90001CB507F047FC0748082100238A01CDE91E
:105BA000001005A1084808F069FF07F08BFC2046AB
:105BB0001CBD0000980300247463705F636C69650A
:105BC0006E745F7461736B00355C050810B500205E
:105BD000024981F82A00FFF7DBFF10BDB0C503249E
:105BE00010B50020104981F82A0001210220EAF7AF
:105BF00081F80D488078022803D10C480068F3F73B
:105C0000C7FF0A480068F4F703F800200749086056
:105C10000549887007F006FC0548006807F08EFE0D
:105C200007F050FC10BD0000B0C503248803002419
:105C3000980300242DE9F84380460027F0E07A48D5
:105C40008078012872D17848008C7849088076489D
:105C5000807B01067448C07B41EA00417248007CA9
:105C600041EA00207049497C084302066E48807B67
:105C700001066D48C07B41EA00416B48007C41EA67
:105C800000206949497C084300F47F4042EA002231
:105C90006548807B01066448C07B41EA0041624858
:105CA000007C41EA00206049497C084300F47F0001
:105CB00042EA10225C48807B01065B48C07B41EAD7
:105CC00000415948007C41EA00205749497C08437B
:105CD00042EA106056490860002211461020F4F78D
:105CE00015F9544908600846006810B9E0F75AFEF3
:105CF00097E04E4802884E494E480068F3F76AFF25
:105D00000646A6B14B480068F3F782FF00204949D8
:105D10000860781CC7B2052F74DD002042498870E6
:105D200000274FF47A70D9F765FC7AE017E002207B
:105D30003D4988700020D9F7F7F802210846E9F7B5
:105D4000D9FF0A203B490968C86101233A4A3B4907
:105D500038480068F4F78CF8D9F784F852E03248F4
:105D6000807802284ED13648008800F40040B0F513
:105D7000004F17D10020009031480088C0F30D0279
:105D80000123304801682B480068F4F7B3FB06464E
:105D900016B10420D9F770FA2948008820F4004091
:105DA00027490880284923480068F4F797F9051E19
:105DB00019D107F037FB24480068046807E06089C0
:105DC000002803DD61896068DEF788FC2468002C08
:105DD000F5D107F077FB1C480068F3F7D4FD0020ED
:105DE000194908600EE005F10F0058B91148006824
:105DF000F3F7CEFE0F480068F3F70AFF00200A49C8
:105E000088700027084890F82A00012805D1002052
:105E1000054981F82A00FFF7E3FE0A2007F04CFD50
:105E20000DE700BFBDE8F883B0C50324A403002438
:105E30009C03002488030024A6030024A00300245C
:105E40008C030024900300249403002410B504461E
:105E500000BF14B96FF00F0010BD00BF207D0128F6
:105E600005D000BF608B40F01000608300BF0121AF
:105E7000204600F001F8EFE73EB504460D4600BFAE
:105E8000002C08D100BF55A34FF4AF725DA165A0EF
:105E9000D6F78EFE00BF00BF002D57D0207D04280E
:105EA00002D0207D072851D1606F20B9208D40F6A7
:105EB000683188424AD000BFA07E00F0100040B98F
:105EC00000BF46A34FF4B27260A156A0D6F770FE91
:105ED00000BF00BF208BE18A221DCDE90021029086
:105EE00023462046626A216D04F046FA204602F0FD
:105EF000ADFD00BF00BF5C480068A04205D15A4814
:105F00000068C068584908600DE05749086806E015
:105F1000C168A14202D1E168C16002E0C068002806
:105F2000F6D100BF00BF0020E06000BF01204F4954
:105F3000087000BF4E480068A04202D105F026FA62
:105F400002E0204600F004FD00203EBD207D20B18F
:105F5000012824D002283AD12CE0E08AD8B100BF31
:105F600044480068A04205D142480068C0684149E1
:105F700008600DE03F49086806E0C168A14202D10F
:105F8000E168C16002E0C0680028F6D100BF00BF30
:105F90000020E06000BF204600F0DAFC1BE0204655
:105FA00001F0F0FB2146344802F076FD204600F077
:105FB000BFFD10E000BF21462B4802F06DFD01201F
:105FC0002A49087000BF204600F0C2FC03E02046CA
:105FD00000F054F8B9E700BF0020B6E72E2E5C2E83
:105FE0002E5C4D6964646C6577617265735C6C7777
:105FF00069705C7372635C636F72655C7463702E4E
:10600000630000007463705F636C6F73655F736837
:106010007574646F776E3A20696E76616C6964207E
:1060200070636200417373657274696F6E2022251C
:106030007322206661696C6564206174206C696EEE
:106040006520256420696E2025730A007063622D27
:106050003E666C61677320262054465F5258434C5D
:106060004F53454400000000F4020024FC020024C9
:1060700028030024EC020024F002002470B5054639
:1060800000BF45B900BF1EA34FF4CE7226A129A0C0
:10609000D6F78EFD00BF00BF287D032804D004285A
:1060A0000AD0072818D10FE0284604F0ABFA0446BE
:1060B0000CB90520287511E0284604F0A3FA04461F
:1060C0000CB90520287509E0284604F09BFA04461F
:1060D0000CB90920287501E0002070BD00BF1CB973
:1060E000284601F041FE09E0601C38B900BF688B0A
:1060F00040F00800688300BF0020EEE72046ECE790
:106100002E2E5C2E2E5C4D6964646C657761726521
:10611000735C6C7769705C7372635C636F72655CEF
:106120007463702E6300000070636220213D204E76
:10613000554C4C00417373657274696F6E20222553
:106140007322206661696C6564206174206C696EDD
:106150006520256420696E2025730A002DE9F05F13
:1061600004460E4691469A46002700BF1CB96FF0C0
:106170000F00BDE8F09F00BF00BF16B96FF00F0021
:10618000F7E700BF00BF207D10B16FF00900F0E716
:1061900000BF0EB9002000E030686060A4F81890DD
:1061A000207A20B1207AF4F727FC074603E0201D6F
:1061B000E8F7ECFE074617B96FF00300D9E70CB11A
:1061C000206858B90FB1381D00E00020014611B910
:1061D0006FF00300CDE70868206000BFB4F816B088
:1061E000E08A38B901F03AFDE082E08A10B96FF038
:1061F0000100BEE7204601F065FD05460020606213
:106200002565681E6064A065E06540F668306085BD
:106210002085606AE06240F66830A4F860004FF4C0
:1062200006706086608E221D394600F02FF9608668
:106230000120A4F84800C4F884A00221204600F000
:106240008BF98046B8F1000F31D102202075BBF1E7
:10625000000F1BD000BF17480068A04205D11548A9
:106260000068C068134908600DE01249086806E03C
:10627000C168A14202D1E168C16002E0C0680028A3
:10628000F6D100BF00BF0020E06000BF00BF00BF2C
:1062900009480068E0600848046004F0ABFF00BFF4
:1062A00001200649087000BF204601F05DFD404610
:1062B0005FE70000EC020024F4020024FC0200244A
:1062C0002DE9F05F80460D4691469A460A9F00BF31
:1062D000B8F1000F07D100BF40A3A3224AA152A0EA
:1062E000D6F766FC00BF00BF00BF002D07D100BF7E
:1062F0003AA3A42256A14CA0D6F75AFC00BF00BF77
:1063000007F0010008B1042000E0002007F00201BE
:1063100009B1002100E00021084407F0080109B19B
:10632000002100E00021084407F0100109B100211C
:1063300000E0002146180420F3F78AF8041E05D176
:106340002846F5F7F7F80020BDE8F09FA772002077
:106350002060656000BF2889B04207DA00BF1FA334
:10636000B02244A130A0D6F723FC00BF00BF28898B
:10637000801B208114212846F4F78AFC20B1204696
:1063800004F08AF80020DFE760684068E060B8F851
:106390001600EFF7A8FDE1680880B8F81800EFF7DD
:1063A000A2FDE16848805046EFF790FDE168486043
:1063B000B346F11706EB91718910491D4FF6FF7234
:1063C00002EA013141EA0900EFF78DFDE1688881B9
:1063D0000020E16848822046B6E700002E2E5C2EA1
:1063E0002E5C4D6964646C6577617265735C6C7773
:1063F00069705C7372635C636F72655C7463705F19
:106400006F75742E630000007463705F6372656162
:1064100074655F7365676D656E743A20696E766149
:106420006C69642070636200417373657274696F94
:106430006E2022257322206661696C656420617478
:10644000206C696E6520256420696E2025730A0022
:106450007463705F6372656174655F7365676D65B2
:106460006E743A20696E76616C696420706275663C
:1064700000000000702D3E746F745F6C656E203EEE
:106480003D206F70746C656E000000002DE9F041D6
:1064900006460D46174600BF002F08D100BF10A3C7
:1064A00040F6C90218A122A0D6F782FB00BF00BFA8
:1064B00015B93046BDE8F0812C8D74B12820844296
:1064C00002DD211A89B200E000218846464501DA42
:1064D000314600E041460E4600BF3046EAE7000084
:1064E0002E2E5C2E2E5C4D6964646C65776172653E
:1064F000735C6C7769705C7372635C636F72655C0C
:106500007463702E630000007463705F6566665F7D
:1065100073656E645F6D73735F6E657469663A2050
:10652000696E76616C6964206473745F69700000E1
:10653000417373657274696F6E2022257322206621
:1065400061696C6564206174206C696E65202564E6
:1065500020696E2025730A002DE9F84304460D4694
:106560000027B94600BF05F0030040B900BF60A393
:1065700040F2124269496AA0D6F71AFB00BF00BF79
:1065800000BF002C08D100BF59A340F214426EA1F5
:1065900063A0D6F70DFB00BF00BF05F0020000B1FD
:1065A000012707F0010008B1042000E0002007F0F7
:1065B000020109B1002100E00021084407F00801B0
:1065C00009B1002100E00021084407F0100109B1E1
:1065D000002100E0002100EB01094FF42072494640
:1065E0003620F4F7CFFBB0F1000809D100BF608B73
:1065F00040F08000608300BF4FF0FF30BDE8F883BB
:1066000000BFB8F80A00484508DA00BF38A340F2D6
:106610003A4255A142A0D6F7CBFA00BF00BF00977F
:106620002A4641462046E36DFFF74AFE061E07D183
:1066300000BF608B40F08000608300BF701EDDE70C
:1066400000BF307B00F0030040B100BF28A340F240
:10665000434254A132A0D6F7ABFA00BF00BF00BF3F
:10666000308940B100BF22A340F2444253A12CA084
:10667000D6F79EFA00BF00BFE06E08B9E66607E0F5
:10668000E06E00E0006801680029FBD1066000BFF1
:106690000020A4F8680005F0020010B905F0010020
:1066A00010B1E06D401CE06505F0010028B100BFAD
:1066B000608B40F02000608300BF7068F4F7B9FD84
:1066C00034F8661F0844208034F8660970B100BFB2
:1066D000206F50B9E06E40B900BF05A340F266429A
:1066E00041A10FA0D6F764FA00BF00BF002085E7E4
:1066F0002E2E5C2E2E5C4D6964646C65776172652C
:10670000735C6C7769705C7372635C636F72655CF9
:106710007463705F6F75742E63000000FC57060889
:10672000417373657274696F6E202225732220662F
:1067300061696C6564206174206C696E65202564F4
:1067400020696E2025730A007463705F656E717531
:106750006575655F666C6167733A20696E76616C1A
:1067600069642070636200007463705F656E7175A8
:106770006575655F666C6167733A20636865636B16
:106780002074686174206669727374207062756623
:106790002063616E20686F6C64206F70746C656E2E
:1067A000000000007365672D3E746370686472209A
:1067B0006E6F7420616C69676E6564007463705FEE
:1067C000656E71756575655F666C6167733A2069A2
:1067D0006E76616C6964207365676D656E74206C9C
:1067E000656E6774680000007463705F656E717534
:1067F0006575655F666C6167733A20696E76616C7A
:106800006964207175657565206C656E67746800D4
:1068100070B504460D46002C0FD000BF207D012826
:1068200008D100BF05A34FF401620EA117A0D6F74F
:10683000BFF900BF00BFC4F88C5070BD2E2E5C2E77
:106840002E5C4D6964646C6577617265735C6C770E
:1068500069705C7372635C636F72655C7463702EE5
:1068600063000000696E76616C696420736F636B0E
:10687000657420737461746520666F72206572722E
:106880002063616C6C6261636B000000417373652F
:106890007274696F6E2022257322206661696C65AF
:1068A00064206174206C696E6520256420696E2007
:1068B00025730A0070B523480078401C21490870F0
:1068C00000BF2148046839E0A07F1E49097888424A
:1068D00033D01C480078A077A07E00F0010078B18A
:1068E00000BF608B40F00200608300BF204601F0D3
:1068F0003BFA00BF608B4FF6FC710840608300BF1D
:10690000A07E00F0080048B100BF608B4FF6F77121
:106910000840608300BF2046FFF7B0FBE568606F6A
:1069200048B1002009490870204602F073FD07486D
:10693000007800B1C5E72C4600E0E468002CC3D124
:1069400070BD0000FE020024F4020024FC020024BA
:1069500010B5044600BF207D012807D100BF06A363
:10696000D4220FA113A0D6F723F900BF00BF214600
:106970000220F2F7E9FC10BD2E2E5C2E2E5C4D6934
:1069800064646C6577617265735C6C7769705C7365
:1069900072635C636F72655C7463702E63000000E9
:1069A0007463705F667265653A204C495354454E76
:1069B00000000000417373657274696F6E202225B8
:1069C0007322206661696C6564206174206C696E55
:1069D0006520256420696E2025730A002DE9F047A3
:1069E00005460C469146984635E026462468706870
:1069F000F4F71FFC074600BFB5F86600B84208DA96
:106A000000BF22A34FF48B622BA135A0D6F7D0F89C
:106A100000BF00BF35F8660FC01B288030893A4997
:106A20000988084438490880304603F035FD35F8B8
:106A3000660900280FD000BF002C0BD1B8F1000F61
:106A400008D100BF11A340F2624230A124A0D6F7C2
:106A5000AFF800BF00BFB4B1E1684868EFF736FA9D
:106A60008246E1688889EFF73EFA00F0030008B13A
:106A7000012000E000202189084450442B49096886
:106A8000401A0028B1DD2046BDE8F0872E2E5C2E8E
:106A90002E5C4D6964646C6577617265735C6C77BC
:106AA00069705C7372635C636F72655C7463705F62
:106AB000696E2E63000000007063622D3E736E6489
:106AC0005F71756575656C656E203E3D2070627501
:106AD000665F636C656E286E6578742D3E70290064
:106AE000417373657274696F6E202225732220666C
:106AF00061696C6564206174206C696E6520256431
:106B000020696E2025730A001C0300247463705FE3
:106B1000726563656976653A2076616C6964207197
:106B200075657565206C656E6774680018030024D0
:106B300010B5044600BF207D012807D100BF06A381
:106B4000DF220FA115A0D6F733F800BF00BF214602
:106B50000320F2F7F9FB10BD2E2E5C2E2E5C4D6942
:106B600064646C6577617265735C6C7769705C7383
:106B700072635C636F72655C7463702E6300000007
:106B80007463705F667265655F6C697374656E3A95
:106B900020214C495354454E000000004173736559
:106BA0007274696F6E2022257322206661696C659C
:106BB00064206174206C696E6520256420696E20F4
:106BC00025730A000D4801880088401C0B4A10807C
:106BD0000B48006818B10B480088814205DA0A4862
:106BE000006800F11402505C704706480078081AEB
:106BF000C2B203480068805CF6E70000100300247E
:106C00000C0300240A0300240403002470B50B487D
:106C1000046810E0E568A07E00F0080048B100BFFD
:106C2000608B4FF6F7710840608300BF2046FFF786
:106C300025FA2C4600BF002CECD170BDF4020024D4
:106C400010B5C9F705FCC0F30D0000F5404001493F
:106C5000088010BDE40200242DE9FE4F05468B4656
:106C600000BF002D07D100BFE2A38322ECA1F2A058
:106C7000D5F79EFF00BF00BFF949686808606889C2
:106C8000142800DAC3E3F74A11685069E7F736FCC5
:106C900028B9F448007D00F0F000E02800D1B6E308
:106CA000EF4909688889EFF71EF900138700142F50
:106CB00002DB2889B84200DAA9E3A7F11400EA4907
:106CC00008800020E94908606889B84208DBE64886
:106CD0000088E749088039462846F4F75FFE4AE015
:106CE00000BF286838B900BFC2A3C222E1A1D2A068
:106CF000D5F75EFF00BF00BF14212846F4F74EFE13
:106D00006889DB490880D84800880988401A1FFA3A
:106D100080FAD74801882846F4F740FE2868408961
:106D2000504500DA73E328684068D049086051464E
:106D30002868F4F733FE2889A0EB0A00288100BFF9
:106D4000688938B100BFABA3DF22CEA1BAA0D5F7C6
:106D50002FFF00BF00BF00BF28892968098988422A
:106D600007D000BFA3A3E022C9A1B3A0D5F720FF9D
:106D700000BF00BF00BFBA4909680888EFF7B3F841
:106D8000B74909680880B64909684888EFF7ABF841
:106D9000B34909684880B24909684868EFF796F82E
:106DA000AF4909684860C2490860AD490968886808
:106DB000EFF78CF8AA4909688860BE490860A849BD
:106DC0000968C889EFF78FF8A5490968C881A449FF
:106DD00009688889EFF787F800F03F00B649087026
:106DE0002889B6490880B448007800F0030040B113
:106DF00008460088401C088028890988884200DDF0
:106E000005E34FF00009AE48046873E000BF207D41
:106E100038B900BF77A3FB22AAA187A0D5F7C8FE87
:106E200000BF00BF00BF207D0A2807D100BF71A3AB
:106E3000FC22AEA180A0D5F7BBFE00BF00BF00BF03
:106E4000207D012807D100BF6AA3FD22B2A17AA04C
:106E5000D5F7AEFE00BF00BF207A50B1217A81483D
:106E6000406890F83400401CC0B2814201D0A14675
:106E70003FE0208B7A4909680988884237D1E08A47
:106E8000774909684988884231D17649606809693B
:106E900088422CD1734920684969884227D100BFB4
:106EA000E068A04208D100BF52A340F20D12A4A195
:106EB00061A0D5F77DFE00BF00BFB9F1000F07D07C
:106EC000E068C9F80C007E480068E0607C48046017
:106ED00000BFE068A04208D100BF46A340F21512EF
:106EE000A2A155A0D5F764FE00BF00BF04E0A146F3
:106EF00000BFE468002C89D100BF002C78D1A648DF
:106F0000046839E000BF207D0A2808D000BF39A3FB
:106F100040F21F12A1A148A0D5F74AFE00BF00BF52
:106F2000207A48B1217A4F48406890F83400401CDC
:106F3000C0B2814200D01EE0208B4949096809880F
:106F4000884217D1E08A464909684988884211D1A8
:106F500044496068096988420CD1424920684969FE
:106F6000884207D1204604F061F92846F4F7E2FA96
:106F7000BDE8FE8F00BFE468002CC3D1A146934852
:106F800006681FE0307A50B1317A3648406890F890
:106F90003400401CC0B2814201D0B14611E0F08AF9
:106FA0002F4909684988884209D12E4930684969C2
:106FB000884200D108E00EB1306800B904E0B14663
:106FC00000BFF668002EDDD100BF8EB1B9F1000F11
:106FD00007D0F068C9F80C007C480068F0607B4876
:106FE0000660304600F034FC2846F4F7A3FABFE709
:106FF000EEE000002E2E5C2E2E5C4D6964646C6504
:1070000077617265735C6C7769705C7372635C63E3
:107010006F72655C7463705F696E2E6300000000C0
:107020007463705F696E7075743A20696E76616C16
:107030006964207062756600417373657274696F6C
:107040006E2022257322206661696C65642061745C
:10705000206C696E6520256420696E2025730A0006
:107060000403002470E90224080300240C03002414
:107070000A030024702D3E6E65787420213D204E59
:10708000554C4C00702D3E6C656E203D3D2030000F
:10709000702D3E746F745F6C656E203D3D20702DC9
:1070A0003E6E6578742D3E746F745F6C656E000083
:1070B0001403002418030024200300241E030024CA
:1070C000F40200247463705F696E7075743A206115
:1070D0006374697665207063622D3E7374617465B4
:1070E00020213D20434C4F53454400007463705FA2
:1070F000696E7075743A2061637469766520706397
:10710000622D3E737461746520213D2054494D45C4
:107110002D574149540000007463705F696E7075AB
:10712000743A20616374697665207063622D3E73E2
:107130007461746520213D204C495354454E000034
:107140007463705F696E7075743A207063622D3E6F
:107150006E65787420213D20706362202862656628
:107160006F72652063616368652900007463705FF6
:10717000696E7075743A207063622D3E6E65787426
:1071800020213D207063622028616674657220634F
:107190006163686529000000F80200247463705F71
:1071A000696E7075743A2054494D452D57414954C4
:1071B000207063622D3E7374617465203D3D2054E0
:1071C000494D452D5741495400000000F00200246C
:1071D000002C71D000209049086028890881084659
:1071E00045608E480068C86000208D4908608D4960
:1071F00008708D4908808D48007800F0080018B1AB
:10720000687B40F001006873606F80B1204602F037
:1072100001F90D3028B1606F48B185480088002819
:1072200005DD608D10B9204603F050F9BBE08148C0
:107230000460204601F052FD804608F10D00002850
:1072400016D07848007800F0080090B100BFD4F85C
:107250008C0028B16FF00D01D4F88C202069904784
:1072600000BF2146744801F017FC2046FFF770FB71
:1072700098E04FF000086C480088002817DD6A4845
:10728000B0F800A000BFE06F30B152462146E36F76
:1072900020699847804601E04FF0000800BF08F1E0
:1072A0000D0000B97FE000205F49088000BF204644
:1072B00000F0D8F808B176E085E059480068A8B336
:1072C00000BF606F50B100BFAFF2D8234FF4F3722C
:1072D0005AA1AFF29C20D5F76BFC00BF00BFA07E87
:1072E00000F0100038B14E480068F4F723F920464A
:1072F000FEF728FB57E000BFD4F8800048B1002318
:107300004749D4F880C020690A682146E047804692
:1073100007E00023424821460268184602F002FDB9
:10732000804600BF08F10D0008B93CE005E0B8F167
:10733000000F02D03A48006860673A48007800F0D1
:10734000200020B3606F30B1606F407B40F02000C0
:10735000616F48731BE0208D40F66831884202D08F
:10736000208D401C208500BFD4F8800040B1002350
:107370001A462146D4F880C02069E047804601E0E3
:107380004FF0000800BF08F10D0000B90BE000202D
:1073900028490860204600F065F800B103E0204667
:1073A00000F0E2FC00BF0020224908601C49086090
:1073B0001948406840B318494868F4F7BBF8002002
:1073C0001549486020E0154909688889EEF78BFD6A
:1073D00000F00400A8B91148006800880F49096846
:1073E00049881D4ACDE9002102901C4800681049D7
:1073F00009884218184B1B1D19480168002002F02B
:10740000BBFF2846F4F796F800BF00BFB0E528465A
:10741000F4F790F800BFABE580C303240403002415
:1074200024030024210300241C030024200300243F
:107430001E03002428030024F40200247063622D3C
:107440003E726566757365645F64617461203D3D7D
:10745000204E554C4C00000080E902241403002407
:107460001803002410B5044600BF002C08D100BF4B
:1074700013A340F25A221DA126A0D5F799FB00BF05
:1074800000BF2E48007800F01000B8B1A07E00F0D8
:10749000100050B900BFD4F88C0028B16FF00E0175
:1074A000D4F88C202069904700BF2146244801F081
:1074B000F3FA2046FFF74CFA012010BD0020FCE74C
:1074C0002E2E5C2E2E5C4D6964646C65776172654E
:1074D000735C6C7769705C7372635C636F72655C1C
:1074E0007463705F696E2E63000000007463705FE8
:1074F000696E7075745F64656C617965645F636CF7
:107500006F73653A20696E76616C6964207063629E
:1075100000000000417373657274696F6E2022254C
:107520007322206661696C6564206174206C696EE9
:107530006520256420696E2025730A00210300243C
:10754000F40200242DE9F0410446002600BF002C7F
:1075500008D100BF14A340F625021EA124A0D5F730
:1075600027FB00BF00BF216D481EEEF7AFFC804631
:10757000434600223146204600F0A4FD05461DB9D1
:107580004FF0FF30BDE8F08100231A46294620461F
:1075900000F00AFF231D22462946204600F08AFEFD
:1075A00007463846EEE700002E2E5C2E2E5C4D6915
:1075B00064646C6577617265735C6C7769705C7329
:1075C00072635C636F72655C7463705F6F75742E59
:1075D000630000007463705F6B656570616C697651
:1075E000653A20696E76616C6964207063620000A0
:1075F000417373657274696F6E2022257322206651
:1076000061696C6564206174206C696E6520256415
:1076100020696E2025730A002DE9F04107467F2F6F
:1076200001DD7F2000E0384606460EB9BDE8F08156
:10763000701EC6B24FF0000800250F48046813E022
:10764000607DB04208DB607DB0420CD10B49206AFE
:107650000968081A404506D30849206A0968A1EB61
:1076600000082546667DE468002CE9D115B128465E
:10767000FEF768F900BFD9E7F4020024E80200240D
:107680002DE9F041054600BF082D0AD0092D08D08C
:1076900000BF13A340F2DE621BA11FA0D5F788FA3A
:1076A00000BF00BF00270026254804680EE0207DAB
:1076B000A8420AD12349206A0968081AB84204D3AB
:1076C0002049206A09680F1A2646E468002CEED18A
:1076D0001EB100213046FEF76BF8BDE8F0810000D6
:1076E0002E2E5C2E2E5C4D6964646C65776172652C
:1076F000735C6C7769705C7372635C636F72655CFA
:107700007463702E63000000696E76616C6964209A
:107710007374617465000000417373657274696FFE
:107720006E2022257322206661696C656420617475
:10773000206C696E6520256420696E2025730A001F
:10774000F4020024E802002470B5002600250B484E
:1077500004680BE00A49206A0968081AB04204D399
:107760000749206A09680E1A2546E468002CF1D101
:1077700015B12846FEF7E6F870BD0000F8020024B7
:10778000E802002470B5044600BF44B900BF12A34C
:1077900040F211121AA11DA0D5F70AFA00BF00BFCE
:1077A00000BF207D012808D000BF0BA34FF48972D1
:1077B00020A116A0D5F7FCF900BF00BF012507E006
:1077C000224951F825100868214602F03FFB6D1C44
:1077D000042DF5D370BD00002E2E5C2E2E5C4D695D
:1077E00064646C6577617265735C6C7769705C73F7
:1077F00072635C636F72655C7463702E630000007B
:1078000070636220213D204E554C4C0041737365DE
:107810007274696F6E2022257322206661696C651F
:1078200064206174206C696E6520256420696E2077
:1078300025730A007063622D3E7374617465203D88
:107840003D204C495354454E00000000B8FC05084B
:107850002DE9FE4305465448007800F0040008B1C5
:10786000BDE8FE8300BF002D08D100BF4FA340F24A
:10787000812259A160A0D5F79BF900BF00BF4A48FB
:10788000007800F01000B0B16548006800886449D5
:1078900009684988634ACDE900210290624800687E
:1078A0006249098842185F4B1B1D614801682846E0
:1078B00002F062FD75E03C48007800F0020000280C
:1078C0006FD0687DFEF79EF8044674B900BFA869C2
:1078D00038B14FF0FF320021AB69286998478046E4
:1078E00001E06FF00F0800BFBAE74E48103840695A
:1078F00020604C48103800696060E88AE08248489F
:107900000068008820830320207547480068401CD9
:107910006062606AE062204600F0D4F90646A6651F
:1079200026656664E66540480068401E6065286913
:107930002061A567687A00F00C006072287A2072D6
:1079400000BF00BF3B480068E0603A48046003F0B5
:1079500051FC00BF01203849087000BF204600F0EC
:1079600029FF2F480068C08924F8600F20886080B4
:10797000603C201DE7F70AFB8046608E221D4146D1
:10798000FEF784FD608612212046FEF7E5FD0746DE
:1079900027B100212046FDF70BFF61E7204600F0EC
:1079A000E3F900BF5CE70000200300242E2E5C2ECC
:1079B0002E5C4D6964646C6577617265735C6C778D
:1079C00069705C7372635C636F72655C7463705F33
:1079D000696E2E63000000007463705F6C697374DD
:1079E000656E5F696E7075743A20696E76616C6958
:1079F0006420706362000000417373657274696F84
:107A00006E2022257322206661696C656420617492
:107A1000206C696E6520256420696E2025730A003C
:107A20000403002480E90224140300241E0300241C
:107A300018030024F4020024FC02002470B504465C
:107A40000D4600222946204600F002F870BD0000D5
:107A50002DE9F041044688461746002500BF14B9B9
:107A60006FF00F0656E000BF00BF207D10B16FF031
:107A70000E064FE000BF207D012803D125466FF0A0
:107A8000080647E00320F1F7E3FC054615B94FF07F
:107A9000FF363FE020692861E08AE88201202875EE
:107AA000607D6875607A6872207A2872E07AE87280
:107AB000A07AA87220682860E08AD8B100BF184870
:107AC0000068A04205D116480068C06814490860E3
:107AD0000DE01349086806E0C168A14202D1E168DF
:107AE000C16002E0C0680028F6D100BF00BF0020DE
:107AF000E06000BF2046FEF72BFF0A48A86100BFE8
:107B000009480068E8600848056003F073FB00BF9F
:107B1000002600BF07B13E702846BDE8F081000096
:107B2000EC02002465590508F002002470B50646F1
:107B30000D46D6B13068C0B10C480168304600F03F
:107B40001BF80B480168304600F016F86DB1286844
:107B500058B10848046806E020683168884201D1BD
:107B600028682060E468002CF6D170BDF40200247F
:107B7000EC020024F00200242DE9F04105460E46F7
:107B8000344600BF002D08D100BF0CA340F60412FC
:107B900014A121A0D5F70CF800BF00BF0AE02068AF
:107BA0002968884205D1E7682046FDF7CBFE3C46B0
:107BB00000E0E468002CF2D1BDE8F0812E2E5C2EAE
:107BC0002E5C4D6964646C6577617265735C6C777B
:107BD00069705C7372635C636F72655C7463702E52
:107BE000630000007463705F6E657469665F69703E
:107BF0005F616464725F6368616E6765645F706330
:107C0000626C6973743A20696E76616C6964206F86
:107C10006C645F6164647200417373657274696F50
:107C20006E2022257322206661696C656420617470
:107C3000206C696E6520256420696E2025730A001A
:107C400010B54020FDF7DEFE10BD70B505464020A2
:107C5000FDF7D8FE0446204670BD000010B5002395
:107C600000BF16480088401C144C20802046008825
:107C70004FF6FF74A04203D14FF440400F4C2080D8
:107C8000002116E00E4850F8210002680DE0D08A6D
:107C90000A4C2488A04207D1581C83B2B3F5804F08
:107CA00001DB002010BDDCE7D268002AEFD1481CC0
:107CB000C1B20429E6DB01480088F3E7E4020024AE
:107CC000B8FC050810B5044600BF44B900BF09A3BD
:107CD00040F6B30211A118A0D4F76AFF00BF00BF9D
:107CE0001F4800681F49096808441D490860084684
:107CF000006810BD2E2E5C2E2E5C4D6964646C6590
:107D000077617265735C6C7769705C7372635C63D6
:107D10006F72655C7463702E630000007463705F43
:107D20006E6578745F6973733A20696E76616C6909
:107D30006420706362000000417373657274696F40
:107D40006E2022257322206661696C65642061744F
:107D5000206C696E6520256420696E2025730A00F9
:107D600000030024E80200242DE9F84F044600BF78
:107D7000002C08D100BFA7A340F2E242B0A1B6A0F8
:107D8000D4F716FF00BF00BF00BF207D012808D137
:107D900000BFA0A340F2E442B9A1AFA0D4F708FF0E
:107DA00000BF00BFC0480068A04202D10020BDE86B
:107DB000F88FB4F86000B4F84810884202DAB4F8DA
:107DC000600001E0B4F848008146E56E45B9A07E48
:107DD00000F0020018B1204602F078FBE7E710E15E
:107DE000221D2146204602F0B7FA074617B96FF068
:107DF0000300DCE70CB1206858B90FB1381D00E072
:107E00000020014611B96FF00300D0E70868206038
:107E100000BFE9684868EEF759F8616C401A298993
:107E20000844484519D9B4F8600048450CD1206F82
:107E300050B994F8950038B9002004F8940F012047
:107E400060700020A070943CA07E00F0020018B189
:107E5000204602F03BFBAAE7D3E0002084F895001F
:107E6000266F26B100E0366830680028FBD1B5E007
:107E700000BFE9688889EEF736F800F0040040B1E9
:107E800000BF64A340F2375288A173A0D4F790FEDC
:107E900000BF00BF206FA0B1A07E00F0440080B9F9
:107EA000E06E38B1E06E006858B9E06E0089618E0E
:107EB000884206DAB4F8640018B1B4F866005828AD
:107EC00001DB012000E0002020B9A07E00F0A0002E
:107ED00000B98FE0207D022807D01020EEF703F8CC
:107EE000E96889890843E96888813A462146284635
:107EF00000F0E8FA0090009838B100BF608B40F0C5
:107F00008000608300BF009851E72868E066207D0C
:107F1000022806D000BF608B4FF6FC7108406083DA
:107F200000BFE9684868EDF7D1FF8046E9688889B5
:107F3000EDF7D9FF00F0030008B1012000E00020B8
:107F40002989084408EB000A206DB0EB0A0001D52E
:107F5000C4F850A0E9688889EDF7C5FF00F0030078
:107F600008B1012000E000202989084488B30020DE
:107F70002860206F10B925672E462EE0E968486812
:107F8000EDF7A4FF8046F1684868EDF79FFFB8EB76
:107F900000001BD504F1700801E0D8F80080D8F883
:107FA000000068B1D8F80010C9684868EDF78EFF86
:107FB0008346E9684868EDF789FFBBEB0000ECD425
:107FC000D8F800002860C8F8005006E03560366830
:107FD00003E0FFE7284602F05FFAE56E55B1E96875
:107FE0004868EDF773FF616C401A298908444845D9
:107FF0007FF63EAF00BFE06E10B90020A4F8680025
:1080000000BF00BF608B4FF67F710840608300BFE8
:108010000020CCE62E2E5C2E2E5C4D6964646C65CF
:1080200077617265735C6C7769705C7372635C63B3
:108030006F72655C7463705F6F75742E630000000F
:108040007463705F6F75747075743A20696E7661D1
:108050006C69642070636200417373657274696F48
:108060006E2022257322206661696C65642061742C
:10807000206C696E6520256420696E2025730A00D6
:10808000646F6E27742063616C6C207463705F6F23
:10809000757470757420666F72206C697374656E88
:1080A0002D70636273000000280300245253542093
:1080B0006E6F74206578706563746564206865729E
:1080C000652100002DE9FF4104460E4617469846FB
:1080D00000BF002C08D100BF10A340F243721AA1C8
:1080E00023A0D4F765FD00BF00BF608D1023218B56
:1080F000E28ACDE901130092039043463A463146A5
:10810000606A00F049F805461DB1618D606A084457
:10811000E062284604B0BDE8F08100002E2E5C2EFF
:108120002E5C4D6964646C6577617265735C6C7715
:1081300069705C7372635C636F72655C7463705FBB
:108140006F75742E630000007463705F6F757470D8
:1081500075745F616C6C6F635F6865616465723ACA
:1081600020696E76616C69642070636200000000B3
:10817000417373657274696F6E20222573222066C5
:1081800061696C6564206174206C696E652025648A
:1081900020696E2025730A002DE9F05F82460D46A6
:1081A00017469846DDF830B005F11400384481B226
:1081B0004FF420722220F2F7E5FD0646002E34D05F
:1081C00000BF718905F11400814208DA00BF18A3CD
:1081D00040F2247221A12DA0D4F7EAFC00BF00BF19
:1081E00074680A98EDF77FFE20800B98EDF77BFE10
:1081F0006080C4F804805046EDF768FEA060A94690
:10820000E91705EB91718910491D4FF6FF7202EADB
:10821000013141EA0B00EDF766FEA0810D98EDF704
:1082200062FEE0810020208260823046BDE8F09F3F
:108230002E2E5C2E2E5C4D6964646C6577617265D0
:10824000735C6C7769705C7372635C636F72655C9E
:108250007463705F6F75742E6300000063686563FC
:108260006B20746861742066697273742070627523
:10827000662063616E20686F6C642073747275632E
:1082800074207463705F68647200000041737365EA
:108290007274696F6E2022257322206661696C6595
:1082A00064206174206C696E6520256420696E20ED
:1082B00025730A002DE9FE4F04460E4692469B4662
:1082C00000BF002E08D100BF17A34FF4F16221A117
:1082D0002BA0D4F76DFC00BF00BF5A465146204684
:1082E00002F03AF8054615B96FF0030715E024B11E
:1082F00094F80B8094F80A9003E04FF0FF084FF0D9
:108300000009062043465A465146CDE900900295A1
:108310003046E6F779FB074600BF3046F3F70AF927
:108320003846BDE8FE8F00002E2E5C2E2E5C4D6977
:1083300064646C6577617265735C6C7769705C739B
:1083400072635C636F72655C7463705F6F75742ECB
:10835000630000007463705F6F75747075745F63A1
:108360006F6E74726F6C5F7365676D656E743A20C3
:10837000696E76616C696420706275660000000049
:10838000417373657274696F6E20222573222066B3
:1083900061696C6564206174206C696E6520256478
:1083A00020696E2025730A002DE9F04781460D46AD
:1083B00014469A464FF0000800BF002D08D100BFB8
:1083C0001CA340F2577226A12FA0D4F7F1FB00BFE7
:1083D00000BF6E6806F1140700BF384600EB880046
:1083E00004F0010109B1042100E00021084404F077
:1083F000020109B1002100E00021084404F0080155
:1084000009B1002100E00021084404F0100109B185
:10841000002100E000210844B84208D000BF05A3B5
:1084200040F2767222A118A0D4F7C2FB00BF00BFB1
:10843000BDE8F0872E2E5C2E2E5C4D6964646C6561
:1084400077617265735C6C7769705C7372635C638F
:108450006F72655C7463705F6F75742E63000000EB
:108460007463705F6F75747075745F66696C6C5F50
:108470006F7074696F6E733A20696E76616C6964AF
:108480002070627566000000417373657274696FD5
:108490006E2022257322206661696C6564206174F8
:1084A000206C696E6520256420696E2025730A00A2
:1084B0006F7074696F6E73206E6F742066696C6C78
:1084C000656400002DE9FE4F04460D46164600BFC8
:1084D000002C08D100BF58A340F2B95261A169A095
:1084E000D4F766FB00BF00BF00BF002D08D100BF5E
:1084F00051A340F2BA526DA162A0D4F759FB00BF5C
:1085000000BF00BF002E08D100BF4BA340F2BB52FA
:108510006EA15CA0D4F74CFB00BF00BF204600F06A
:10852000F3F810B10020BDE8FE8F686AEDF7CEFCCD
:10853000E1688860688DEDF7D6FCE168C881698DD7
:10854000686A0844E862E06800F11407A07A00F065
:10855000010068B12A1D314640F2B450FDF796FF84
:1085600082464AF00170EDF7B1FC38603F1D00BF54
:10857000B5F93000002801DA00202886686B38B988
:108580005B4800686863E1684868EDF79FFCA86392
:10859000A08961688988401A1FFA80F8606840895C
:1085A000A0EB08006168488160680089A0EB0800C2
:1085B000616808816168E06848600020E1680882BD
:1085C00000BFE0681430A17A01F0010109B1042173
:1085D00000E000210844A17A01F0020109B1002164
:1085E00000E000210844A17A01F0080109B100214E
:1085F00000E000210844A17A01F0100109B1002136
:1086000000E000210844B84208D000BF0AA340F2AD
:108610001D6238A11BA0D4F7CBFA00BF00BF062112
:10862000A87A8DE84300EB7A2A1D29466068E6F7B0
:10863000EBF98146484676E72E2E5C2E2E5C4D697E
:1086400064646C6577617265735C6C7769705C7388
:1086500072635C636F72655C7463705F6F75742EB8
:10866000630000007463705F6F75747075745F737E
:1086700065676D656E743A20696E76616C69642019
:1086800073656700417373657274696F6E2022258C
:108690007322206661696C6564206174206C696E68
:1086A0006520256420696E2025730A007463705F5D
:1086B0006F75747075745F7365676D656E743A205D
:1086C000696E76616C696420706362007463705FC8
:1086D0006F75747075745F7365676D656E743A203D
:1086E000696E76616C6964206E657469660000006D
:1086F000E80200246F7074696F6E73206E6F7420CF
:1087000066696C6C6564000010B5044600BF002CFF
:1087100008D100BF08A340F29B5212A11BA0D4F7BE
:1087200047FA00BF00BF6068807B012801D00120AC
:1087300010BD0020FCE700002E2E5C2E2E5C4D6943
:1087400064646C6577617265735C6C7769705C7387
:1087500072635C636F72655C7463705F6F75742EB7
:10876000630000007463705F6F75747075745F737D
:1087700065676D656E745F627573793A20696E76B0
:10878000616C696420736567000000004173736564
:108790007274696F6E2022257322206661696C6590
:1087A00064206174206C696E6520256420696E20E8
:1087B00025730A002DE9F041054600BF002D08D1C0
:1087C00000BF28A340F27E7231A138A0D4F7F0F99F
:1087D00000BF00BF3F480088002841D000203E492C
:1087E000088037E0FEF7EEF9074627B1012F04D0E5
:1087F000022F20D102E0BDE8F08129E0FEF7E2F986
:10880000042806D134480088801C324909888842EF
:1088100000DDF0E7FEF7D6F90602FEF7D3F90643CE
:1088200040F2B450864200DC16B940F2B45000E089
:10883000304668860CE0FEF7C5F90446022C00DAE3
:10884000D9E7A01E2449098808442349088000BFAD
:1088500000BF00BF204800881E4909888842C1DB4C
:1088600000BFC8E72E2E5C2E2E5C4D6964646C65DB
:1088700077617265735C6C7769705C7372635C635B
:108880006F72655C7463705F696E2E630000000038
:108890007463705F70617273656F70743A20696E93
:1088A00076616C69642070636200000041737365D7
:1088B0007274696F6E2022257322206661696C656F
:1088C00064206174206C696E6520256420696E20C7
:1088D00025730A0008030024100300242DE9F84F33
:1088E00081460C4617469846DDE90BAB0A9E00947C
:1088F00000BFB8F1000F07D100BF29A3E82233A1C0
:108900003BA0D4F755F900BF00BF00BF002E07D130
:1089100000BF23A3E92240A135A0D4F749F900BF45
:1089200000BFBC421BDA0AF0020050B9B07E00F072
:108930004000A0B9BBF1000F03D0F06E08B9306F52
:1089400068B104F2B75020F00300B84201D93846AC
:1089500003E004F2B75020F0030080B200904FF41F
:10896000207248460099F2F70DFA054615B9002025
:10897000BDE8F88F00BF286840B100BF08A340F2EF
:108980000B122DA11AA0D4F713F900BF00BF6889FC
:10899000001BA8F800002C816C812846E8E7000045
:1089A0002E2E5C2E2E5C4D6964646C657761726559
:1089B000735C6C7769705C7372635C636F72655C27
:1089C0007463705F6F75742E630000007463705F72
:1089D000706275665F707265616C6C6F633A206976
:1089E0006E76616C6964206F76657273697A650072
:1089F000417373657274696F6E202225732220663D
:108A000061696C6564206174206C696E6520256401
:108A100020696E2025730A007463705F706275664A
:108A20005F707265616C6C6F633A20696E76616C21
:108A300069642070636200006E65656420756E6312
:108A40006861696E656420706275660010B50446E1
:108A500000BF04B910BD00BF207DD0B1207D0A2821
:108A600017D0207D012814D0606F20B1606FF2F71D
:108A700061FD002060674FF0FF302086E06E01F05E
:108A800018FD206F01F015FD0020E0662067A4F8B6
:108A9000680000BFDEE7000070B505460C4600BF69
:108AA000002C08D100BF33A340F687023BA142A0AF
:108AB000D4F77EF800BF00BF00BF002D08D100BF73
:108AC0002CA340F6880246A13BA0D4F771F800BF62
:108AD00000BF00BF2868A04203D12868C068286092
:108AE0000CE0286806E0C168A14202D1E168C160DB
:108AF00002E0C0680028F6D100BF00BF0020E0609F
:108B000000BF2046FFF7A2FF207D0A280FD0207D5E
:108B100001280CD0A07E00F0010040B100BF608BA6
:108B200040F00200608300BF2046FFF71DF9207D62
:108B3000012819D000BFE06E40B100BF0DA340F680
:108B400097022FA11CA0D4F733F800BF00BF00BFCD
:108B5000206F40B100BF07A340F698022EA116A0D7
:108B6000D4F726F800BF00BF00202075E08200BFC8
:108B700000BF70BD2E2E5C2E2E5C4D6964646C654A
:108B800077617265735C6C7769705C7372635C6348
:108B90006F72655C7463702E630000007463705FB5
:108BA0007063625F72656D6F76653A20696E76619B
:108BB0006C69642070636200417373657274696FDD
:108BC0006E2022257322206661696C6564206174C1
:108BD000206C696E6520256420696E2025730A006B
:108BE0007463705F7063625F72656D6F76653A2063
:108BF000696E76616C6964207063626C697374007D
:108C0000756E73656E74207365676D656E74732021
:108C10006C65616B696E6700756E61636B6564207E
:108C20007365676D656E7473206C65616B696E67E3
:108C30000000000070B504460E46154600BF04B99A
:108C400070BD00BF00BF207D012808D100BF07A371
:108C500040F642020FA117A0D3F7AAFF00BF00BF42
:108C6000C4F88860657700BFEAE700002E2E5C2E0E
:108C70002E5C4D6964646C6577617265735C6C77BA
:108C800069705C7372635C636F72655C7463702E91
:108C900063000000696E76616C696420736F636BBA
:108CA000657420737461746520666F7220706F6CD8
:108CB0006C000000417373657274696F6E20222529
:108CC0007322206661696C6564206174206C696E32
:108CD0006520256420696E2025730A002DE9FE4376
:108CE00004460027002600BF002C08D100BFE5A3E2
:108CF0004FF44772EEA1F5A0D3F75AFF00BF00BFB3
:108D0000FC48007800F00400002845D0207D0228AF
:108D100006D1F949206D096888421BD1012719E065
:108D2000F649606A0968884201D1012712E0F349D7
:108D3000606A0968081A0DD4218D606A0844EF49F9
:108D40000968081A002805DC00BF608B40F00200AB
:108D5000608300BF002F1DD000BF207D40B900BF41
:108D6000C8A34FF44E72E6A1D8A0D3F721FF00BFED
:108D700000BFEB48007840F00800E949087000BFE8
:108D8000608B4FF6FE710840608300BF6FF00D00EE
:108D9000BDE8FE830020FBE7D648007800F0020023
:108DA00068B1207D02280AD0207D032807D000BFAB
:108DB000608B40F00200608300BF0020E8E7A07EE7
:108DC00000F0100010B9D74800682062002084F835
:108DD000970084F896002046FFF7ECFC207D801E6B
:108DE000082875D2DFE800F004CDF4F3F2F1F0EFDB
:108DF000C048007800F0100000286AD0BD48007814
:108E000000F002000028F8D0606C401CBA490968E4
:108E100088425ED1B9480068401C6062606AE062C6
:108E2000B54800686064C0480068C089A4F8600064
:108E3000B4F86000A4F86200B0480068401E6065A5
:108E400004202075201DE6F7A1F88046608E221DC3
:108E50004146FDF71BFB6086608E8100400041F2B9
:108E60001C12904202D9608E400001E041F21C10B9
:108E7000814202D2608E80000AE0608E400041F2A2
:108E80001C11884202D9608E400001E041F21C10A2
:108E9000A4F8480000BFB4F86600002808DC00BF52
:108EA00078A340F26D32A1A188A0D3F781FE00BF64
:108EB00000BFB4F86600401EA4F86600256F95B99F
:108EC000E56E00BF5DB900BF6EA340F2753201E0F0
:108ED00087E231E09BA17DA0D3F76AFE00BF00BF0F
:108EE0002868E06601E028682067284601F0D4FA87
:108EF000206F18B94FF0FF30208603E00020208655
:108F000084F8420000BFD4F8840038B10022214622
:108F1000D4F8843020699847064600E0002600BF58
:108F200006F10D0010B96FF00C0031E700BF608B47
:108F300040F00200608323E06E48007800F01000EB
:108F4000F0B1794800680088774909684988824A01
:108F5000CDE90021029069480068804909884218DB
:108F60007D4B1B1D64480168204601F005FA94F80A
:108F70004200062804DA00202086204601F0BCF8D2
:108F800030E25C48007800F01000002877D0606C78
:108F9000401C59490968081A72D45749206D09685C
:108FA000081A00286CDC04202075A06F10B96FF03F
:108FB000050623E000BFA06F806978B900BF31A328
:108FC00040F2A93205E0F6E1B6E101E176E111E116
:108FD000FFE063A13DA0D3F7EBFD00BF00BF00BFE2
:108FE000A06F806938B1A16F206900228B6921468A
:108FF0009847064601E06FF00F0600BF46B106F144
:109000000D0010B12046FCF79DFC6FF00C00BFE690
:10901000204600F051FA5A48008820B1584800888C
:10902000401E57490880608E8100400041F21C12AA
:10903000904202D9608E400001E041F21C10814252
:1090400002D2608E80000AE0608E400041F21C1166
:10905000884202D9608E400001E041F21C10A4F861
:1090600048002F48007800F0200050B100BF608B0E
:1090700040F00200608300BF07202075A7E098E061
:1090800080E0A4E02E2E5C2E2E5C4D6964646C653D
:1090900077617265735C6C7769705C7372635C6333
:1090A0006F72655C7463705F696E2E630000000010
:1090B0007463705F70726F636573733A20696E7664
:1090C000616C696420706362000000004173736525
:1090D0007274696F6E2022257322206661696C6547
:1090E00064206174206C696E6520256420696E209F
:1090F00025730A002003002418030024140300240D
:109100007463705F696E7075743A207063622D3E8F
:10911000737461746520213D20434C4F53454400D6
:1091200021030024E8020024040300247063622D5C
:109130003E736E645F71756575656C656E203E206B
:10914000300000006E6F207365676D656E7420746B
:109150006F2066726565000080E902241E0300240A
:109160007063622D3E6C697374656E65722D3E612D
:10917000636365707420213D204E554C4C00000007
:109180001C030024994800680188984800684088BA
:10919000974ACDE9002002919648006896490988CF
:1091A0004218934B1B1D95480168204601F0E4F8D6
:1091B0000DE09348007800F0020040B1606A401E64
:1091C0008C490968884202D1204600F095FE09E1E9
:1091D00000BF204600F070F98A48007800F02000B7
:1091E00038B100BF608B40F00200608300BF0720F1
:1091F0002075F7E0204600F05FF98248007800F023
:109200002000E8B37E48007800F01000C8B37B4926
:10921000206D0968884239D1E06E90BB00BF608B39
:1092200040F00200608300BF2046FFF70FFC00BF44
:1092300000BF75480068A04205D173480068C06847
:10924000714908600DE07049086806E0C168A142F4
:1092500002D1E168C16002E0C0680028F6D100BF19
:1092600000BF0020E06000BF01206849087000BF17
:109270000A20207500BF66480068E060644801E08D
:109280000DE003E0046001F0B5FF16E000BF608B65
:1092900040F00200608300BF082020750DE05848B0
:1092A000007800F0100040B15449206D09688842F0
:1092B00003D1E06E08B90620207593E0204600F047
:1092C000FBF85048007800F02000A0B300BF608B8E
:1092D00040F00200608300BF2046FFF7B7FB00BFED
:1092E00000BF49480068A04205D147480068C068EF
:1092F000454908600DE04449086806E0C168A1429C
:1093000002D1E168C16002E0C0680028F6D100BF68
:1093100000BF0020E06000BF01203C49087000BF92
:109320000A20207500BF3A480068E06038480460B1
:1093300001F060FF00BF55E0204600F0BDF8304866
:10934000007800F01000A8B32C49206D096888420D
:1093500030D1E06E70BB2046FFF778FB00BF00BF46
:1093600029480068A04205D127480068C0682649FE
:1093700008600DE02449086806E0C168A14202D1F6
:10938000E168C16002E0C0680028F6D100BF00BFFC
:109390000020E06000BF01201C49087000BF0A20C7
:1093A000207500BF1A480068E0601948046001F0A9
:1093B00021FF00BF16E0204600F07EF8104800783C
:1093C00000F0100060B10D49206D0968884207D196
:1093D000E06E28B90B48007840F010000949087089
:1093E00000E000BF00BF0020D2E40000040300241E
:1093F00080E90224140300241E030024180300241F
:109400002003002421030024F4020024FC02002491
:10941000F80200242DE9F041044600BF1CB96FF0AA
:109420000F00BDE8F08100BF606F477B666F0020D2
:10943000606700BFD4F8800040B100233246214667
:10944000D4F880C02069E047054606E00023324694
:109450002146184600F066FC054600BFFDB907F03E
:10946000200030B3208D40F66831884202D0208D34
:10947000401C208500BFD4F8800040B100231A466C
:109480002146D4F880C02069E047054600E0002569
:1094900000BF05F10D0060B96FF00C00C1E705F1E8
:1094A0000D0010B96FF00C00BBE766676FF00400A9
:1094B000B7E70020B5E700002DE9F05F04464FF064
:1094C000000A00BF002C08D100BFE7A340F27C4295
:1094D000F0A1F7A0D3F76CFB00BF00BF00BF207D59
:1094E000042808DA00BFE0A340F27D42FAA1F0A010
:1094F000D3F75EFB00BF00BFFE48007800F010000D
:10950000002870D0B4F86000A16D00EB0108FA49A2
:10951000606D0968401A15D4F749606D0968884282
:1095200004D1F649A06D0968401A0BD4F349A06D27
:10953000096888421AD1F2480068C089B4F86010FE
:10954000884213D9EE480068C08924F8600F60880B
:1095500034F86019884203DAB4F86000A4F86200B5
:10956000E54800686065E5480068A065E349606C0F
:109570000968081A00284ADCE248008890BBB4F861
:109580006010A06D084440453AD1B4F9300000287D
:1095900036DBDA49606C0968884231D14FF0010A44
:1095A00094F84300401CC0B294F84310884204DD94
:1095B00094F84300401C84F8430094F843000328C7
:1095C00017DD00BFB4F84800618E084480B2B4F8DB
:1095D0004810884208DBB4F84800618E0844A4F8BB
:1095E000480005E00CE02AE14FF6FF70A4F84800BF
:1095F00000BF94F84300032802DB204600F0FAFC89
:10960000BAF1000F02D1002084F84300EBE0606C57
:10961000401CBA490968081A7ED4B849206D096807
:10962000081A002878DCA07E00F0040060B100BFBA
:10963000608B4FF6FB710840608300BF4834608840
:10964000208000206084483C00202434A077608B78
:10965000B4F9181000EBE10000B2A083208CA749F8
:109660000988081A85B20020E077A44800682062C3
:1096700014F8100C243C042865DBB4F84800B4F856
:109680004A10884227DA628B02F400620AB1012292
:1096900000E002221146628E4A4392B2AA4201DDE4
:1096A0002A4602E0628E4A4392B2104600BFB4F8E6
:1096B0004820024492B2B4F848309A4205DBB4F82C
:1096C00048200244A4F8482003E04FF6FF72A4F8B3
:1096D000482000BF37E000BFB4F86A00284480B2D9
:1096E000B4F86A10884205DBB4F86A002844A4F88C
:1096F0006A0003E04FF6FF70A4F86A0000BFB4F8F8
:109700006A00B4F8481088421DDB4834608C218818
:10971000401A6084483C00E062E000BFB4F84800B2
:10972000618E084480B2B4F84810884206DBB4F871
:109730004800618E0844A4F8480003E04FF6FF702B
:10974000A4F8480000BF70A22046D4E91B31FDF701
:1097500045F920676EA22046D4E91B13FDF73EF9B8
:10976000E066206F18B94FF0FF30208601E000203E
:10977000208600202077E06E10B90020A4F8680051
:10978000B4F86400644909880844A4F86400608B54
:1097900000F4006018B3206F88B9E06E40B1E16E4C
:1097A000C9684868ECF792FBE16C081A002816DCDF
:1097B00000BF608B4FF2FF71084060830FE0216FA4
:1097C000C9684868ECF782FBE16C081A002806DCDF
:1097D00000BF608B4FF2FF710840608300BF02E062
:1097E000204600F073FE606B48B34449A06B0968E3
:1097F000401A24D5A08E49490988081A06B2B4F93E
:109800003C00A6EBE00006B2A08F304400B2A08777
:10981000002E01DA704206B2B4F93E00A6EBA000B9
:1098200006B2E08F304400B2E087E08FB4F93C101C
:1098300000EBE10000B2A4F8400000206063314872
:10984000008800286CDD207D072869DA2A48616AD3
:109850000068401C081A78D42748616A0068294AC1
:1098600012881044401E5CE02E2E5C2E2E5C4D694A
:1098700064646C6577617265735C6C7769705C7346
:1098800072635C636F72655C7463705F696E2E6394
:10989000000000007463705F726563656976653A05
:1098A00020696E76616C696420706362000000005C
:1098B000417373657274696F6E202225732220666E
:1098C00061696C6564206174206C696E6520256433
:1098D00020696E2025730A007463705F726563658A
:1098E0006976653A2077726F6E672073746174656C
:1098F00000000000200300241403002418030024A7
:10990000040300241E030024756E61636B6564000C
:10991000756E73656E7400001C030024E802002459
:1099200049E1081A00285FDCAE484768AE49606A22
:109930000968A0EB010900BFAA48406860B900BFF0
:10994000AFF2DC0340F2955200E04DE0A7A1AFF288
:10995000A000D3F72DF900BF00BF00BF4FF6FF7086
:1099600081450AD300BFAFF2001340F29652A3A183
:10997000AFF2C400D3F71CF900BF00BF1FFA89F58E
:1099800000BF984840680089A8420ADA00BFAFF2D9
:1099900028134FF4B3629DA1AFF2EC00D3F708F99E
:1099A00000BF00BF8F480089401B8E4908810846D0
:1099B00040680089401B1FFA80FB07E07889281A5D
:1099C00085B2A7F808B0002078813F687889A8425E
:1099D000F4DB29463846F1F7E1FF8349606A086005
:1099E0008049C96848600AE07F49606A0968081AC6
:1099F00005D500BF608B40F00200608300BF7A494C
:109A0000606A0968081A7DD4218D606A0844401E86
:109A100075490968081A002874DC7349606A096886
:109A2000884270D16F49C9688889ECF75CFA00F008
:109A3000030008B1012000E000206A4909890844B8
:109A400076490880208D0988884256DA6549C968B8
:109A50008889ECF748FA00F0010098B16149C968BB
:109A60008889ECF740FA00F03E052846ECF73BFA0F
:109A70005C49C96889894CF2FF0211400843594981
:109A8000C9688881208D57490881C9688889ECF7A1
:109A90002AFA00F0020020B152480089401E5149C4
:109AA0000881504A11895068F1F77AFE4D49C9681A
:109AB0008889ECF718FA00F0030008B1012000E0F3
:109AC00000204849098908445449088000BF218D75
:109AD000606A014444480068504A12881044814238
:109AE0000AD000BFAFF2802340F2CC524CA1AFF2BB
:109AF0004020D3F75DF800BF00BF3B4800684749EE
:109B0000098801E053E04EE00844606200BF208D08
:109B10004249098888420ADA00BFAFF2B4234FF401
:109B2000C1624DA1AFF27820D3F742F800BF00BF69
:109B3000208D3A490988401A2085204601F030FCE2
:109B4000284840680089002806DD264840684A49C0
:109B500008600020234948602249C9688889ECF7D9
:109B6000C2F900F0010028B14448007840F020001C
:109B70004249087000BFA07E00F0010060B100BF44
:109B8000608B4FF6FE710840608300BF00BF608BA2
:109B900040F00200608305E000BF608B40F00100F0
:109BA000608300BF1BE0204600F090FC17E02046D9
:109BB00000F08CFC13E00C49606A0968081A08D4AC
:109BC000218D606A0844401E07490968081A002868
:109BD00005DD00BF608B40F00200608300BFBDE880
:109BE000F09F000080C3032414030024696E736592
:109BF000672E7020213D204E554C4C00696E7361DC
:109C00006E65206F6666736574210000706275660C
:109C100020746F6F2073686F727421001E0300241C
:109C20007463705F726563656976653A2073656712
:109C30006D656E74206E6F74207472696D6D6564ED
:109C400020636F72726563746C7920746F20726325
:109C5000765F776E640A00007463705F7265636597
:109C60006976653A207463706C656E203E2072637D
:109C7000765F776E640A0000240300242103002429
:109C800070B504460D46002C0FD000BF207D012882
:109C900008D100BF05A340F2E2720EA117A0D2F7CF
:109CA00087FF00BF00BFC4F8805070BD2E2E5C2E11
:109CB0002E5C4D6964646C6577617265735C6C776A
:109CC00069705C7372635C636F72655C7463702E41
:109CD00063000000696E76616C696420736F636B6A
:109CE000657420737461746520666F722072656399
:109CF000762063616C6C6261636B00004173736515
:109D00007274696F6E2022257322206661696C650A
:109D100064206174206C696E6520256420696E2062
:109D200025730A002DE9F04107460D4614461E46EC
:109D300000BF1DB96FF00F00BDE8F08100BF3CB15E
:109D40002189284600F00CF82046F1F7F3FB04E0E7
:109D50001EB92846FCF77AF8EEE70020ECE7000091
:109D60002DE9F04104460F4600BF0CB9BDE8F08173
:109D700000BF00BF207D012808D100BF15A340F21D
:109D8000D3321EA127A0D2F713FF00BF00BF208D42
:109D9000384485B240F66830854202DC208DA84206
:109DA00003DD40F66830208500E02585204601F07F
:109DB000F7FA064640F2DA20864208D300BF608BED
:109DC00040F00200608300BF2046FDF7CDFF00BFDA
:109DD000CCE700002E2E5C2E2E5C4D6964646C6511
:109DE00077617265735C6C7769705C7372635C63D6
:109DF0006F72655C7463702E63000000646F6E2781
:109E0000742063616C6C207463705F726563766547
:109E10006420666F72206C697374656E2D70636266
:109E200073000000417373657274696F6E202225A0
:109E30007322206661696C6564206174206C696EB0
:109E40006520256420696E2025730A0070B50646DA
:109E50000D4600BF002D07D100BF09A3FF2212A1AC
:109E60001BA0D2F7A5FE00BF00BF344605E0A06FDF
:109E7000A84201D10020A067E468002CF7D170BD92
:109E80002E2E5C2E2E5C4D6964646C657761726564
:109E9000735C6C7769705C7372635C636F72655C32
:109EA0007463702E630000007463705F72656D6F81
:109EB00076655F6C697374656E65723A20696E765B
:109EC000616C6964206C697374656E657200000072
:109ED000417373657274696F6E2022257322206648
:109EE00061696C6564206174206C696E652025640D
:109EF00020696E2025730A002DE9F041044600BF59
:109F0000002C08D100BF20A340F2C26229A12FA0DB
:109F1000D2F74EFE00BF00BF206F18B96FF00500EA
:109F2000BDE8F081256F2846FEF7EEFB10B16FF01B
:109F30000500F5E72868206704F16C0600E0366844
:109F4000306858B13168C9684868EBF7BFFF074609
:109F5000E9684868EBF7BAFF381AF0D4306828602F
:109F60003560286810B90020A4F8680094F8420011
:109F7000FF2804DA94F84200401C84F842000020D4
:109F8000606300BFCCE700002E2E5C2E2E5C4D6976
:109F900064646C6577617265735C6C7769705C731F
:109FA00072635C636F72655C7463705F6F75742E4F
:109FB000630000007463705F7265786D69743A20A5
:109FC000696E76616C6964207063620041737365C9
:109FD0007274696F6E2022257322206661696C6538
:109FE00064206174206C696E6520256420696E2090
:109FF00025730A0010B5044600BF002C08D100BF2D
:10A0000020A340F2FA622AA131A0D2F7D1FD00BF0D
:10A0100000BF206FA0B3A07E00F0040080BB2046EC
:10A02000FFF76AFF60BBB4F84810B4F860209142B3
:10A0300002DAB4F8481001E0B4F86010084601EB09
:10A04000D071C1F34F01A4F84A10B4F84A00618EF0
:10A050004900884204D2608E4004000CA4F84A00F3
:10A06000B4F84A00618E032202FB0100A4F8480004
:10A0700000BF608B40F00400608300BF002020869A
:10A0800010BD00002E2E5C2E2E5C4D6964646C6544
:10A0900077617265735C6C7769705C7372635C6323
:10A0A0006F72655C7463705F6F75742E630000007F
:10A0B0007463705F7265786D69745F666173743A1A
:10A0C00020696E76616C6964207063620000000034
:10A0D000417373657274696F6E2022257322206646
:10A0E00061696C6564206174206C696E652025640B
:10A0F00020696E2025730A0010B5044600BF002CAD
:10A1000008D100BF08A340F2AE6212A118A0D2F796
:10A110004FFD00BF00BF204600F096F810B9204662
:10A1200000F03AF810BD00002E2E5C2E2E5C4D691A
:10A1300064646C6577617265735C6C7769705C737D
:10A1400072635C636F72655C7463705F6F75742EAD
:10A15000630000007463705F7265786D69745F728C
:10A16000746F3A20696E76616C6964207063620076
:10A17000417373657274696F6E20222573222066A5
:10A1800061696C6564206174206C696E652025646A
:10A1900020696E2025730A0010B5044600BF002C0C
:10A1A00008D100BF0AA340F2996214A11CA0D2F703
:10A1B000FFFC00BF00BF94F84200FF2804DA94F8C7
:10A1C0004200401C84F842002046FDF7CDFD10BD42
:10A1D0002E2E5C2E2E5C4D6964646C657761726511
:10A1E000735C6C7769705C7372635C636F72655CDF
:10A1F0007463705F6F75742E630000007463705F2A
:10A200007265786D69745F72746F5F636F6D6D698D
:10A21000743A20696E76616C696420706362000034
:10A22000417373657274696F6E20222573222066F4
:10A2300061696C6564206174206C696E65202564B9
:10A2400020696E2025730A0070B5044600BF002CFB
:10A2500008D100BF22A340F264622CA134A0D2F73F
:10A26000A7FC00BF00BF206F10B96FF0050070BDE4
:10A27000256F07E02846FEF747FA10B16FF005009A
:10A28000F5E72D6828680028F4D12846FEF73CFA47
:10A2900010B16FF00500EAE7E06E2860206FE0661D
:10A2A0000020206700BF608B40F40060608300BF27
:10A2B000E9684868EBF70AFE0646E9688889EBF723
:10A2C00012FE00F0030008B1012000E000202989FF
:10A2D00008443044E0640020606300BFC7E700002A
:10A2E0002E2E5C2E2E5C4D6964646C657761726500
:10A2F000735C6C7769705C7372635C636F72655CCE
:10A300007463705F6F75742E630000007463705F18
:10A310007265786D69745F72746F5F707265706179
:10A3200072653A20696E76616C69642070636200C0
:10A33000417373657274696F6E20222573222066E3
:10A3400061696C6564206174206C696E65202564A8
:10A3500020696E2025730A0070B504460E46154626
:10A360002CB1207A18B1207AF0F746FB70BD284650
:10A37000E4F70CFEFAE700002DE9F04F85B08346C4
:10A380000E4617461D46DDF8388000BF002D08D167
:10A3900000BF1EA340F2C57227A12EA0D2F708FC71
:10A3A00000BF00BF00BFB8F1000F08D100BF17A366
:10A3B00040F2C67231A127A0D2F7FAFB00BF00BF5E
:10A3C0004FF0000A46F60B093046EBF77FFD1422EA
:10A3D0000490DDE90F018DE807020022514638465E
:10A3E000049BFDF7D9FE044614B905B0BDE8F08F13
:10A3F00000231A4621465846FDF7D6FF43462A4613
:10A4000021465846FDF756FF00BFEEE72E2E5C2E84
:10A410002E5C4D6964646C6577617265735C6C7702
:10A4200069705C7372635C636F72655C7463705FA8
:10A430006F75742E630000007463705F7273743AFA
:10A4400020696E76616C6964206C6F63616C5F6912
:10A4500070000000417373657274696F6E2022256D
:10A460007322206661696C6564206174206C696E7A
:10A470006520256420696E2025730A007463705F6F
:10A480007273743A20696E76616C69642072656DCE
:10A490006F74655F6970000010B5044644B1606870
:10A4A00010B16068F1F746F821460420EEF74CFF42
:10A4B00010BD70B5044605E025682046FFF7ECFFA7
:10A4C0002C4600BF002CF7D170BD00002DE9F047ED
:10A4D00004460025A94600BF002C08D100BF2CA3CC
:10A4E00040F2EB7235A13DA0D2F762FB00BF00BF86
:10A4F00005F0010008B1042000E0002005F0020191
:10A5000009B1002100E00021084405F0080109B16B
:10A51000002100E00021084405F0100109B10021EC
:10A5200000E0002100EB0108206DEBF7CFFC824634
:10A530005346002241462046FDF7C4FD06464EB96B
:10A5400000BF608B40F00300608300BF6FF001002C
:10A55000BDE8F0874B462A4631462046FDF724FFEA
:10A56000231D224631462046FDF7A4FE07462FB1A3
:10A5700000BF608B40F00300608306E000BF608B8B
:10A580004FF6FC710840608300BF3846E0E70000EA
:10A590002E2E5C2E2E5C4D6964646C65776172654D
:10A5A000735C6C7769705C7372635C636F72655C1B
:10A5B0007463705F6F75742E630000007463705F66
:10A5C00073656E645F656D7074795F61636B3A206B
:10A5D000696E76616C6964207063620041737365B3
:10A5E0007274696F6E2022257322206661696C6522
:10A5F00064206174206C696E6520256420696E207A
:10A6000025730A0070B5044600BF002C08D100BFB6
:10A6100016A34FF47B7220A126A0D2F7C9FA00BF7F
:10A6200000BFE06EE8B1E56E00E02D682868002804
:10A63000FBD1E9688889EBF756FC00F0070078B990
:10A640000120EBF750FCE96889890843E9688881B3
:10A6500000BF608B40F02000608300BF002070BD11
:10A6600000BF01212046FBF777FFF8E72E2E5C2E76
:10A670002E5C4D6964646C6577617265735C6C77A0
:10A6800069705C7372635C636F72655C7463705F46
:10A690006F75742E630000007463705F73656E6481
:10A6A0005F66696E3A20696E76616C6964207063DA
:10A6B00062000000417373657274696F6E20222519
:10A6C0007322206661696C6564206174206C696E18
:10A6D0006520256420696E2025730A0070B5044644
:10A6E0000D46002C0ED000BF207D012808D100BFF0
:10A6F00005A340F2F6720EA117A0D2F759FA00BFD7
:10A7000000BFE56770BD00002E2E5C2E2E5C4D69EB
:10A7100064646C6577617265735C6C7769705C7397
:10A7200072635C636F72655C7463702E630000001B
:10A73000696E76616C696420736F636B65742073F6
:10A740007461746520666F722073656E7420636136
:10A750006C6C6261636B0000417373657274696F46
:10A760006E2022257322206661696C656420617405
:10A77000206C696E6520256420696E2025730A00AF
:10A78000034A106001F50042024B1A807047000036
:10A79000900300248C03002400BF00B9704700BF61
:10A7A000417500BFFAE770B504460D46164600BF76
:10A7B00014B96FF00F0070BD00BF207D012802D1D9
:10A7C0006FF00A00F7E795B100BF608B40F0100012
:10A7D000608300BF26B101212046FBF74DFBEAE76D
:10A7E000606F20B1606FF0F7A5FE002060678EB14A
:10A7F000207D032804D0042803D0072807D101E0D6
:10A8000000BF00BFE9B22046FBF736FBD3E76FF08D
:10A810000A00D0E70020CEE72DE9F04F85B04FF0D9
:10A820000009EA480068401CE8490860E8480078E8
:10A83000401CE749087000BF0025E6480468D1E2E3
:10A8400000BF207D002808D100BFE3A340F2BF4233
:10A85000EBA1F6A0D2F7ACF900BF00BF00BF207D8E
:10A86000012808D100BFDCA34FF49862F9A1EFA042
:10A87000D2F79EF900BF00BF00BF207D0A2808D193
:10A8800000BFD5A340F2C142FDA1E8A0D2F790F9E4
:10A8900000BF00BFA07FCE490978884202D125467B
:10A8A000E4689FE2CA480078A0770026B046207D81
:10A8B000022806D194F84200062802DB701CC6B2BA
:10A8C000D1E094F842000C2802DB701CC6B2CAE04A
:10A8D00094F8950000285CDD00BF206F40B100BFF8
:10A8E000BDA340F2D542F2A1D0A0D2F761F900BFDA
:10A8F00000BF00BFE06E002808D100BFB6A340F241
:10A90000D642F8A1C9A0D2F753F900BF00BF94F80E
:10A9100096000C2802DB701CC6B2A4E094F89500E7
:10A92000401EFE490F5C94F89400B84204DA94F893
:10A930009400401C84F8940094F89400B84227DBFB
:10A940004FF0010AB4F8600030B9204601F056FA21
:10A9500070B14FF0000A0BE0B4F86010204600F030
:10A96000E3FA28B92046FDF7FFF908B94FF0000ACD
:10A97000BAF1000F0BD0002084F8940094F89500F1
:10A98000072804D294F89500401C84F8950000BF75
:10A9900069E0B4F93000002809DBB4F9300047F66B
:10A9A000FF71884203DA208E401C00B22086B4F981
:10A9B0003000B4F94010884255DB2046FFF744FCD4
:10A9C00018B1206FF0BBE06EE0B3207D02281ED0EE
:10A9D00094F842200C2A02D294F8422000E00C2283
:10A9E0001146B4F93E20B4F93C3002EBE302CC4B03
:10A9F0005B5C02FA03F047F6FF72904201DA02460E
:10AA000001E047F6FF7212B2A4F8402000BF002018
:10AA10002086B4F84800B4F86010884202DAB4F82E
:10AA2000480001E0B4F86000049004984010A4F8D5
:10AA30004A00B4F84A00618E4FF6FF7202EA410103
:10AA4000884200E00FE005DA608E114601EA40001E
:10AA5000A4F84A00608EA4F848000020A4F86A0018
:10AA60002046FFF799FB207D06280BD1A07E00F041
:10AA7000100038B15549206A0968081A282801D9F8
:10AA8000701CC6B2607A00F00800D0B3207D0428A4
:10AA900002D0207D072834D1A249D4F89000084480
:10AAA0004FF4FA71B0FBF1F0484A216A1268511A6A
:10AAB000884206D2701CC6B208F1010000F0FF08FF
:10AAC0001FE094F8971042F29F4211FB02F1D4F874
:10AAD000900000EBC1004FF4FA71B0FBF1F03B4A7B
:10AAE000216A1268511A88420BD22046FCF72AFDCF
:10AAF0008146B9F1000F04D194F89700401C84F806
:10AB00009700207D032807D13049206A0968081A78
:10AB1000282801D9701CC6B2207D092807D12B49ED
:10AB2000206A0968081AF02801D9701CC6B2002EE4
:10AB300049D0D4F88CA02046FDF788FF8DB100BF26
:10AB400024480068844208D100BF23A340F26E521B
:10AB500075A136A0D2F72CF800BF00BFE068E8600E
:10AB600011E000BF1B480068A04208D000BF1AA334
:10AB700040F2725277A12DA0D2F71AF800BF00BFA1
:10AB80001449E0680860B8F1000F0BD0208BE18A0F
:10AB9000221DCDE90021029023462046626A216DE4
:10ABA000FFF7EAFBD4F810B0207D03902746E46855
:10ABB0003846FBF7CDFE00207149087000BFBAF19E
:10ABC000000F01D0DEE0E7E0E0E00000E802002452
:10ABD000FE020024F40200242E2E5C2E2E5C4D6911
:10ABE00064646C6577617265735C6C7769705C73C3
:10ABF00072635C636F72655C7463702E6300000047
:10AC00007463705F736C6F77746D723A20616374F4
:10AC1000697665207063622D3E73746174652021CE
:10AC20003D20434C4F5345440A0000004173736577
:10AC30007274696F6E2022257322206661696C65CB
:10AC400064206174206C696E6520256420696E2023
:10AC500025730A007463705F736C6F77746D723A5A
:10AC600020616374697665207063622D3E73746140
:10AC7000746520213D204C495354454E0A00000084
:10AC80007463705F736C6F77746D723A2061637474
:10AC9000697665207063622D3E737461746520214E
:10ACA0003D2054494D452D574149540A00000000AC
:10ACB0007463705F736C6F7774696D723A2070653E
:10ACC0007273697374207469636B696E6720776946
:10ACD000746820696E2D666C69676874206461749D
:10ACE000610000007463705F736C6F7774696D72DC
:10ACF0003A2070657273697374207469636B696E4E
:10AD000067207769746820656D7074792073656E4B
:10AD1000642062756666657200000000B1FC05087B
:10AD2000A4FC0508B84C0A007463705F736C6F77FD
:10AD3000746D723A206D6964646C65207463702070
:10AD4000213D207463705F6163746976655F706331
:10AD5000627300007463705F736C6F77746D723A26
:10AD600020666972737420706362203D3D207463B5
:10AD7000705F6163746976655F7063627300000081
:10AD8000FC0200246FF00C015846D04700BF434836
:10AD9000007800B150E524E02546E468287F401C97
:10ADA0002877287F697F88421BDB002028773B4972
:10ADB000087000BFD5F8880030B12946D5F8882042
:10ADC00028699047814601E04FF0000900BF3348F1
:10ADD000007800B130E5B9F1000F02D12846FCF748
:10ADE000C3FF00BF002C7FF42BAD00252C48046866
:10ADF0004EE000BF207D0A280AD000BFAFF2282312
:10AE000040F2A25227A1AFF2DC10D1F7D1FE00BF71
:10AE100000BF00262F49206A0968081AF02801D9C6
:10AE2000701CC6B2002E31D02046FDF70FFE9DB13A
:10AE300000BF1B48006884420AD100BFAFF26823FC
:10AE40004FF4B66224A1AFF21C20D1F7B1FE00BFCF
:10AE500000BFE068E86013E000BF11480068A0424E
:10AE60000AD000BFAFF2902340F2B45224A1AFF257
:10AE70004420D1F79DFE00BF00BF0949E06808608B
:10AE80002746E4683846FBF763FD01E02546E468A1
:10AE9000002CAED105B0BDE8F08F0000FC0200240C
:10AEA000F80200247463705F736C6F77746D723A8C
:10AEB0002054494D452D57414954207063622D3E21
:10AEC0007374617465203D3D2054494D452D5741B3
:10AED00049540000E80200247463705F736C6F775C
:10AEE000746D723A206D6964646C652074637020BF
:10AEF000213D207463705F74775F7063627300003C
:10AF00007463705F736C6F77746D723A20666972E8
:10AF1000737420706362203D3D207463705F7477AA
:10AF20005F706362730000002DE9F04F85B0054645
:10AF30000E4600270024A34600BF002D08D100BF05
:10AF40007AA340F24B3284A18CA0D1F731FE00BF2E
:10AF500000BFEC6E24B94FF0FF3005B0BDE8F08FB4
:10AF6000002E0CD100BF00BF70A340F253328DA160
:10AF700082A0D1F71DFE00BF00BFB01FEDE7208902
:10AF8000B04201DC0020E8E700BF688EB04208DA7A
:10AF900000BF66A340F25B328BA178A0D1F708FE18
:10AFA00000BF00BF00BF2089002808DC00BF5FA3EE
:10AFB0004FF4577288A171A0D1F7FAFD00BF00BF0E
:10AFC00094F80A8008F0010008B1042000E0002095
:10AFD00008F0020109B1002100E00021084408F056
:10AFE000080109B1002100E00021084408F0100127
:10AFF00009B1002100E00021084404902089801B51
:10B000001FFA80FA0498504481B24FF4207236201F
:10B01000EFF7B8FE8346BBF1000F00D170E0606827
:10B0200000892189401A304480B20290DBF8043054
:10B03000049A991860685246029BF0F767F95045E8
:10B0400000D05DE0E1688889EAF74DFF00F03F0934
:10B050000020039009F0080028B129F0080903989E
:10B0600040F00800039009F0010028B129F001091F
:10B07000039840F001000390E1684868EAF726FF72
:10B0800030440346CDE9008059462846039AFBF731
:10B0900017F9074617B94FF0000B31E06068F0F779
:10B0A000C8F835F8661F081A288062681289A2EB72
:10B0B0000A0291B26068F0F773FB2089A0EB0A00E6
:10B0C00020814846EAF70FFFE16889890843E16873
:10B0D00088816068F0F7ADF829880844288078688E
:10B0E000F0F7A7F82988084425F866092068386031
:10B0F0002760386810B90020A5F8680000202CE708
:10B1000000BF47B100BF09A340F2D93236A11BA04E
:10B11000D1F74EFD00BF00BFBBF1000F02D0584673
:10B12000F0F708FA4FF0FF3017E700002E2E5C2EE4
:10B130002E5C4D6964646C6577617265735C6C77D5
:10B1400069705C7372635C636F72655C7463705F7B
:10B150006F75742E630000007463705F73706C69A8
:10B16000745F756E73656E745F7365673A20696EA0
:10B1700076616C69642070636200000041737365DE
:10B180007274696F6E2022257322206661696C6576
:10B1900064206174206C696E6520256420696E20CE
:10B1A00025730A0043616E27742073706C697420E4
:10B1B0007365676D656E7420696E746F206C656E63
:10B1C000677468203000000073706C6974203C3D27
:10B1D000206D737300000000757365672D3E6C650C
:10B1E0006E203E2030000000736567203D3D204EFC
:10B1F000554C4C0010B50948006868B9084800680B
:10B2000010B90848006838B10120044908600022DC
:10B210000549FA20FAF7E8F810BD000034030024CD
:10B22000F4020024F802002495C105083EB5044646
:10B230002948007800F0040000B13EBD00BF002C9A
:10B2400008D100BF25A340F2EE222FA136A0D1F7EE
:10B25000AFFC00BF00BF2048007800F0020018B328
:10B260003B49606A0968081A26D4218D606A08443F
:10B2700037490968081A00281EDC3648006800882B
:10B28000344909684988344ACDE9002102903048A0
:10B2900000683249098842182F4B1B1D304801684D
:10B2A0002046FFF769F8C8E70B48007800F0010076
:10B2B00010B12C480068206228480088002808DD6A
:10B2C00000BF608B40F00200608300BF2046FCF7A7
:10B2D0004BFD00BFB1E70000200300242E2E5C2EA2
:10B2E0002E5C4D6964646C6577617265735C6C7724
:10B2F00069705C7372635C636F72655C7463705FCA
:10B30000696E2E63000000007463705F74696D6580
:10B31000776169745F696E7075743A20696E7661E1
:10B320006C69642070636200417373657274696F45
:10B330006E2022257322206661696C656420617429
:10B34000206C696E6520256420696E2025730A00D3
:10B35000140300240403002480E902241E030024B3
:10B3600018030024E802002410B5FBF7A3FA0648EE
:10B370000078401CC0B20449087000F0010008B118
:10B38000FFF74AFA10BD0000FD02002403480078D0
:10B3900040F01000014908707047000021030024AC
:10B3A00070B5044600BF002C08D100BF1CA340F2BA
:10B3B000A73225A12DA0D1F7FBFB00BF00BF218D37
:10B3C000606A4518608E40F2B452E16A904201DD35
:10B3D000104600E0608E0844281A04D4208D608551
:10B3E000E06A281A70BDE16A606A401A002802DD2E
:10B3F0000020608512E0616AE06A461A00BFB6F577
:10B40000803F08D300BF06A340F2B73221A117A0A6
:10B41000D1F7CEFB00BF00BF668500BF0020E1E78B
:10B420002E2E5C2E2E5C4D6964646C6577617265AE
:10B43000735C6C7769705C7372635C636F72655C7C
:10B440007463702E630000007463705F75706461D4
:10B4500074655F7263765F616E6E5F776E643A20CB
:10B46000696E76616C696420706362004173736514
:10B470007274696F6E2022257322206661696C6583
:10B4800064206174206C696E6520256420696E20DB
:10B4900025730A006E65775F7263765F616E6E5F1B
:10B4A000776E64203C3D203078666666660000005A
:10B4B0002DE9FF4F91B004468A4617464FF0000B26
:10B4C0000025002010900F900E9000260B900A90FF
:10B4D0008146099000BF24B96FF00F0015B0BDE898
:10B4E000F08F00BFB4F8621001EBD1725210638E7E
:10B4F0009A4201DD628E04E0B4F8620000EBD07283
:10B50000521092B20792079A0AB1079800E0608E33
:10B51000079000BFBAF1000F02D16FF00F00DDE716
:10B5200000BF3946204600F095FB0890089808B106
:10B530000898D3E7B4F866000D9000200C90E06EF8
:10B5400000287DD0E56E00E02D6828680028FBD13A
:10B55000A87A00F0010008B1042000E00020A97AD8
:10B5600001F0020109B1002100E000210844A97A9C
:10B5700001F0080109B1002100E000210844A97A86
:10B5800001F0100109B1002100E0002108440690FB
:10B5900000BF2989069801440798814208DD00BF51
:10B5A000E9A34FF4F372F3A1F8A0D1F701FB00BFB8
:10B5B00000BF2989069801440798401A1FFA80F8AD
:10B5C000B4F868000A90BDF82800002831DD00BFFB
:10B5D000BDF82800404508DD00BFDBA34FF4FC7236
:10B5E000F4A1EAA0D1F7E4FA00BF00BF1095BDF8BE
:10B5F0002800B84202DABDF8280000E0384640458D
:10B6000001DD404607E0BDF82800B84202DABDF887
:10B61000280000E03846814606EB090086B2BDF8F6
:10B620002800A0EB090080B20A90A8EB09001FFADD
:10B6300080F800BFBDF8280060B1BE420AD000E02B
:10B640007AE000BFC0A34FF40072E2A1CFA0D1F70F
:10B65000AFFA00BF00BFBE426DDAB8F1000F6ADD7D
:10B660002889002867DDB81B404501DD404600E021
:10B67000B81B80B205901095149800F00100E8B155
:10B68000012114980AAB4246CDE900400291002006
:10B690000599FDF723F9B0F1000B00D185E20AEB23
:10B6A0000601DBF80400059AC4F7E4FE5846EFF7FC
:10B6B000C0FD0D99084480B20D9038E06868049090
:10B6C00002E0049800680490049800680028F8D10B
:10B6D0000498007B00F0C000A0B90498416840893C
:10B6E000084450450ED100BF46B100BF96A340F2BA
:10B6F0003122C0A1A5A0D1F75BFA00BF00BF059819
:10B70000099013E0012200200599EFF73BFBB0F10F
:10B71000000B00D149E20AEB0600CBF804005846C2
:10B72000EFF787FD0D99084480B20D9000BF059892
:10B73000304486B200BF0DE000BFB4F8680040B1ED
:10B7400000BF81A340F24A22B5A190A0D1F730FA00
:10B7500000BF00BFA5E0B81B80B206900C99079807
:10B76000401A80B20590DDE90510884201DA06989A
:10B7700000E005980490149800F0010000282FD0F4
:10B780000E9808B9012100E000211498CDE900408D
:10B7900002910C9A0498104481B20AAB3620079AA1
:10B7A000FDF79CF8B0F1000800D1FEE100BFB8F849
:10B7B0000A100498814208DA00BF63A340F26622AF
:10B7C000A3A172A0D1F7F4F900BF00BF0AEB0601F4
:10B7D000D8F804300C9A9818049AC4F74BFE2BE062
:10B7E00000BFBDF8280040B100BF57A340F271224E
:10B7F000A7A166A0D1F7DCF900BF00BF0122362067
:10B800000499EFF7BFFA039000B9CEE10AEB060105
:10B81000039841604FF4207236200C99EFF7B2FA8A
:10B82000B0F1000803D10398EFF784FEBDE1404674
:10B830000399EFF775FC00BF4046EFF7FAFC0D994E
:10B84000084480B20D900D98582803D94046EFF770
:10B8500071FEAAE10B980090E06D83190022414629
:10B860002046FAF72DFD109000B99EE10E9810B910
:10B8700010980E900FE000BF0F9840B900BF32A3A0
:10B8800040F2AB2286A141A0D1F792F900BF00BFE0
:10B89000DDE90F10086010980F900498304486B2CC
:10B8A00000BFBE42FFF657AFB9F1000F21DDD5F85A
:10B8B000048017E0B8F808004844A8F80800D8F851
:10B8C000000068B9B8F80A20D8F8041088184A4669
:10B8D0005146C4F7CFFDB8F80A004844A8F80A005A
:10B8E000D8F80080B8F1000FE4D1288948442881B5
:10B8F00000BFBDF82800A4F86800BBF1000F15D008
:10B9000000BF45B900BF10A34FF4387269A11FA052
:10B91000D1F74EF900BF00BF59466868EFF700FC49
:10B920002889BBF808100844288106E109980028F6
:10B9300009DD00BF0DB1686820B900BF02A340F265
:10B94000E622D3E0D8E0F8E02E2E5C2E2E5C4D6986
:10B9500064646C6577617265735C6C7769705C7345
:10B9600072635C636F72655C7463705F6F75742E75
:10B97000630000006D73735F6C6F63616C206973AB
:10B9800020746F6F20736D616C6C00004173736580
:10B990007274696F6E2022257322206661696C655E
:10B9A00064206174206C696E6520256420696E20B6
:10B9B00025730A00696E636F6E73697374656E74C4
:10B9C000206F76657273697A652076732E207370A6
:10B9D00061636500696E636F6E73697374656E741D
:10B9E000206F76657273697A652076732E206C6598
:10B9F0006E0000007463705F77726974653A20525C
:10BA00004F4D2070627566732063616E6E6F742097
:10BA10006265206F76657273697A65640000000064
:10BA2000756E73656E745F6F76657273697A652083
:10BA30006D69736D6174636820287063622D3E7553
:10BA40006E73656E74206973204E554C4C2900004E
:10BA50007463705F77726974653A20636865636BBD
:10BA600020746861742066697273742070627566F0
:10BA70002063616E20686F6C642074686520636F5A
:10BA80006D706C657465207365676C656E00000091
:10BA90006F76657273697A65203D3D203000000045
:10BAA000707265765F73656720213D204E554C4C62
:10BAB000000000007463705F77726974653A2063F8
:10BAC000616E6E6F7420636F6E636174656E617416
:10BAD00065207768656E207063622D3E756E7365B4
:10BAE0006E7420697320656D7074790043A1AFF2A4
:10BAF0006410D1F75DF800BF00BFD5F8048007E0FF
:10BB0000B8F8081009980844A8F80800D8F8008088
:10BB1000D8F800000028F3D1B8F8081009980844B4
:10BB2000A8F80800B8F80A1009980844A8F80A000C
:10BB3000298909980844288100BF15B90E98E06644
:10BB400001E00E98286054F85C0F3844206020898A
:10BB5000C01B20810D98608160895C3C80B100BF72
:10BB6000206F60B9E06E50B900BFAFF2242340F2FD
:10BB7000123230A1AFF2EC10D1F71AF800BF00BFBB
:10BB8000109880B11098C06868B1149800F0020055
:10BB900048B90820EAF7A7F91099C96889890843C4
:10BBA0001099C9688881002098E400BF608B40F03C
:10BBB0008000608300BFBBF1000F02D05846EFF752
:10BBC000B9FC0E9810B10E98FEF773FCB4F866003D
:10BBD00080B100BF206F60B9E06E50B900BFAFF216
:10BBE000982340F2273213A1AFF26020D0F7E0FF94
:10BBF00000BF00BF4FF0FF3070E400007463705F5F
:10BC000077726974653A20657874656E73696F6ED2
:10BC1000206F66207265666572656E636520726569
:10BC2000717569726573207265666572656E6365AC
:10BC3000000000007463705F77726974653A207663
:10BC4000616C6964207175657565206C656E6774DB
:10BC50006800000070B504460D4600BF002C08D1F6
:10BC600000BF2DA340F2331236A13EA0D0F7A0FFB3
:10BC700000BF00BF207D04280BD0207D072808D0FE
:10BC8000207D022805D0207D032802D06FF00A0015
:10BC900070BD0DB90020FBE7B4F86400A84208DAD3
:10BCA00000BF608B40F08000608300BF4FF0FF302A
:10BCB000EEE7B4F86600582808D300BF608B40F068
:10BCC0008000608300BF4FF0FF30E1E7B4F866000A
:10BCD000002810D000BF206F00280BD1E06E002894
:10BCE00008D100BF0CA340F2551228A11DA0D0F727
:10BCF0005FFF00BF0EE000BF206F08B9E06E40B1EB
:10BD000000BF05A34FF4AC722FA116A0D0F750FFCF
:10BD100000BF00BF0020BBE72E2E5C2E2E5C4D69BD
:10BD200064646C6577617265735C6C7769705C7371
:10BD300072635C636F72655C7463705F6F75742EA1
:10BD4000630000007463705F77726974655F636895
:10BD500065636B733A20696E76616C696420706309
:10BD600062000000417373657274696F6E20222552
:10BD70007322206661696C6564206174206C696E51
:10BD80006520256420696E2025730A007463705F46
:10BD900077726974653A207062756673206F6E20E1
:10BDA0007175657565203D3E206174206C65617319
:10BDB00074206F6E65207175657565206E6F6E2DD0
:10BDC000656D7074790000007463705F77726974D8
:10BDD000653A206E6F207062756673206F6E2071F9
:10BDE00075657565203D3E20626F746820717565CC
:10BDF00075657320656D7074790000002DE9FC5F36
:10BE000004460020009000BF002C08D100BF37A3DB
:10BE10004FF4056240A149A0D0F7CAFE00BF00BFA1
:10BE2000E56E15B90020BDE8FC9F94F89600FF2848
:10BE300004DA94F89600401C84F89600E968888932
:10BE4000EAF751F800F0010018B1288908B901207B
:10BE500000E000208146B9F1000F01D1012000E08F
:10BE600000208246E8684368524620460099FCF765
:10BE700029F9064616B94FF0FF30D4E77768B9F1D3
:10BE8000000F09D01120EAF72EF8B9894CF2FF0211
:10BE900011400843B8810DE0706800F1140B696827
:10BEA00009892A89891A8BB2012259466868EFF7F5
:10BEB0002DFA00BFE9684868EAF708F800F10108C0
:10BEC000206DB0EB080001D5C4F8508000231A465D
:10BED00031462046FCF768FA231D224631462046AB
:10BEE000FCF7E8F9019001989DE700002E2E5C2EEA
:10BEF0002E5C4D6964646C6577617265735C6C7708
:10BF000069705C7372635C636F72655C7463705FAD
:10BF10006F75742E630000007463705F7A65726FD2
:10BF20005F77696E646F775F70726F62653A2069E0
:10BF30006E76616C696420706362000041737365A2
:10BF40007274696F6E2022257322206661696C65A8
:10BF500064206174206C696E6520256420696E2000
:10BF600025730A007CB504460D46E9F7C3FF18485F
:10BF700004601848056006211748F8F7B7FD002847
:10BF80000AD000BF00BF15A340F261221DA126A068
:10BF9000D0F70EFE00BF00BF2D48F8F7F5FE0028D1
:10BFA0000AD000BF00BF0DA340F2652229A11EA048
:10BFB000D0F7FEFD00BF00BF05204FF40063002254
:10BFC0002D4900902DA0F9F79DF901907CBD00004E
:10BFD000680200246C020024700200242E2E5C2EC5
:10BFE0002E5C4D6964646C6577617265735C6C7717
:10BFF00069705C7372635C6170695C7463706970B2
:10C000002E6300006661696C656420746F20637242
:10C01000656174652074637069705F7468726561CE
:10C0200064206D626F780000417373657274696F8C
:10C030006E2022257322206661696C65642061741C
:10C04000206C696E6520256420696E2025730A00C6
:10C05000740200246661696C656420746F206372E9
:10C0600065617465206C6F636B5F74637069705F8A
:10C07000636F726500000000CDC105085443502F66
:10C08000495000002DE9F04105460E46174600BF15
:10C090001348006838B900BF12A3FC221BA11FA0DF
:10C0A000D0F786FD00BF00BF0A20EDF7D1F90446A6
:10C0B0001CB94FF0FF30BDE8F081002020706560B2
:10C0C000A660E76021460648F8F770FD30B12146CA
:10C0D0000A20EDF739F94FF0FF30ECE70020EAE7EE
:10C0E000700200242E2E5C2E2E5C4D6964646C65FB
:10C0F00077617265735C6C7769705C7372635C61A5
:10C1000070695C74637069702E630000496E7661BB
:10C110006C6964206D626F78000000004173736584
:10C120007274696F6E2022257322206661696C65C6
:10C1300064206174206C696E6520256420696E201E
:10C1400025730A0070B505460C4694F8310000F0DE
:10C15000180028B1054A21462846FFF793FF70BD15
:10C16000034A21462846FFF78DFFF8E7BD7A03080A
:10C17000E1E7030870B504460D4616460448F8F793
:10C180008FFD2846A0470248F8F746FE002070BD04
:10C190007402002410B50446FFF7E6F8074800686B
:10C1A00010B90748006828B100220649FA20F9F7BB
:10C1B0001BF902E000200449086010BDF4020024CD
:10C1C000F802002495C105083403002408B511487D
:10C1D000F8F766FD1048006820B1104800680E4965
:10C1E0000968884715E069460D4800F0B9F80098DD
:10C1F00000280AD100BF00BF0AA3912213A11BA0EF
:10C20000D0F7D6FC00BF00BF03E0009800F042F872
:10C2100000BFE8E774020024680200246C020024D6
:10C22000700200242E2E5C2E2E5C4D6964646C65B9
:10C2300077617265735C6C7769705C7372635C6163
:10C2400070695C74637069702E6300007463706958
:10C25000705F7468726561643A20696E76616C69BA
:10C2600064206D65737361676500000041737365D9
:10C270007274696F6E2022257322206661696C6575
:10C2800064206174206C696E6520256420696E20CD
:10C2900025730A0010B50446207820B101280ED07D
:10C2A000022818D113E0201D07C8904710B160681C
:10C2B000EFF740F921460A20EDF746F816E0D4E9F9
:10C2C0000110884721460920EDF73EF80EE0D4E939
:10C2D000011088470AE000BF00BF05A3CF220EA1CE
:10C2E00015A0D0F765FC00BF00BF00BF00BF10BDA8
:10C2F0002E2E5C2E2E5C4D6964646C6577617265D0
:10C30000735C6C7769705C7372635C6170695C7498
:10C31000637069702E63000074637069705F746885
:10C32000726561643A20696E76616C6964206D653E
:10C330007373616765000000417373657274696FA0
:10C340006E2022257322206661696C656420617409
:10C35000206C696E6520256420696E2025730A00B3
:10C360002DE9F04106460F4600BFF9F751F90446A2
:10C37000601C60B91148F8F74FFD0022394630467D
:10C38000F8F7DCF80D48F8F78BFCBDE8F08114B93C
:10C39000F8F722FBE9E70948F8F73EFD224639465F
:10C3A0003046F8F7CBF805460448F8F779FC681CE6
:10C3B00010B9F8F711FBD8E700BFE6E774020024D4
:10C3C00070B50546284600F008F804461CB1206800
:10C3D00008B1204670BD0020FCE770B50446204639
:10C3E00000F004F80546284670BD000002461146DC
:10C3F000002901DB042901DB00207047014800EB24
:10C400000110FAE7B0E402242DE9F04105460E469A
:10C41000174606B9234E00BF1DB96FF00F00BDE8E7
:10C42000F08100BF4FF000081F48046805E0A542F6
:10C4300002D14FF0010802E0E468002CF7D100BF00
:10C4400037B900F08BFB0746E7B96FF00700E6E766
:10C450001548046814E0A54211D0608AB8420ED194
:10C4600020683168884207D036B1306820B11CB1ED
:10C47000206808B100BF02E06FF00700CFE7E46872
:10C48000002CE8D10EB9002000E0306828606F82EF
:10C49000B8F1000F04D104480068E8600248056064
:10C4A0000020BCE7F4FC05083C03002421B191F80E
:10C4B0003420521C027201E0002202727047000018
:10C4C0002DE9F04104460D46174600BF1CB96FF038
:10C4D0000F00BDE8F08100BF00BF15B96FF00F007D
:10C4E000F7E700BF608A58B9628A21462046FFF705
:10C4F0008BFF8046B8F1000F01D04046E9E700BF4E
:10C500000DB9002000E028686060A782207C40F020
:10C51000040020740848066804E0B44201D10020F9
:10C52000D7E7F668002EF8D103480068E0600248BB
:10C5300004600020CDE700003C03002410B5C3F7E1
:10C5400087FFC0F30D0000F540400149088010BD91
:10C55000380300242DE9FE4F05460E4600200190C9
:10C5600000BF3DB900BF61A3CF226AA16FA0D0F781
:10C570001FFB00BF00BF00BF3EB900BF5BA3D022BE
:10C5800074A16AA0D0F714FB00BF00BF6889082817
:10C5900003DA2846EEF7CEFFA6E0D5F804A0744AE9
:10C5A00011685069E1F7AAFF8146BAF80000E9F77F
:10C5B0009AFC8346BAF80200E9F795FC0290002441
:10C5C0000027A0466B48046838E0618A02988142DF
:10C5D00032D14A463146204600F0DCF860B3207C78
:10C5E00000F00400A8B9B8F1000F01D1A04610E096
:10C5F000B9F1000F0DD05E484069401C48B9D8F829
:10C6000000007168884204D020687168884200D1B7
:10C61000A046A08A58450FD1606820B1544960688F
:10C620000969884208D137B1E068F860514800686C
:10C63000E0605048046003E02746E468002CC4D161
:10C6400000BF04B9444614B10120019008E04849F4
:10C6500070684969884201D1012000E00020019002
:10C66000019800283CD008212846EFF797F970B1CF
:10C6700000BF00BF1DA34FF4B8723FA12BA0D0F79D
:10C6800097FA00BF00BF2846EEF754FF2CE07CB1BC
:10C69000206A48B1CDF800B0354B10332A46214608
:10C6A000D4E908C0E0471EE02846EEF743FF1BE050
:10C6B000B9F1000F10D12E48007D00F0F000E02805
:10C6C0000AD02B488089083001B22846EFF72AF8B3
:10C6D00003212846E0F7F6FF2846EEF72BFF02E09D
:10C6E0002846EEF727FF00BFBDE8FE8F2E2E5C2EFA
:10C6F0002E5C4D6964646C6577617265735C6C7700
:10C7000069705C7372635C636F72655C7564702ED4
:10C71000630000007564705F696E7075743A20691B
:10C720006E76616C69642070627566004173736532
:10C730007274696F6E2022257322206661696C65B0
:10C7400064206174206C696E6520256420696E2008
:10C7500025730A007564705F696E7075743A20699C
:10C760006E76616C6964206E657469660000000015
:10C7700070E902243C030024706275665F72656D87
:10C780006F76655F686561646572206661696C6576
:10C79000640A000070B504460D46164600BF002C22
:10C7A00007D100BF1FA3872228A131A0D0F700FA2C
:10C7B00000BF00BF00BF002D07D100BF19A3882212
:10C7C00035A12BA0D0F7F4F900BF00BF207A50B1FB
:10C7D000217A3B48406890F83400401CC0B2814246
:10C7E00001D0002070BD8EB174B1206860B13448B2
:10C7F0004069401C40B12068A96808403049496937
:10C80000AA68114088420BD10120EBE734B12068BF
:10C8100020B12B4920684969884201D10120E1E714
:10C820000020DFE72E2E5C2E2E5C4D6964646C6563
:10C8300077617265735C6C7769705C7372635C635B
:10C840006F72655C7564702E630000007564705FC4
:10C85000696E7075745F6C6F63616C5F6D6174633A
:10C86000683A20696E76616C6964207063620000CA
:10C87000417373657274696F6E202225732220667E
:10C8800061696C6564206174206C696E6520256443
:10C8900020696E2025730A007564705F696E70757B
:10C8A000745F6C6F63616C5F6D617463683A20697B
:10C8B0006E76616C6964206E6574696600000000C4
:10C8C00070E902241CB500F0ADFD074803210023E8
:10C8D0008022CDE9001005A1094802F0CFF800F050
:10C8E000F1FD20461CBD0000A80300247564705FA4
:10C8F0006D756C7469636173745F7461736B000050
:10C9000071C90508034A106041F40042024B1A80C5
:10C9100070470000AC030024B003002410B50020D1
:10C92000024981F82C00FFF7CDFF10BDB0C50324EC
:10C9300010B500200B4981F82C0008460079022828
:10C9400003D109480068E8F7F9FF0020054908719C
:10C9500000F068FD0548006800F0F0FF00F0B2FD4F
:10C9600010BD0000B0C50324B4030024A8030024B4
:10C970009AB00027002510201190D2F755F80446F0
:10C98000142108A8C3F79EFD142103A8C3F79AFD3C
:10C990000026A4E052480079012860D1002202213B
:10C9A0000846EBF785FD4F490860084600680028F7
:10C9B00004DA01204A4981F82C0080E0E078A1786F
:10C9C000CDE900106378227847A108A8D0F700F9D4
:10C9D0002220005D2121095DCDE900102020035DAA
:10C9E000E27F41A103A8D0F7F3F8666A02208DF830
:10C9F000590008A8E3F71CF81790B0B2E9F773FAEA
:10CA0000ADF85A00102216A936480068E8F742FF30
:10CA10000746002F53D103A8E3F70AF80F9008A8A0
:10CA2000E3F706F8109008200FAB032200210090D6
:10CA30002C480068EBF7E8F907460A200D90002023
:10CA40000E9008200DAB41F20602D11F0090254840
:10CA50000068EBF7D9F90220214908712FE020483E
:10CA6000007902282BD12348008800F40040B0F55B
:10CA7000004F11D11F4800960088C0F30D0203AB90
:10CA80001D4801681748006800F048FA19480088F6
:10CA900020F400401749088011A812A900234FF480
:10CAA000FA72CDE9001015490E480068EAF790FFC8
:10CAB0000546002D03DDA9B21048F0F743FB0848F6
:10CAC00090F82C00012805D10020054981F82C00A0
:10CAD000FFF72EFFE3F716F8642000F0EDFE59E7AC
:10CAE000B0C50324B403002425642E25642E2564D8
:10CAF0002E256400B0030024AC0300243BC70324AC
:10CB000010B5024682B1136873B169B10B685BB1AD
:10CB1000064B186806E003681468A34201D10B684D
:10CB20000360C0680028F6D110BD00003C0300245B
:10CB300010B50120ECF78CFC044634B128212046C6
:10CB4000C3F7C0FCFF20E0726077204610BD70B5CF
:10CB50000546FFF7EDFF0446204670BD10B50022E4
:10CB600000BF124803880088401C104C20804FF6FC
:10CB7000FF70834203D14FF44040234618800C4895
:10CB800001680EE0488A094B1B88984208D1501C66
:10CB900080B20246B0F5804F01DB002010BDE0E717
:10CBA000C9680029EED101480088F7E7380300245E
:10CBB0003C03002400BF00B9704700BF016242621D
:10CBC00000BFF9E770B5054600BF05B970BD00BFED
:10CBD0000F480068A84205D10D480068C0680C499C
:10CBE00008600EE00A48046808E0E06828B1E068E0
:10CBF000A84202D1E868E06002E0E468002CF4D1C9
:10CC000000BF29460120ECF79FFB00BFDEE70000D4
:10CC10003C03002470B504460D4600BF14B96FF004
:10CC20000F0070BD00BF00BF15B96FF00F00F8E72F
:10CC300000BFA38A221D2946204600F001F8F0E734
:10CC40002DE9F84304460F461646984600BF1CB926
:10CC50006FF00F00BDE8F88300BF00BF17B96FF099
:10CC60000F00F7E700BF00BF16B96FF00F00F1E744
:10CC700000BF207A20B1207AEDF7BEFE05461DE008
:10CC80000025307800F0F000E02812D1207F20B19C
:10CC9000207FEDF7B1FE05460BE0A06948B10D49D4
:10CCA000A0690968884204D004F11800E2F76EF91F
:10CCB00005461DB93046E2F769F9054615B96FF02A
:10CCC0000300C7E74346324639462046009500F048
:10CCD00003F8BFE7F8FC05082DE9FC4704460F46BA
:10CCE000904699460A9D00BF1CB96FF00F00BDE841
:10CCF000FC8700BF00BF17B96FF00F00F7E700BF58
:10CD000000BFB8F1000F02D16FF00F00EFE700BFD6
:10CD100000BF15B96FF00F00E9E700BF34B120681C
:10CD200020B1207800F0F000E02801D12E1D07E0AE
:10CD300020686968884202D06FF00300D7E7264672
:10CD40004B46424639462046CDE9005600F002F8EF
:10CD5000CDE700002DE9FF5F04460E4690469A4657
:10CD600000BF24B96FF00F0004B0BDE8F09F00BF12
:10CD700000BF16B96FF00F00F6E700BF00BFB8F1B3
:10CD8000000F02D16FF00F00EEE700BF00BF0F9859
:10CD900010B96FF00F00E7E700BF00BF0E9810B9A1
:10CDA0006FF00F00E0E700BF608A50B9628A214649
:10CDB0002046FFF729FB8146B9F1000F01D0484614
:10CDC000D2E73089083080B23189884202DA4FF0E8
:10CDD000FF30C9E708213046EDF75AFF88B14FF41C
:10CDE000207208212220EDF7CDFF054615B94FF03E
:10CDF000FF30B9E7308928B131462846EEF70EFA00
:10CE000000E0354600BF6889082808D200BF23A388
:10CE100040F20D322BA137A0CFF7CAFE00BF00BFF2
:10CE20006F68608AE9F75FF838805046E9F75BF889
:10CE300078800020F880207C00F0080048B198F845
:10CE4000000000F0F000E02803D1687B40F004000F
:10CE500068732889E9F747F8B8804FF0110B98F804
:10CE6000000000F0F000E02801D1607F00E0E07AEF
:10CE70000390A17A0E98CDE9001B02904246284605
:10CE8000039B0F99E1F7F0FE8146B54203D0284697
:10CE9000EEF750FB0025484666E700002E2E5C2E7C
:10CEA0002E5C4D6964646C6577617265735C6C7748
:10CEB00069705C7372635C636F72655C7564702E1D
:10CEC00063000000636865636B20746861742066AA
:10CED0006972737420706275662063616E20686F7A
:10CEE0006C6420737472756374207564705F686419
:10CEF00072000000417373657274696F6E202225A1
:10CF00007322206661696C6564206174206C696EAF
:10CF10006520256420696E2025730A002DE9F04301
:10CF200087B005460E4617461C46DDF838904FF090
:10CF300000080020039004900590069002208DF8D0
:10CF40000D001FFA89F0E8F7CEFFADF80E0020467D
:10CF5000E2F76EFD0490102003A900233A46CDE9C4
:10CF6000001031462846EAF7C5FE8046404607B025
:10CF7000BDE8F0830048704778010024014800783C
:10CF80007047000078010024F8B500250027D1F78C
:10CF900047FD0446FFF7EEFF0746A08886B22078DB
:10CFA0000006617840EA0140A17840EA0120E1787A
:10CFB0000843020620780006617840EA0140A17823
:10CFC00040EA0120E178084300F47F4042EA002271
:10CFD00020780006617840EA0141A07841EA00200B
:10CFE000E178084300F47F0042EA1022207801062D
:10CFF000607841EA0041A07841EA0020E1780843E6
:10D0000042EA106000904FF480602149A1F81A02B2
:10D010000020886031466846DEF7E0FD45B2002D0D
:10D0200001DB022D0AD1002D04DA294619A0CFF721
:10D03000BFFD02E020A0CFF7BBFD1AE0DEF728FC21
:10D0400045B2002D04DA294622A0CFF7B1FD10E049
:10D05000DEF7DEFA45B2002D04DA294626A0CFF726
:10D06000A7FD06E02DA0CFF7A3FDDFF71DFA0025F1
:10D0700000BFDEF775F90020387000210220E2F7CA
:10D0800039FE002D02DA4FF0FF30F8BD0020FCE73A
:10D09000747F01240ABBF1B5C3696E666F2E747884
:10D0A00074D0C5CFA22CCAA7B0DC21207265743A17
:10D0B0002025640A000000000AB0E6B1BECAC7D746
:10D0C000EED0C2B0E6B1BE2CCEDED0E8B8FCD0C205
:10D0D000210A00000ABBF1B5C36372635F62696E27
:10D0E000CEC4BCFEB4F3D0A12CCAA7B0DC21207200
:10D0F00065743A2025640A000ABBF1B5C363726304
:10D100005F62696ECEC4BCFEC4DAC8DD2CCAA7B0AB
:10D11000DC21207265743A2025640A000AC9FDBC2E
:10D12000B6CDEAB3C92CD6D8C6F4C9E8B1B82E2E0C
:10D130002E0A0000F8B5D1F773FC0446002600253E
:10D14000DBF7FAFA00210120E2F7D4FDFFF712FF26
:10D150000646A08887B220780006617840EA014040
:10D16000A17840EA0120E178084302062078000611
:10D17000617840EA0140A17840EA0120E178084363
:10D1800000F47F4042EA002220780006617840EAFD
:10D190000141A07841EA0020E178084300F47F00D3
:10D1A00042EA102220780106607841EA0041A07826
:10D1B00041EA0020E178084342EA106000904FF411
:10D1C00080602049A1F81A0200208860394668462C
:10D1D000DEF77AFC45B2002D01DB022D0AD1002DCD
:10D1E00004DA294618A0CFF7E3FC02E01FA0CFF72E
:10D1F000DFFC1AE0DEF7CCFA45B2002D04DA29464E
:10D2000021A0CFF7D5FC10E0DEF74EF945B2002D96
:10D2100004DA294625A0CFF7CBFC06E02CA0CFF7F7
:10D22000C7FCDFF741F9002500BF00203070002166
:10D230000120E2F75FFD002D02DA4FF0FF30F8BD6C
:10D240000020FCE7747F01240ABBF1B5C3696E6658
:10D250006F2E747874D0C5CFA22CCAA7B0DC212061
:10D260007265743A2025640A000000000AB0E6B135
:10D27000BECAC7D7EED0C2B0E6B1BE2CCEDED0E873
:10D28000B8FCD0C2210A00000ABBF1B5C3637263C7
:10D290005F62696ECEC4BCFEB4F3D0A12CCAA7B045
:10D2A000DC21207265743A2025640A000ABBF1B5BE
:10D2B000C36372635F62696ECEC4BCFEC4DAC8DD4C
:10D2C0002CCAA7B0DC21207265743A2025640A00BC
:10D2D0000AC9FDBCB6CDEAB3C92CD6D8C6F4C9E894
:10D2E000B1B82E2E2E0A00000149087070470000C8
:10D2F0007801002410B50020D2F7B4F810BD2DE954
:10D30000FC5F05460E4600242846C3F71AF9019033
:10D31000002700BF22E015F80480B8F1250F04D0E3
:10D3200038467F1C06F8008017E0601C044615F89C
:10D330000090601C0446285C00904FF0000A0098A2
:10D34000DCF756FE83464846DCF752FE0BEB001A2C
:10D3500038467F1C06F800A000BF641C0198844278
:10D36000D9DB0020F055BDE8FC9F01460A69D1E9F0
:10D3700001309860D1E9010358605068884201D1BA
:10D3800088685060002008611068401E10601068B6
:10D390007047000070B505460C46214601A0CFF746
:10D3A00007FC70BD7461736B202573206F76657206
:10D3B000666C6F770A00000000F1080141604FF0D1
:10D3C000FF31816000F10801C1600161002101604D
:10D3D000704700210161704710B502460B685C1C64
:10D3E0000CB9106907E002F1080000E040684468E9
:10D3F00024689C42FAD944684C604C68A1608860FB
:10D4000041600A611468641C146010BD42684A607F
:10D4100093688B60936859609160086103685B1C36
:10D420000360704710B500BF102072B680F31188FA
:10D43000BFF34F8FBFF36F8F62B600BF0B4800681A
:10D44000401C0A4908600846006801280DD10848B8
:10D450000068C0B208B9012000E0002028B94FF4EC
:10D46000D37204A113A0CFF7A3FB10BDE4040024E2
:10D4700004ED00E02E2E5C2E2E5C4D6964646C651C
:10D4800077617265735C4672656552544F535C7088
:10D490006F727461626C655C525644535C41524DCC
:10D4A0005F434D375C723070315C706F72742E6305
:10D4B000000000004572726F723A2025732C2025FF
:10D4C000640D0A0010B50B48006828B940F2AD128F
:10D4D00009A119A0CFF76CFB06480068401E05495A
:10D4E00008600846006820B9002080F3118800BF5A
:10D4F00000BF10BDE40400242E2E5C2E2E5C4D696E
:10D5000064646C6577617265735C467265655254DC
:10D510004F535C706F727461626C655C5256445319
:10D520005C41524D5F434D375C723070315C706FBF
:10D5300072742E63000000004572726F723A2025EB
:10D54000732C2025640D0A0070B506463546002E62
:10D550003AD0083D2C461D4960680968084008B16A
:10D56000012000E0002028B94FF4927218A126A0F3
:10D57000CFF71EFB206808B9012000E0002028B981
:10D5800040F2251212A120A0CFF712FB0F496068CC
:10D5900009680840C0B12068B0B90C4960680968E2
:10D5A0008843606000F0FCFB1B4960680968084420
:10D5B000194908602046F0F751F918480068401CE6
:10D5C0001649086001F03EFD70BD00000C05002406
:10D5D0002E2E5C2E2E5C4D6964646C6577617265DD
:10D5E000735C4672656552544F535C706F72746120
:10D5F000626C655C4D656D4D616E675C6865617000
:10D600005F342E63000000004572726F723A20256D
:10D61000732C2025640D0A00FC0400240805002456
:10D6200000204FF0E02108618861064800684FF44F
:10D630007A71B0FBF1F0401E4FF0E0214861072005
:10D64000086170470000002470B5C2F78FFE0546E0
:10D65000102D11D305F1E02090F8F0431048007828
:10D66000844201DB012000E0002028B940F20932A9
:10D670000CA11CA0CFF79CFA1E48006800F4E060E3
:10D680001D490968884201D8012000E0002028B91E
:10D6900040F2193203A113A0CFF78AFA70BD00003F
:10D6A000E80400242E2E5C2E2E5C4D6964646C65AB
:10D6B00077617265735C4672656552544F535C7056
:10D6C0006F727461626C655C525644535C41524D9A
:10D6D0005F434D375C723070315C706F72742E63D3
:10D6E000000000004572726F723A2025732C2025CD
:10D6F000640D0A000CED00E0EC0400242DE9F0417B
:10D7000006460F462EB940F6C82211A119A0CFF740
:10D710004FFA0025BFB1002412E01A4800EBC40004
:10D720004068B04203D1174800EBC4050AE035B9A0
:10D73000144850F8340010B9124800EBC405641CBA
:10D74000082CEAD300BF0DB12F606E60BDE8F081F8
:10D750002E2E5C2E2E5C4D6964646C65776172655B
:10D76000735C4672656552544F535C71756575659F
:10D770002E6300004572726F723A2025732C2025AB
:10D78000640D0A00CCD0032470B5044625462DB99B
:10D790004FF4016205A10EA0CFF70AFA284600F067
:10D7A0001FF82846FFF7D0FE70BD00002E2E5C2E1D
:10D7B0002E5C4D6964646C6577617265735C46725A
:10D7C000656552544F535C71756575652E63000035
:10D7D0004572726F723A2025732C2025640D0A0061
:10D7E00070B505462DB940F616320CA114A0CFF73E
:10D7F000DFF900240EE0164800EBC4004068A842A0
:10D8000007D10020124941F8340001EBC4014860FF
:10D8100002E0641C082CEED300BF70BD2E2E5C2EDF
:10D820002E5C4D6964646C6577617265735C4672E9
:10D83000656552544F535C71756575652E630000C4
:10D840004572726F723A2025732C2025640D0A00F0
:10D85000CCD003242DE9F04105460E4617462C4650
:10D86000FFF7E0FD94F94400401C10B9002084F853
:10D87000440094F94500401C10B9002084F845008C
:10D88000FFF720FEA06B28B93A46314604F1240088
:10D8900000F030F92046F0F786FABDE8F08100008C
:10D8A00010B50023022244F620610248D3F7F0FAB3
:10D8B00010BD00000014004070B504460025ACB156
:10D8C0000F48006808B9012000E0002028B940F2A4
:10D8D0004B520CA114A0CFF76BF900F061FA0021B4
:10D8E0002046EFF7DBFC01F0ADFB05463DB94FF0FC
:10D8F000805011490860BFF34F8FBFF36F8F70BD29
:10D90000C40400242E2E5C2E2E5C4D6964646C656C
:10D9100077617265735C4672656552544F535C74EF
:10D9200061736B732E6300004572726F723A20252B
:10D93000732C2025640D0A0004ED00E070B5054647
:10D94000FFF770FD15B92F48006800E0284604462F
:10D95000201DFFF70AFD78B9E06A00EB80002A4934
:10D9600051F8200040B994F82C1001208840274934
:10D970000968814325480160A06A18B104F11800C4
:10D98000FFF7F3FC22480068401C214908601D484D
:10D990000068844209D1211D1E48FFF737FD1E484B
:10D9A0000068401C1C49086006E01C480068401ED6
:10D9B0001A490860F0F756F9FFF784FD114800682E
:10D9C000844202D02046EFF7EFFD15480068C0B151
:10D9D0000C480068844214D11248006808B901203C
:10D9E00000E0002028B940F2DE420FA117A0CFF7D7
:10D9F000DFF84FF0805019490860BFF34F8FBFF335
:10DA00006F8F70BD880400240CD10324A00400246F
:10DA1000B4040024C8D303249404002498040024EC
:10DA2000A4040024C40400242E2E5C2E2E5C4D6918
:10DA300064646C6577617265735C467265655254A7
:10DA40004F535C7461736B732E6300004572726F89
:10DA5000723A2025732C2025640D0A0004ED00E0A5
:10DA60000349096801600349096841607047000083
:10DA7000B00400249C040024012001490860704780
:10DA8000AC04002401480068343070478804002446
:10DA900070B504460D462CB940F61E4207A110A0F1
:10DAA000CFF786F81248016818312046FFF794FC3A
:10DAB00001212846EFF7F2FB70BD00002E2E5C2EF0
:10DAC0002E5C4D6964646C6577617265735C467247
:10DAD000656552544F535C7461736B732E63000021
:10DAE0004572726F723A2025732C2025640D0A004E
:10DAF0008804002470B504460E4615462CB940F63D
:10DB0000544211A119A0CFF753F860681B49096866
:10DB1000C8611A49826809680A6218490968183197
:10DB20008268516015490968183181601349096894
:10DB30008C622168491C21600DB14FF0FF362946E7
:10DB40003046EFF7ABFB70BD2E2E5C2E2E5C4D6980
:10DB500064646C6577617265735C46726565525486
:10DB60004F535C7461736B732E6300004572726F68
:10DB7000723A2025732C2025640D0A0088040024A5
:10DB80002DE9F04706460F4634464FF00109002EB6
:10DB900070D0606D28B941F2A10237A13FA0CFF744
:10DBA00007F8206DB84201D23D4600E0256DE06ADD
:10DBB000A8425FD0606D01285CD13C480068844277
:10DBC00001D0012000E0002028B941F2BC022AA1C6
:10DBD00032A0CEF7EDFFD4F82C80E562A06900F00A
:10DBE000004010B9C5F12000A06108EB8801304A5F
:10DBF00002EB81016069884201D1012000E0002030
:10DC0000C0B3201DFFF7B1FB40B994F82C100120E0
:10DC100088402849096881432648016094F82C10FF
:10DC20000120884023490968084322490860E16AC5
:10DC300001EB81011E4A02EB81014868A060826805
:10DC4000E260211D826851608160E16A01EB81011F
:10DC5000174A02EB81026261E16A01EB8101144A19
:10DC600052F82110491CE26A02EB8202104B43F881
:10DC7000221000BFBDE8F0872E2E5C2E2E5C4D6971
:10DC800064646C6577617265735C46726565525455
:10DC90004F535C7461736B732E6300004572726F37
:10DCA000723A2025732C2025640D0A008804002474
:10DCB0000CD10324A004002401480068006B7047C5
:10DCC0008804002401480068406C704788040024E0
:10DCD0001CB51D4800210B468022CDE900101BA178
:10DCE0001C4800F0CBFE0446012C02D101F07AFA68
:10DCF0000446012C19D100BF102072B680F31188A0
:10DD0000BFF34F8FBFF36F8F62B600BF4FF0FF308E
:10DD1000114908600120114908600020104908607D
:10DD20001049086000F0FEF80BE0601C08B101200B
:10DD300000E0002028B940F642020BA113A0CEF764
:10DD400037FF164800681CBDBC04002449444C45FC
:10DD50000000000075D60408B8040024A4040024C0
:10DD60009C040024080000242E2E5C2E2E5C4D699D
:10DD700064646C6577617265735C46726565525464
:10DD80004F535C7461736B732E6300004572726F46
:10DD9000723A2025732C2025640D0A00C00400244B
:10DDA00002480068401C014908607047C404002410
:10DDB00010B52F48006818B101202E49086055E0C1
:10DDC00000202C4908602C4800682C49086008464F
:10DDD00000682B49096888420BD92A49096801F172
:10DDE0005800896D254A1268254B1B68D21A1144C8
:10DDF00001602248006822490860224800680068E3
:10DE000020490968096B884205D81E4801683431E9
:10DE10000068FFF7BFFA1C480068B0FA80F0C0F154
:10DE20001F0404EB8400194951F8200008B10120B7
:10DE300000E0002028B940F6044215A11DA0CEF74D
:10DE4000B7FE04EB8401114A02EB81004168496886
:10DE5000416000F1080142688A4202D14168496884
:10DE600041604168C968074A116000BF10BD0000E9
:10DE7000C4040024AC04002408000024CC040024C2
:10DE8000C804002488040024A00400240CD1032426
:10DE90002E2E5C2E2E5C4D6964646C657761726514
:10DEA000735C4672656552544F535C7461736B7357
:10DEB0002E6300004572726F723A2025732C202564
:10DEC000640D0A0070B505460C462046D6F78EFE56
:10DED000064626B1012E08D0022E12D10BE00A4AC6
:10DEE0000AA12846CEF774FE0CE0094A07A128468D
:10DEF000CEF76EFE06E0074A04A12846CEF768FE7C
:10DF000000E000BF00BF70BDCE53060825730000BF
:10DF1000C7530608BD530608014800687047000053
:10DF2000FC0400241CB53F4C204600780190FF20E3
:10DF3000214608700846007800909DF8000000F027
:10DF4000F0009DF80010884201D1012000E000207F
:10DF500028B940F24D1234A143A0CEF729FE9DF816
:10DF6000000000F010004449087007204349086091
:10DF700009E042480068401E404908609DF80000E2
:10DF80004006000E00909DF8000000F08000802800
:10DF9000EFD03A480068C0F10700042801D1012001
:10DFA00000E0002028B940F261121FA12EA0CEF798
:10DFB000FFFD32480068C0F10700042801D10120AC
:10DFC00000E0002028B94FF4B57217A126A0CEF7C3
:10DFD000EFFD2A48006800022849086008460088CA
:10DFE00000F4E06008600F49019808702448006858
:10DFF00040F47000224908600846006840F0704014
:10E000000860FFF70DFB00201E490860C2F774F995
:10E010001D48006840F040401B490860C2F758F9AD
:10E0200000201CBD00E400E02E2E5C2E2E5C4D690D
:10E0300064646C6577617265735C467265655254A1
:10E040004F535C706F727461626C655C52564453DE
:10E050005C41524D5F434D375C723070315C706F84
:10E0600072742E63000000004572726F723A2025B0
:10E07000732C2025640D0A00E8040024EC0400241D
:10E0800020ED00E0E404002434EF00E010B500BF10
:10E09000102072B680F31188BFF34F8FBFF36F8FDC
:10E0A00062B600BF00F036FD18B14FF08050044951
:10E0B000086000BF002080F3118800BF10BD000081
:10E0C00004ED00E02DE9F041044601260027224638
:10E0D0000021012000F008F805462846EFF7DEFA97
:10E0E0002846BDE8F08100002DE9F84305460E46BC
:10E0F00017460024E5B1601EB0FBF5F0B04217D31F
:10E1000005FB06F010F1550F12D805FB06F909F1D1
:10E110005400EFF78DFF04468CB1A04608F1540877
:10E120003B464246314628460094EFF7C6FA06E0E1
:10E130002CB94FF4E37203A10BA0CEF739FD2046B2
:10E14000BDE8F8832E2E5C2E2E5C4D6964646C65F0
:10E1500077617265735C4672656552544F535C71AA
:10E16000756575652E6300004572726F723A2025E1
:10E17000732C2025640D0A002DE9F04105460E465A
:10E1800001272C462CB94FF488722CA134A0CEF76D
:10E190000FFD002C42D0E06B00283FD04FF0FF3144
:10E1A000E06BB1FBF0F0216C884237D3FFF73AF90E
:10E1B000D4E90F12206801FB0200A0600020A063D8
:10E1C00020686060E06B401E226C216800FB021139
:10E1D000E160FF2084F8440084F845009EB920697E
:10E1E00008B9012000E00020A8B904F1100000F0F7
:10E1F00083FE80B14FF080501D490860BFF34F8F00
:10E20000BFF36F8F07E004F11000FFF7D5F804F1BA
:10E210002400FFF7D1F8FFF755F900E000270FB110
:10E22000012000E0002028B940F2451203A10CA013
:10E23000CEF7BEFC3846BDE8F08100002E2E5C2EE5
:10E240002E5C4D6964646C6577617265735C4672BF
:10E25000656552544F535C71756575652E6300009A
:10E260004572726F723A2025732C2025640D0A00C6
:10E2700004ED00E02DE9FF4782B0064688461D46C2
:10E280004FF0000934462CB940F22E3264A16DA043
:10E29000CEF78EFCB8F1000F01D1206C08B9012037
:10E2A00000E0002028B940F22F325DA165A0CEF732
:10E2B0007FFC022D02D1E06B012801D1012000E09A
:10E2C000002028B94FF44C7255A15EA0CEF770FC27
:10E2D00000F00AFC08B9049808B9012000E0002009
:10E2E00028B940F233324EA156A0CEF761FC00BFF0
:10E2F000FFF798F8A06BE16B884201D3022D3ED165
:10E30000D4F838A02A4641462046EFF70EF90746D2
:10E31000A06C88B1022D02D1BAF1000F29D120469C
:10E32000EFF718FB28B34FF080504A490860BFF35D
:10E330004F8FBFF36F8F1CE0606A08B9012000E0C7
:10E34000002068B904F1240000F0D6FD88B14FF038
:10E35000805040490860BFF34F8FBFF36F8F08E0D4
:10E360003FB14FF080503B490860BFF34F8FBFF380
:10E370006F8FFFF7A7F8012006B0BDE8F08704987B
:10E3800018B9FFF79FF80020F6E7B9F1000F04D1A4
:10E390006846FFF765FB4FF00109FFF793F8FFF7B9
:10E3A000FFFCFFF73FF894F94400401C10B900202F
:10E3B00084F8440094F94500401C10B9002084F80A
:10E3C0004500FFF77FF804A9684600F0F1FAF8B9B4
:10E3D0002046EFF7B0FAA8B104F110000499FFF756
:10E3E00057FB2046EFF7DFFC00F02CFE00287FF4FF
:10E3F0007FAF4FF0805017490860BFF34F8FBFF3D6
:10E400006F8F75E72046EFF7CEFC00F01BFE6FE73D
:10E410002046EFF7C8FC00F015FE0020ACE7000036
:10E420002E2E5C2E2E5C4D6964646C65776172657E
:10E43000735C4672656552544F535C7175657565C2
:10E440002E6300004572726F723A2025732C2025CE
:10E45000640D0A0004ED00E02DE9F04707460D4683
:10E460003C462CB940F2AD4238A141A0CEF7A0FB0A
:10E47000206C08B9012000E0002028B940F2B14228
:10E4800032A13BA0CEF794FB206808B9A06808B978
:10E49000012000E0002028B940F2B6422BA134A0B0
:10E4A000CEF786FBFFF7D0F800BF1021EFF3118005
:10E4B00072B681F31188BFF34F8FBFF36F8F62B6CF
:10E4C00000BF0646D4F838A0E06B504535D994F922
:10E4D00045900AF10100A06309F10100C0B9A06CE8
:10E4E00038B12046EFF736FA20B31DB3012028607B
:10E4F00020E0606A08B9012000E00020D0B904F1F2
:10E50000240000F0F9FCA8B1A5B10120286011E0B9
:10E51000B9F17F0F01D0012000E0002028B940F2BE
:10E5200035520AA112A0CEF743FB09F1010040B217
:10E5300084F845004FF0010801E04FF0000800BFEB
:10E5400086F3118800BF4046BDE8F0872E2E5C2E72
:10E550002E5C4D6964646C6577617265735C4672AC
:10E56000656552544F535C71756575652E63000087
:10E570004572726F723A2025732C2025640D0A00B3
:10E5800070B505462C462CB940F283220CA115A08B
:10E59000CEF70EFB00F0A2FAA16888420CD1E06829
:10E5A000401EE060E06828B900231A46194620465C
:10E5B000FFF760FE012600E00026304670BD000037
:10E5C0002E2E5C2E2E5C4D6964646C6577617265DD
:10E5D000735C4672656552544F535C717565756521
:10E5E0002E6300004572726F723A2025732C20252D
:10E5F000640D0A002DE9F74183B005460E464FF041
:10E6000000082C462CB940F251524CA154A0CEF730
:10E61000CFFA0EB9206C08B9012000E0002028B91B
:10E6200040F2555245A14EA0CEF7C2FA00F05CFA76
:10E6300008B9059808B9012000E0002028B940F287
:10E640005A523EA146A0CEF7B3FA00BFFEF7EAFE4B
:10E65000A76BF7B131462046EEF752FF781EA06354
:10E66000206908B9012000E0002060B904F1100021
:10E6700000F042FC38B14FF080503D490860BFF3D4
:10E680004F8FBFF36F8FFEF71DFF012006B0BDE86F
:10E69000F081059818B9FEF715FF0020F6E7B8F1EC
:10E6A000000F04D101A8FFF7DBF94FF00108FEF7D6
:10E6B00009FFFFF775FBFEF7B5FE94F94400401C17
:10E6C00010B9002084F8440094F94500401C10B9AA
:10E6D000002084F84500FEF7F5FE05A901A800F02A
:10E6E00067F9F0B92046EFF719F9A0B104F1240059
:10E6F0000599FFF7CDF92046EFF755FB00F0A2FC96
:10E700000028A3D14FF0805019490860BFF34F8F04
:10E71000BFF36F8F9AE72046EFF745FB00F092FCBE
:10E7200094E72046EFF73FFB00F08CFC2046EFF724
:10E73000F5F800288AD00020A8E700002E2E5C2ED5
:10E740002E5C4D6964646C6577617265735C4672BA
:10E75000656552544F535C71756575652E63000095
:10E760004572726F723A2025732C2025640D0A00C1
:10E7700004ED00E02DE9F34182B005464FF00008BA
:10E780002C4600262CB940F2E3525DA165A0CEF7DD
:10E790000FFA206C08B9012000E0002028B940F2EF
:10E7A000E75257A15FA0CEF703FA00F09DF908B930
:10E7B000039808B9012000E0002028B940F2EC528B
:10E7C0004FA158A0CEF7F4F900BFFEF72BFEA76BC0
:10E7D000FFB1781EA063206810B9EFF7F3FCA060CA
:10E7E000206908B9012000E0002060B904F11000A0
:10E7F00000F082FB38B14FF080504E490860BFF303
:10E800004F8FBFF36F8FFEF75DFE012004B0BDE8B0
:10E81000F081039870B90EB9012000E0002028B9FA
:10E8200040F2326236A13FA0CEF7C2F9FEF74AFEAF
:10E830000020EBE7B8F1000F04D16846FFF710F9AC
:10E840004FF00108FEF73EFEFFF7AAFAFEF7EAFDD9
:10E8500094F94400401C10B9002084F8440094F955
:10E860004500401C10B9002084F84500FEF72AFE40
:10E8700003A9684600F09CF840BB2046EFF74EF82D
:10E88000F0B1206838B9FEF7CDFDA06800F0BEFAFF
:10E890000646FEF717FE04F124000399FFF7F8F887
:10E8A0002046EFF780FA00F0CDFB00288DD14FF025
:10E8B000805020490860BFF34F8FBFF36F8F84E70C
:10E8C0002046EFF770FA00F0BDFB7EE72046EFF739
:10E8D0006AFA00F0B7FB2046EFF720F80028EED0E8
:10E8E0005EB1FEF79FFD2046EEF767FE074639460C
:10E8F000A068FFF745F9FEF7E5FD002086E7000078
:10E900002E2E5C2E2E5C4D6964646C657761726599
:10E91000735C4672656552544F535C7175657565DD
:10E920002E6300004572726F723A2025732C2025E9
:10E93000640D0A0004ED00E02DE9F04106460F46A3
:10E9400034462CB940F2BB220CA115A0CEF730F909
:10E9500000F0C4F8A168884204D1E068401CE0607F
:10E96000012508E039462046FFF704FF054615B1AA
:10E97000E068401CE0602846BDE8F0812E2E5C2E49
:10E980002E5C4D6964646C6577617265735C467278
:10E99000656552544F535C71756575652E63000053
:10E9A0004572726F723A2025732C2025640D0A007F
:10E9B00070B506460C462EB940F6FF421FA128A0AE
:10E9C000CEF7F6F82CB94FF450621CA124A0CEF774
:10E9D000EFF8FEF727FD264802687068131A2548ED
:10E9E000006890F8610030B100202249096881F880
:10E9F000610001251EE02068401C08B9002519E0CF
:10EA00001D4930680968884206D07068904203D872
:10EA10000125002020600DE02068984207D9206879
:10EA2000C01A20603046FFF71BF8002502E00020E6
:10EA300020600125FEF746FD284670BD2E2E5C2E77
:10EA40002E5C4D6964646C6577617265735C4672B7
:10EA5000656552544F535C7461736B732E63000091
:10EA60004572726F723A2025732C2025640D0A00BE
:10EA70009C04002488040024B00400242DE9FF4FE6
:10EA800085B0804689461746DDE912ABB800EFF73E
:10EA9000CFFA064656B16420EFF7CAFA04460CB125
:10EAA000266304E03046FEF74FFD00E000247CB111
:10EAB0000020CDE900ABCDE902403A464946404648
:10EAC000089BEEF711FE2046EEF74EFC012501E013
:10EAD0004FF0FF35284609B0BDE8F08F01490868BE
:10EAE00070470000880400240549096809B901201D
:10EAF00005E00449096809B9022000E000207047D8
:10EB0000A4040024C40400240149086870470000DC
:10EB10009C0400242DE9F0414FF000085F48006894
:10EB200000287DD15E480068451C5D480560002DC9
:10EB30001DD15C480068006808B9012000E0002091
:10EB400028B940F6C92258A160A0CEF731F855483F
:10EB50000768624800685349086060480760604879
:10EB60000068401C5E490860EFF77CF800BF5D4814
:10EB70000068854277D300BF4A480068006808B93A
:10EB8000012000E0002020B14FF0FF30554908601F
:10EB900068E044480068C068C4686668B54202D24C
:10EBA000504806605EE06069D4E902128A60D4E9E8
:10EBB00002214A60211D42688A4201D1E168416018
:10EBC000002262610168491E0160A06A98B1A06AD2
:10EBD000D4E907128A60D4E907214A6004F11801D8
:10EBE00042688A4201D1216A41600022A262016822
:10EBF000491E016000BF94F82C10012088403A495A
:10EC00000968084338490860E16A01EB8101374A25
:10EC100002EB81014868A0608268E260211D00E08B
:10EC200033E0826851608160E16A01EB81012F4A23
:10EC300002EB81026261E16A01EB81012B4A52F829
:10EC40002110491CE26A02EB8202284B43F8221091
:10EC50002749E06A0968C96A88428DD34FF00108E4
:10EC60008AE700E000BF22480068C06A00EB80002D
:10EC70001E4951F82000012801D94FF001081D4814
:10EC8000006808B14FF0010804E01B480068401C10
:10EC9000194908604046BDE8F0810000C404002422
:10ECA0009C0400248C0400242E2E5C2E2E5C4D69C6
:10ECB00064646C6577617265735C46726565525415
:10ECC0004F535C7461736B732E6300004572726FF7
:10ECD000723A2025732C2025640D0A00900400242C
:10ECE000B0040024B8040024A00400240CD10324A0
:10ECF00088040024AC040024A804002470B5054650
:10ED00002C460026002D5ED030480068844201D198
:10ED1000012000E0002028B941F251022CA135A0C9
:10ED2000CDF746FF606D28B941F2520228A131A00B
:10ED3000CDF73EFF606D401E6065216DE06A884240
:10ED400041D0606D00283ED1201DFEF70EFB40B97A
:10ED500094F82C10012088402A49096881432948E9
:10ED60000160206DE062E06AC0F12000A06194F8CB
:10ED70002C10012088402349096808432149086074
:10ED8000E16A01EB8101204A02EB81014868A06041
:10ED90008268E260211D826851608160E16A01EB56
:10EDA0008101194A02EB81026261E16A01EB810192
:10EDB000154A52F82110491CE26A02EB8202124BFA
:10EDC00043F822100126304670BD0000880400245C
:10EDD0002E2E5C2E2E5C4D6964646C6577617265C5
:10EDE000735C4672656552544F535C7461736B7308
:10EDF0002E6300004572726F723A2025732C202515
:10EE0000640D0A00A00400240CD1032470B505464B
:10EE10002C460026002D67D03449E06A0968C96A8B
:10EE200088425AD2A06900F0004028B92F480068F3
:10EE3000C06AC0F12000A061E16A01EB81012C4AA7
:10EE400002EB81016069884201D1012000E00020CD
:10EE5000E0B3201DFEF789FA40B994F82C10012088
:10EE60008840244909688143224801601F4800689E
:10EE7000C06AE06294F82C10012088401D4909689E
:10EE800008431C490860E16A01EB8101184A02EB62
:10EE900081014868A0608268E260211D826851603B
:10EEA0008160E16A01EB8101114A02EB810262613A
:10EEB000E16A01EB81010E4A52F82110491CE26A15
:10EEC00002EB82020A4B43F8221004E0FFE70748F6
:10EED0000068C06AE062012606E00449206D096806
:10EEE000C96A884200D20126304670BD88040024D9
:10EEF0000CD10324A004002470B50646F068C46851
:10EF00002CB940F684423CA144A0CDF751FEA06A42
:10EF1000D4E907128A60D4E907214A6004F1180194
:10EF200042688A4201D1216A41600022A2620168DE
:10EF3000491E01603D48006800283DD16069D4E960
:10EF400002128A60D4E902214A60211D42688A4285
:10EF500001D1E1684160002262610168491E0160DF
:10EF600094F82C1001208840314909680843304941
:10EF70000860E16A01EB81012E4A02EB81014868D9
:10EF8000A0608268E260211D826851608160E16A50
:10EF900001EB8101274A02EB81026261E16A01EB28
:10EFA0008101244A52F82110491CE26A02EB8202D4
:10EFB000204B43F8221010E01F494868E061826846
:10EFC000226204F118018268516081601A4AA262CB
:10EFD00011460968491C116000BF1849E06A0968B8
:10EFE000C96A884204D9012501201549086000E05A
:10EFF0000025284670BD00002E2E5C2E2E5C4D692B
:10F0000064646C6577617265735C467265655254C1
:10F010004F535C7461736B732E6300004572726FA3
:10F02000723A2025732C2025640D0A00C4040024A4
:10F03000A00400240CD10324B4D3032488040024A6
:10F04000AC04002470B5002400265048006828B99C
:10F0500040F6B5024EA157A0CDF7AAFDFEF7E2F9A2
:10F060004A480068401E4949086008460068002870
:10F070007ED15448006800287AD05BE05248C068CE
:10F08000C468A06AD4E907128A60D4E907214A60FB
:10F0900004F1180142688A4201D1216A41600022CC
:10F0A000A2620168491E01606069D4E902128A60A7
:10F0B000D4E902214A60211D42688A4201D1E168F7
:10F0C0004160002262610168491E016094F82C10C1
:10F0D000012088403D49096808433C490860E16ACD
:10F0E00001EB81013A4A02EB81014868A060826825
:10F0F000E260211D826851608160E16A01EB81015B
:10F10000334A02EB81026261E16A01EB8101304A1C
:10F1100052F82110491CE26A02EB82022C4B43F8A0
:10F1200022102C49E06A0968C96A884202D301208A
:10F13000294908602448006808B9012000E000203F
:10F1400000289BD00CB1EEF78DFD2448056865B111
:10F1500000BFFFF7DFFC10B101201F4908606D1EE2
:10F16000002DF6D100201D4908601B48006800E012
:10F1700008E038B10126300719490860BFF34F8F06
:10F18000BFF36F8FFEF79EF9304670BDC4040024B4
:10F190002E2E5C2E2E5C4D6964646C657761726501
:10F1A000735C4672656552544F535C7461736B7344
:10F1B0002E6300004572726F723A2025732C202551
:10F1C000640D0A0098040024B4D30324A00400248E
:10F1D0000CD1032488040024AC040024A8040024D7
:10F1E00004ED00E01CB50024EEF734F90B4800688C
:10F1F00058B10B481F2100234FF48072CDE9001055
:10F2000008A10A48FFF73AFC04462CB940F219124B
:10F2100007A110A0CDF7CCFC20461CBDD8040024CB
:10F22000DC040024546D7220537663008DDD0408E5
:10F230002E2E5C2E2E5C4D6964646C657761726560
:10F24000735C4672656552544F535C74696D6572A8
:10F25000732E63004572726F723A2025732C20253D
:10F26000640D0A000000000001020304010203040F
:10F2700006070809E697A0E8BF9EE68EA500E69C73
:10F2800089E7BABFE5B7B2E8BF9EE68EA500E6976C
:10F29000A0E7BABFE5B7B2E8BF9EE68EA50020E5BD
:10F2A000B7B2E68C82E8BDBD200020E69CAAE68CC1
:10F2B00082E8BDBD2000E69FA5E689BEE4BFA1E5CA
:10F2C0008FB72000E69FA5E689BE53494D2000E692
:10F2D000B3A8E5868CE7BD91E7BB9C2000E5908C48
:10F2E000E6ADA5E697B6E997B42000E6A8A1E59DAE
:10F2F00097E5889DE5A78BE58C962000E6BF80E624
:10F30000B4BBE7BD91E7BB9C00E69FA5E8AFA2E5D3
:10F310008D8FE8AEAEE6A08800E69FA5E8AFA2E636
:10F320008BA8E58FB7E78AB6E680810021CA02087C
:10F3300061CB02085599020881CA020800002042E8
:10F34000000048420000204200004842FC550608E8
:10F3500006000000D455060811000000FC55060800
:10F3600006000000E8550608100000000031625356
:10F37000C4F5A697B988DBEA7D4C1F2E4372211095
:10F3800087B6E5D4FACB98A93E0F5C6D86B7E4D575
:10F39000427320113F0E5D6CFBCA99A8C5F4A79675
:10F3A000013063527C4D1E2FB889DAEB3D0C5F6E45
:10F3B000F9C89BAA84B5E6D7407122137E4F1C2D55
:10F3C000BA8BD8E9C7F6A59403326150BB8AD9E855
:10F3D0007F4E1D2C02336051C6F7A495F8C99AAB35
:10F3E0003C0D5E6F4170231285B4E7D67A4B182925
:10F3F000BE8FDCEDC3F2A1900736655439085B6A15
:10F40000FDCC9FAE80B1E2D344752617FCCD9EAFF4
:10F4100038095A6B4574271681B0E3D2BF8EDDECF4
:10F420007B4A192806376455C2F3A0914776251404
:10F4300083B2E1D0FECF9CAD3A0B586904356657D4
:10F44000C0F1A293BD8CDFEE79481B2AC1F0A392D4
:10F450000534675678491A2BBC8DDEEF82B3E0D1B4
:10F46000467724153B0A5968FFCE9DAC00316253A4
:10F47000C4F5A697B988DBEA7D4C1F2E4372211094
:10F4800087B6E5D4FACB98A93E0F5C6D86B7E4D574
:10F49000427320113F0E5D6CFBCA99A8C5F4A79674
:10F4A000013063527C4D1E2FB889DAEB3D0C5F6E44
:10F4B000F9C89BAA84B5E6D7407122137E4F1C2D54
:10F4C000BA8BD8E9C7F6A59403326150BB8AD9E854
:10F4D0007F4E1D2C02336051C6F7A495F8C99AAB34
:10F4E0003C0D5E6F4170231285B4E7D67A4B182924
:10F4F000BE8FDCEDC3F2A1900736655439085B6A14
:10F50000FDCC9FAE80B1E2D344752617FCCD9EAFF3
:10F5100038095A6B4574271681B0E3D2BF8EDDECF3
:10F520007B4A192806376455C2F3A0914776251403
:10F5300083B2E1D0FECF9CAD3A0B586904356657D3
:10F54000C0F1A293BD8CDFEE79481B2AC1F0A392D3
:10F550000534675678491A2BBC8DDEEF82B3E0D1B3
:10F56000467724153B0A5968FFCE9DAC00070E096B
:10F570001C1B1215383F363124232A2D70777E79D3
:10F580006C6B6265484F464154535A5DE0E7EEE9C3
:10F59000FCFBF2F5D8DFD6D1C4C3CACD90979E99B3
:10F5A0008C8B8285A8AFA6A1B4B3BABDC7C0C9CEA3
:10F5B000DBDCD5D2FFF8F1F6E3E4EDEAB7B0B9BE93
:10F5C000ABACA5A28F88818693949D9A2720292E83
:10F5D0003B3C35321F18111603040D0A5750595E73
:10F5E0004B4C45426F68616673747D7A898E878063
:10F5F00095929B9CB1B6BFB8ADAAA3A4F9FEF7F053
:10F60000E5E2EBECC1C6CFC8DDDAD3D4696E676042
:10F6100075727B7C51565F584D4A4344191E171032
:10F6200005020B0C21262F283D3A33344E49404722
:10F6300052555C5B7671787F6A6D64633E39303712
:10F6400022252C2B0601080F1A1D1413AEA9A0A702
:10F65000B2B5BCBB9691989F8A8D8483DED9D0D7F2
:10F66000C2C5CCCBE6E1E8EFFAFDF4F300C181407E
:10F6700001C0804101C0804100C1814001C0804182
:10F6800000C1814000C1814001C0804101C0804172
:10F6900000C1814000C1814001C0804100C1814062
:10F6A00001C0804101C0804100C1814001C0804152
:10F6B00000C1814000C1814001C0804100C1814042
:10F6C00001C0804101C0804100C1814000C1814032
:10F6D00001C0804101C0804100C1814001C0804122
:10F6E00000C1814000C1814001C0804101C0804112
:10F6F00000C1814000C1814001C0804100C1814002
:10F7000001C0804101C0804100C1814000C18140F1
:10F7100001C0804101C0804100C1814001C08041E1
:10F7200000C1814000C1814001C0804100C18140D1
:10F7300001C0804101C0804100C1814001C08041C1
:10F7400000C1814000C1814001C0804101C08041B1
:10F7500000C1814000C1814001C0804100C18140A1
:10F7600001C0804101C0804100C1814000C0C10191
:10F77000C30302C2C60607C705C5C404CC0C0DCD21
:10F780000FCFCE0E0ACACB0BC90908C8D81819D991
:10F790001BDBDA1A1EDEDF1FDD1D1CDC14D4D515C1
:10F7A000D71716D6D21213D311D1D010F03031F1B1
:10F7B00033F3F23236F6F737F53534F43CFCFD3DE1
:10F7C000FF3F3EFEFA3A3BFB39F9F83828E8E929D1
:10F7D000EB2B2AEAEE2E2FEF2DEDEC2CE42425E581
:10F7E00027E7E62622E2E323E12120E0A06061A1F1
:10F7F00063A3A26266A6A767A56564A46CACAD6DA1
:10F80000AF6F6EAEAA6A6BAB69A9A86878B8B97910
:10F81000BB7B7ABABE7E7FBF7DBDBC7CB47475B540
:10F8200077B7B67672B2B373B17170B05090915130
:10F830009353529296565797559594549C5C5D9D60
:10F840005F9F9E5E5A9A9B5B995958988848498950
:10F850004B8B8A4A4E8E8F4F8D4D4C8C4484854500
:10F8600087474686824243834181804000030306E6
:10F870000104060205000305000610160006101616
:10F88000010002000400060008000A000C0010003D
:10F8900020004000800000010000000F0000000078
:10F8A0000000000000000000000000000000000058
:10F8B0000000000000000000000000000000000F39
:10F8C0000000000000000000000000000000000038
:10F8D0000000000000000000000000000000000028
:10F8E0000001010100000000FFFFFFFFFFFFFFFF1D
:10F8F0000000000000000000000000000000000008
:10F90000010000000000000000000000FFFFFFFFFA
:10F91000FFFFFFFF000000000000000000000000EB
:10F9200001000000000000000100000000000000D5
:10F9300000000000000000000000000000000000C7
:10F9400000000000FFFFFFFF0000000000000000BB
:10F9500008FC0F600000000008FC0F6000000000C1
:10F960000000000000000000000000000000000097
:10F970000000000000000000000000000000000087
:10F980000000000000000000000000000000000077
:10F990000000000000000000000000000100000066
:10F9A0000000000000000000000000000000000057
:10F9B0000000000000000000000000000000000047
:10F9C0000000000000000000000000000000000037
:10F9D0000000000000000000000000000000000027
:10F9E0000000000000000200000000000000000015
:10F9F00000000000000000000000000000001040B7
:10FA0000000000000800F00FE8560608180010205B
:10FA100000000000000000000100000000000000E5
:10FA200000000000000000000000000000000000D6
:10FA300000000000000000000100000000000000C5
:10FA4000E856060808000000000000000000000062
:10FA500000000000000000000000000000000000A6
:10FA60000000000001000000000000000000000095
:10FA70000000000000000000000000000000000185
:10FA80000000000001000000000000000000000075
:10FA900008FC0F600000000000000000750A040868
:10FAA000510A04083D0A0408990A040800010000EC
:10FAB000000100000010000000080000F401000038
:10FAC0000001000000010000000000000000000034
:10FAD0000000000000000000000000000000000026
:10FAE00000000000000000006410B71DC8206E3B3D
:10FAF000AC30D9269041DC76F4516B6B5861B24D35
:10FB00003C7105502083B8ED44930FF0E8A3D6D69E
:10FB10008CB361CBB0C2649BD4D2D38678E20AA006
:10FB20001CF2BDBD00040000400000000000010008
:10FB300000000000000000000C0000006900000050
:10FB40000B000000710000007300000016000000B0
:10FB50000B00000062000000720000006A0000005C
:10FB60006B000000FFFFFFFF67000000680000005F
:10FB70006B000000050000001C0004009B390324FA
:10FB800094020024280004000E3A03249802002462
:10FB900098000400B13A03249C0200241C000200D7
:10FBA000143D0324A0020024100078004F3D0324DC
:10FBB000A402002420000500D2440324A80200244B
:10FBC00018000F0075450324AC0200241000020049
:10FBD000E0460324B00200242C0004000347032461
:10FBE000B402002410000800B6470324B802002421
:10FBF0001000080039480324BC020024100008004B
:10FC0000BC480324C0020024100006003F4903241E
:10FC1000C402002434010100A2490324C8020024C4
:10FC200010000F00D94A0324CC020024FC05140064
:10FC3000CC4B0324D002002478FB050884FB050884
:10FC400090FB05089CFB0508A8FB0508B4FB05080C
:10FC5000C0FB0508CCFB0508D8FB0508E4FB05083C
:10FC6000F0FB0508FCFB050808FC050814FC05086A
:10FC700020FC05082CFC0508A8570608D0570608E4
:10FC8000F0570608B05706089C5706088457060820
:10FC900090570608E4570608BC570608C4570608DC
:10FCA000D8570608010203040506070707070707D8
:10FCB0000703060C18306078F0020024EC020024E0
:10FCC000F4020024F8020024FA00000069B30508D9
:10FCD000E8030000FDF90308E803000015780308B5
:10FCE000640000008DE10308E8030000335A0308B4
:10FCF0000500000000000000FFFFFFFFFFFFFFFF07
:10FD0000FFFF00000000000014000A00E4C4032408
:10FD1000740300242F696E6465782E7368746D6CAB
:10FD200000000000485454502F312E302032303023
:10FD3000204F4B0D0A5365727665723A206C7749F5
:10FD4000502F312E332E312028687474703A2F2FA3
:10FD5000736176616E6E61682E6E6F6E676E752E62
:10FD60006F72672F70726F6A656374732F6C776937
:10FD700070290D0A436F6E74656E742D7479706509
:10FD80003A20746578742F68746D6C0D0A4578702C
:10FD9000697265733A204672692C203130204170B7
:10FDA0007220323030382031343A30303A3030201E
:10FDB000474D540D0A507261676D613A206E6F2D88
:10FDC00063616368650D0A0D0A3C68746D6C206C94
:10FDD000616E673D227A682D434E223E0D0A202037
:10FDE00020203C686561643E0D0A202020202020F0
:10FDF00020203C6D65746120687474702D65717588
:10FE000069763D22436F6E74656E742D547970650A
:10FE10002220636F6E74656E743D22746578742F52
:10FE200068746D6C3B20636861727365743D7574B2
:10FE30006638222F3E0D0A20202020202020203C42
:10FE40007374796C653E0D0A20202020202020202C
:10FE5000202020202E666C65787B0D0A2020202033
:10FE6000202020202020202020202020666C657863
:10FE70002D666C6F773A726F7720777261703B0DE9
:10FE80000A20202020202020202020202020202088
:10FE900020646973706C61793A20666C65783B0DFB
:10FEA0000A20202020202020202020202020202068
:10FEB0002077696474683A20313030253B0D0A2080
:10FEC00020202020202020202020202020202068EA
:10FED00065696768743A20313030253B0D0A20206F
:10FEE000202020202020202020207D0D0A202020DE
:10FEF0002020202020202020200D0A20202020202B
:10FF0000202020202020202A7B0D0A2020202020B5
:10FF100020202020202020202020206D6172676971
:10FF20006E3A20303B0D0A20202020202020202067
:10FF30002020202020202070616464696E673A20B0
:10FF4000303B0D0A202020202020202020202020AF
:10FF500020202020626F782D73697A696E673A627B
:10FF60006F726465722D626F783B0D0A202020202D
:10FF70002020202020202020202020206375727344
:10FF80006F723A20706F696E7465723B0D0A0D0ACC
:10FF90002020202020202020202020207D0D0A202D
:10FFA00020202020202020202020200D0A2020207A
:10FFB0002020202020202020202E73776974636861
:10FFC000207B0D0A202020202020202020202020FF
:10FFD00020202020706F736974696F6E3A207265FB
:10FFE0006C61746976653B0D0A202020202020205A
:10FFF000202020202020202020646973706C6179EB
:020000040806EC
:100000003A20696E6C696E652D626C6F636B3B0D97
:100010000A202020202020202020202020202020F6
:100020002077696474683A20363070783B0D0A2076
:100030002020202020202020202020202020206878
:1000400065696768743A20333470783B0D0A202064
:1000500020202020202020202020202020206D6112
:100060007267696E2D6C6566743A20313070783B2A
:100070000D0A2020202020202020202020207D0D5F
:100080000A2020202020202020202020202E7377CE
:100090006974636820696E707574207B646973701D
:1000A0006C61793A6E6F6E653B7D0D0A0D0A2020FA
:1000B000202020202020202020202E736C696465C1
:1000C00072207B0D0A2020202020202020202020AC
:1000D0002020202020706F736974696F6E3A206150
:1000E00062736F6C7574653B0D0A20202020202000
:1000F00020202020202020202020637572736F7222
:100100003A20706F696E7465723B0D0A20202020C2
:10011000202020202020202020202020746F703AD2
:1001200020303B0D0A2020202020202020202020CD
:1001300020202020206C6566743A20303B0D0A2078
:10014000202020202020202020202020202020725D
:10015000696768743A20303B0D0A20202020202057
:1001600020202020202020202020626F74746F6DBA
:100170003A20303B0D0A2020202020202020202063
:100180002020202020206261636B67726F756E648F
:100190002D636F6C6F723A20236363633B0D0A20FB
:1001A0002020202020202020202020202020202D42
:1001B0007765626B69742D7472616E736974696FAF
:1001C0006E3A202E34733B0D0A2020202020202060
:1001D0002020202020202020207472616E736974FA
:1001E000696F6E3A202E34733B0D0A2020202020A8
:1001F000202020202020207D0D0A0D0A20202020F4
:1002000020202020202020202E736C696465723A03
:100210006265666F7265207B0D0A202020202020F9
:1002200020202020202020202020706F73697469F6
:100230006F6E3A206162736F6C7574653B0D0A20B6
:10024000202020202020202020202020202020636B
:100250006F6E74656E743A2022223B0D0A202020B6
:1002600020202020202020202020202020686569B8
:100270006768743A20323670783B0D0A20202020BF
:100280002020202020202020202020207769647436
:10029000683A20323670783B0D0A2020202020203A
:1002A000202020202020202020206C6566743A2009
:1002B0003470783B0D0A2020202020202020202090
:1002C000202020202020626F74746F6D3A203470DB
:1002D000783B0D0A202020202020202020202020D4
:1002E000202020206261636B67726F756E642D63DE
:1002F0006F6C6F723A2077686974653B0D0A202035
:1003000020202020202020202020202020202D7789
:1003100065626B69742D7472616E736974696F6E56
:100320003A202E34733B0D0A20202020202020204C
:1003300020202020202020207472616E736974694F
:100340006F6E3A202E34733B0D0A2020202020208F
:100350002020202020207D0D0A0D0A202020202092
:1003600020202020202020696E7075743A63686513
:10037000636B6564202B202E736C69646572207B2F
:100380000D0A202020202020202020202020202096
:1003900020206261636B67726F756E642D636F6C92
:1003A0006F723A20233231393646333B0D0A202012
:1003B000202020202020202020207D0D0A0D0A2032
:1003C0002020202020202020202020696E7075749D
:1003D0003A666F637573202B202E736C69646572A7
:1003E000207B0D0A202020202020202020202020DB
:1003F00020202020626F782D736861646F773A2027
:100400003020302031707820233231393646333B6A
:100410000D0A2020202020202020202020207D0DBB
:100420000A0D0A20202020202020202020202069C2
:100430006E7075743A636865636B6564202B202E5B
:10044000736C696465723A6265666F7265207B0DD4
:100450000A202020202020202020202020202020B2
:10046000202D7765626B69742D7472616E73666F8F
:10047000726D3A207472616E736C617465582832C3
:10048000367078293B0D0A202020202020202020B3
:10049000202020202020202D6D732D7472616E731A
:1004A000666F726D3A207472616E736C6174655818
:1004B0002832367078293B0D0A2020202020202069
:1004C0002020202020202020207472616E73666F0F
:1004D000726D3A207472616E736C61746558283263
:1004E000367078293B0D0A20202020202020202053
:1004F0002020207D0D0A0D0A2020202020202020F1
:10050000202020202E736C696465722E726F756EC8
:1005100064207B0D0A202020202020202020202065
:100520002020202020626F726465722D72616469E0
:1005300075733A20333470783B0D0A202020202038
:10054000202020202020207D0D0A0D0A20202020A0
:1005500020202020202020202E736C696465722EBC
:10056000726F756E643A6265666F7265207B0D0A04
:10057000202020202020202020202020202020207B
:10058000626F726465722D7261646975733A2035A9
:1005900030253B0D0A202020202020202020202054
:1005A000207D0D0A20202020202020202020202017
:1005B0000D0A2020202020202020202020202E6E08
:1005C00061767B0D0A202020202020202020202062
:1005D0002020202020666F6E742D73697A653A2082
:1005E000343070783B0D0A0D0A2020202020202076
:1005F00020202020207D0D0A2020202020202020C7
:10060000202020200D0A2020202020202020202013
:1006100020202E626C75657B0D0A20202020202072
:10062000202020202020202020206261636B677220
:100630006F756E643A2023303066393B0D0A2020F6
:10064000202020202020202020207D0D0A20202076
:100650002020202020202020200D0A2020202020C3
:1006600020202020202020627574746F6E7B0D0A7C
:10067000202020202020202020202020202020207A
:1006800070616464696E673A20313070783B0D0A9E
:10069000202020202020202020202020202020205A
:1006A00077696474683A2033303070783B0D0A0DF6
:1006B0000A2020202020202020202020207D0D0A1C
:1006C0002020202020202020202020200D0A202053
:1006D0002020202020202020202023636F6E74659E
:1006E0006E747B0D0A202020202020202020202036
:1006F0002020202020646973706C61793A20666C38
:1007000065783B0D0A20202020202020202020205A
:100710002020202020666C65782D646972656374E2
:10072000696F6E3A20636F6C756D6E3B0D0A202009
:100730002020202020202020202020202020616C2C
:1007400069676E2D6974656D733A2063656E7465B3
:10075000723B0D0A20202020202020202020202055
:100760002020202070616464696E672D746F703A78
:1007700020323070783B0D0A2020202020202020BD
:1007800020202020202020206F766572666C6F77F5
:100790002D793A206175746F3B0D0A2020202020AE
:1007A000202020202020207D0D0A0D0A202020203E
:1007B0002020202020202020236C6F67696E736822
:1007C00061646F7B0D0A2020202020202020202023
:1007D000202020202020646973706C61793A2066A3
:1007E0006C65783B0D0A202020202020202020202E
:1007F000202020202020666C65782D646972656356
:1008000074696F6E3A20636F6C756D6E3B0D0A20D4
:100810002020202020202020202020202020206197
:100820006C69676E2D6974656D733A2063656E74CB
:1008300065723B0D0A0D0A20202020202020202058
:100840002020202020202070616464696E672D7450
:100850006F703A2031303070783B0D0A2020202014
:100860002020202020202020202020207769647450
:10087000683A20313030253B0D0A202020202020EE
:1008800020202020202020202020686569676874AF
:100890003A20313030253B0D0A2020202020202016
:1008A0002020202020202020206261636B67726F4F
:1008B000756E643A2023303030663B0D0A202020CC
:1008C00020202020202020202020202020706F7336
:1008D0006974696F6E3A2066697865643B0D0A2019
:1008E00020202020202020202020202020202064C4
:1008F0006973706C61793A20666C65783B0D0A20EB
:1009000020202020202020202020207D0D0A2020B3
:10091000202020202020202020200D0A2020202000
:100920002020202020202020236C6F67696E7B0D03
:100930000A202020202020202020202020202020CD
:1009400020646973706C61793A20666C65783B0D40
:100950000A202020202020202020202020202020AD
:1009600020666C65782D646972656374696F6E3A90
:1009700020636F6C756D6E3B0D0A202020202020B7
:1009800020202020202020202020616C69676E2DEF
:100990006974656D733A2063656E7465723B0D0A08
:1009A0002020202020202020202020202020202047
:1009B0006261636B67726F756E643A202366666668
:1009C0003B0D0A2020202020202020202020202035
:1009D00020202077696474683A2036303070783B84
:1009E0000D0A202020202020202020202020202030
:1009F00020206865696768743A2034303070783B2D
:100A00000D0A20202020202020202020202020200F
:100A100020206A7573746966792D636F6E74656ED4
:100A2000743A2063656E7465723B0D0A20202020A5
:100A300020202020202020207D0D0A202020202082
:100A4000202020202020200D0A20202020202020CF
:100A500020202020202E66726F6D207B0D0A202022
:100A600020202020202020202020202020206469F9
:100A700073706C61793A20666C65783B0D0A2020B2
:100A800020202020202020202020202020206D61D8
:100A90007267696E3A203230707820303B0D0A2040
:100AA00020202020202020202020202020202077EF
:100AB000696474683A2034353070783B0D0A202020
:100AC0002020202020202020202020202020616C99
:100AD00069676E2D6974656D733A2063656E746520
:100AE000723B0D0A202020202020202020202020C2
:100AF0007D0D0A0D0A2020202020202020202020EB
:100B0000202E66726F6D207370616E7B0D0A20203F
:100B1000202020202020202020202020206D696EF1
:100B20002D77696474683A2031353070783B0D0A4E
:100B30002020202020202020202020202020207461
:100B40006578742D616C69676E3A206C6566743BDC
:100B50000D0A2020202020202020202020202020BE
:100B60002077686974652D73706163653A206E6FD4
:100B7000777261703B0D0A20202020202020202049
:100B80002020207D0D0A2020202020202020202031
:100B900020200D0A2020202020202020202020207E
:100BA000696E7075742C73656C656374207B0D0AB7
:100BB0002020202020202020202020202020202035
:100BC00077696474683A2032303070783B0D0A20BF
:100BD00020202020202020202020202020202068CD
:100BE00065696768743A20333070783B0D0A2020BD
:100BF00020202020202020202020202020206D6167
:100C00007267696E2D6C6566743A2032253B0D0A59
:100C100020202020202020202020202020202020D4
:100C200070616464696E672D6C6566743A20357016
:100C3000783B0D0A2020202020202020202020206A
:100C400020202020626F726465722D726164697564
:100C5000733A203370783B0D0A202020202020207A
:100C6000202020202020202020626F726465723AAC
:100C70002031707820736F6C6964202339313931E9
:100C800039313B0D0A202020202020202020202048
:100C9000207D0D0A20202020202020203C2F73744E
:100CA000796C653E0D0A202020203C2F6865616428
:100CB0003E0D0A202020203C626F64793E0D0A2000
:100CC000202020202020203C6469762069643D2279
:100CD0006170702220636C6173733D22666C65786D
:100CE000223E0D0A2020202020202020202020200D
:100CF0003C646976207374796C653D22776964740D
:100D0000683A313030253B6865696768743A203746
:100D1000253B626F726465722D626F74746F6D3AF9
:100D20002031707820736F6C696420233030303B41
:100D3000616C69676E2D6974656D733A2063656EC9
:100D40007465723B646973706C61793A20666C6596
:100D5000783B223E0D0A2020202020202020202029
:100D60002020202020203C6831207374796C653D60
:100D7000226D617267696E2D6C6566743A20313040
:100D800070783B223EE695B0E68DAEE98787E99B19
:100D900086E599A83C68313E0D0A202020202020BD
:100DA0002020202020203C2F6469763E0D0A202040
:100DB000202020202020202020203C6469762073E1
:100DC00074796C653D2277696474683A2031352501
:100DD0003B6865696768743A203836253B626F72F4
:100DE0006465722D72696768743A20317078207377
:100DF0006F6C696420233030303B206F76657266FB
:100E00006C6F772D793A206175746F3B222069648D
:100E10003D226E6176223E3C2F6469763E0D0A20AB
:100E200020202020202020202020203C64697620C3
:100E30007374796C653D2277696474683A2038353B
:100E4000253B6865696768743A203836253B22205F
:100E500069643D22636F6E74656E74223E3C2F643C
:100E600069763E0D0A2020202020202020202020EE
:100E7000203C646976207374796C653D22776964DF
:100E800074683A20313030253B6865696768743A88
:100E90002037253B626F726465722D746F703A2043
:100EA00031707820736F6C696420233030303B617F
:100EB0006C69676E2D6974656D733A2063656E7435
:100EC00065723B646973706C61793A20666C657811
:100ED0003B6A7573746966792D636F6E74656E74A1
:100EE0003A73706163652D6265747765656E3B2248
:100EF0003E0D0A20202020202020202020202020FD
:100F00002020203C68313E3C68313E0D0A202020E4
:100F1000202020202020202020202020203C68325B
:100F2000207374796C653D226D617267696E2D6CFA
:100F30006566743A20343070783B636F6C6F723A38
:100F4000207265643B223E203C2F68323E0D0A2011
:100F500020202020202020202020203C2F64697683
:100F60003E0D0A2020202020202020202020203C70
:100F70006469762069643D226C6F67696E7368618D
:100F8000646F223E0D0A20202020202020202020D7
:100F90002020202020203C6469762069643D226C5A
:100FA0006F67696E223E3C2F6469763E0D0A2020F1
:100FB000202020202020202020203C2F6469763E05
:100FC0000D0A20202020202020203C2F6469763E1E
:100FD0000D0A202020203C2F626F64793E0D0A20EC
:100FE0002020203C7363726970743E0D0A2020201B
:100FF0002020202020766172206C6F6F7054696D04
:10100000653D313030300D0A202020202020202066
:101010000D0A2020202020202020766172206D6F74
:1010200064656C4368616E676550617373776F7256
:10103000643D7B0D0A20202020202020202020201D
:101040002064697669643A226C6F67696E222C0DA0
:101050000A20202020202020202020202062746EC2
:10106000747970653A226368616E67655061737365
:10107000776F7264222C0D0A20202020202020204F
:10108000202020206E6F6465733A5B0D0A202020BB
:10109000202020202020202020202020205B22E44F
:1010A000BFAEE694B9E5AF86E7A081222C22222CC0
:1010B0002270617373776F7264225D0D0A202020A5
:1010C0002020202020202020205D2C0D0A20202000
:1010D00020202020202020202062746E733A5B0D97
:1010E0000A20202020202020202020202020202016
:1010F000205B22E4BFAEE694B9222C226368616EC5
:10110000676550617373776F7264225D0D0A2020EA
:10111000202020202020202020205D0D0A202020BB
:1011200020202020207D0D0A20202020202020208B
:101130000D0A2020202020202020766172206D6F53
:1011400064656C3D5B0D0A2020202020202020209B
:101150002020207B0D0A202020202020202020205D
:1011600020202020202064697669643A226C6F6711
:10117000696E222C0D0A20202020202020202020F3
:1011800020202020202062746E747970653A226CD1
:101190006F67696E496E6974222C0D0A2020202029
:1011A0002020202020202020202020206E6F646519
:1011B000733A5B0D0A2020202020202020202020B0
:1011C0002020202020202020205B22E8B4A6E58FCC
:1011D000B7222C22222C22757365726E616D6522F6
:1011E0005D2C0D0A202020202020202020202020DF
:1011F00020202020202020205B22E5AF86E7A08150
:10120000222C22222C2270617373776F7264225D0C
:101210000D0A2020202020202020202020202020F7
:1012200020205D2C0D0A202020202020202020209E
:1012300020202020202062746E733A5B0D0A20204B
:10124000202020202020202020202020202020209E
:1012500020205B22E799BBE99986222C226C6F67DC
:10126000696E225D0D0A20202020202020202020D1
:101270002020202020205D0D0A202020202020205A
:1012800020202020207D2C0D0A202020202020201E
:1012900020202020207B0D0A20202020202020201C
:1012A00020202020202020206C6162656C3A22E7FB
:1012B00094B5E58E8BE794B5E6B581222C0D0A2016
:1012C00020202020202020202020202020202062DC
:1012D000746E747970653A225641436F6C6C656325
:1012E00074696F6E222C0D0A2020202020202020DF
:1012F000202020202020202064697669643A22631F
:101300006F6E74656E74222C0D0A20202020202020
:10131000202020202020202020206E6F6465733A3A
:101320005B0D0A20202020202020202020202020AB
:10133000202020202020205B22E680BBE997B8E710
:1013400094B5E58E8B285629222C22222C27766FE5
:101350006C275D2C0D0A202020202020202020201A
:10136000202020202020202020205B22E680BBE9B6
:1013700097B8E794B5E6B581286D4129222C222241
:101380002C27637572275D2C0D0A20202020202039
:1013900020202020202020202020202020205B2210
:1013A000E794B5E6B581E9809AE9819331286D41EA
:1013B00029222C22222C276375727231275D2C0D75
:1013C0000A20202020202020202020202020202033
:1013D00020202020205B22E794B5E6B581E9809AA1
:1013E000E9819332286D4129222C22222C27637512
:1013F000727232275D2C0D0A202020202020202010
:101400002020202020202020202020205B22E79464
:10141000B5E6B581E9809AE9819333286D412922A7
:101420002C22222C276375727233275D2C0D0A2023
:1014300020202020202020202020202020202020AC
:101440002020205B22E794B5E6B581E9809AE98106
:101450009334286D4129222C22222C276375727225
:1014600034275D2C0D0A2020202020202020202041
:101470002020202020205D2C0D0A2020202020204C
:101480002020202020207D2C0D0A2020202020201C
:101490002020202020207B0D0A202020202020201A
:1014A0002020202020202020206C6162656C3A22C0
:1014B000E4BCA0E6849FE599A8E695B0E68DAE224F
:1014C0002C0D0A2020202020202020202020202039
:1014D00020202062746E747970653A226F7468659A
:1014E00072436F6C6C656374696F6E222C0D0A20F9
:1014F00020202020202020202020202020202064A8
:10150000697669643A22636F6E74656E74222C0D7D
:101510000A202020202020202020202020202020E1
:10152000206E6F6465733A5B0D0A20202020202016
:1015300020202020202020202020202020205B226E
:10154000E6B8A9E5BAA631222C22222C2774656DB3
:101550007031275D2C0D0A20202020202020202003
:1015600020202020202020202020205B22E6B9BF40
:10157000E5BAA631222C22222C2768756D69312705
:101580005D2C0D0A2020202020202020202020203B
:1015900020202020202020205B22E6B8A9E5BAA642
:1015A00032222C22222C2774656D7032275D2C0D7F
:1015B0000A20202020202020202020202020202041
:1015C00020202020205B22E6B9BFE5BAA632222CDB
:1015D00022222C2768756D6932275D2C0D0A202088
:1015E00020202020202020202020202020202020FB
:1015F00020205B22E8A792E5BAA6222C22222C27E3
:10160000706F7365275D2C0D0A202020202020207C
:10161000202020202020202020202020205B22E7C6
:10162000AEB1E997A831222C22222C27646F6F7269
:1016300031275D2C0D0A2020202020202020202072
:10164000202020202020202020205B22E7AEB1E9AE
:1016500097A832222C22222C27646F6F7232275DCA
:101660002C0D0A2020202020202020202020202097
:10167000202020202020205B22E7AEB1E997A8336C
:10168000222C22222C27646F6F7233275D2C0D0AC7
:10169000202020202020202020202020202020204A
:1016A000202020205B22E7AEB1E997A834222C222B
:1016B000222C27646F6F7234275D2C0D0A090909EB
:1016C00009095B22E6B0B4E6B5B831222C22222CFF
:1016D00027776174657231275D2C0D0A09090909A4
:1016E000095B22E6B0B4E6B5B832222C22222C27C0
:1016F000776174657232275D2C0D0A20202020202E
:101700002020202020202020202020202020205B9E
:1017100022E6BC8FE794B531222C22222C276C6460
:1017200031275D2C0D0A2020202020202020202081
:10173000202020202020202020205B22E6BC8FE7D4
:1017400094B532222C22222C276C6432275D2C0D7A
:101750000A2020202020202020202020202020209F
:10176000205D2C0D0A202020202020202020202059
:10177000207D2C0D0A202020202020202020202029
:10178000207B0D0A20202020202020202020202027
:10179000202020206C6162656C3A22E99888E580FF
:1017A000BCE8AEBEE7BDAE222C0D0A2020202020D2
:1017B000202020202020202020202062746E747998
:1017C00070653A225468726573686F6C6444617422
:1017D00061222C0D0A2020202020202020202020E3
:1017E000202020202064697669643A22636F6E7439
:1017F000656E74222C0D0A2020202020202020201D
:10180000202020202020206E6F6465733A5B0D0A33
:1018100020202020202020202020202020202020C8
:10182000202020205B22E9AB98E58E8B28562922C8
:101830002C223C212D2D23412D2D3E222C274127CA
:101840005D2C0D0A09090909095B22E4BD8EE58EAC
:101850008B285629222C223C212D2D23422D2D3E32
:10186000222C2742275D2C0D0A202020202020201A
:10187000202020202020202020202020205B22E764
:1018800094B5E6B581286D4129222C223C212D2DCD
:1018900023512D2D3E222C2751275D2C0D0A20206F
:1018A0002020202020202020202020202020202038
:1018B00020205B22E8A792E5BAA628C2B029222CF4
:1018C000223C212D2D23522D2D3E222C2752275DE7
:1018D0002C0D0A2020202020202020202020202025
:1018E000202020202020205B22E6B8A9E5BAA65FB0
:1018F000E9AB98222C223C212D2D23532D2D3E2265
:101900002C2753275D2C0D0A20202020202020206A
:101910002020202020202020202020205B22E6B82C
:10192000A9E5BAA65FE4BD8E222C223C212D2D23F1
:10193000542D2D3E222C2754275D2C0D0A202020CB
:101940002020202020202020202020202020202097
:10195000205B22E6B9BFE5BAA65FE9AB98222C224C
:101960003C212D2D23552D2D3E222C2755275D2C36
:101970000D0A202020202020202020202020202090
:101980002020202020205B22E6B9BFE5BAA65FE434
:10199000BD8E222C223C212D2D23562D2D3E222C76
:1019A0002756275D2C0D0A202020202020202020D3
:1019B00020202020202020202020205B22E6BC8F19
:1019C000E794B5286D4129222C223C212D2D235747
:1019D0002D2D3E222C2757275D2C0D0A202020205C
:1019E00020202020202020202020202020202020F7
:1019F0005B22E4BFA1E58FB7E781AFE4B88DE4BA1D
:101A0000AE282529222C223C212D2D2361642D2D49
:101A10003E222C276164275D2C0D0A09090909095A
:101A20005B22E4BFA1E58FB7E781AFE983A8E58832
:101A300086E4BAAE282529222C223C212D2D2361B3
:101A4000652D2D3E222C276165275D2C0D0A202057
:101A500020202020202020202020202020205D2C3D
:101A60000D0A20202020202020202020202020209F
:101A7000202062746E733A5B0D0A20202020202003
:101A800020202020202020202020202020205B2219
:101A9000E4BF9DE5AD98222C227468726573686F6F
:101AA0006C645F73617665225D0D0A202020202022
:101AB00020202020202020202020205D0D0A202012
:101AC000202020202020202020207D2C0D0A2020D6
:101AD000202020202020202020207B0D0A202020D4
:101AE000202020202020202020202020206C616227
:101AF000656C3A22E5BC80E585B3E78AB6E680816D
:101B0000222C0D0A202020202020202020202020F0
:101B10002020202062746E747970653A2273776990
:101B2000746368537461747573222C0D0A2020202D
:101B300020202020202020202020202020646976C2
:101B400069643A22636F6E74656E74222C0D0A20EC
:101B50002020202020202020202020202020206E37
:101B60006F6465733A5B0D0A20202020202020201E
:101B70002020202020202020202020205B22E7BBC6
:101B8000A7E794B5E599A831222C22222C27737758
:101B900031272C7B0D0A20202020202020202020EF
:101BA0002020202020202020202020202020747988
:101BB00070653A22737769746368222C0D0A2020BD
:101BC0002020202020202020202020202020202015
:101BD00020207D5D2C0D0A20202020202020202088
:101BE00020202020202020202020205B22E7BBA7CF
:101BF000E794B5E599A832222C22222C277377325C
:101C0000272C7B0D0A20202020202020202020208F
:101C100020202020202020202020202020747970C7
:101C2000653A22737769746368222C0D0A2020209C
:101C300020202020202020202020202020202020A4
:101C4000207D5D2C0D0A09090909095B22E7BBA764
:101C5000E794B5E599A833222C22222C27737733F9
:101C6000272C7B0D0A20202020202020202020202F
:101C70002020202020202020202020202074797067
:101C8000653A22737769746368222C0D0A2020203C
:101C90002020202020202020202020202020202044
:101CA000207D5D2C0D0A09090909095B22E7BBA704
:101CB000E794B5E599A834222C22222C2773773497
:101CC000272C7B0D0A2020202020202020202020CF
:101CD0002020202020202020202020202074797007
:101CE000653A22737769746368222C0D0A202020DC
:101CF00020202020202020202020202020202020E4
:101D0000207D5D2C0D0A2020202020202020202056
:101D10002020202020205D2C0D0A202020202020A3
:101D20002020202020207D2C0D0A20202020202073
:101D30002020202020207B0D0A2020202020202071
:101D40002020202020202020206C6162656C3A2217
:101D5000E58C97E69697E5AE9AE4BD8D222C0D0AA8
:101D60002020202020202020202020202020202073
:101D700062746E747970653A22426569646F754465
:101D8000617461222C0D0A20202020202020202098
:101D90002020202020202064697669643A22636F25
:101DA0006E74656E74222C0D0A20202020202020C5
:101DB0002020202020202020206E6F6465733A5B55
:101DC0000D0A20202020202020202020202020203C
:101DD0002020202020205B22E58DABE6989FE69511
:101DE000B0E9878F222C22222C2762645F6E756DEA
:101DF000275D2C0D0A2020202020202020202020BC
:101E00002020202020202020205B22E4BFA1E58F7D
:101E1000B7E5BCBAE5BAA6222C22222C2762645F61
:101E20007369676E616C275D2C0D0A2020202020CD
:101E30002020202020202020202020202020205B67
:101E400022E5AE9AE4BD8DE78AB6E68081222C2297
:101E5000222C2762645F737461747573275D2C0D87
:101E60000A20202020202020202020202020202088
:101E700020202020205B22E7BB8FE5BAA6222C225F
:101E8000222C2762645F6C6F6E275D2C0D0A202068
:101E90002020202020202020202020202020202042
:101EA00020205B22E7BAACE5BAA6222C22222C27FE
:101EB00062645F6C6174275D2C0D0A202020202055
:101EC0002020202020202020202020202020205BD7
:101ED00022E696B9E59091222C22222C2762645F9B
:101EE000646972275D2C0D0A2020202020202020EC
:101EF00020202020202020205D2C0D0A20202020C2
:101F000020202020202020207D2C0D0A0D0A2020BA
:101F1000202020202020202020207B0D0A2020208F
:101F2000202020202020202020202020206C6162E2
:101F3000656C3A22E7B3BBE7BB9FE78AB6E68081D0
:101F4000222C0D0A202020202020202020202020AC
:101F50002020202062746E747970653A2273797340
:101F600074656D537461747573222C0D0A202020E2
:101F7000202020202020202020202020206469767E
:101F800069643A22636F6E74656E74222C0D0A20A8
:101F90002020202020202020202020202020206EF3
:101FA0006F6465733A5B0D0A2020202020202020DA
:101FB0002020202020202020202020205B22E7BB82
:101FC00088E7ABAFE5BA8FE58897E58FB7222C227B
:101FD000222C276E6F31275D2C0D0A202020202017
:101FE0002020202020202020202020202020205BB6
:101FF00022E8BDAFE4BBB6E78988E69CACE58FB7C5
:10200000222C22222C276E6F32275D2C0D0A2020D5
:1020100020202020202020202020202020202020C0
:1020200020205B22E7A1ACE4BBB6E78988E69CAC44
:10203000E58FB7222C22222C276E6F33275D2C0DC3
:102040000A202020202020202020202020202020A6
:10205000205D2C0D0A202020202020202020202060
:10206000207D2C0D0A202020202020202020202030
:10207000207B0D0A2020202020202020202020202E
:10208000202020206C6162656C3A22E7B3BBE7BB7D
:102090009FE8AEBEE7BDAE222C0D0A2020202020F6
:1020A000202020202020202020202062746E74799F
:1020B00070653A2273797374656D53657474696ED3
:1020C00067222C0D0A2020202020202020202020E4
:1020D000202020202064697669643A22636F6E7440
:1020E000656E74222C0D0A20202020202020202024
:1020F000202020202020206E6F6465733A5B0D0A3B
:1021000020202020202020202020202020202020CF
:10211000202020205B22E5908CE6ADA5E697B6E96D
:1021200097B4222C223C212D2D23612D2D3E222CD3
:102130002761275D2C0D0A20202020202020202030
:1021400020202020202020202020205B22E69CAC84
:10215000E69CBA4944222C223C212D2D23622D2DB0
:102160003E222C2762275D2C0D0A202020202020D3
:1021700020202020202020202020202020205B2222
:10218000E8AEBEE5A487E5908DE7A7B0222C223CFF
:10219000212D2D23632D2D3E222C2763275D2C0D11
:1021A0000A20202020202020202020202020202045
:1021B00020202020205B22E799BBE99986E5AF86A5
:1021C000E7A081222C223C212D2D23642D2D3E229F
:1021D0002C2764275D2C0D0A202020202020202081
:1021E0002020202020202020202020205B22E7BD4E
:1021F00091E7BB9CE8BF9EE68EA5E78AB6E68081A4
:10220000222C223C212D2D23432D2D3E222C2743F1
:10221000275D2C0D0A202020202020202020202097
:102220002020202020202020205B27E4BCA0E8BE26
:1022300093E696B9E5BC8F272C27272C277472616B
:102240006E272C7B0D0A20202020202020202020FB
:1022500020202020202020202020202020207479D1
:1022600070653A2273656C656374222C0D0A202018
:10227000202020202020202020202020202020205E
:102280002020202020206F7074696F6E733A5B22CB
:10229000E69C89E7BABFE4BCA0E8BE93222C22E604
:1022A00097A0E7BABFE4BCA0E8BE93222C22E8873F
:1022B000AAE58AA8E58887E68DA2225D2C0D0A2072
:1022C000202020202020202020202020202020200E
:1022D0002020207D5D2C0D0A202020202020202081
:1022E00020202020202020205D2C0D0A20202020CE
:1022F00020202020202020202020202062746E73A7
:102300003A5B0D0A202020202020202020202020A1
:1023100020202020202020205B22E4BF9DE5AD98D6
:10232000222C227365745F73617665225D2C0D0A21
:10233000202020202020202020202020202020209D
:102340005D0D0A2020202020202020202020207D1C
:102350002C0D0A2020202020202020202020207B3F
:102360000D0A202020202020202020202020202096
:1023700020206C6162656C3A22E697A0E7BABFE75D
:10238000BD91E7BB9C222C0D0A202020202020207C
:1023900020202020202020202062746E7479706517
:1023A0003A226770727353657474696E67222C0DDC
:1023B0000A20202020202020202020202020202033
:1023C0002064697669643A22636F6E74656E742264
:1023D0002C0D0A202020202020202020202020201A
:1023E0002020206E6F6465733A5B0D0A2020202048
:1023F00020202020202020202020202020202020DD
:102400005B22E4BFA1E681AFE5BCBAE5BAA6222C07
:1024100022222C277369676E275D2C0D0A2020204D
:1024200020202020202020202020202020202020AC
:10243000205B22E6A8A1E59D97E78AB6E680812287
:102440002C22222C2767707273275D2C0D0A202006
:10245000202020202020202020202020202020207C
:1024600020205B2253494DE58DA149434349442235
:102470002C22222C276963636964275D2C0D0A20B6
:10248000202020202020202020202020202020204C
:102490002020205B22E6A8A1E59D97E59E8BE58F95
:1024A000B7222C22222C276D6F64656C275D2C0DC2
:1024B0000A20202020202020202020202020202032
:1024C00020202020205B22E6A8A1E59D97494D45CC
:1024D00049222C22222C27696D6569275D2C0D0A63
:1024E00020202020202020202020202020202020EC
:1024F0005D0D0A2020202020202020202020207D6B
:102500002C0D0A2020202020202020202020207B8D
:102510000D0A2020202020202020202020202020E4
:1025200020206C6162656C3A22E69C89E7BABFE7BD
:10253000BD91E7BB9C222C0D0A20202020202020CA
:1025400020202020202020202062746E7479706565
:102550003A226E6574776F726B53657474696E6737
:10256000222C0D0A20202020202020202020202086
:102570002020202064697669643A22636F6E746556
:102580006E74222C0D0A20202020202020202020C4
:102590002020202020206E6F6465733A5B0D0A2096
:1025A000202020202020202020202020202020202B
:1025B0002020205B224950222C223C212D2D2365F6
:1025C0002D2D3E222C2765275D2C0D0A2020202052
:1025D00020202020202020202020202020202020FB
:1025E0005B22E5AD90E7BD91E68EA9E7A081222CA4
:1025F000223C212D2D23662D2D3E222C2766275D82
:102600002C0D0A20202020202020202020202020E7
:10261000202020202020205B22E7BD91E585B322E9
:102620002C223C212D2D23672D2D3E222C27672780
:102630005D2C0D0A2020202020202020202020207A
:1026400020202020202020205B22444E53222C22B8
:102650003C212D2D23682D2D3E222C2268225D2C1D
:102660000D0A202020202020202020202020202093
:102670002020202020205B224D4143222C223C217F
:102680002D2D234C2D2D3E222C224C225D2C0D0A6B
:10269000202020202020202020202020202020203A
:1026A000202020205B22E4B8BBE7BD91E59CB0E58B
:1026B0009D8031222C223C212D2D23692D2D3E225F
:1026C0002C2269225D2C0D0A202020202020202091
:1026D0002020202020202020202020205B22E4B861
:1026E000BBE7BD91E59CB0E59D8032222C223C21C8
:1026F0002D2D234B2D2D3E222C224B225D2C0D0AFD
:1027000020202020202020202020202020202020C9
:10271000202020205B22E4BFA1E58FB7E69CBAE52C
:102720009CB0E59D80222C223C212D2D2361632D20
:102730002D3E222C226163225D2C0D0A0909090914
:10274000095B22E7BD91E7BB9CE5BBB6E697B6E621
:1027500097B6E997B4222C223C212D2D234E2D2D06
:102760003E222C224E225D2C0D0A202020202020EB
:1027700020202020202020202020202020205B221C
:10278000E7BB84E692AD4950222C223C212D2D231B
:102790004F2D2D3E222C224F225D2C0D0A20202071
:1027A0002020202020202020202020202020202029
:1027B000205B22E7BB84E692ADE7ABAFE58FA322B7
:1027C0002C223C212D2D23502D2D3E222C22502217
:1027D0005D2C0D0A202020202020202020202020D9
:1027E000202020205D2C0D0A2020202020202020C9
:1027F000202020202020202062746E733A5B0D0A76
:1028000020202020202020202020202020202020C8
:10281000202020205B22E4BF9DE5AD98222C226C75
:102820006F63616C5F73617665225D0D0A20202005
:10283000202020202020202020202020205D0D0A84
:102840002020202020202020202020207D2C0D0A48
:102850002020202020202020202020207B0D0A2046
:102860002020202020202020202020202020206C1C
:102870006162656C3A22E69C8DE58AA1E599A8E83B
:10288000AEBEE7BDAE222C0D0A2020202020202045
:1028900020202020202020202062746E7479706512
:1028A0003A22736572766572736574222C0D0A2064
:1028B00020202020202020202020202020202064D4
:1028C000697669643A22636F6E74656E74222C0DAA
:1028D0000A2020202020202020202020202020200E
:1028E000206E6F6465733A5B0D0A20202020202043
:1028F00020202020202020202020202020205B229B
:10290000E58685E7BD9131E59CB0E59D80222C22CE
:102910003C212D2D23442D2D3E222C2744275D2C98
:102920000D0A2020202020202020202020202020D0
:102930002020202020205B22E58685E7BD9131E71D
:10294000ABAFE58FA3222C223C212D2D23452D2D2D
:102950003E222C2745275D2C0D0A202020202020F8
:1029600020202020202020202020202020205B222A
:10297000E5A496E7BD9131E59CB0E59D80222C222F
:102980003C212D2D23462D2D3E222C2746275D2C24
:102990000D0A202020202020202020202020202060
:1029A0002020202020205B22E5A496E7BD9131E77E
:1029B000ABAFE58FA3222C223C212D2D23472D2DBB
:1029C0003E222C2747275D2C0D0A20202020202086
:1029D00020202020202020202020202020205B22BA
:1029E000E58685E7BD9131E59CB0E59D805FE5A476
:1029F00087E4BBBD222C22222C276261636B312726
:102A00005D2C0D0A202020202020202020202020A6
:102A100020202020202020205B22E58685E7BD9114
:102A200031E7ABAFE58FA35FE5A487E4BBBD222C04
:102A300022222C276261636B32275D2C0D0A202035
:102A40002020202020202020202020202020202086
:102A500020205B22E5A496E7BD9131E59CB0E59D81
:102A6000805FE5A487E4BBBD222C22222C27626173
:102A7000636B33275D2C0D0A20202020202020208E
:102A80002020202020202020202020205B22E5A4C0
:102A900096E7BD9131E7ABAFE58FA35FE5A487E48F
:102AA000BBBD222C22222C276261636B34275D2C54
:102AB0000D0A20202020202020202020202020203F
:102AC0002020202020205B22E4B88AE68AA5E9970E
:102AD000B4E99A94E697B6E997B4222C223C212DCA
:102AE0002D234A2D2D3E222C274A275D2C0D0A200E
:102AF0002020202020202020202020202020205D99
:102B00002C0D0A20202020202020202020202020E2
:102B100020202062746E733A5B0D0A202020202052
:102B20002020202020202020202020202020205B6A
:102B300022E4BF9DE5AD98222C2272656D6F74650D
:102B40005F73617665225D0D0A2020202020202001
:102B50002020202020202020205D0D0A2020202061
:102B600020202020202020207D2C0D0A2020202025
:102B700020202020202020207B0D0A202020202023
:102B800020202020202020202020206C6162656CE5
:102B90003A22E58D87E7BAA7E69C8DE58AA1E599FB
:102BA000A8222C0D0A2020202020202020202020B8
:102BB000202020202062746E747970653A2275702E
:102BC000646174655F61646472222C0D0A202020A8
:102BD0002020202020202020202020202064697612
:102BE00069643A22636F6E74656E74222C0D0A203C
:102BF0002020202020202020202020202020206E87
:102C00006F6465733A5B0D0A20202020202020206D
:102C10002020202020202020202020205B22E58D45
:102C200087E7BAA775726C222C223C212D2D2361D7
:102C3000612D2D3E222C276161275D2C0D0A20205D
:102C40002020202020202020202020202020202084
:102C500020205B22E58D87E7BAA7E7ABAFE58FA31E
:102C6000222C223C212D2D2361622D2D3E222C274A
:102C70006162275D2C0D0A202020202020202020AA
:102C8000202020202020205D2C0D0A202020202024
:102C9000202020202020202020202062746E733AE3
:102CA0005B0D0A2020202020202020202020202012
:102CB000202020202020205B22E4BF9DE5AD98222B
:102CC0002C227570646174655F73617665225D0D99
:102CD0000A2020202020202020202020202020200A
:102CE000205D0D0A202020202020202020202020D0
:102CF0007D2C0D0A20202020202020202020202094
:102D00007B0D0A2020202020202020202020202091
:102D10002020206C6162656C3A22E7B3BBE7BB9F61
:102D2000E6938DE4BD9C222C0D0A2020202020203B
:102D30002020202020202020202062746E747970B2
:102D4000653A2273797374656D222C0D0A20202058
:102D50002020202020202020202020202064697690
:102D600069643A22636F6E74656E74222C0D0A20BA
:102D70002020202020202020202020202020206E05
:102D80006F6465733A5B5D2C0D0A202020202020A3
:102D90002020202020202020202062746E733A5BA7
:102DA0000D0A20202020202020202020202020204C
:102DB0002020202020205B22E7B3BBE7BB9FE58DCE
:102DC00087E7BAA72DE69C89E7BABF222C22757047
:102DD000646174656C776970225D2C0D0A090909BC
:102DE00009095B22E7B3BBE7BB9FE58D87E7BAA77D
:102DF0002DE697A0E7BABF222C2275706461746536
:102E000067707273225D2C0D0A2020202020202064
:102E1000202020202020202020202020205B22E6AF
:102E200081A2E5A48DE587BAE58E82222C22726507
:102E3000736574225D2C0D0A202020202020202084
:102E40002020202020202020202020205B22E8AEEF
:102E5000BEE5A487E9878DE590AF222C22726562DA
:102E60006F6F74225D2C0D0A09090909095B22E6BE
:102E700093A6E999A4E5AD98E582A8E88AAFE78929
:102E800087222C22656163726573225D2C0D0A20F6
:102E90002020202020202020202020202020202032
:102EA0002020205B22E6B885E999A4E4BFA1E58F44
:102EB000B7E781AF222C2273696E676C655F636C24
:102EC000656172225D2C0D0A202020202020202008
:102ED00020202020202020205D0D0A2020202020DE
:102EE000202020202020207D0D0A202020202020AE
:102EF00020205D0D0A202020203C2F736372697012
:102F0000743E0D0A0D0A202020203C736372697004
:102F1000743E0D0A2020202020202020766172207F
:102F2000566965773D7B0D0A202020202020202037
:102F300020202020696E6974286D6F64656C2C6E8A
:102F40006176297B0D0A20202020202020202020AF
:102F5000202020202020746869732E6D6F64656CBA
:102F60003D6D6F64656C0D0A2020202020202020FC
:102F70002020202020202020746869732E6E617626
:102F80003D6E61760D0A2020202020202020202068
:102F9000202020202020746869732E73656C65637F
:102FA00074696E6465783D310D0A20202020202050
:102FB00020202020202020202020746869732E6C7F
:102FC0006F6164636F6E74656E7428302C74686909
:102FD000732E6D6F64656C5B305D290D0A202020B7
:102FE00020202020202020202020202020746869FC
:102FF000732E6C6F61646E617628746869732E73CA
:10300000656C656374696E646578290D0A202020FB
:103010002020202020202020207D2C0D0A20202070
:103020002020202020202020206C6F6F7028297BFA
:103030000D0A2020202020202020202020202020B9
:10304000202020202020746869732E6C6F616463D7
:103050006F6E74656E7428746869732E73656C6521
:1030600063746A2C746869732E73656C6563746429
:10307000617461290D0A202020202020202020209A
:1030800020207D2C0D0A2020202020202020202000
:1030900020206C6162656C68746D6C28692C737497
:1030A000796C652C6C6162656C297B0D0A2020208F
:1030B0002020202020202020202020202072657425
:1030C00075726E205B0D0A202020202020202020F9
:1030D0002020202020202020202020273C70206F2E
:1030E0006E636C69636B3D22566965772E736574F8
:1030F0004E617628272C692C27292220636C617366
:10310000733D226E617620272C7374796C652C27B1
:10311000223E272C0D0A20202020202020202020A5
:1031200020202020202020202020202020206C6112
:1031300062656C2C0D0A20202020202020202020D9
:1031400020202020202020202020273C703E270DFA
:103150000A20202020202020202020202020202085
:10316000205D2E6A6F696E282727290D0A202020EE
:103170002020202020202020207D2C0D0A2020200F
:103180002020202020202020207365744E61762886
:1031900076297B0D0A20202020202020202020209E
:1031A0002020202020646F63756D656E742E676526
:1031B00074456C656D656E74427949642827636F48
:1031C0006E74656E7427292E696E6E657248544D53
:1031D0004C3D22220D0A20202020202020202020CB
:1031E000202020202020746869732E6C6F61646E2B
:1031F00061762876290D0A202020202020202020FA
:103200002020207D2C0D0A2020202020202020207E
:103210002020206C6F61646E61762876297B0D0A10
:10322000202020202020202020202020202020209E
:103230007661722068746D6C3D22220D0A20202078
:1032400020202020202020202020202020666F7297
:103250002876617220693D303B693C746869732E41
:103260006D6F64656C2E6C656E6774683B692B2BA3
:10327000297B0D0A20202020202020202020202013
:103280002020202020202020696628746869732E61
:103290006D6F64656C5B695D2E6C6162656C297B2A
:1032A0000D0A202020202020202020202020202047
:1032B0002020202020202020202068746D6C2B3DB1
:1032C000746869732E6C6162656C68746D6C2869D2
:1032D0002C693D3D763F22626C7565223A22222C94
:1032E000746869732E6D6F64656C5B695D2E6C61CB
:1032F00062656C290D0A202020202020202020201B
:10330000202020202020202020207D0D0A20202089
:10331000202020202020202020202020207D0D0A79
:10332000202020202020202020202020202020209D
:10333000746869732E6C6F6164636F6E74656E740C
:1033400028762C746869732E6D6F64656C5B765D8E
:10335000290D0A202020202020202020202020208D
:10336000202020746869732E6E61762E696E6E65FA
:103370007248544D4C3D68746D6C0D0A202020201D
:1033800020202020202020207D2C0D0A20202020FD
:103390002020202020202020696E70757468746DB4
:1033A0006C28646174612C6A2C69297B0D0A2020C9
:1033B0002020202020202020202020202020646188
:1033C00074615B315D3D646174615B315D2E72657A
:1033D000706C616365282F3C2E2A3E2F672C2727AF
:1033E000290D0A20202020202020202020202020FD
:1033F000202020636C6173736E616D653D2266727F
:103400006F6D220D0A202020202020202020202047
:10341000202020202076617220636865636B6564DC
:103420003D646174615B335D3D3D313F226368659E
:10343000636B6564223A22223B0D0A202020202063
:103440002020202020202020202020766172207340
:10345000313D5B273C64697620636C6173733D2268
:10346000737769746368223E272C0D0A2020202080
:10347000202020202020202020202020202020204C
:103480002020202020202020273C6C6162656C20B9
:10349000636C6173733D22737769746368223E279E
:1034A0002C0D0A2020202020202020202020202039
:1034B000202020202020202020202020202020200C
:1034C000202020273C696E70757420747970653DEA
:1034D00022636865636B626F782220272C636865BE
:1034E000636B65642C27206F6E6368616E67653D52
:1034F00022566965772E7377697463684368616ED5
:10350000676528272C6A2C272C272C692C272C331D
:1035100029223E272C0D0A20202020202020202098
:10352000202020202020202020202020202020209B
:1035300020202020202020273C64697620636C61B5
:1035400073733D22736C6964657220726F756E646B
:10355000223E3C2F6469763E272C0D0A2020202035
:10356000202020202020202020202020202020205B
:103570002020202020202020273C2F6C6162656CB9
:103580003E272C0D0A202020202020202020202033
:1035900020202020202020202020202020273C2FF9
:1035A0006469763E275D2E6A6F696E282727290D8C
:1035B0000A20202020202020202020202020202021
:1035C000207661722073323D646174615B335D21EA
:1035D0003D756E646566696E65643F73313A22229B
:1035E0003B0D0A20202020202020202020202020E9
:1035F00020202072657475726E205B0D0A202020D9
:1036000020202020202020202020202020202020BA
:1036100020273C64697620636C6173733D22272CFC
:10362000636C6173736E616D652C27223E272C0DD0
:103630000A202020202020202020202020202020A0
:10364000202020202020202020273C7370616E3E07
:10365000272C646174615B305D2C273A3C2F7370BA
:10366000616E3E272C0D0A202020202020202020C3
:103670002020202020202020202020202020202743
:103680003C696E7075742076616C75653D22272CDF
:10369000646174615B315D2C2722206E616D653D34
:1036A00022272C646174615B325D2C27222F3E2718
:1036B0002C0D0A2020202020202020202020202027
:1036C000202020202020202020202073322C0D0AB2
:1036D00020202020202020202020202020202020EA
:1036E00020202020273C2F6469763E270D0A2020C9
:1036F00020202020202020202020202020205D2E7F
:103700006A6F696E282727290D0A20202020202093
:103710002020202020207D2C0D0A20202020202069
:103720002020202020207377697463684368616ECD
:103730006765286A2C692C6B6579297B0D0A202026
:1037400020202020202020202020202020206B65E9
:10375000793D6B65797C7C310D0A2020202020206A
:1037600020202020202020202020766172206461EB
:1037700074613D566965772E6D6F64656C5B6A5D3B
:103780002E6E6F6465735B695D0D0A20202020201A
:103790002020202020202020202020646174615BD4
:1037A0006B65795D3D646174615B6B65795D3D3D21
:1037B0002731273F2730273A2731270D0A2020209D
:1037C00020202020202020202020202020636F6E19
:1037D000736F6C652E6C6F672827737769746368E5
:1037E0004368616E676527290D0A2020202020206C
:1037F00020202020202020202020566965772E635D
:103800006C69636B2822737769746368222C5B5B35
:1038100027272C646174615B6B65795D2C6461742E
:10382000615B325D2B275F737769746368275D5D29
:10383000290D0A2020202020202020202020207D4B
:103840002C0D0A2020202020202020202020207342
:103850007769636868746D6C28646174612C6A2C84
:1038600069297B0D0A2020202020202020202020D4
:103870002020202020636865636B65643D6461746B
:10388000615B315D3D3D2731273F27636865636B91
:103890006564273A22220D0A2020202020202020A3
:1038A000202020202020202072657475726E205BFD
:1038B0000D0A202020202020202020202020202031
:1038C000202020202020273C64697620636C6173CF
:1038D000733D2266726F6D223E272C0D0A20202038
:1038E00020202020202020202020202020202020D8
:1038F0002020202020273C7370616E3E272C6461BD
:1039000074615B305D2C273A3C2F7370616E3E27EB
:103910002C0D0A20202020202020202020202020C4
:103920002020202020202020202020273C6C6162A5
:10393000656C20636C6173733D227377697463688F
:10394000223E272C0D0A202020202020202020206D
:103950002020202020202020202020202020202067
:103960002020273C696E70757420747970653D2243
:10397000636865636B626F782220272C63686563D8
:103980006B65642C27206F6E6368616E67653D22EE
:10399000566965772E7377697463684368616E67EB
:1039A0006528272C6A2C272C272C692C2729223EB6
:1039B000272C0D0A2020202020202020202020201D
:1039C00020202020202020202020202020202020F7
:1039D000273C64697620636C6173733D22736C6964
:1039E00064657220726F756E64223E3C2F64697646
:1039F0003E272C0D0A2020202020202020202020BF
:103A000020202020202020202020202020273C2F84
:103A10006C6162656C3E272C0D0A2020202020203E
:103A20002020202020202020202020202020273C73
:103A30002F6469763E270D0A202020202020202098
:103A400020202020202020205D2E6A6F696E2827EC
:103A500027290D0A2020202020202020202020207F
:103A60007D2C0D0A20202020202020202020202016
:103A700073656C6563744368616E6765286A2C6959
:103A8000297B0D0A202020202020202020202020FB
:103A90002020202076617220646174613D56696542
:103AA000772E6D6F64656C5B6A5D2E6E6F646573F7
:103AB0005B695D0D0A20202020202020202020206E
:103AC0002020202020646174615B315D3D646F6360
:103AD000756D656E742E676574456C656D656E7485
:103AE00042794964282773656C656374272B6A2BB8
:103AF00027272B69292E76616C75650D0A202020F9
:103B000020202020202020202020202020636F6ED5
:103B1000736F6C652E6C6F67282773656C656374B3
:103B20004368616E6765272C64617461290D0A2002
:103B3000202020202020202020202020202020564F
:103B40006965772E636C69636B282273656C6563A6
:103B500074222C5B646174615D290D0A2020202091
:103B600020202020202020207D2C0D0A2020202015
:103B7000202020202020202073656C6563746874E9
:103B80006D6C28646174612C6A2C69297B0D0A2094
:103B900020202020202020202020202020202076CF
:103BA00061722072743D5B273C73656C65637420A1
:103BB00069643D2273656C656374272C6A2C692CDB
:103BC0002722206F6E6368616E67653D22566965C6
:103BD000772E73656C6563744368616E676528272B
:103BE0002C6A2C272C272C692C2729223E275D2E76
:103BF0006A6F696E282727290D0A2020202020209F
:103C000020202020202020202020666F722876612E
:103C10007220693D303B693C646174615B335D2EA9
:103C20006F7074696F6E732E6C656E6774683B6934
:103C30002B2B297B0D0A2020202020202020202033
:103C400020202020202020202020636F6E736F6CA6
:103C5000652E6C6F67282773656C656374656427D0
:103C60002C692C646174615B315D2C693D3D706130
:103C7000727365496E7428646174615B315D2929D2
:103C80000D0A20202020202020202020202020205D
:103C900020202020202073656C65637465643D6975
:103CA0003D3D7061727365496E7428646174615B37
:103CB000315D293F2773656C6563746564273A2716
:103CC000270D0A2020202020202020202020202016
:103CD0002020202020202072742B3D273C6F707400
:103CE000696F6E2076616C75653D22272B692B27E5
:103CF0002220272B73656C65637465642B273E2730
:103D00002B646174615B335D2E6F7074696F6E73C9
:103D10005B695D2B273C2F6F7074696F6E733E2754
:103D20000D0A2020202020202020202020202020BC
:103D300020207D0D0A20202020202020202020204F
:103D4000202020202072742B3D273C2F73656C654A
:103D500063743E270D0A20202020202020202020D0
:103D600020202020202072657475726E205B0D0A61
:103D70002020202020202020202020202020202043
:103D800020202020273C64697620636C6173733D9A
:103D90002266726F6D223E272C0D0A2020202020E3
:103DA0002020202020202020202020202020202013
:103DB000202020273C7370616E3E272C6461746163
:103DC0005B305D2C273A3C2F7370616E3E272C0DC3
:103DD0000A202020202020202020202020202020F9
:103DE00020202020202020202072742C0D0A20204A
:103DF00020202020202020202020202020202020C3
:103E00002020273C2F6469763E270D0A20202020A1
:103E10002020202020202020202020205D2E6A6FBE
:103E2000696E282727290D0A202020202020202005
:103E3000202020207D2C0D0A202020202020202042
:103E40002020202062746E68746D6C28692C646177
:103E50007461297B0D0A2020202020202020202092
:103E600020202020202072657475726E205B0D0A60
:103E70002020202020202020202020202020202042
:103E800020202020273C646976207374796C653D7E
:103E900022746578742D616C69676E3A63656E741F
:103EA0006572223E3C627574746F6E20636C617340
:103EB000733D22627574746F6E22206F6E636C693D
:103EC000636B3D22566965772E636C69636B285C72
:103ED00027272C646174615B315D2C275C272C27BC
:103EE0002C692C2729223E272C0D0A202020202057
:103EF00020202020202020202020202020202020C2
:103F0000202020646174615B305D2C0D0A2020202C
:103F100020202020202020202020202020202020A1
:103F200020273C2F627574746F6E3E3C2F64697657
:103F30003E270D0A20202020202020202020202085
:103F4000202020205D2E6A6F696E282222290D0A0A
:103F50002020202020202020202020207D2C0D0A21
:103F600020202020202020202020202072656E6428
:103F7000657228732C646174612C6A297B0D0A0DAB
:103F80000A20202020202020202020202020202047
:103F9000207661722068746D6C3D22223B0D0A20F0
:103FA00020202020202020202020202020202063CE
:103FB0006F6E736F6C652E6C6F6728276C6F616412
:103FC000636F6E74656E74272C732C646174612C3E
:103FD0006A290D0A202020202020202020202020B7
:103FE00020202020666F722876617220693D303B68
:103FF000693C646174612E6E6F6465732E6C656ECE
:104000006774683B692B2B297B0D0A202020202018
:104010002020202020202020202020202020206957
:104020006628735B695D297B0D0A202020202020F3
:104030002020202020202020202020202020202080
:104040002020646174612E6E6F6465735B695D5BD3
:10405000315D3D735B695D2B27270D0A20202020F1
:104060002020202020202020202020202020202050
:104070007D0D0A202020202020202020202020200C
:1040800020202020202020696628646174612E6E23
:104090006F6465735B695D5B335D2626747970655B
:1040A0006F6620646174612E6E6F6465735B695D19
:1040B0005B335D3D3D276F626A65637427297B0D25
:1040C0000A20202020202020202020202020202006
:1040D000202020202020202020696628646174612F
:1040E0002E6E6F6465735B695D5B335D2E747970F2
:1040F000653D3D2273776974636822297B0D0A2030
:1041000020202020202020202020202020202020AF
:10411000202020202020202020202068746D6C2B5F
:104120003D746869732E737769636868746D6C2871
:10413000646174612E6E6F6465735B695D2C6A2CBB
:1041400069290D0A20202020202020202020202046
:104150002020202020202020202020207D656C731E
:10416000657B0D0A202020202020202020202020D8
:10417000202020202020202020202020202020203F
:1041800068746D6C2B3D746869732E73656C656320
:104190007468746D6C28646174612E6E6F646573ED
:1041A0005B695D2C6A2C69290D0A202020202020C3
:1041B00020202020202020202020202020202020FF
:1041C00020207D0D0A2020202020202020202020BB
:1041D0002020202020202020207D656C73657B0D11
:1041E0000A202020202020202020202020202020E5
:1041F00020202020202020202068746D6C2B3D740E
:104200006869732E696E70757468746D6C2864616A
:1042100074612E6E6F6465735B695D2C6A2C69290D
:104220000D0A2020202020202020202020202020B7
:104230002020202020207D0D0A202020202020204A
:104240002020202020202020207D0D0A202020203A
:104250002020202020202020202020206966286483
:104260006174612E62746E73213D756E646566695A
:104270006E6564297B0D0A2020202020202020202C
:104280002020202020202020202020666F722876E9
:10429000617220693D303B693C646174612E6274D7
:1042A0006E732E6C656E6774683B692B2B297B0DD2
:1042B0000A20202020202020202020202020202014
:1042C00020202020202020202068746D6C2B3D743D
:1042D0006869732E62746E68746D6C286A2C6461F0
:1042E00074612E62746E735B695D290D0A20202053
:1042F00020202020202020202020202020202020BE
:10430000207D0D0A20202020202020202020202079
:10431000202020207D0D0A20202020202020202069
:1043200020202020202020646F63756D656E742E20
:10433000676574456C656D656E744279496428647F
:104340006174612E6469766964292E696E6E657286
:1043500048544D4C3D68746D6C0D0A20202020207F
:10436000202020202020207D2C0D0A20202020200D
:10437000202020202020206C6F6164636F6E7465A4
:104380006E74286A2C64617461297B0D0A202020D8
:104390002020202020202020202020202074686938
:1043A000732E73656C6563746A3D6A0D0A20202064
:1043B0002020202020202020202020202074686918
:1043C000732E73656C656374646174613D646174BC
:1043D000610D0A20202020202020202020202020C5
:1043E0002020206966286A3D3D30297B0D0A202067
:1043F00020202020202020202020202020202020BD
:104400002020746869732E72656E646572285B5D26
:104410002C646174612C6A290D0A20202020202040
:10442000202020202020202020207D656C73657BAB
:104430000D0A2020202020202020202020202020A5
:10444000202020202020696628646F63756D656ECA
:10445000742E676574456C656D656E744279496448
:1044600028646174612E6469766964292E717565AA
:10447000727953656C6563746F7228276275747402
:104480006F6E27293D3D6E756C6C297B0D0A2020CF
:10449000202020202020202020202020202020201C
:1044A000202020202020746869732E6765742827D7
:1044B0002F73657474696E672E6367693F62746EEB
:1044C000747970653D272B646174612E62746E741B
:1044D0007970652C2873293D3E746869732E726566
:1044E0006E64657228735B315D2C646174612C6A43
:1044F00029290D0A202020202020202020202020D3
:1045000020202020202020207D0D0A0D0A202020A0
:10451000202020202020202020202020207D0D0A67
:104520002020202020202020202020207D2C0D0A4B
:104530002020202020202020202020206765742893
:1045400075726C2C6261636B297B0D0A2020202020
:10455000202020202020202020202020786D6C6822
:104560007474703D6E756C6C3B0D0A202020202009
:10457000202020202020202020202069662028774D
:10458000696E646F772E584D4C4874747052657123
:1045900075657374290D0A202020202020202020FA
:1045A000202020202020207B0D0A09092020202007
:1045B0002020202020202020786D6C687474703DAD
:1045C0006E657720584D4C487474705265717565EE
:1045D000737428293B0D0A20202020202020202031
:1045E000202020202020207D0D0A20202020202097
:1045F00020202020202020202020656C7365206949
:1046000066202877696E646F772E416374697665DA
:10461000584F626A656374290D0A09092020202019
:10462000202020207B0D0A09092020202020202086
:104630002020202020786D6C687474703D6E657742
:1046400020416374697665584F626A6563742822F5
:104650004D6963726F736F66742E584D4C48545495
:104660005022293B0D0A090920202020202020204B
:104670007D0D0A09092020202020202020696620A5
:1046800028786D6C68747470213D6E756C6C290DA2
:104690000A090920202020202020207B0D0A20202C
:1046A000202020202020202020202020202020200A
:1046B0002020786D6C687474702E6F6E7265616402
:1046C0007973746174656368616E67653D28293D1F
:1046D0003E7B0D0A2020202020202020202020208A
:1046E0002020202020202020202020206966202833
:1046F000786D6C687474702E72656164795374613E
:1047000074653D3D3426266261636B297B0D0A206A
:104710002020202020202020202020202020202099
:10472000202020202020202020202076617220645C
:104730006174613D786D6C687474702E726573700D
:104740006F6E7365546578740D0A20202020202038
:104750002020202020202020202020202020202059
:10476000202020202020747279207B0D0A20202018
:104770002020202020202020202020202020202039
:104780002020202020202020202020202064617450
:10479000613D4A534F4E2E70617273652864617497
:1047A000612E7265706C616365282F3C2E2A3E2F46
:1047B000672C272729290D0A2020202020202020AF
:1047C00020202020202020202020202020202020E9
:1047D000202020207D206361746368202865727228
:1047E0006F7229207B0D0A202020202020202020ED
:1047F00020202020202020202020202020202020B9
:1048000020202020202020646174613D5B35303001
:104810002C27E8A7A3E69E90E99499E8AFAF272B51
:10482000646174612C646174612E7265706C616383
:1048300065282F3C2E2A3E2F672C2727295D0D0A3D
:104840002020202020202020202020202020202068
:104850002020202020202020202020207D0D0A2024
:104860002020202020202020202020202020202048
:1048700020202020202020202020206261636B281F
:1048800064617461290D0A2020202020202020202E
:104890002020202020202020202020202020207DBB
:1048A0000D0A202020202020202020202020202031
:1048B0002020202020207D0D0A20202020202020C4
:1048C00020202020202020202020202020786D6CF7
:1048D000687474702E6F70656E2822474554222CC0
:1048E00075726C2C74727565293B0D0A202020208E
:1048F00020202020202020202020202020202020B8
:10490000786D6C687474702E73656E64286E756C47
:104910006C293B0D0A202020202020202020202050
:1049200020202020207D0D0A090920202020202081
:104930002020656C73650D0A0909202020202020A5
:1049400020207B0D0A090920202020202020202063
:10495000202020616C6572742822596F7572206264
:10496000726F7773657220646F6573206E6F742049
:10497000737570706F727420584D4C485454502E9B
:1049800022293B0D0A090920202020202020207DFB
:104990000D0A2020202020202020202020207D2CD7
:1049A0000D0A202020202020202020202020636CA1
:1049B00069636B286E616D652C69297B0D0A202067
:1049C0002020202020202020202020202020766150
:1049D0007220733D272F73657474696E672E636749
:1049E000693F62746E747970653D272B6E616D65E9
:1049F0000D0A2020202020202020202020202020E0
:104A00002020766172206E6F6465733D690D0A2007
:104A1000202020202020202020202020202020694D
:104A20006628747970656F6620693D3D276E756DE7
:104A300062657227297B0D0A20202020202020205B
:104A40002020202020202020202020206E6F646540
:104A5000733D746869732E6D6F64656C5B695D2E60
:104A60006E6F6465730D0A202020202020202020F6
:104A7000202020202020207D0D0A20202020202002
:104A80002020202020202020202069662869213D28
:104A900030297B0D0A2020202020202020202020CB
:104AA0002020202020202020206E6F6465733D741C
:104AB0006869732E6D6F64656C5B305D2E6E6F641C
:104AC00065732E636F6E636174286E6F64657329FE
:104AD0000D0A2020202020202020202020202020FF
:104AE00020207D0D0A202020202020202020202092
:104AF0002020202020766172206F6A3D7B7D0D0A88
:104B000020202020202020202020202020202020A5
:104B10006E6F6465732E666F7245616368282865E1
:104B20006C656D656E742C6E2C6129203D3E207B7A
:104B30000D0A20202020202020202020202020209E
:104B400020202020202076617220696E7075743DCF
:104B5000646F63756D656E742E676574456C656D05
:104B6000656E747342794E616D6528656C656D651F
:104B70006E745B325D295B305D0D0A2020202020A1
:104B800020202020202020202020202020202069DC
:104B90006628696E707574297B0D0A2020202020FC
:104BA0002020202020202020202020202020202005
:104BB0002020206F6A5B656C656D656E745B325D8D
:104BC0005D3D696E7075742E76616C75650D0A2099
:104BD00020202020202020202020202020202020D5
:104BE00020202020202020733D732B2726272B6593
:104BF0006C656D656E745B325D2B273D272B696E8E
:104C00007075742E76616C75650D0A202020202049
:104C10002020202020202020202020202020207D37
:104C2000656C73657B0D0A20202020202020202029
:104C30002020202020202020202020202020206F25
:104C40006A5B656C656D656E745B325D5D3D656C60
:104C5000656D656E745B315D0D0A2020202020207B
:104C60002020202020202020202020202020202044
:104C70002020733D732B2726272B656C656D656E91
:104C8000745B325D2B273D272B656C656D656E74FB
:104C90005B315D0D0A2020202020202020202020B4
:104CA0002020202020202020207D0D0A20202020D0
:104CB0002020202020202020202020207D293B0D86
:104CC0000A202020202020202020202020202020FA
:104CD00020636F6E736F6C652E6C6F67282267653B
:104CE00074222C6E616D652C6F6A290D0A202020BC
:104CF000202020202020202020202020206966281D
:104D00006E616D653D3D226368616E6765506173DC
:104D100073776F7264227C7C6E616D653D3D22739A
:104D200065745F7361766522297B0D0A202020203F
:104D30002020202020202020202020202020202073
:104D40000D0A20202020202020202020202020208C
:104D5000202020202020766172206D61703D7B63D1
:104D600068616E676550617373776F72643A227021
:104D7000617373776F7264222C7365745F736176ED
:104D8000653A2264227D0D0A202020202020202048
:104D90002020202020202020202020206C6574202E
:104DA000703D2F5E283F3D2E2A5B612D7A5D2928BC
:104DB0003F3D2E2A5B412D5A5D29283F3D2E2A5C1E
:104DC00064295B5C735C535D7B382C31327D242F0E
:104DD0000D0A2020202020202020202020202020FC
:104DE00020202020202069662821702E746573748D
:104DF000286F6A5B6D61705B6E616D655D5D292911
:104E00007B0D0A2020202020202020202020202070
:104E10002020202020202020202020726574757200
:104E20006E20616C6572742822E8AFB7E8BE93E526
:104E300085A5E6ADA3E7A1AEE5AF86E7A081E6A034
:104E4000BCE5BC8FEFBC9A5C6EE5AF86E7A081E95C
:104E500095BFE5BAA63A382D31325C6EE5AF86E7EC
:104E6000A081E794B1E695B0E5AD972BE5A4A7E561
:104E70008699E88BB1E69687E5AD97E7ACA62BE57A
:104E8000B08FE58699E88BB1E69687E5AD97E7ACFC
:104E9000A6E7BB84E6889022290D0A202020202046
:104EA0002020202020202020202020202020207DA5
:104EB0000D0A20202020202020202020202020201B
:104EC00020207D0D0A2020202020202020202020AE
:104ED0002020202020746869732E67657428732C45
:104EE0002864293D3E746869732E636C69636B6244
:104EF00061636B28642C6E616D6529290D0A202081
:104F0000202020202020202020207D2C0D0A202061
:104F100020202020202020202020636C69636B62E9
:104F200061636B28642C6E616D65297B0D0A2020FE
:104F30002020202020202020202020202020636FDF
:104F40006E736F6C652E6C6F67286E616D652C6477
:104F5000290D0A2020202020202020202020202071
:104F60002020206966286E616D653D3D226C6F676B
:104F7000696E222626645B325D3D3D273127297B01
:104F80000D0A20202020202020202020202020204A
:104F9000202020202020746869732E72656E64655D
:104FA00072285B5D2C6D6F64656C4368616E67652C
:104FB00050617373776F72642C30290D0A202020A2
:104FC00020202020202020202020202020202020E1
:104FD0002072657475726E0D0A202020202020201A
:104FE0002020202020202020207D0D0A202020208D
:104FF000202020202020202020202020646F637586
:105000006D656E742E676574456C656D656E744272
:1050100079496428276C6F67696E736861646F27CC
:10502000292E7374796C652E646973706C61793D97
:10503000645B305D3D3D3430313F27273A276E6F4A
:105040006E65270D0A2020202020202020202020EF
:105050002020202020696628645B315D297B0D0AB1
:105060002020202020202020202020202020202040
:1050700020202020616C65727428645B315D290DED
:105080000A20202020202020202020202020202036
:10509000207D0D0A202020202020202020202020DC
:1050A0007D0D0A20202020202020207D0D0A202098
:1050B0002020202020200D0A202020202020202019
:1050C000566965772E696E6974286D6F64656C2CFE
:1050D000646F63756D656E742E676574456C656D80
:1050E000656E744279496428276E61762729290DF7
:1050F0000A20202020202020200D0A2020202020EF
:105100002020206966286C6F6F7054696D65297B5B
:105110000D0A202020202020202020202020736520
:1051200074496E74657276616C2828293D3E566913
:1051300065772E6C6F6F7028292C6C6F6F705469B7
:105140006D65290D0A20202020202020207D0D0AB9
:10515000202020203C2F7363726970743E0D0A3C3E
:105160002F68746D6C3E0D0A2F726561646D652E3B
:105170006D640000485454502F312E3020323030AE
:10518000204F4B0D0A5365727665723A206C774951
:10519000502F312E332E312028687474703A2F2FFF
:1051A000736176616E6E61682E6E6F6E676E752EBE
:1051B0006F72672F70726F6A656374732F6C776993
:1051C00070290D0A436F6E74656E742D7479706565
:1051D0003A20746578742F706C61696E0D0A0D0A3F
:1051E00032303230303631353A200D0A202020203E
:1051F000312EE6B7BBE58AA0E4B88BE68B89E6A141
:1052000086200D0A20202020322EE6B7BBE58AA09A
:10521000E7BBBFE38081E7BAA2E782B90D0A20208D
:105220002020332EE8BE93E585A5E6A186E694B955
:10523000E79FAD322F332F73657474696E672E73D9
:1052400068746D6C0000485454502F312E30203259
:105250003030204F4B0D0A5365727665723A206CE0
:105260007749502F312E332E312028687474703ACC
:105270002F2F736176616E6E61682E6E6F6E676E32
:10528000752E6F72672F70726F6A656374732F6CFF
:10529000776970290D0A436F6E74656E742D747989
:1052A00070653A20746578742F68746D6C0D0A45CA
:1052B0007870697265733A204672692C203130200B
:1052C00041707220323030382031343A30303A3048
:1052D0003020474D540D0A507261676D613A206E5F
:1052E0006F2D63616368650D0A0D0A5B0D0A20204E
:1052F00020203C212D2D23592D2D3E2C0D0A202020
:1053000020203C212D2D235A2D2D3E0D0A5D00001D
:105310000000000014FD050824FD050844540000A9
:105320000100000010530608685106087451060871
:10533000C20000000100000024530608365206088F
:1053400046520608C800000001000000085906087F
:1053500001000000E8580608010000003459060862
:1053600001000000FC58060800000000285906084B
:1053700000000000DC580608E4580608D859060862
:105380004D8F0208E45906088D9F0208E5BC800095
:10539000E585B300E6ADA3E5B8B800E69585E99AE2
:1053A0009C00E4B88DE6A380E6B58B00E5B7B2E5D6
:1053B000A4B1E6958800E6ADA3E5B8B800E4B88DE1
:1053C000E6A380E6B58B00E6BC8FE6B0B400E6ADA0
:1053D000A3E5B8B8000000003C5D06081C610608A3
:1053E00070610608F8610608385B0608605B06080D
:1053F000306206085862060884610608FC600608E8
:105400005C610608C4610608885B0608105D060832
:10541000805E0608105E0608C4600608686006081C
:10542000045F06084C5E0608A05D0608D85D060805
:105430009C60060840600608C45E0608505F0608C7
:105440007C5A0608E05F0608985F0608BC5C060800
:10545000C85A0608C85B0608885C0608FC5B060894
:10546000285C0608585C0608A862060880620608E0
:105470006765745F6375725F7468726561645F739A
:105480007461636B5F696E666F00636D5F62616319
:105490006B74726163655F61737365727400636DD1
:1054A0005F6261636B74726163655F6661756C7482
:1054B00000000000645A0608685A06086C5A06087C
:1054C000705A0608345B0608785A0608745A0608AB
:1054D000F85B0608010001014000000040160524A9
:1054E000401A0524C01A0524000000000000000036
:1054F000555555555555C53F7D6FEB0312D6D4BF55
:105500005544880E55C1C93F3B8F68B52882A4BF5A
:1055100088B20175E0EF493F09F7FD0DE13D023F1B
:105520004B2D8A1C273A03C0C88A599CE52A0040A3
:1055300059018D1B6C06E6BF82922EB1C5B8B33FF0
:105540000040404040404040404041414141414096
:10555000404040404040404040404040404040404B
:1055600040050202020202020202020202020202DA
:1055700002202020202020202020200202020202DF
:105580000202909090909090101010101010101037
:105590001010101010101010101010100202020243
:1055A0000202888888888888080808080808080887
:1055B0000808080808080808080808080202020283
:1055C00040000000415506081F1D1F1E1F1E1F1F03
:1055D0001E1F1E1F0D0A2B4D49504F50454E3A209D
:1055E000312C300D0A0000000D0A2B4D4950434C60
:1055F0004F53453A20310D0A000000000D0A4F4B71
:105600000D0A000025733A25643A64656275673AAD
:1056100020466978696E67206D6F766520776869C6
:105620006C6520666978696E67206F727068616E5C
:1056300073207B307825782C20307825787D2030B9
:105640007825780A25730A006C66732D3E636667B9
:105650002D3E6C6F6F6B61686561645F73697A651D
:1056600020252038203D3D20302026262028756921
:105670006E747074725F74296C66732D3E63666716
:105680002D3E6C6F6F6B61686561645F6275666605
:10569000657220252034203D3D203000342A6C6680
:1056A000735F6E7077322830786666666666666607
:1056B00066202F20286C66732D3E6366672D3E6240
:1056C0006C6F636B5F73697A652D322A34292920E8
:1056D0003C3D206C66732D3E6366672D3E626C6FA9
:1056E000636B5F73697A65006C6974746C6566736B
:1056F000000000004C5749505F434F4E53545F43E6
:10570000415354206E6F7420696D706C656D656EC9
:1057100074656420636F72726563746C792E2043C4
:105720006865636B20796F7572206C7749502070C3
:105730006F72742E00000000726177207063622027
:10574000726563762063616C6C6261636B20616C6F
:1057500074657265642070627566207061796C6F23
:10576000616420706F696E74657220776974686F08
:10577000757420656174696E67207061636B657410
:105780000000000046494E5F574149545F31000018
:1057900046494E5F574149545F32000045535441DA
:1057A000424C495348454400434C4F534544000044
:1057B00053594E5F5243564400000000434C4F5330
:1057C000494E47004C4153545F41434B0000000099
:1057D0004C495354454E000054494D455F5741498B
:1057E00054000000434C4F53455F5741495400005B
:1057F00053594E5F53454E54000000007463705F70
:10580000656E71756575655F666C6167733A206E6C
:1058100065656420656974686572205443505F5300
:10582000594E206F72205443505F46494E20696E96
:1058300020666C616773202870726F6772616D6D8E
:1058400065722076696F6C617465732041504929D7
:10585000000000006E657469662D3E6877616464BF
:10586000725F6C656E206D7573742062652074685C
:10587000652073616D65206173204554485F48570A
:10588000414444525F4C454E20666F7220657468F7
:10589000617270210000000069676D705F6C6F6F4E
:1058A0006B75705F67726F75703A20616C6C206504
:1058B00078636570742066697273742067726F759F
:1058C00070206D757374206E6F7420626520616C3A
:1058D0006C73797374656D73000000003C212D2D8D
:1058E000230000002D2D3E002F696E6465782E7315
:1058F000736900002E737369000000002F696E64E5
:1059000065782E68746D6C002F696E6465782E73EF
:1059100068746D6C000000002E7368746D6C00007C
:105920002E786D6C000000002F696E6465782E681B
:10593000746D00002F696E6465782E7368746D0055
:105940002E7368746D0000004100000042000000EA
:105950004300000044000000450000004600000035
:105960004700000048000000490000004A00000015
:105970004C0000004E0000004F00000050000000EE
:1059800051000000520000005300000054000000CD
:1059900055000000560000005700000059000000AC
:1059A0005A000000616100006100000061620000B7
:1059B0006200000061630000630000006164000099
:1059C00064000000616500006500000066000000E2
:1059D00067000000680000002F70617273652E631D
:1059E000676900002F73657474696E672E63676959
:1059F0000000000069000000730000007400000057
:105A00005B2225732573222C2225732525222C2227
:105A100025732573222C2225732525222C222573FC
:105A2000222C0909090909090909090920222573F4
:105A3000222C222573222C222573222C222573222C
:105A40002C090909090909090909092022257322D4
:105A50002C222573222C222573222C222573225DD1
:105A6000000000005230200052312000523220004D
:105A700052332000504320004C5220005573616780
:105A800065206661756C7420697320636175736548
:105A90006420627920617474656D70747320746F12
:105AA0002073776974636820746F20616E20696E5B
:105AB00076616C69642073746174652028652E6753
:105AC0002E2C2041524D2900557361676520666177
:105AD000756C7420697320636175736564206279E5
:105AE00020496E646963617465732061206469761E
:105AF000696465206279207A65726F20686173201D
:105B000074616B656E20706C616365202863616EE3
:105B100020626520736574206F6E6C792069662041
:105B20004449565F305F5452502069732073657446
:105B300029000000523132003D3D3D3D3D2054687A
:105B40007265616420737461636B20696E666F7245
:105B50006D6174696F6E203D3D3D3D3D000000006C
:105B60003D3D3D3D3D3D204D61696E207374616357
:105B70006B20696E666F726D6174696F6E203D3D5A
:105B80003D3D3D3D000000003D3D3D3D3D3D3D3D39
:105B90003D3D3D3D3D3D3D3D3D3D3D2052656769BF
:105BA000737465727320696E666F726D6174696F6C
:105BB0006E203D3D3D3D3D3D3D3D3D3D3D3D3D3D01
:105BC0003D3D3D3D3D3D0000446562756720666199
:105BD000756C7420697320636175736564206279E4
:105BE0002068616C742072657175657374656420DA
:105BF000696E204E56494300505352004465627509
:105C000067206661756C74206973206361757365C4
:105C10006420627920445754206D61746368206F5A
:105C200063637572726564004465627567206661BE
:105C3000756C742069732063617573656420627983
:105C400020566563746F72206665746368206F63A5
:105C500063757272656400004465627567206661F1
:105C6000756C742069732063617573656420627953
:105C700020454442475251207369676E616C206130
:105C8000737365727465640044656275672066614C
:105C9000756C742069732063617573656420627923
:105CA00020424B505420696E737472756374696F2F
:105CB0006E2065786563757465640000557361676F
:105CC00065206661756C7420697320636175736506
:105CD0006420627920696E646963617465732074FD
:105CE00068617420616E20756E616C69676E6564B1
:105CF00020616363657373206661756C74206861ED
:105D0000732074616B656E20706C616365000000C8
:105D100048617264206661756C74206973206361E8
:105D200075736564206279206661696C65642076AC
:105D30006563746F72206665746368004552524FE4
:105D4000523A20556E61626C6520746F20676574ED
:105D500020746865206D61696E20737461636B20C7
:105D6000696E666F726D6174696F6E2C20706C6500
:105D700061736520636865636B2074686520636F79
:105D80006E66696775726174696F6E206F662074E4
:105D90006865206D61696E20737461636B0000003B
:105DA000427573206661756C742069732063617538
:105DB000736564206279207072656369736520641D
:105DC000617461206163636573732076696F6C61D0
:105DD00074696F6E00000000427573206661756C17
:105DE000742069732063617573656420627920692A
:105DF0006D707265636973652064617461206163AD
:105E0000636573732076696F6C6174696F6E0000EF
:105E10004D656D6F7279206D616E6167656D656E40
:105E200074206661756C7420697320636175736595
:105E300064206279206461746120616363657373B7
:105E40002076696F6C6174696F6E00004275732013
:105E50006661756C74206973206361757365642075
:105E6000627920696E737472756374696F6E2061F4
:105E700063636573732076696F6C6174696F6E001C
:105E80004D656D6F7279206D616E6167656D656ED0
:105E900074206661756C7420697320636175736525
:105EA0006420627920696E737472756374696F6EB1
:105EB000206163636573732076696F6C6174696FC9
:105EC0006E000000427573206661756C7420697302
:105ED0002063617573656420627920666C6F6174FC
:105EE000696E672D706F696E74206C617A792073AA
:105EF0007461746520707265736572766174696F20
:105F00006E0000004D656D6F7279206D616E616786
:105F1000656D656E74206661756C742069732063AD
:105F2000617573656420627920666C6F6174696E57
:105F3000672D706F696E74206C617A79207374615B
:105F4000746520707265736572766174696F6E0036
:105F50005573616765206661756C74206973206391
:105F6000617573656420627920617474656D707405
:105F70007320746F206578656375746520616E2089
:105F8000756E646566696E656420696E737472759A
:105F90006374696F6E000000557361676520666108
:105FA000756C742069732063617573656420627910
:105FB00020617474656D70747320746F20657865EA
:105FC00063757465206120636F70726F63657373AE
:105FD0006F7220696E737472756374696F6E0000FE
:105FE0005573616765206661756C74206973206301
:105FF000617573656420627920617474656D707475
:106000007320746F20646F20616E20657863657003
:1060100074696F6E20776974682061206261642002
:1060200076616C756520696E2074686520455843FB
:106030005F52455455524E206E756D626572000078
:10604000427573206661756C742069732063617595
:1060500073656420627920737461636B696E672075
:106060006572726F720000004D656D6F7279206D00
:10607000616E6167656D656E74206661756C742014
:10608000697320636175736564206279207374613C
:10609000636B696E67206572726F72004275732060
:1060A0006661756C74206973206361757365642023
:1060B000627920756E737461636B696E67206572B7
:1060C000726F72004D656D6F7279206D616E6167E0
:1060D000656D656E74206661756C742069732063EC
:1060E000617573656420627920756E737461636B8A
:1060F000696E67206572726F7200000044756D7082
:106100002063616C6C20737461636B206861732021
:10611000616E206572726F72000000004669726DD8
:1061200077617265206E616D653A2025732C206859
:10613000617264776172652076657273696F6E3A19
:106140002025732C20736F667477617265207665E5
:106150007273696F6E3A2025730000004661756C9A
:1061600074206F6E2074687265616420257300006E
:10617000417373657274206F6E2074687265616418
:106180002025730053686F77206D6F7265206361FF
:106190006C6C20737461636B20696E666F2062792A
:1061A0002072756E3A2061646472326C696E65208B
:1061B0002D652025732573202D6166706943202588
:1061C0002E2A73004661756C74206F6E20696E74A0
:1061D000657272757074206F722062617265206DD5
:1061E0006574616C286E6F204F532920656E766947
:1061F000726F6E6D656E7400417373657274206F9B
:106200006E20696E74657272757074206F72206290
:10621000617265206D6574616C286E6F204F532923
:1062200020656E7669726F6E6D656E740000000099
:106230004572726F723A205468726561642073749B
:1062400061636B28253038782920776173206F7659
:106250006572666C6F7700004572726F723A204DFE
:1062600061696E20737461636B282530387829204A
:10627000776173206F766572666C6F77000000003F
:1062800054686520627573206661756C74206F6355
:1062900063757272656420616464726573732069EA
:1062A0007320253038780000546865206D656D6F67
:1062B0007279206D616E6167656D656E74206661CF
:1062C000756C74206F6363757272656420616464B9
:1062D00072657373206973202530387800000000E0
:1062E000737461636B5F706F696E7465723A2030AE
:1062F00078253038782C20737461636B5F73746118
:1063000072745F616464723A203078253038782C7A
:1063100020737461636B5F656E645F616464723A7D
:106320002030782530387800786306080000002097
:106330004C0A0000C81702089C63060800000024ED
:1063400044050000C81702080C650608000001306B
:1063500000260000C81702085C6506080000003827
:1063600000020000C81702080C6506084405002456
:10637000A43D050014D1020801FF01E514905F015E
:106380002360EA690403FFC87801FF01FF01FF01F0
:10639000FF01FF01FF01FF015E000000113C90D0F2
:1063A0000304018B1314011B305E041A6A04411AA2
:1063B0001C081A5D045A69101A18081A5C045A68F5
:1063C0001001481522697022336E6D3367772D6D89
:1063D0006970310512323363312B6332052A33057C
:1063E0002A34052A350532361C706131041A32040C
:1063F0001A33041A34041A3504291A011C352F687B
:1064000062D69B1D231300155F464E2D53542D421B
:106410004A2D30312F696E666F2E747874321002F7
:106420001701181289D0020805CD0208F5E6040804
:10643000955E03088D0412141214126480082C0156
:10644000F401E803064C0C0258481230001185B9DB
:106450009704088D98040880D4012480D402240273
:106460001AC00B506E1954C11E992002088D041ACF
:10647000CD041AA9041A910401401AFF011E1859EB
:10648000060840041EF4580608200801241AA8280B
:106490001AB0041AB8041AC0041AC8041ACC041A90
:1064A000D0042AD44C19041AF8041AFC041A500413
:1064B0001A54041A58041A5C041A60041A64041A60
:1064C00068041A6C041A70041A74041A78041A7C8A
:1064D000041A48041A4C041A80041A84041A880402
:1064E0001A8C041A90041A94041A98041AA4041A10
:1064F000AC041AB4041ABC041AC4041A9C040A2575
:10650000A0C0011402231F1AAA01015C01FF01FFB0
:1065100001FF01FF01FF01FF01FF01FF01FF01FF7B
:1065200001FF01FF01FF01FF01FF01FF01FF01FF6B
:1065300001FF01FF01FF01FF01FF01FF01FF01FF5B
:1065400001FF01FF01FF01FF01FF01FF01FF01FF4B
:1065500001FF01FF01FF01FF0126000001FF01FF14
:046560002100000016
:040000050802029952
:00000001FF
